item,element,unit,year,value,flag
Asses,Stocks,An,1961,18000.0,E
Bananas,Area harvested,ha,1961,50000.0,E
Bananas,Yield,kg/ha,1961,4000.0,E
Bananas,Production,t,1961,200000.0,E
"Beans, dry",Area harvested,ha,1961,140000.0,E
"Beans, dry",Yield,kg/ha,1961,714.3,E
"Beans, dry",Production,t,1961,100000.0,E
"Beer of barley, malted",Production,t,1961,13000.0,E
Bees,Stocks,No,1961,37600.0,E
Beeswax,Production,t,1961,480.0,E
"Cassava, fresh",Area harvested,ha,1961,317000.0,A
"Cassava, fresh",Yield,kg/ha,1961,3533.1,E
"Cassava, fresh",Production,t,1961,1120000.0,E
Castor oil seeds,Area harvested,ha,1961,3700.0,E
Castor oil seeds,Yield,kg/ha,1961,472.2,E
Castor oil seeds,Production,t,1961,1747.0,A
Cattle,Stocks,An,1961,3618000.0,A
"Cattle fat, unrendered",Production,t,1961,1286.88,I
"Cattle fat, unrendered",Producing Animals/Slaughtered,An,1961,411800.0,E
"Chick peas, dry",Area harvested,ha,1961,4000.0,E
"Chick peas, dry",Yield,kg/ha,1961,325.0,E
"Chick peas, dry",Production,t,1961,1300.0,E
Chickens,Stocks,1000 An,1961,6500.0,E
"Chillies and peppers, dry (Capsicum spp., Pimenta spp.), raw",Area harvested,ha,1961,3700.0,E
"Chillies and peppers, dry (Capsicum spp., Pimenta spp.), raw",Yield,kg/ha,1961,810.8,E
"Chillies and peppers, dry (Capsicum spp., Pimenta spp.), raw",Production,t,1961,3000.0,E
Cocoa beans,Area harvested,ha,1961,900.0,E
Cocoa beans,Yield,kg/ha,1961,22.2,E
Cocoa beans,Production,t,1961,20.0,E
"Coffee, green",Area harvested,ha,1961,245100.0,A
"Coffee, green",Yield,kg/ha,1961,383.9,A
"Coffee, green",Production,t,1961,94100.0,A
"Cotton lint, ginned",Production,t,1961,67131.0,A
Cotton seed,Production,t,1961,148000.0,A
Cottonseed oil,Production,t,1961,16021.56,I
"Cow peas, dry",Area harvested,ha,1961,50000.0,E
"Cow peas, dry",Yield,kg/ha,1961,900.0,E
"Cow peas, dry",Production,t,1961,45000.0,E
"Edible offal of cattle, fresh, chilled or frozen",Production,t,1961,10423.69,I
"Edible offal of cattle, fresh, chilled or frozen",Producing Animals/Slaughtered,An,1961,411800.0,E
"Edible offal of goat, fresh, chilled or frozen",Production,t,1961,2883.67,I
"Edible offal of goat, fresh, chilled or frozen",Producing Animals/Slaughtered,An,1961,856000.0,E
"Edible offal of pigs, fresh, chilled or frozen",Production,t,1961,60.3,I
"Edible offal of pigs, fresh, chilled or frozen",Producing Animals/Slaughtered,An,1961,12000.0,E
"Edible offal of sheep, fresh, chilled or frozen",Production,t,1961,581.88,I
"Edible offal of sheep, fresh, chilled or frozen",Producing Animals/Slaughtered,An,1961,216000.0,E
Fat of pigs,Production,t,1961,60.3,I
Fat of pigs,Producing Animals/Slaughtered,An,1961,12000.0,E
"Ginger, raw",Production,t,1961,0.0,A
"Goat fat, unrendered",Production,t,1961,326.82,I
"Goat fat, unrendered",Producing Animals/Slaughtered,An,1961,856000.0,E
Goats,Stocks,An,1961,2592000.0,A
Groundnut oil,Production,t,1961,4276.8,I
"Groundnuts, excluding shelled",Area harvested,ha,1961,240000.0,E
"Groundnuts, excluding shelled",Yield,kg/ha,1961,500.0,E
"Groundnuts, excluding shelled",Production,t,1961,120000.0,E
"Hen eggs in shell, fresh",Yield,No/An,1961,47.0,E
"Hen eggs in shell, fresh",Yield/Carcass Weight,g/An,1961,1800.0,E
"Hen eggs in shell, fresh",Production,t,1961,5391.0,I
"Hen eggs in shell, fresh",Production,1000 No,1961,141870.0,E
"Hen eggs in shell, fresh",Laying,1000 An,1961,2995.0,E
Maize (corn),Area harvested,ha,1961,178464.0,A
Maize (corn),Yield,kg/ha,1961,1098.3,E
Maize (corn),Production,t,1961,196000.0,E
"Meat of cattle with the bone, fresh or chilled",Yield/Carcass Weight,kg/An,1961,150.0,E
"Meat of cattle with the bone, fresh or chilled",Production,t,1961,61770.0,E
"Meat of cattle with the bone, fresh or chilled",Producing Animals/Slaughtered,An,1961,411800.0,E
"Meat of chickens, fresh or chilled",Yield/Carcass Weight,g/An,1961,1300.0,E
"Meat of chickens, fresh or chilled",Production,t,1961,10621.0,E
"Meat of chickens, fresh or chilled",Producing Animals/Slaughtered,1000 An,1961,8170.0,E
"Meat of goat, fresh or chilled",Yield/Carcass Weight,kg/An,1961,11.0,E
"Meat of goat, fresh or chilled",Production,t,1961,9420.0,E
"Meat of goat, fresh or chilled",Producing Animals/Slaughtered,An,1961,856000.0,E
"Meat of pig with the bone, fresh or chilled",Yield/Carcass Weight,kg/An,1961,60.0,E
"Meat of pig with the bone, fresh or chilled",Production,t,1961,720.0,E
"Meat of pig with the bone, fresh or chilled",Producing Animals/Slaughtered,An,1961,12000.0,E
"Meat of sheep, fresh or chilled",Yield/Carcass Weight,kg/An,1961,12.0,E
"Meat of sheep, fresh or chilled",Production,t,1961,2592.0,E
"Meat of sheep, fresh or chilled",Producing Animals/Slaughtered,An,1961,216000.0,E
Millet,Area harvested,ha,1961,519000.0,A
Millet,Yield,kg/ha,1961,809.2,E
Millet,Production,t,1961,420000.0,E
Molasses,Production,t,1961,56300.0,E
Natural honey,Production,t,1961,120.0,E
"Onions and shallots, dry (excluding dehydrated)",Area harvested,ha,1961,3900.0,E
"Onions and shallots, dry (excluding dehydrated)",Yield,kg/ha,1961,2294.9,E
"Onions and shallots, dry (excluding dehydrated)",Production,t,1961,8950.0,E
"Other fruits, n.e.c.",Area harvested,ha,1961,6200.0,E
"Other fruits, n.e.c.",Yield,kg/ha,1961,4838.7,E
"Other fruits, n.e.c.",Production,t,1961,30000.0,A
"Other meat of mammals, fresh or chilled",Production,t,1961,7000.0,E
"Other oil seeds, n.e.c.",Production,t,1961,3000.0,E
"Other vegetables, fresh n.e.c.",Area harvested,ha,1961,29140.0,E
"Other vegetables, fresh n.e.c.",Yield,kg/ha,1961,5490.7,E
"Other vegetables, fresh n.e.c.",Production,t,1961,160000.0,E
"Peas, dry",Area harvested,ha,1961,17000.0,A
"Peas, dry",Yield,kg/ha,1961,547.1,A
"Peas, dry",Production,t,1961,9300.0,A
"Pepper (Piper spp.), raw",Area harvested,ha,1961,1300.0,E
"Pepper (Piper spp.), raw",Yield,kg/ha,1961,384.6,E
"Pepper (Piper spp.), raw",Production,t,1961,500.0,E
"Pigeon peas, dry",Area harvested,ha,1961,56655.0,A
"Pigeon peas, dry",Yield,kg/ha,1961,300.1,E
"Pigeon peas, dry",Production,t,1961,17000.0,E
Pineapples,Production,t,1961,0.0,A
Plantains and cooking bananas,Area harvested,ha,1961,616000.0,A
Plantains and cooking bananas,Yield,kg/ha,1961,6006.5,E
Plantains and cooking bananas,Production,t,1961,3700000.0,E
Potatoes,Area harvested,ha,1961,11000.0,E
Potatoes,Yield,kg/ha,1961,9090.9,E
Potatoes,Production,t,1961,100000.0,E
Raw cane or beet sugar (centrifugal only),Production,t,1961,107000.0,A
Raw hides and skins of cattle,Yield/Carcass Weight,kg/An,1961,21.0,E
Raw hides and skins of cattle,Production,t,1961,8750.75,I
Raw hides and skins of cattle,Producing Animals/Slaughtered,An,1961,411800.0,E
Raw hides and skins of goats or kids,Yield/Carcass Weight,kg/An,1961,2.0,E
Raw hides and skins of goats or kids,Production,t,1961,1922.45,I
Raw hides and skins of goats or kids,Producing Animals/Slaughtered,An,1961,856000.0,E
Raw hides and skins of sheep or lambs,Yield/Carcass Weight,kg/An,1961,2.0,E
Raw hides and skins of sheep or lambs,Production,t,1961,454.92,I
Raw hides and skins of sheep or lambs,Producing Animals/Slaughtered,An,1961,216000.0,E
Raw milk of cattle,Yield/Carcass Weight,kg/An,1961,350.0,E
Raw milk of cattle,Production,t,1961,208950.0,I
Raw milk of cattle,Milk Animals,An,1961,597000.0,E
Rice,Area harvested,ha,1961,2630.0,A
Rice,Yield,kg/ha,1961,1216.7,E
Rice,Production,t,1961,3200.0,E
"Seed cotton, unginned",Area harvested,ha,1961,839100.0,A
"Seed cotton, unginned",Yield,kg/ha,1961,259.9,A
"Seed cotton, unginned",Production,t,1961,218107.0,A
Sesame seed,Area harvested,ha,1961,109000.0,A
Sesame seed,Yield,kg/ha,1961,311.9,E
Sesame seed,Production,t,1961,34000.0,X
Sheep,Stocks,An,1961,865000.0,A
"Sheep fat, unrendered",Production,t,1961,58.19,I
"Sheep fat, unrendered",Producing Animals/Slaughtered,An,1961,216000.0,E
"Sisal, raw",Area harvested,ha,1961,2000.0,A
"Sisal, raw",Yield,kg/ha,1961,470.0,A
"Sisal, raw",Production,t,1961,940.0,A
Sorghum,Area harvested,ha,1961,292000.0,A
Sorghum,Yield,kg/ha,1961,945.2,E
Sorghum,Production,t,1961,276000.0,E
Soya beans,Area harvested,ha,1961,2670.0,A
Soya beans,Yield,kg/ha,1961,374.5,E
Soya beans,Production,t,1961,1000.0,X
Sugar cane,Area harvested,ha,1961,16800.0,A
Sugar cane,Yield,kg/ha,1961,72083.3,E
Sugar cane,Production,t,1961,1211000.0,E
Sunflower seed,Area harvested,ha,1961,2800.0,E
Sunflower seed,Yield,kg/ha,1961,285.7,E
Sunflower seed,Production,t,1961,800.0,E
Sweet potatoes,Area harvested,ha,1961,141000.0,E
Sweet potatoes,Yield,kg/ha,1961,3510.6,E
Sweet potatoes,Production,t,1961,495000.0,E
Swine / pigs,Stocks,An,1961,16000.0,A
Tea leaves,Area harvested,ha,1961,5500.0,E
Tea leaves,Yield,kg/ha,1961,927.3,E
Tea leaves,Production,t,1961,5100.0,A
Tomatoes,Area harvested,ha,1961,500.0,E
Tomatoes,Yield,kg/ha,1961,7000.0,E
Tomatoes,Production,t,1961,3500.0,E
Unmanufactured tobacco,Area harvested,ha,1961,12000.0,E
Unmanufactured tobacco,Yield,kg/ha,1961,601.4,E
Unmanufactured tobacco,Production,t,1961,7217.0,A
"Vanilla, raw",Area harvested,ha,1961,50.0,E
"Vanilla, raw",Yield,kg/ha,1961,200.0,E
"Vanilla, raw",Production,t,1961,10.0,E
Wheat,Area harvested,ha,1961,0.0,A
Wheat,Production,t,1961,0.0,A
"Beef and Buffalo Meat, primary",Yield/Carcass Weight,kg/An,1961,150.0,E
"Beef and Buffalo Meat, primary",Production,t,1961,61770.0,E
"Beef and Buffalo Meat, primary",Producing Animals/Slaughtered,An,1961,411800.0,E
Cattle and Buffaloes,Stocks,An,1961,3618000.0,A
"Cereals, primary",Area harvested,ha,1961,992094.0,A
"Cereals, primary",Yield,kg/ha,1961,902.3,E
"Cereals, primary",Production,t,1961,895200.0,E
Eggs Primary,Yield/Carcass Weight,g/An,1961,1800.0,E
Eggs Primary,Production,t,1961,5391.0,E
Eggs Primary,Laying,1000 An,1961,2995.0,E
"Fibre Crops, Fibre Equivalent",Area harvested,ha,1961,841100.0,E
"Fibre Crops, Fibre Equivalent",Yield,kg/ha,1961,91.9,E
"Fibre Crops, Fibre Equivalent",Production,t,1961,77277.45,E
Fruit Primary,Area harvested,ha,1961,672200.0,E
Fruit Primary,Yield,kg/ha,1961,5846.5,E
Fruit Primary,Production,t,1961,3930000.0,E
"Meat, Poultry",Yield/Carcass Weight,g/An,1961,1300.0,E
"Meat, Poultry",Production,t,1961,10621.0,E
"Meat, Poultry",Producing Animals/Slaughtered,1000 An,1961,8170.0,E
"Meat, Total",Production,t,1961,92123.0,E
"Milk, Total",Yield/Carcass Weight,kg/An,1961,350.0,E
"Milk, Total",Production,t,1961,208950.0,E
"Milk, Total",Milk Animals,An,1961,597000.0,E
"Oilcrops, Cake Equivalent",Area harvested,ha,1961,1193570.0,E
"Oilcrops, Cake Equivalent",Yield,kg/ha,1961,113.9,E
"Oilcrops, Cake Equivalent",Production,t,1961,135983.78,E
"Oilcrops, Oil Equivalent",Area harvested,ha,1961,1197270.0,E
"Oilcrops, Oil Equivalent",Yield,kg/ha,1961,62.4,E
"Oilcrops, Oil Equivalent",Production,t,1961,74711.99,E
Poultry Birds,Stocks,1000 An,1961,6500.0,E
"Pulses, Total",Area harvested,ha,1961,267655.0,E
"Pulses, Total",Yield,kg/ha,1961,644.9,E
"Pulses, Total",Production,t,1961,172600.0,E
"Roots and Tubers, Total",Area harvested,ha,1961,469000.0,E
"Roots and Tubers, Total",Yield,kg/ha,1961,3656.7,E
"Roots and Tubers, Total",Production,t,1961,1715000.0,E
Sheep and Goat Meat,Yield/Carcass Weight,kg/An,1961,11.0,E
Sheep and Goat Meat,Production,t,1961,12012.0,E
Sheep and Goat Meat,Producing Animals/Slaughtered,An,1961,1072000.0,E
Sheep and Goats,Stocks,An,1961,3457000.0,A
Sugar Crops Primary,Area harvested,ha,1961,16800.0,A
Sugar Crops Primary,Yield,kg/ha,1961,72083.3,E
Sugar Crops Primary,Production,t,1961,1211000.0,E
Vegetables Primary,Area harvested,ha,1961,33540.0,E
Vegetables Primary,Yield,kg/ha,1961,5141.6,E
Vegetables Primary,Production,t,1961,172450.0,E
Asses,Stocks,An,1962,18000.0,E
Bananas,Area harvested,ha,1962,50000.0,E
Bananas,Yield,kg/ha,1962,4000.0,E
Bananas,Production,t,1962,200000.0,E
"Beans, dry",Area harvested,ha,1962,140000.0,E
"Beans, dry",Yield,kg/ha,1962,714.3,E
"Beans, dry",Production,t,1962,100000.0,E
"Beer of barley, malted",Production,t,1962,11200.0,E
Bees,Stocks,No,1962,37700.0,E
Beeswax,Production,t,1962,480.0,E
"Cassava, fresh",Area harvested,ha,1962,264000.0,A
"Cassava, fresh",Yield,kg/ha,1962,3996.2,E
"Cassava, fresh",Production,t,1962,1055000.0,E
Castor oil seeds,Area harvested,ha,1962,5700.0,E
Castor oil seeds,Yield,kg/ha,1962,463.9,E
Castor oil seeds,Production,t,1962,2644.0,A
Cattle,Stocks,An,1962,3382762.0,A
"Cattle fat, unrendered",Production,t,1962,1229.17,I
"Cattle fat, unrendered",Producing Animals/Slaughtered,An,1962,393300.0,E
"Chick peas, dry",Area harvested,ha,1962,4000.0,E
"Chick peas, dry",Yield,kg/ha,1962,350.0,E
"Chick peas, dry",Production,t,1962,1400.0,E
Chickens,Stocks,1000 An,1962,6700.0,E
"Chillies and peppers, dry (Capsicum spp., Pimenta spp.), raw",Area harvested,ha,1962,3700.0,E
"Chillies and peppers, dry (Capsicum spp., Pimenta spp.), raw",Yield,kg/ha,1962,837.8,E
"Chillies and peppers, dry (Capsicum spp., Pimenta spp.), raw",Production,t,1962,3100.0,E
Cocoa beans,Area harvested,ha,1962,1000.0,E
Cocoa beans,Yield,kg/ha,1962,25.0,E
Cocoa beans,Production,t,1962,25.0,E
"Coffee, green",Area harvested,ha,1962,254500.0,A
"Coffee, green",Yield,kg/ha,1962,467.6,A
"Coffee, green",Production,t,1962,119000.0,A
"Cotton lint, ginned",Production,t,1962,33700.0,A
Cotton seed,Production,t,1962,72000.0,A
Cottonseed oil,Production,t,1962,6705.24,I
"Cow peas, dry",Area harvested,ha,1962,50000.0,E
"Cow peas, dry",Yield,kg/ha,1962,1000.0,E
"Cow peas, dry",Production,t,1962,50000.0,E
"Edible offal of cattle, fresh, chilled or frozen",Production,t,1962,9956.25,I
"Edible offal of cattle, fresh, chilled or frozen",Producing Animals/Slaughtered,An,1962,393300.0,E
"Edible offal of goat, fresh, chilled or frozen",Production,t,1962,2663.27,I
"Edible offal of goat, fresh, chilled or frozen",Producing Animals/Slaughtered,An,1962,791000.0,E
"Edible offal of pigs, fresh, chilled or frozen",Production,t,1962,60.3,I
"Edible offal of pigs, fresh, chilled or frozen",Producing Animals/Slaughtered,An,1962,12000.0,E
"Edible offal of sheep, fresh, chilled or frozen",Production,t,1962,560.33,I
"Edible offal of sheep, fresh, chilled or frozen",Producing Animals/Slaughtered,An,1962,208000.0,E
Fat of pigs,Production,t,1962,60.3,I
Fat of pigs,Producing Animals/Slaughtered,An,1962,12000.0,E
"Ginger, raw",Production,t,1962,0.0,A
"Goat fat, unrendered",Production,t,1962,301.84,I
"Goat fat, unrendered",Producing Animals/Slaughtered,An,1962,791000.0,E
Goats,Stocks,An,1962,2532953.0,A
Groundnut oil,Production,t,1962,4561.92,I
"Groundnuts, excluding shelled",Area harvested,ha,1962,240000.0,E
"Groundnuts, excluding shelled",Yield,kg/ha,1962,533.3,E
"Groundnuts, excluding shelled",Production,t,1962,128000.0,E
"Hen eggs in shell, fresh",Yield,No/An,1962,47.0,E
"Hen eggs in shell, fresh",Yield/Carcass Weight,g/An,1962,1800.0,E
"Hen eggs in shell, fresh",Production,t,1962,5616.0,I
"Hen eggs in shell, fresh",Production,1000 No,1962,147800.0,E
"Hen eggs in shell, fresh",Laying,1000 An,1962,3120.0,E
Maize (corn),Area harvested,ha,1962,170896.0,A
Maize (corn),Yield,kg/ha,1962,1111.8,E
Maize (corn),Production,t,1962,190000.0,E
"Meat of cattle with the bone, fresh or chilled",Yield/Carcass Weight,kg/An,1962,150.0,E
"Meat of cattle with the bone, fresh or chilled",Production,t,1962,59000.0,E
"Meat of cattle with the bone, fresh or chilled",Producing Animals/Slaughtered,An,1962,393300.0,E
"Meat of chickens, fresh or chilled",Yield/Carcass Weight,g/An,1962,1300.0,E
"Meat of chickens, fresh or chilled",Production,t,1962,10920.0,E
"Meat of chickens, fresh or chilled",Producing Animals/Slaughtered,1000 An,1962,8400.0,E
"Meat of goat, fresh or chilled",Yield/Carcass Weight,kg/An,1962,11.0,E
"Meat of goat, fresh or chilled",Production,t,1962,8700.0,E
"Meat of goat, fresh or chilled",Producing Animals/Slaughtered,An,1962,791000.0,E
"Meat of pig with the bone, fresh or chilled",Yield/Carcass Weight,kg/An,1962,60.0,E
"Meat of pig with the bone, fresh or chilled",Production,t,1962,720.0,E
"Meat of pig with the bone, fresh or chilled",Producing Animals/Slaughtered,An,1962,12000.0,E
"Meat of sheep, fresh or chilled",Yield/Carcass Weight,kg/An,1962,12.0,E
"Meat of sheep, fresh or chilled",Production,t,1962,2496.0,E
"Meat of sheep, fresh or chilled",Producing Animals/Slaughtered,An,1962,208000.0,E
Millet,Area harvested,ha,1962,530000.0,A
Millet,Yield,kg/ha,1962,811.3,E
Millet,Production,t,1962,430000.0,E
Molasses,Production,t,1962,60500.0,E
Natural honey,Production,t,1962,120.0,E
"Onions and shallots, dry (excluding dehydrated)",Area harvested,ha,1962,3000.0,E
"Onions and shallots, dry (excluding dehydrated)",Yield,kg/ha,1962,2333.3,E
"Onions and shallots, dry (excluding dehydrated)",Production,t,1962,7000.0,E
"Other fruits, n.e.c.",Area harvested,ha,1962,6200.0,E
"Other fruits, n.e.c.",Yield,kg/ha,1962,4838.7,E
"Other fruits, n.e.c.",Production,t,1962,30000.0,A
"Other meat of mammals, fresh or chilled",Production,t,1962,8000.0,E
"Other oil seeds, n.e.c.",Production,t,1962,3000.0,E
"Other vegetables, fresh n.e.c.",Area harvested,ha,1962,30050.0,E
"Other vegetables, fresh n.e.c.",Yield,kg/ha,1962,5490.8,E
"Other vegetables, fresh n.e.c.",Production,t,1962,165000.0,E
"Peas, dry",Area harvested,ha,1962,10000.0,A
"Peas, dry",Yield,kg/ha,1962,560.0,A
"Peas, dry",Production,t,1962,5600.0,A
"Pepper (Piper spp.), raw",Area harvested,ha,1962,1300.0,E
"Pepper (Piper spp.), raw",Yield,kg/ha,1962,384.6,E
"Pepper (Piper spp.), raw",Production,t,1962,500.0,E
"Pigeon peas, dry",Area harvested,ha,1962,59164.0,A
"Pigeon peas, dry",Yield,kg/ha,1962,304.2,E
"Pigeon peas, dry",Production,t,1962,18000.0,E
Pineapples,Production,t,1962,0.0,A
Plantains and cooking bananas,Area harvested,ha,1962,649000.0,A
Plantains and cooking bananas,Yield,kg/ha,1962,6009.2,E
Plantains and cooking bananas,Production,t,1962,3900000.0,E
Potatoes,Area harvested,ha,1962,12000.0,E
Potatoes,Yield,kg/ha,1962,9166.7,E
Potatoes,Production,t,1962,110000.0,E
Raw cane or beet sugar (centrifugal only),Production,t,1962,115000.0,A
Raw hides and skins of cattle,Yield/Carcass Weight,kg/An,1962,21.0,E
Raw hides and skins of cattle,Production,t,1962,8358.33,I
Raw hides and skins of cattle,Producing Animals/Slaughtered,An,1962,393300.0,E
Raw hides and skins of goats or kids,Yield/Carcass Weight,kg/An,1962,2.0,E
Raw hides and skins of goats or kids,Production,t,1962,1775.51,I
Raw hides and skins of goats or kids,Producing Animals/Slaughtered,An,1962,791000.0,E
Raw hides and skins of sheep or lambs,Yield/Carcass Weight,kg/An,1962,2.0,E
Raw hides and skins of sheep or lambs,Production,t,1962,438.07,I
Raw hides and skins of sheep or lambs,Producing Animals/Slaughtered,An,1962,208000.0,E
Raw milk of cattle,Yield/Carcass Weight,kg/An,1962,350.0,E
Raw milk of cattle,Production,t,1962,195370.0,I
Raw milk of cattle,Milk Animals,An,1962,558200.0,E
Rice,Area harvested,ha,1962,3197.0,A
Rice,Yield,kg/ha,1962,1251.2,E
Rice,Production,t,1962,4000.0,E
"Seed cotton, unginned",Area harvested,ha,1962,730400.0,A
"Seed cotton, unginned",Yield,kg/ha,1962,146.5,A
"Seed cotton, unginned",Production,t,1962,107000.0,A
Sesame seed,Area harvested,ha,1962,82959.0,A
Sesame seed,Yield,kg/ha,1962,409.8,E
Sesame seed,Production,t,1962,34000.0,X
Sheep,Stocks,An,1962,832219.0,A
"Sheep fat, unrendered",Production,t,1962,56.03,I
"Sheep fat, unrendered",Producing Animals/Slaughtered,An,1962,208000.0,E
"Sisal, raw",Area harvested,ha,1962,2000.0,A
"Sisal, raw",Yield,kg/ha,1962,259.0,A
"Sisal, raw",Production,t,1962,518.0,A
Sorghum,Area harvested,ha,1962,294000.0,A
Sorghum,Yield,kg/ha,1962,945.6,E
Sorghum,Production,t,1962,278000.0,E
Soya beans,Area harvested,ha,1962,2400.0,A
Soya beans,Yield,kg/ha,1962,416.7,E
Soya beans,Production,t,1962,1000.0,X
Sugar cane,Area harvested,ha,1962,17000.0,A
Sugar cane,Yield,kg/ha,1962,77058.8,E
Sugar cane,Production,t,1962,1310000.0,E
Sunflower seed,Area harvested,ha,1962,2800.0,E
Sunflower seed,Yield,kg/ha,1962,321.4,E
Sunflower seed,Production,t,1962,900.0,E
Sweet potatoes,Area harvested,ha,1962,157000.0,E
Sweet potatoes,Yield,kg/ha,1962,3503.2,E
Sweet potatoes,Production,t,1962,550000.0,E
Swine / pigs,Stocks,An,1962,16069.0,A
Tea leaves,Area harvested,ha,1962,5700.0,E
Tea leaves,Yield,kg/ha,1962,1108.6,E
Tea leaves,Production,t,1962,6319.0,A
Tomatoes,Area harvested,ha,1962,540.0,E
Tomatoes,Yield,kg/ha,1962,6851.9,E
Tomatoes,Production,t,1962,3700.0,E
Unmanufactured tobacco,Area harvested,ha,1962,8000.0,E
Unmanufactured tobacco,Yield,kg/ha,1962,636.5,E
Unmanufactured tobacco,Production,t,1962,5092.0,A
"Vanilla, raw",Area harvested,ha,1962,50.0,E
"Vanilla, raw",Yield,kg/ha,1962,200.0,E
"Vanilla, raw",Production,t,1962,10.0,E
Wheat,Area harvested,ha,1962,0.0,A
Wheat,Production,t,1962,0.0,A
"Beef and Buffalo Meat, primary",Yield/Carcass Weight,kg/An,1962,150.0,E
"Beef and Buffalo Meat, primary",Production,t,1962,59000.0,E
"Beef and Buffalo Meat, primary",Producing Animals/Slaughtered,An,1962,393300.0,E
Cattle and Buffaloes,Stocks,An,1962,3382762.0,A
"Cereals, primary",Area harvested,ha,1962,998093.0,A
"Cereals, primary",Yield,kg/ha,1962,903.7,E
"Cereals, primary",Production,t,1962,902000.0,E
Eggs Primary,Yield/Carcass Weight,g/An,1962,1800.0,E
Eggs Primary,Production,t,1962,5616.0,E
Eggs Primary,Laying,1000 An,1962,3120.0,E
"Fibre Crops, Fibre Equivalent",Area harvested,ha,1962,732400.0,E
"Fibre Crops, Fibre Equivalent",Yield,kg/ha,1962,51.8,E
"Fibre Crops, Fibre Equivalent",Production,t,1962,37968.0,E
Fruit Primary,Area harvested,ha,1962,705200.0,E
Fruit Primary,Yield,kg/ha,1962,5856.5,E
Fruit Primary,Production,t,1962,4130000.0,E
"Meat, Poultry",Yield/Carcass Weight,g/An,1962,1300.0,E
"Meat, Poultry",Production,t,1962,10920.0,E
"Meat, Poultry",Producing Animals/Slaughtered,1000 An,1962,8400.0,E
"Meat, Total",Production,t,1962,89836.0,E
"Milk, Total",Yield/Carcass Weight,kg/An,1962,350.0,E
"Milk, Total",Production,t,1962,195370.0,E
"Milk, Total",Milk Animals,An,1962,558200.0,E
"Oilcrops, Cake Equivalent",Area harvested,ha,1962,1058559.0,E
"Oilcrops, Cake Equivalent",Yield,kg/ha,1962,97.7,E
"Oilcrops, Cake Equivalent",Production,t,1962,103372.1,E
"Oilcrops, Oil Equivalent",Area harvested,ha,1962,1064259.0,E
"Oilcrops, Oil Equivalent",Yield,kg/ha,1962,62.3,E
"Oilcrops, Oil Equivalent",Production,t,1962,66312.2,E
Poultry Birds,Stocks,1000 An,1962,6700.0,E
"Pulses, Total",Area harvested,ha,1962,263164.0,E
"Pulses, Total",Yield,kg/ha,1962,665.0,E
"Pulses, Total",Production,t,1962,175000.0,E
"Roots and Tubers, Total",Area harvested,ha,1962,433000.0,E
"Roots and Tubers, Total",Yield,kg/ha,1962,3960.7,E
"Roots and Tubers, Total",Production,t,1962,1715000.0,E
Sheep and Goat Meat,Yield/Carcass Weight,kg/An,1962,11.0,E
Sheep and Goat Meat,Production,t,1962,11196.0,E
Sheep and Goat Meat,Producing Animals/Slaughtered,An,1962,999000.0,E
Sheep and Goats,Stocks,An,1962,3365172.0,A
Sugar Crops Primary,Area harvested,ha,1962,17000.0,A
Sugar Crops Primary,Yield,kg/ha,1962,77058.8,E
Sugar Crops Primary,Production,t,1962,1310000.0,E
Vegetables Primary,Area harvested,ha,1962,33590.0,E
Vegetables Primary,Yield,kg/ha,1962,5230.7,E
Vegetables Primary,Production,t,1962,175700.0,E
Asses,Stocks,An,1963,17000.0,E
Bananas,Area harvested,ha,1963,50000.0,E
Bananas,Yield,kg/ha,1963,4000.0,E
Bananas,Production,t,1963,200000.0,E
"Beans, dry",Area harvested,ha,1963,140000.0,E
"Beans, dry",Yield,kg/ha,1963,785.7,E
"Beans, dry",Production,t,1963,110000.0,E
"Beer of barley, malted",Production,t,1963,11600.0,E
Bees,Stocks,No,1963,37800.0,E
Beeswax,Production,t,1963,480.0,E
"Cassava, fresh",Area harvested,ha,1963,286000.0,A
"Cassava, fresh",Yield,kg/ha,1963,3986.0,E
"Cassava, fresh",Production,t,1963,1140000.0,E
Castor oil seeds,Area harvested,ha,1963,5600.0,E
Castor oil seeds,Yield,kg/ha,1963,454.5,E
Castor oil seeds,Production,t,1963,2545.0,A
Cattle,Stocks,An,1963,3464603.0,A
"Cattle fat, unrendered",Production,t,1963,1244.17,I
"Cattle fat, unrendered",Producing Animals/Slaughtered,An,1963,398100.0,E
"Chick peas, dry",Area harvested,ha,1963,4000.0,E
"Chick peas, dry",Yield,kg/ha,1963,375.0,E
"Chick peas, dry",Production,t,1963,1500.0,E
Chickens,Stocks,1000 An,1963,6900.0,E
"Chillies and peppers, dry (Capsicum spp., Pimenta spp.), raw",Area harvested,ha,1963,3800.0,E
"Chillies and peppers, dry (Capsicum spp., Pimenta spp.), raw",Yield,kg/ha,1963,842.1,E
"Chillies and peppers, dry (Capsicum spp., Pimenta spp.), raw",Production,t,1963,3200.0,E
Cocoa beans,Area harvested,ha,1963,1000.0,E
Cocoa beans,Yield,kg/ha,1963,25.0,E
Cocoa beans,Production,t,1963,25.0,E
"Coffee, green",Area harvested,ha,1963,255300.0,A
"Coffee, green",Yield,kg/ha,1963,619.7,A
"Coffee, green",Production,t,1963,158200.0,A
"Cotton lint, ginned",Production,t,1963,65136.0,A
Cotton seed,Production,t,1963,143299.0,A
Cottonseed oil,Production,t,1963,15092.4,I
"Cow peas, dry",Area harvested,ha,1963,50000.0,E
"Cow peas, dry",Yield,kg/ha,1963,900.0,E
"Cow peas, dry",Production,t,1963,45000.0,E
"Edible offal of cattle, fresh, chilled or frozen",Production,t,1963,10077.75,I
"Edible offal of cattle, fresh, chilled or frozen",Producing Animals/Slaughtered,An,1963,398100.0,E
"Edible offal of goat, fresh, chilled or frozen",Production,t,1963,2470.41,I
"Edible offal of goat, fresh, chilled or frozen",Producing Animals/Slaughtered,An,1963,734000.0,E
"Edible offal of pigs, fresh, chilled or frozen",Production,t,1963,55.61,I
"Edible offal of pigs, fresh, chilled or frozen",Producing Animals/Slaughtered,An,1963,11060.0,E
"Edible offal of sheep, fresh, chilled or frozen",Production,t,1963,511.84,I
"Edible offal of sheep, fresh, chilled or frozen",Producing Animals/Slaughtered,An,1963,190000.0,E
Fat of pigs,Production,t,1963,55.61,I
Fat of pigs,Producing Animals/Slaughtered,An,1963,11060.0,E
"Ginger, raw",Production,t,1963,0.0,A
"Goat fat, unrendered",Production,t,1963,279.98,I
"Goat fat, unrendered",Producing Animals/Slaughtered,An,1963,734000.0,E
Goats,Stocks,An,1963,2339920.0,A
Groundnut oil,Production,t,1963,4675.01,I
"Groundnuts, excluding shelled",Area harvested,ha,1963,250000.0,E
"Groundnuts, excluding shelled",Yield,kg/ha,1963,524.0,E
"Groundnuts, excluding shelled",Production,t,1963,131000.0,E
"Hen eggs in shell, fresh",Yield,No/An,1963,47.0,E
"Hen eggs in shell, fresh",Yield/Carcass Weight,g/An,1963,1800.0,E
"Hen eggs in shell, fresh",Production,t,1963,5832.0,I
"Hen eggs in shell, fresh",Production,1000 No,1963,153500.0,E
"Hen eggs in shell, fresh",Laying,1000 An,1963,3240.0,E
Maize (corn),Area harvested,ha,1963,159606.0,A
Maize (corn),Yield,kg/ha,1963,1253.1,E
Maize (corn),Production,t,1963,200000.0,E
"Meat of cattle with the bone, fresh or chilled",Yield/Carcass Weight,kg/An,1963,150.0,E
"Meat of cattle with the bone, fresh or chilled",Production,t,1963,59720.0,E
"Meat of cattle with the bone, fresh or chilled",Producing Animals/Slaughtered,An,1963,398100.0,E
"Meat of chickens, fresh or chilled",Yield/Carcass Weight,g/An,1963,1300.0,E
"Meat of chickens, fresh or chilled",Production,t,1963,11271.0,E
"Meat of chickens, fresh or chilled",Producing Animals/Slaughtered,1000 An,1963,8670.0,E
"Meat of goat, fresh or chilled",Yield/Carcass Weight,kg/An,1963,11.0,E
"Meat of goat, fresh or chilled",Production,t,1963,8070.0,E
"Meat of goat, fresh or chilled",Producing Animals/Slaughtered,An,1963,734000.0,E
"Meat of pig with the bone, fresh or chilled",Yield/Carcass Weight,kg/An,1963,60.0,E
"Meat of pig with the bone, fresh or chilled",Production,t,1963,664.0,E
"Meat of pig with the bone, fresh or chilled",Producing Animals/Slaughtered,An,1963,11060.0,E
"Meat of sheep, fresh or chilled",Yield/Carcass Weight,kg/An,1963,12.0,E
"Meat of sheep, fresh or chilled",Production,t,1963,2280.0,E
"Meat of sheep, fresh or chilled",Producing Animals/Slaughtered,An,1963,190000.0,E
Millet,Area harvested,ha,1963,528000.0,A
Millet,Yield,kg/ha,1963,814.4,E
Millet,Production,t,1963,430000.0,E
Molasses,Production,t,1963,71000.0,E
Natural honey,Production,t,1963,120.0,E
"Onions and shallots, dry (excluding dehydrated)",Area harvested,ha,1963,3200.0,E
"Onions and shallots, dry (excluding dehydrated)",Yield,kg/ha,1963,2343.8,E
"Onions and shallots, dry (excluding dehydrated)",Production,t,1963,7500.0,E
"Other fruits, n.e.c.",Area harvested,ha,1963,6200.0,E
"Other fruits, n.e.c.",Yield,kg/ha,1963,4838.7,E
"Other fruits, n.e.c.",Production,t,1963,30000.0,A
"Other meat of mammals, fresh or chilled",Production,t,1963,8000.0,E
"Other oil seeds, n.e.c.",Production,t,1963,3000.0,E
"Other vegetables, fresh n.e.c.",Area harvested,ha,1963,30960.0,E
"Other vegetables, fresh n.e.c.",Yield,kg/ha,1963,5491.0,E
"Other vegetables, fresh n.e.c.",Production,t,1963,170000.0,E
"Peas, dry",Area harvested,ha,1963,16000.0,A
"Peas, dry",Yield,kg/ha,1963,525.0,A
"Peas, dry",Production,t,1963,8400.0,A
"Pepper (Piper spp.), raw",Area harvested,ha,1963,1300.0,E
"Pepper (Piper spp.), raw",Yield,kg/ha,1963,384.6,E
"Pepper (Piper spp.), raw",Production,t,1963,500.0,E
"Pigeon peas, dry",Area harvested,ha,1963,69443.0,A
"Pigeon peas, dry",Yield,kg/ha,1963,302.4,E
"Pigeon peas, dry",Production,t,1963,21000.0,E
Pineapples,Production,t,1963,0.0,A
Plantains and cooking bananas,Area harvested,ha,1963,705000.0,A
Plantains and cooking bananas,Yield,kg/ha,1963,6099.3,E
Plantains and cooking bananas,Production,t,1963,4300000.0,E
Potatoes,Area harvested,ha,1963,12000.0,E
Potatoes,Yield,kg/ha,1963,9166.7,E
Potatoes,Production,t,1963,110000.0,E
Raw cane or beet sugar (centrifugal only),Production,t,1963,135000.0,A
Raw hides and skins of cattle,Yield/Carcass Weight,kg/An,1963,21.0,E
Raw hides and skins of cattle,Production,t,1963,8460.33,I
Raw hides and skins of cattle,Producing Animals/Slaughtered,An,1963,398100.0,E
Raw hides and skins of goats or kids,Yield/Carcass Weight,kg/An,1963,2.0,E
Raw hides and skins of goats or kids,Production,t,1963,1646.94,I
Raw hides and skins of goats or kids,Producing Animals/Slaughtered,An,1963,734000.0,E
Raw hides and skins of sheep or lambs,Yield/Carcass Weight,kg/An,1963,2.0,E
Raw hides and skins of sheep or lambs,Production,t,1963,400.16,I
Raw hides and skins of sheep or lambs,Producing Animals/Slaughtered,An,1963,190000.0,E
Raw milk of cattle,Yield/Carcass Weight,kg/An,1963,350.0,E
Raw milk of cattle,Production,t,1963,200095.0,I
Raw milk of cattle,Milk Animals,An,1963,571700.0,E
Rice,Area harvested,ha,1963,1376.0,A
Rice,Yield,kg/ha,1963,1199.1,E
Rice,Production,t,1963,1650.0,E
"Seed cotton, unginned",Area harvested,ha,1963,814900.0,A
"Seed cotton, unginned",Yield,kg/ha,1963,257.7,A
"Seed cotton, unginned",Production,t,1963,210000.0,A
Sesame seed,Area harvested,ha,1963,86966.0,A
Sesame seed,Yield,kg/ha,1963,402.5,E
Sesame seed,Production,t,1963,35000.0,X
Sheep,Stocks,An,1963,760016.0,A
"Sheep fat, unrendered",Production,t,1963,51.18,I
"Sheep fat, unrendered",Producing Animals/Slaughtered,An,1963,190000.0,E
"Sisal, raw",Area harvested,ha,1963,1000.0,A
"Sisal, raw",Yield,kg/ha,1963,415.0,A
"Sisal, raw",Production,t,1963,415.0,A
Sorghum,Area harvested,ha,1963,296000.0,A
Sorghum,Yield,kg/ha,1963,949.3,E
Sorghum,Production,t,1963,281000.0,E
Soya beans,Area harvested,ha,1963,500.0,A
Soya beans,Yield,kg/ha,1963,800.0,E
Soya beans,Production,t,1963,400.0,E
Sugar cane,Area harvested,ha,1963,17400.0,A
Sugar cane,Yield,kg/ha,1963,87356.3,E
Sugar cane,Production,t,1963,1520000.0,E
Sunflower seed,Area harvested,ha,1963,2950.0,E
Sunflower seed,Yield,kg/ha,1963,339.0,E
Sunflower seed,Production,t,1963,1000.0,E
Sweet potatoes,Area harvested,ha,1963,173000.0,E
Sweet potatoes,Yield,kg/ha,1963,3497.1,E
Sweet potatoes,Production,t,1963,605000.0,E
Swine / pigs,Stocks,An,1963,14751.0,A
Tea leaves,Area harvested,ha,1963,6300.0,E
Tea leaves,Yield,kg/ha,1963,979.4,E
Tea leaves,Production,t,1963,6170.0,A
Tomatoes,Area harvested,ha,1963,570.0,E
Tomatoes,Yield,kg/ha,1963,6842.1,E
Tomatoes,Production,t,1963,3900.0,E
Unmanufactured tobacco,Area harvested,ha,1963,5000.0,E
Unmanufactured tobacco,Yield,kg/ha,1963,587.2,E
Unmanufactured tobacco,Production,t,1963,2936.0,A
"Vanilla, raw",Area harvested,ha,1963,50.0,E
"Vanilla, raw",Yield,kg/ha,1963,200.0,E
"Vanilla, raw",Production,t,1963,10.0,E
Wheat,Area harvested,ha,1963,0.0,A
Wheat,Production,t,1963,0.0,A
"Beef and Buffalo Meat, primary",Yield/Carcass Weight,kg/An,1963,150.0,E
"Beef and Buffalo Meat, primary",Production,t,1963,59720.0,E
"Beef and Buffalo Meat, primary",Producing Animals/Slaughtered,An,1963,398100.0,E
Cattle and Buffaloes,Stocks,An,1963,3464603.0,A
"Cereals, primary",Area harvested,ha,1963,984982.0,A
"Cereals, primary",Yield,kg/ha,1963,926.6,E
"Cereals, primary",Production,t,1963,912650.0,E
Eggs Primary,Yield/Carcass Weight,g/An,1963,1800.0,E
Eggs Primary,Production,t,1963,5832.0,E
Eggs Primary,Laying,1000 An,1963,3240.0,E
"Fibre Crops, Fibre Equivalent",Area harvested,ha,1963,815900.0,E
"Fibre Crops, Fibre Equivalent",Yield,kg/ha,1963,90.6,E
"Fibre Crops, Fibre Equivalent",Production,t,1963,73915.0,E
Fruit Primary,Area harvested,ha,1963,761200.0,E
Fruit Primary,Yield,kg/ha,1963,5951.1,E
Fruit Primary,Production,t,1963,4530000.0,E
"Meat, Poultry",Yield/Carcass Weight,g/An,1963,1300.0,E
"Meat, Poultry",Production,t,1963,11271.0,E
"Meat, Poultry",Producing Animals/Slaughtered,1000 An,1963,8670.0,E
"Meat, Total",Production,t,1963,90005.0,E
"Milk, Total",Yield/Carcass Weight,kg/An,1963,350.0,E
"Milk, Total",Production,t,1963,200095.0,E
"Milk, Total",Milk Animals,An,1963,571700.0,E
"Oilcrops, Cake Equivalent",Area harvested,ha,1963,1155316.0,E
"Oilcrops, Cake Equivalent",Yield,kg/ha,1963,119.2,E
"Oilcrops, Cake Equivalent",Production,t,1963,137689.0,E
"Oilcrops, Oil Equivalent",Area harvested,ha,1963,1160916.0,E
"Oilcrops, Oil Equivalent",Yield,kg/ha,1963,67.1,E
"Oilcrops, Oil Equivalent",Production,t,1963,77918.0,E
Poultry Birds,Stocks,1000 An,1963,6900.0,E
"Pulses, Total",Area harvested,ha,1963,279443.0,E
"Pulses, Total",Yield,kg/ha,1963,665.3,E
"Pulses, Total",Production,t,1963,185900.0,E
"Roots and Tubers, Total",Area harvested,ha,1963,471000.0,E
"Roots and Tubers, Total",Yield,kg/ha,1963,3938.4,E
"Roots and Tubers, Total",Production,t,1963,1855000.0,E
Sheep and Goat Meat,Yield/Carcass Weight,kg/An,1963,11.0,E
Sheep and Goat Meat,Production,t,1963,10350.0,E
Sheep and Goat Meat,Producing Animals/Slaughtered,An,1963,924000.0,E
Sheep and Goats,Stocks,An,1963,3099936.0,A
Sugar Crops Primary,Area harvested,ha,1963,17400.0,A
Sugar Crops Primary,Yield,kg/ha,1963,87356.3,E
Sugar Crops Primary,Production,t,1963,1520000.0,E
Vegetables Primary,Area harvested,ha,1963,34730.0,E
Vegetables Primary,Yield,kg/ha,1963,5223.2,E
Vegetables Primary,Production,t,1963,181400.0,E
Asses,Stocks,An,1964,16206.0,A
Bananas,Area harvested,ha,1964,50000.0,E
Bananas,Yield,kg/ha,1964,4000.0,E
Bananas,Production,t,1964,200000.0,E
"Beans, dry",Area harvested,ha,1964,150000.0,E
"Beans, dry",Yield,kg/ha,1964,800.0,E
"Beans, dry",Production,t,1964,120000.0,E
"Beer of barley, malted",Production,t,1964,12000.0,E
Bees,Stocks,No,1964,37900.0,E
Beeswax,Production,t,1964,485.0,E
"Cassava, fresh",Area harvested,ha,1964,240000.0,A
"Cassava, fresh",Yield,kg/ha,1964,4104.2,E
"Cassava, fresh",Production,t,1964,985000.0,E
Castor oil seeds,Area harvested,ha,1964,4100.0,E
Castor oil seeds,Yield,kg/ha,1964,497.6,E
Castor oil seeds,Production,t,1964,2040.0,A
Cattle,Stocks,An,1964,3463937.0,A
"Cattle fat, unrendered",Production,t,1964,1243.75,I
"Cattle fat, unrendered",Producing Animals/Slaughtered,An,1964,398000.0,E
"Chick peas, dry",Area harvested,ha,1964,4000.0,E
"Chick peas, dry",Yield,kg/ha,1964,375.0,E
"Chick peas, dry",Production,t,1964,1500.0,E
Chickens,Stocks,1000 An,1964,7100.0,E
"Chillies and peppers, dry (Capsicum spp., Pimenta spp.), raw",Area harvested,ha,1964,3800.0,E
"Chillies and peppers, dry (Capsicum spp., Pimenta spp.), raw",Yield,kg/ha,1964,868.4,E
"Chillies and peppers, dry (Capsicum spp., Pimenta spp.), raw",Production,t,1964,3300.0,E
Cocoa beans,Area harvested,ha,1964,1100.0,E
Cocoa beans,Yield,kg/ha,1964,27.3,E
Cocoa beans,Production,t,1964,30.0,E
"Coffee, green",Area harvested,ha,1964,261100.0,A
"Coffee, green",Yield,kg/ha,1964,660.3,A
"Coffee, green",Production,t,1964,172400.0,A
"Cotton lint, ginned",Production,t,1964,68840.0,A
Cotton seed,Production,t,1964,151448.0,A
Cottonseed oil,Production,t,1964,15996.48,I
"Cow peas, dry",Area harvested,ha,1964,65000.0,E
"Cow peas, dry",Yield,kg/ha,1964,769.2,E
"Cow peas, dry",Production,t,1964,50000.0,E
"Edible offal of cattle, fresh, chilled or frozen",Production,t,1964,10074.38,I
"Edible offal of cattle, fresh, chilled or frozen",Producing Animals/Slaughtered,An,1964,398000.0,E
"Edible offal of goat, fresh, chilled or frozen",Production,t,1964,2118.37,I
"Edible offal of goat, fresh, chilled or frozen",Producing Animals/Slaughtered,An,1964,629000.0,E
"Edible offal of pigs, fresh, chilled or frozen",Production,t,1964,70.6,I
"Edible offal of pigs, fresh, chilled or frozen",Producing Animals/Slaughtered,An,1964,14050.0,E
"Edible offal of sheep, fresh, chilled or frozen",Production,t,1964,579.18,I
"Edible offal of sheep, fresh, chilled or frozen",Producing Animals/Slaughtered,An,1964,215000.0,E
Fat of pigs,Production,t,1964,70.6,I
Fat of pigs,Producing Animals/Slaughtered,An,1964,14050.0,E
"Ginger, raw",Production,t,1964,0.0,A
"Goat fat, unrendered",Production,t,1964,240.08,I
"Goat fat, unrendered",Producing Animals/Slaughtered,An,1964,629000.0,E
Goats,Stocks,An,1964,1990915.0,A
Groundnut oil,Production,t,1964,4564.2,I
"Groundnuts, excluding shelled",Area harvested,ha,1964,250000.0,E
"Groundnuts, excluding shelled",Yield,kg/ha,1964,512.0,E
"Groundnuts, excluding shelled",Production,t,1964,128000.0,E
"Hen eggs in shell, fresh",Yield,No/An,1964,55.0,E
"Hen eggs in shell, fresh",Yield/Carcass Weight,g/An,1964,2100.0,E
"Hen eggs in shell, fresh",Production,t,1964,6909.0,I
"Hen eggs in shell, fresh",Production,1000 No,1964,181800.0,E
"Hen eggs in shell, fresh",Laying,1000 An,1964,3290.0,E
Maize (corn),Area harvested,ha,1964,193000.0,A
Maize (corn),Yield,kg/ha,1964,1139.9,E
Maize (corn),Production,t,1964,220000.0,E
"Meat of cattle with the bone, fresh or chilled",Yield/Carcass Weight,kg/An,1964,150.0,E
"Meat of cattle with the bone, fresh or chilled",Production,t,1964,59700.0,E
"Meat of cattle with the bone, fresh or chilled",Producing Animals/Slaughtered,An,1964,398000.0,E
"Meat of chickens, fresh or chilled",Yield/Carcass Weight,g/An,1964,1300.0,E
"Meat of chickens, fresh or chilled",Production,t,1964,11596.0,E
"Meat of chickens, fresh or chilled",Producing Animals/Slaughtered,1000 An,1964,8920.0,E
"Meat of goat, fresh or chilled",Yield/Carcass Weight,kg/An,1964,11.0,E
"Meat of goat, fresh or chilled",Production,t,1964,6920.0,E
"Meat of goat, fresh or chilled",Producing Animals/Slaughtered,An,1964,629000.0,E
"Meat of pig with the bone, fresh or chilled",Yield/Carcass Weight,kg/An,1964,60.0,E
"Meat of pig with the bone, fresh or chilled",Production,t,1964,843.0,E
"Meat of pig with the bone, fresh or chilled",Producing Animals/Slaughtered,An,1964,14050.0,E
"Meat of sheep, fresh or chilled",Yield/Carcass Weight,kg/An,1964,12.0,E
"Meat of sheep, fresh or chilled",Production,t,1964,2580.0,E
"Meat of sheep, fresh or chilled",Producing Animals/Slaughtered,An,1964,215000.0,E
Millet,Area harvested,ha,1964,529000.0,A
Millet,Yield,kg/ha,1964,812.9,E
Millet,Production,t,1964,430000.0,E
Molasses,Production,t,1964,72000.0,E
Natural honey,Production,t,1964,121.0,E
"Onions and shallots, dry (excluding dehydrated)",Area harvested,ha,1964,2700.0,E
"Onions and shallots, dry (excluding dehydrated)",Yield,kg/ha,1964,2407.4,E
"Onions and shallots, dry (excluding dehydrated)",Production,t,1964,6500.0,E
"Other fruits, n.e.c.",Area harvested,ha,1964,6200.0,E
"Other fruits, n.e.c.",Yield,kg/ha,1964,4838.7,E
"Other fruits, n.e.c.",Production,t,1964,30000.0,A
"Other meat of mammals, fresh or chilled",Production,t,1964,9000.0,E
"Other oil seeds, n.e.c.",Production,t,1964,4000.0,E
"Other vegetables, fresh n.e.c.",Area harvested,ha,1964,31860.0,E
"Other vegetables, fresh n.e.c.",Yield,kg/ha,1964,5492.8,E
"Other vegetables, fresh n.e.c.",Production,t,1964,175000.0,E
"Peas, dry",Area harvested,ha,1964,15000.0,A
"Peas, dry",Yield,kg/ha,1964,546.7,A
"Peas, dry",Production,t,1964,8200.0,A
"Pepper (Piper spp.), raw",Area harvested,ha,1964,1300.0,E
"Pepper (Piper spp.), raw",Yield,kg/ha,1964,384.6,E
"Pepper (Piper spp.), raw",Production,t,1964,500.0,E
"Pigeon peas, dry",Area harvested,ha,1964,89920.0,A
"Pigeon peas, dry",Yield,kg/ha,1964,300.3,E
"Pigeon peas, dry",Production,t,1964,27000.0,E
Pineapples,Production,t,1964,0.0,A
Plantains and cooking bananas,Area harvested,ha,1964,746000.0,A
Plantains and cooking bananas,Yield,kg/ha,1964,6032.2,E
Plantains and cooking bananas,Production,t,1964,4500000.0,E
Potatoes,Area harvested,ha,1964,13000.0,E
Potatoes,Yield,kg/ha,1964,9230.8,E
Potatoes,Production,t,1964,120000.0,E
Raw cane or beet sugar (centrifugal only),Production,t,1964,137000.0,A
Raw hides and skins of cattle,Yield/Carcass Weight,kg/An,1964,21.0,E
Raw hides and skins of cattle,Production,t,1964,8457.5,I
Raw hides and skins of cattle,Producing Animals/Slaughtered,An,1964,398000.0,E
Raw hides and skins of goats or kids,Yield/Carcass Weight,kg/An,1964,2.0,E
Raw hides and skins of goats or kids,Production,t,1964,1412.24,I
Raw hides and skins of goats or kids,Producing Animals/Slaughtered,An,1964,629000.0,E
Raw hides and skins of sheep or lambs,Yield/Carcass Weight,kg/An,1964,2.0,E
Raw hides and skins of sheep or lambs,Production,t,1964,452.82,I
Raw hides and skins of sheep or lambs,Producing Animals/Slaughtered,An,1964,215000.0,E
Raw milk of cattle,Yield/Carcass Weight,kg/An,1964,350.0,E
Raw milk of cattle,Production,t,1964,200025.0,I
Raw milk of cattle,Milk Animals,An,1964,571500.0,E
Rice,Area harvested,ha,1964,1983.0,A
Rice,Yield,kg/ha,1964,1159.9,E
Rice,Production,t,1964,2300.0,E
"Seed cotton, unginned",Area harvested,ha,1964,864800.0,A
"Seed cotton, unginned",Yield,kg/ha,1964,260.2,A
"Seed cotton, unginned",Production,t,1964,225000.0,A
Sesame seed,Area harvested,ha,1964,109000.0,A
Sesame seed,Yield,kg/ha,1964,275.2,E
Sesame seed,Production,t,1964,30000.0,X
Sheep,Stocks,An,1964,861362.0,A
"Sheep fat, unrendered",Production,t,1964,57.92,I
"Sheep fat, unrendered",Producing Animals/Slaughtered,An,1964,215000.0,E
"Sisal, raw",Area harvested,ha,1964,1000.0,A
"Sisal, raw",Yield,kg/ha,1964,385.0,A
"Sisal, raw",Production,t,1964,385.0,A
Sorghum,Area harvested,ha,1964,320000.0,A
Sorghum,Yield,kg/ha,1964,846.9,E
Sorghum,Production,t,1964,271000.0,E
Soya beans,Area harvested,ha,1964,2500.0,A
Soya beans,Yield,kg/ha,1964,400.0,E
Soya beans,Production,t,1964,1000.0,X
Sugar cane,Area harvested,ha,1964,19000.0,A
Sugar cane,Yield,kg/ha,1964,81578.9,E
Sugar cane,Production,t,1964,1550000.0,E
Sunflower seed,Area harvested,ha,1964,2950.0,E
Sunflower seed,Yield,kg/ha,1964,339.0,E
Sunflower seed,Production,t,1964,1000.0,E
Sweet potatoes,Area harvested,ha,1964,174000.0,E
Sweet potatoes,Yield,kg/ha,1964,3505.7,E
Sweet potatoes,Production,t,1964,610000.0,E
Swine / pigs,Stocks,An,1964,18738.0,A
Tea leaves,Area harvested,ha,1964,7150.0,E
Tea leaves,Yield,kg/ha,1964,1065.0,E
Tea leaves,Production,t,1964,7615.0,A
Tomatoes,Area harvested,ha,1964,600.0,E
Tomatoes,Yield,kg/ha,1964,6833.3,E
Tomatoes,Production,t,1964,4100.0,E
Unmanufactured tobacco,Area harvested,ha,1964,6000.0,E
Unmanufactured tobacco,Yield,kg/ha,1964,643.3,E
Unmanufactured tobacco,Production,t,1964,3860.0,A
"Vanilla, raw",Area harvested,ha,1964,50.0,E
"Vanilla, raw",Yield,kg/ha,1964,200.0,E
"Vanilla, raw",Production,t,1964,10.0,E
Wheat,Area harvested,ha,1964,0.0,A
Wheat,Production,t,1964,0.0,A
"Beef and Buffalo Meat, primary",Yield/Carcass Weight,kg/An,1964,150.0,E
"Beef and Buffalo Meat, primary",Production,t,1964,59700.0,E
"Beef and Buffalo Meat, primary",Producing Animals/Slaughtered,An,1964,398000.0,E
Cattle and Buffaloes,Stocks,An,1964,3463937.0,A
"Cereals, primary",Area harvested,ha,1964,1043983.0,A
"Cereals, primary",Yield,kg/ha,1964,884.4,E
"Cereals, primary",Production,t,1964,923300.0,E
Eggs Primary,Yield/Carcass Weight,g/An,1964,2100.0,E
Eggs Primary,Production,t,1964,6909.0,E
Eggs Primary,Laying,1000 An,1964,3290.0,E
"Fibre Crops, Fibre Equivalent",Area harvested,ha,1964,865800.0,E
"Fibre Crops, Fibre Equivalent",Yield,kg/ha,1964,91.4,E
"Fibre Crops, Fibre Equivalent",Production,t,1964,79135.0,E
Fruit Primary,Area harvested,ha,1964,802200.0,E
Fruit Primary,Yield,kg/ha,1964,5896.3,E
Fruit Primary,Production,t,1964,4730000.0,E
"Meat, Poultry",Yield/Carcass Weight,g/An,1964,1300.0,E
"Meat, Poultry",Production,t,1964,11596.0,E
"Meat, Poultry",Producing Animals/Slaughtered,1000 An,1964,8920.0,E
"Meat, Total",Production,t,1964,90639.0,E
"Milk, Total",Yield/Carcass Weight,kg/An,1964,350.0,E
"Milk, Total",Production,t,1964,200025.0,E
"Milk, Total",Milk Animals,An,1964,571500.0,E
"Oilcrops, Cake Equivalent",Area harvested,ha,1964,1229250.0,E
"Oilcrops, Cake Equivalent",Yield,kg/ha,1964,113.8,E
"Oilcrops, Cake Equivalent",Production,t,1964,139892.5,E
"Oilcrops, Oil Equivalent",Area harvested,ha,1964,1233350.0,E
"Oilcrops, Oil Equivalent",Yield,kg/ha,1964,62.1,E
"Oilcrops, Oil Equivalent",Production,t,1964,76586.0,E
Poultry Birds,Stocks,1000 An,1964,7100.0,E
"Pulses, Total",Area harvested,ha,1964,323920.0,E
"Pulses, Total",Yield,kg/ha,1964,638.1,E
"Pulses, Total",Production,t,1964,206700.0,E
"Roots and Tubers, Total",Area harvested,ha,1964,427000.0,E
"Roots and Tubers, Total",Yield,kg/ha,1964,4016.4,E
"Roots and Tubers, Total",Production,t,1964,1715000.0,E
Sheep and Goat Meat,Yield/Carcass Weight,kg/An,1964,11.0,E
Sheep and Goat Meat,Production,t,1964,9500.0,E
Sheep and Goat Meat,Producing Animals/Slaughtered,An,1964,844000.0,E
Sheep and Goats,Stocks,An,1964,2852277.0,A
Sugar Crops Primary,Area harvested,ha,1964,19000.0,A
Sugar Crops Primary,Yield,kg/ha,1964,81578.9,E
Sugar Crops Primary,Production,t,1964,1550000.0,E
Vegetables Primary,Area harvested,ha,1964,35160.0,E
Vegetables Primary,Yield,kg/ha,1964,5278.7,E
Vegetables Primary,Production,t,1964,185600.0,E
Asses,Stocks,An,1965,16734.0,A
Bananas,Area harvested,ha,1965,50000.0,E
Bananas,Yield,kg/ha,1965,4000.0,E
Bananas,Production,t,1965,200000.0,E
"Beans, dry",Area harvested,ha,1965,150000.0,E
"Beans, dry",Yield,kg/ha,1965,866.7,E
"Beans, dry",Production,t,1965,130000.0,E
"Beer of barley, malted",Production,t,1965,19900.0,E
Bees,Stocks,No,1965,38000.0,E
Beeswax,Production,t,1965,485.0,E
"Cassava, fresh",Area harvested,ha,1965,359000.0,A
"Cassava, fresh",Yield,kg/ha,1965,3621.2,E
"Cassava, fresh",Production,t,1965,1300000.0,E
Castor oil seeds,Area harvested,ha,1965,4000.0,E
Castor oil seeds,Yield,kg/ha,1965,500.0,E
Castor oil seeds,Production,t,1965,2000.0,A
Cattle,Stocks,An,1965,3496797.0,A
"Cattle fat, unrendered",Production,t,1965,1258.13,I
"Cattle fat, unrendered",Producing Animals/Slaughtered,An,1965,402600.0,E
"Chick peas, dry",Area harvested,ha,1965,4000.0,E
"Chick peas, dry",Yield,kg/ha,1965,400.0,E
"Chick peas, dry",Production,t,1965,1600.0,E
Chickens,Stocks,1000 An,1965,7300.0,E
"Chillies and peppers, dry (Capsicum spp., Pimenta spp.), raw",Area harvested,ha,1965,3900.0,E
"Chillies and peppers, dry (Capsicum spp., Pimenta spp.), raw",Yield,kg/ha,1965,871.8,E
"Chillies and peppers, dry (Capsicum spp., Pimenta spp.), raw",Production,t,1965,3400.0,E
Cocoa beans,Area harvested,ha,1965,1100.0,E
Cocoa beans,Yield,kg/ha,1965,27.3,E
Cocoa beans,Production,t,1965,30.0,E
"Coffee, green",Area harvested,ha,1965,293300.0,A
"Coffee, green",Yield,kg/ha,1965,518.6,A
"Coffee, green",Production,t,1965,152100.0,A
"Cotton lint, ginned",Production,t,1965,79258.0,A
Cotton seed,Production,t,1965,174368.0,A
Cottonseed oil,Production,t,1965,18811.92,I
"Cow peas, dry",Area harvested,ha,1965,65000.0,E
"Cow peas, dry",Yield,kg/ha,1965,615.4,E
"Cow peas, dry",Production,t,1965,40000.0,E
"Edible offal of cattle, fresh, chilled or frozen",Production,t,1965,10190.81,I
"Edible offal of cattle, fresh, chilled or frozen",Producing Animals/Slaughtered,An,1965,402600.0,E
"Edible offal of goat, fresh, chilled or frozen",Production,t,1965,2084.69,I
"Edible offal of goat, fresh, chilled or frozen",Producing Animals/Slaughtered,An,1965,619000.0,E
"Edible offal of pigs, fresh, chilled or frozen",Production,t,1965,119.59,I
"Edible offal of pigs, fresh, chilled or frozen",Producing Animals/Slaughtered,An,1965,23800.0,E
"Edible offal of sheep, fresh, chilled or frozen",Production,t,1965,587.27,I
"Edible offal of sheep, fresh, chilled or frozen",Producing Animals/Slaughtered,An,1965,218000.0,E
Fat of pigs,Production,t,1965,119.59,I
Fat of pigs,Producing Animals/Slaughtered,An,1965,23800.0,E
"Ginger, raw",Production,t,1965,0.0,A
"Goat fat, unrendered",Production,t,1965,236.27,I
"Goat fat, unrendered",Producing Animals/Slaughtered,An,1965,619000.0,E
Goats,Stocks,An,1965,2013597.0,A
Groundnut oil,Production,t,1965,4633.2,I
"Groundnuts, excluding shelled",Area harvested,ha,1965,260000.0,E
"Groundnuts, excluding shelled",Yield,kg/ha,1965,500.0,E
"Groundnuts, excluding shelled",Production,t,1965,130000.0,E
"Hen eggs in shell, fresh",Yield,No/An,1965,55.0,E
"Hen eggs in shell, fresh",Yield/Carcass Weight,g/An,1965,2100.0,E
"Hen eggs in shell, fresh",Production,t,1965,7098.0,I
"Hen eggs in shell, fresh",Production,1000 No,1965,186800.0,E
"Hen eggs in shell, fresh",Laying,1000 An,1965,3380.0,E
Maize (corn),Area harvested,ha,1965,284000.0,A
Maize (corn),Yield,kg/ha,1965,950.7,E
Maize (corn),Production,t,1965,270000.0,E
"Meat of cattle with the bone, fresh or chilled",Yield/Carcass Weight,kg/An,1965,150.0,E
"Meat of cattle with the bone, fresh or chilled",Production,t,1965,60390.0,E
"Meat of cattle with the bone, fresh or chilled",Producing Animals/Slaughtered,An,1965,402600.0,E
"Meat of chickens, fresh or chilled",Yield/Carcass Weight,g/An,1965,1300.0,E
"Meat of chickens, fresh or chilled",Production,t,1965,11947.0,E
"Meat of chickens, fresh or chilled",Producing Animals/Slaughtered,1000 An,1965,9190.0,E
"Meat of goat, fresh or chilled",Yield/Carcass Weight,kg/An,1965,11.0,E
"Meat of goat, fresh or chilled",Production,t,1965,6810.0,E
"Meat of goat, fresh or chilled",Producing Animals/Slaughtered,An,1965,619000.0,E
"Meat of pig with the bone, fresh or chilled",Yield/Carcass Weight,kg/An,1965,60.0,E
"Meat of pig with the bone, fresh or chilled",Production,t,1965,1428.0,E
"Meat of pig with the bone, fresh or chilled",Producing Animals/Slaughtered,An,1965,23800.0,E
"Meat of sheep, fresh or chilled",Yield/Carcass Weight,kg/An,1965,12.0,E
"Meat of sheep, fresh or chilled",Production,t,1965,2616.0,E
"Meat of sheep, fresh or chilled",Producing Animals/Slaughtered,An,1965,218000.0,E
Millet,Area harvested,ha,1965,567700.0,A
Millet,Yield,kg/ha,1965,900.1,E
Millet,Production,t,1965,511000.0,E
Molasses,Production,t,1965,68000.0,E
Natural honey,Production,t,1965,121.0,E
"Onions and shallots, dry (excluding dehydrated)",Area harvested,ha,1965,3500.0,E
"Onions and shallots, dry (excluding dehydrated)",Yield,kg/ha,1965,2514.3,E
"Onions and shallots, dry (excluding dehydrated)",Production,t,1965,8800.0,E
"Other fruits, n.e.c.",Area harvested,ha,1965,6200.0,E
"Other fruits, n.e.c.",Yield,kg/ha,1965,4838.7,E
"Other fruits, n.e.c.",Production,t,1965,30000.0,A
"Other meat of mammals, fresh or chilled",Production,t,1965,9000.0,E
"Other oil seeds, n.e.c.",Production,t,1965,5000.0,E
"Other vegetables, fresh n.e.c.",Area harvested,ha,1965,32770.0,E
"Other vegetables, fresh n.e.c.",Yield,kg/ha,1965,5492.8,E
"Other vegetables, fresh n.e.c.",Production,t,1965,180000.0,E
"Peas, dry",Area harvested,ha,1965,19000.0,A
"Peas, dry",Yield,kg/ha,1965,421.1,A
"Peas, dry",Production,t,1965,8000.0,A
"Pepper (Piper spp.), raw",Area harvested,ha,1965,1300.0,E
"Pepper (Piper spp.), raw",Yield,kg/ha,1965,384.6,E
"Pepper (Piper spp.), raw",Production,t,1965,500.0,E
"Pigeon peas, dry",Area harvested,ha,1965,65000.0,E
"Pigeon peas, dry",Yield,kg/ha,1965,307.7,E
"Pigeon peas, dry",Production,t,1965,20000.0,E
Pineapples,Production,t,1965,0.0,A
Plantains and cooking bananas,Area harvested,ha,1965,464000.0,A
Plantains and cooking bananas,Yield,kg/ha,1965,6681.0,E
Plantains and cooking bananas,Production,t,1965,3100000.0,E
Potatoes,Area harvested,ha,1965,13000.0,E
Potatoes,Yield,kg/ha,1965,9230.8,E
Potatoes,Production,t,1965,120000.0,E
Raw cane or beet sugar (centrifugal only),Production,t,1965,129000.0,A
Raw hides and skins of cattle,Yield/Carcass Weight,kg/An,1965,21.0,E
Raw hides and skins of cattle,Production,t,1965,8555.25,I
Raw hides and skins of cattle,Producing Animals/Slaughtered,An,1965,402600.0,E
Raw hides and skins of goats or kids,Yield/Carcass Weight,kg/An,1965,2.0,E
Raw hides and skins of goats or kids,Production,t,1965,1389.8,I
Raw hides and skins of goats or kids,Producing Animals/Slaughtered,An,1965,619000.0,E
Raw hides and skins of sheep or lambs,Yield/Carcass Weight,kg/An,1965,2.0,E
Raw hides and skins of sheep or lambs,Production,t,1965,459.13,I
Raw hides and skins of sheep or lambs,Producing Animals/Slaughtered,An,1965,218000.0,E
Raw milk of cattle,Yield/Carcass Weight,kg/An,1965,350.0,E
Raw milk of cattle,Production,t,1965,201950.0,I
Raw milk of cattle,Milk Animals,An,1965,577000.0,E
Rice,Area harvested,ha,1965,4000.0,A
Rice,Yield,kg/ha,1965,1187.5,E
Rice,Production,t,1965,4750.0,E
"Seed cotton, unginned",Area harvested,ha,1965,907200.0,A
"Seed cotton, unginned",Yield,kg/ha,1965,282.2,A
"Seed cotton, unginned",Production,t,1965,256000.0,A
Sesame seed,Area harvested,ha,1965,95000.0,A
Sesame seed,Yield,kg/ha,1965,315.8,E
Sesame seed,Production,t,1965,30000.0,X
Sheep,Stocks,An,1965,754833.0,A
"Sheep fat, unrendered",Production,t,1965,58.73,I
"Sheep fat, unrendered",Producing Animals/Slaughtered,An,1965,218000.0,E
"Sisal, raw",Area harvested,ha,1965,1133.0,A
"Sisal, raw",Yield,kg/ha,1965,304.5,A
"Sisal, raw",Production,t,1965,345.0,A
Sorghum,Area harvested,ha,1965,306000.0,A
Sorghum,Yield,kg/ha,1965,888.9,E
Sorghum,Production,t,1965,272000.0,E
Soya beans,Area harvested,ha,1965,2400.0,E
Soya beans,Yield,kg/ha,1965,416.7,E
Soya beans,Production,t,1965,1000.0,X
Sugar cane,Area harvested,ha,1965,19300.0,A
Sugar cane,Yield,kg/ha,1965,76683.9,E
Sugar cane,Production,t,1965,1480000.0,E
Sunflower seed,Area harvested,ha,1965,3000.0,E
Sunflower seed,Yield,kg/ha,1965,366.7,E
Sunflower seed,Production,t,1965,1100.0,E
Sweet potatoes,Area harvested,ha,1965,170000.0,E
Sweet potatoes,Yield,kg/ha,1965,3529.4,E
Sweet potatoes,Production,t,1965,600000.0,E
Swine / pigs,Stocks,An,1965,31729.0,A
Tea leaves,Area harvested,ha,1965,7300.0,E
Tea leaves,Yield,kg/ha,1965,1146.0,E
Tea leaves,Production,t,1965,8366.0,A
Tomatoes,Area harvested,ha,1965,630.0,E
Tomatoes,Yield,kg/ha,1965,6825.4,E
Tomatoes,Production,t,1965,4300.0,E
Unmanufactured tobacco,Area harvested,ha,1965,6000.0,E
Unmanufactured tobacco,Yield,kg/ha,1965,575.0,E
Unmanufactured tobacco,Production,t,1965,3450.0,A
"Vanilla, raw",Area harvested,ha,1965,50.0,E
"Vanilla, raw",Yield,kg/ha,1965,200.0,E
"Vanilla, raw",Production,t,1965,10.0,E
Wheat,Area harvested,ha,1965,0.0,A
Wheat,Production,t,1965,0.0,A
"Beef and Buffalo Meat, primary",Yield/Carcass Weight,kg/An,1965,150.0,E
"Beef and Buffalo Meat, primary",Production,t,1965,60390.0,E
"Beef and Buffalo Meat, primary",Producing Animals/Slaughtered,An,1965,402600.0,E
Cattle and Buffaloes,Stocks,An,1965,3496797.0,A
"Cereals, primary",Area harvested,ha,1965,1161700.0,A
"Cereals, primary",Yield,kg/ha,1965,910.5,E
"Cereals, primary",Production,t,1965,1057750.0,E
Eggs Primary,Yield/Carcass Weight,g/An,1965,2100.0,E
Eggs Primary,Production,t,1965,7098.0,E
Eggs Primary,Laying,1000 An,1965,3380.0,E
"Fibre Crops, Fibre Equivalent",Area harvested,ha,1965,908333.0,E
"Fibre Crops, Fibre Equivalent",Yield,kg/ha,1965,99.0,E
"Fibre Crops, Fibre Equivalent",Production,t,1965,89945.0,E
Fruit Primary,Area harvested,ha,1965,520200.0,E
Fruit Primary,Yield,kg/ha,1965,6401.4,E
Fruit Primary,Production,t,1965,3330000.0,E
"Meat, Poultry",Yield/Carcass Weight,g/An,1965,1300.0,E
"Meat, Poultry",Production,t,1965,11947.0,E
"Meat, Poultry",Producing Animals/Slaughtered,1000 An,1965,9190.0,E
"Meat, Total",Production,t,1965,92191.0,E
"Milk, Total",Yield/Carcass Weight,kg/An,1965,350.0,E
"Milk, Total",Production,t,1965,201950.0,E
"Milk, Total",Milk Animals,An,1965,577000.0,E
"Oilcrops, Cake Equivalent",Area harvested,ha,1965,1267600.0,E
"Oilcrops, Cake Equivalent",Yield,kg/ha,1965,119.3,E
"Oilcrops, Cake Equivalent",Production,t,1965,151259.8,E
"Oilcrops, Oil Equivalent",Area harvested,ha,1965,1271600.0,E
"Oilcrops, Oil Equivalent",Yield,kg/ha,1965,63.4,E
"Oilcrops, Oil Equivalent",Production,t,1965,80635.8,E
Poultry Birds,Stocks,1000 An,1965,7300.0,E
"Pulses, Total",Area harvested,ha,1965,303000.0,E
"Pulses, Total",Yield,kg/ha,1965,658.7,E
"Pulses, Total",Production,t,1965,199600.0,E
"Roots and Tubers, Total",Area harvested,ha,1965,542000.0,E
"Roots and Tubers, Total",Yield,kg/ha,1965,3726.9,E
"Roots and Tubers, Total",Production,t,1965,2020000.0,E
Sheep and Goat Meat,Yield/Carcass Weight,kg/An,1965,11.0,E
Sheep and Goat Meat,Production,t,1965,9426.0,E
Sheep and Goat Meat,Producing Animals/Slaughtered,An,1965,837000.0,E
Sheep and Goats,Stocks,An,1965,2768430.0,A
Sugar Crops Primary,Area harvested,ha,1965,19300.0,A
Sugar Crops Primary,Yield,kg/ha,1965,76683.9,E
Sugar Crops Primary,Production,t,1965,1480000.0,E
Vegetables Primary,Area harvested,ha,1965,36900.0,E
Vegetables Primary,Yield,kg/ha,1965,5233.1,E
Vegetables Primary,Production,t,1965,193100.0,E
Asses,Stocks,An,1966,16651.0,A
Bananas,Area harvested,ha,1966,52100.0,X
Bananas,Yield,kg/ha,1966,4510.6,E
Bananas,Production,t,1966,235000.0,E
"Beans, dry",Area harvested,ha,1966,163000.0,A
"Beans, dry",Yield,kg/ha,1966,858.9,E
"Beans, dry",Production,t,1966,140000.0,E
"Beer of barley, malted",Production,t,1966,21700.0,A
Bees,Stocks,No,1966,38100.0,E
Beeswax,Production,t,1966,490.0,E
"Cassava, fresh",Area harvested,ha,1966,217000.0,A
"Cassava, fresh",Yield,kg/ha,1966,4147.5,E
"Cassava, fresh",Production,t,1966,900000.0,E
Castor oil seeds,Area harvested,ha,1966,4000.0,E
Castor oil seeds,Yield,kg/ha,1966,490.0,E
Castor oil seeds,Production,t,1966,1960.0,A
Cattle,Stocks,An,1966,3496797.0,A
"Cattle fat, unrendered",Production,t,1966,1245.63,I
"Cattle fat, unrendered",Producing Animals/Slaughtered,An,1966,398600.0,E
"Chick peas, dry",Area harvested,ha,1966,4000.0,E
"Chick peas, dry",Yield,kg/ha,1966,500.0,E
"Chick peas, dry",Production,t,1966,2000.0,E
Chickens,Stocks,1000 An,1966,7500.0,E
"Chillies and peppers, dry (Capsicum spp., Pimenta spp.), raw",Area harvested,ha,1966,3900.0,E
"Chillies and peppers, dry (Capsicum spp., Pimenta spp.), raw",Yield,kg/ha,1966,897.4,E
"Chillies and peppers, dry (Capsicum spp., Pimenta spp.), raw",Production,t,1966,3500.0,E
Cocoa beans,Area harvested,ha,1966,1200.0,A
Cocoa beans,Yield,kg/ha,1966,26.7,A
Cocoa beans,Production,t,1966,32.0,A
"Coffee, green",Area harvested,ha,1966,335300.0,A
"Coffee, green",Yield,kg/ha,1966,459.0,A
"Coffee, green",Production,t,1966,153900.0,A
"Cotton lint, ginned",Production,t,1966,80639.0,A
Cotton seed,Production,t,1966,177406.0,A
Cottonseed oil,Production,t,1966,18971.5,I
"Cow peas, dry",Area harvested,ha,1966,50000.0,E
"Cow peas, dry",Yield,kg/ha,1966,467.4,E
"Cow peas, dry",Production,t,1966,23369.0,A
"Edible offal of cattle, fresh, chilled or frozen",Production,t,1966,10089.56,I
"Edible offal of cattle, fresh, chilled or frozen",Producing Animals/Slaughtered,An,1966,398600.0,E
"Edible offal of goat, fresh, chilled or frozen",Production,t,1966,2430.61,I
"Edible offal of goat, fresh, chilled or frozen",Producing Animals/Slaughtered,An,1966,721900.0,E
"Edible offal of pigs, fresh, chilled or frozen",Production,t,1966,119.59,I
"Edible offal of pigs, fresh, chilled or frozen",Producing Animals/Slaughtered,An,1966,23800.0,E
"Edible offal of sheep, fresh, chilled or frozen",Production,t,1966,904.69,I
"Edible offal of sheep, fresh, chilled or frozen",Producing Animals/Slaughtered,An,1966,336200.0,E
Fat of pigs,Production,t,1966,119.59,I
Fat of pigs,Producing Animals/Slaughtered,An,1966,23800.0,E
"Ginger, raw",Production,t,1966,0.0,A
"Goat fat, unrendered",Production,t,1966,275.47,I
"Goat fat, unrendered",Producing Animals/Slaughtered,An,1966,721900.0,E
Goats,Stocks,An,1966,2013597.0,A
Groundnut oil,Production,t,1966,5346.14,I
"Groundnuts, excluding shelled",Area harvested,ha,1966,280000.0,A
"Groundnuts, excluding shelled",Yield,kg/ha,1966,535.7,E
"Groundnuts, excluding shelled",Production,t,1966,150000.0,E
"Hen eggs in shell, fresh",Yield,No/An,1966,65.0,E
"Hen eggs in shell, fresh",Yield/Carcass Weight,g/An,1966,2470.0,E
"Hen eggs in shell, fresh",Production,t,1966,7410.0,E
"Hen eggs in shell, fresh",Production,1000 No,1966,195000.0,E
"Hen eggs in shell, fresh",Laying,1000 An,1966,3000.0,E
Maize (corn),Area harvested,ha,1966,306000.0,A
Maize (corn),Yield,kg/ha,1966,892.2,A
Maize (corn),Production,t,1966,273000.0,A
"Meat of cattle with the bone, fresh or chilled",Yield/Carcass Weight,kg/An,1966,150.0,E
"Meat of cattle with the bone, fresh or chilled",Production,t,1966,59790.0,E
"Meat of cattle with the bone, fresh or chilled",Producing Animals/Slaughtered,An,1966,398600.0,E
"Meat of chickens, fresh or chilled",Yield/Carcass Weight,g/An,1966,1300.0,E
"Meat of chickens, fresh or chilled",Production,t,1966,12324.0,E
"Meat of chickens, fresh or chilled",Producing Animals/Slaughtered,1000 An,1966,9480.0,E
"Meat of goat, fresh or chilled",Yield/Carcass Weight,kg/An,1966,11.0,E
"Meat of goat, fresh or chilled",Production,t,1966,7940.0,E
"Meat of goat, fresh or chilled",Producing Animals/Slaughtered,An,1966,721900.0,E
"Meat of pig with the bone, fresh or chilled",Yield/Carcass Weight,kg/An,1966,60.0,E
"Meat of pig with the bone, fresh or chilled",Production,t,1966,1428.0,E
"Meat of pig with the bone, fresh or chilled",Producing Animals/Slaughtered,An,1966,23800.0,E
"Meat of sheep, fresh or chilled",Yield/Carcass Weight,kg/An,1966,12.0,E
"Meat of sheep, fresh or chilled",Production,t,1966,4030.0,E
"Meat of sheep, fresh or chilled",Producing Animals/Slaughtered,An,1966,336200.0,E
Millet,Area harvested,ha,1966,573100.0,A
Millet,Yield,kg/ha,1966,907.3,E
Millet,Production,t,1966,520000.0,E
Molasses,Production,t,1966,73500.0,E
Natural honey,Production,t,1966,122.0,E
"Onions and shallots, dry (excluding dehydrated)",Area harvested,ha,1966,4000.0,E
"Onions and shallots, dry (excluding dehydrated)",Yield,kg/ha,1966,2500.0,E
"Onions and shallots, dry (excluding dehydrated)",Production,t,1966,10000.0,E
"Other fruits, n.e.c.",Area harvested,ha,1966,6200.0,E
"Other fruits, n.e.c.",Yield,kg/ha,1966,4838.7,E
"Other fruits, n.e.c.",Production,t,1966,30000.0,A
"Other meat of mammals, fresh or chilled",Production,t,1966,10000.0,A
"Other oil seeds, n.e.c.",Production,t,1966,6000.0,E
"Other vegetables, fresh n.e.c.",Area harvested,ha,1966,32770.0,E
"Other vegetables, fresh n.e.c.",Yield,kg/ha,1966,5492.8,E
"Other vegetables, fresh n.e.c.",Production,t,1966,180000.0,E
"Peas, dry",Area harvested,ha,1966,14000.0,A
"Peas, dry",Yield,kg/ha,1966,464.3,E
"Peas, dry",Production,t,1966,6500.0,E
"Pepper (Piper spp.), raw",Area harvested,ha,1966,1300.0,E
"Pepper (Piper spp.), raw",Yield,kg/ha,1966,384.6,E
"Pepper (Piper spp.), raw",Production,t,1966,500.0,E
"Pigeon peas, dry",Area harvested,ha,1966,57060.0,A
"Pigeon peas, dry",Yield,kg/ha,1966,178.1,A
"Pigeon peas, dry",Production,t,1966,10160.0,A
Pineapples,Production,t,1966,0.0,A
Plantains and cooking bananas,Area harvested,ha,1966,468900.0,X
Plantains and cooking bananas,Yield,kg/ha,1966,7464.3,E
Plantains and cooking bananas,Production,t,1966,3500000.0,E
Potatoes,Area harvested,ha,1966,15000.0,E
Potatoes,Yield,kg/ha,1966,8666.7,E
Potatoes,Production,t,1966,130000.0,E
Raw cane or beet sugar (centrifugal only),Production,t,1966,140000.0,A
Raw hides and skins of cattle,Yield/Carcass Weight,kg/An,1966,21.0,E
Raw hides and skins of cattle,Production,t,1966,8470.25,I
Raw hides and skins of cattle,Producing Animals/Slaughtered,An,1966,398600.0,E
Raw hides and skins of goats or kids,Yield/Carcass Weight,kg/An,1966,2.0,E
Raw hides and skins of goats or kids,Production,t,1966,1620.41,I
Raw hides and skins of goats or kids,Producing Animals/Slaughtered,An,1966,721900.0,E
Raw hides and skins of sheep or lambs,Yield/Carcass Weight,kg/An,1966,2.0,E
Raw hides and skins of sheep or lambs,Production,t,1966,707.31,I
Raw hides and skins of sheep or lambs,Producing Animals/Slaughtered,An,1966,336200.0,E
Raw milk of cattle,Yield/Carcass Weight,kg/An,1966,350.0,E
Raw milk of cattle,Production,t,1966,201950.0,I
Raw milk of cattle,Milk Animals,An,1966,577000.0,E
Rice,Area harvested,ha,1966,3000.0,A
Rice,Yield,kg/ha,1966,2066.0,A
Rice,Production,t,1966,6198.0,A
"Seed cotton, unginned",Area harvested,ha,1966,880100.0,A
"Seed cotton, unginned",Yield,kg/ha,1966,296.6,A
"Seed cotton, unginned",Production,t,1966,261000.0,A
Sesame seed,Area harvested,ha,1966,96000.0,A
Sesame seed,Yield,kg/ha,1966,354.2,E
Sesame seed,Production,t,1966,34000.0,X
Sheep,Stocks,An,1966,755000.0,A
"Sheep fat, unrendered",Production,t,1966,90.47,I
"Sheep fat, unrendered",Producing Animals/Slaughtered,An,1966,336200.0,E
"Sisal, raw",Area harvested,ha,1966,809.0,A
"Sisal, raw",Yield,kg/ha,1966,363.4,A
"Sisal, raw",Production,t,1966,294.0,A
Sorghum,Area harvested,ha,1966,296000.0,A
Sorghum,Yield,kg/ha,1966,915.5,A
Sorghum,Production,t,1966,271000.0,A
Soya beans,Area harvested,ha,1966,1050.0,A
Soya beans,Yield,kg/ha,1966,952.4,E
Soya beans,Production,t,1966,1000.0,E
Sugar cane,Area harvested,ha,1966,20800.0,A
Sugar cane,Yield,kg/ha,1966,76923.1,E
Sugar cane,Production,t,1966,1600000.0,E
Sunflower seed,Area harvested,ha,1966,3000.0,E
Sunflower seed,Yield,kg/ha,1966,400.0,E
Sunflower seed,Production,t,1966,1200.0,E
Sweet potatoes,Area harvested,ha,1966,150000.0,E
Sweet potatoes,Yield,kg/ha,1966,3466.7,E
Sweet potatoes,Production,t,1966,520000.0,A
Swine / pigs,Stocks,An,1966,31729.0,A
Tea leaves,Area harvested,ha,1966,8000.0,E
Tea leaves,Yield,kg/ha,1966,1401.9,E
Tea leaves,Production,t,1966,11215.0,A
Tomatoes,Area harvested,ha,1966,660.0,E
Tomatoes,Yield,kg/ha,1966,6818.2,E
Tomatoes,Production,t,1966,4500.0,E
Unmanufactured tobacco,Area harvested,ha,1966,4856.0,A
Unmanufactured tobacco,Yield,kg/ha,1966,523.1,A
Unmanufactured tobacco,Production,t,1966,2540.0,A
"Vanilla, raw",Area harvested,ha,1966,50.0,E
"Vanilla, raw",Yield,kg/ha,1966,200.0,E
"Vanilla, raw",Production,t,1966,10.0,E
Wheat,Area harvested,ha,1966,324.0,A
Wheat,Yield,kg/ha,1966,2731.5,A
Wheat,Production,t,1966,885.0,A
"Beef and Buffalo Meat, primary",Yield/Carcass Weight,kg/An,1966,150.0,E
"Beef and Buffalo Meat, primary",Production,t,1966,59790.0,E
"Beef and Buffalo Meat, primary",Producing Animals/Slaughtered,An,1966,398600.0,E
Cattle and Buffaloes,Stocks,An,1966,3496797.0,A
"Cereals, primary",Area harvested,ha,1966,1178424.0,A
"Cereals, primary",Yield,kg/ha,1966,908.9,A
"Cereals, primary",Production,t,1966,1071083.0,A
Eggs Primary,Yield/Carcass Weight,g/An,1966,2470.0,E
Eggs Primary,Production,t,1966,7410.0,E
Eggs Primary,Laying,1000 An,1966,3000.0,E
"Fibre Crops, Fibre Equivalent",Area harvested,ha,1966,880909.0,E
"Fibre Crops, Fibre Equivalent",Yield,kg/ha,1966,104.0,E
"Fibre Crops, Fibre Equivalent",Production,t,1966,91644.0,E
Fruit Primary,Area harvested,ha,1966,527200.0,E
Fruit Primary,Yield,kg/ha,1966,7141.5,E
Fruit Primary,Production,t,1966,3765000.0,E
"Meat, Poultry",Yield/Carcass Weight,g/An,1966,1300.0,E
"Meat, Poultry",Production,t,1966,12324.0,E
"Meat, Poultry",Producing Animals/Slaughtered,1000 An,1966,9480.0,E
"Meat, Total",Production,t,1966,95512.0,E
"Milk, Total",Yield/Carcass Weight,kg/An,1966,350.0,E
"Milk, Total",Production,t,1966,201950.0,E
"Milk, Total",Milk Animals,An,1966,577000.0,E
"Oilcrops, Cake Equivalent",Area harvested,ha,1966,1260150.0,E
"Oilcrops, Cake Equivalent",Yield,kg/ha,1966,129.5,E
"Oilcrops, Cake Equivalent",Production,t,1966,163153.3,E
"Oilcrops, Oil Equivalent",Area harvested,ha,1966,1264150.0,E
"Oilcrops, Oil Equivalent",Yield,kg/ha,1966,70.5,E
"Oilcrops, Oil Equivalent",Production,t,1966,89184.8,E
Poultry Birds,Stocks,1000 An,1966,7500.0,E
"Pulses, Total",Area harvested,ha,1966,288060.0,E
"Pulses, Total",Yield,kg/ha,1966,631.9,E
"Pulses, Total",Production,t,1966,182029.0,E
"Roots and Tubers, Total",Area harvested,ha,1966,382000.0,E
"Roots and Tubers, Total",Yield,kg/ha,1966,4057.6,E
"Roots and Tubers, Total",Production,t,1966,1550000.0,E
Sheep and Goat Meat,Yield/Carcass Weight,kg/An,1966,11.0,E
Sheep and Goat Meat,Production,t,1966,11970.0,E
Sheep and Goat Meat,Producing Animals/Slaughtered,An,1966,1058100.0,E
Sheep and Goats,Stocks,An,1966,2768597.0,A
Sugar Crops Primary,Area harvested,ha,1966,20800.0,A
Sugar Crops Primary,Yield,kg/ha,1966,76923.1,E
Sugar Crops Primary,Production,t,1966,1600000.0,E
Vegetables Primary,Area harvested,ha,1966,37430.0,E
Vegetables Primary,Yield,kg/ha,1966,5196.4,E
Vegetables Primary,Production,t,1966,194500.0,E
Asses,Stocks,An,1967,17000.0,A
Bananas,Area harvested,ha,1967,69900.0,X
Bananas,Yield,kg/ha,1967,4506.4,E
Bananas,Production,t,1967,315000.0,E
"Beans, dry",Area harvested,ha,1967,219000.0,A
"Beans, dry",Yield,kg/ha,1967,712.3,A
"Beans, dry",Production,t,1967,156000.0,A
"Beer of barley, malted",Production,t,1967,22000.0,A
Bees,Stocks,No,1967,38200.0,E
Beeswax,Production,t,1967,490.0,E
"Cassava, fresh",Area harvested,ha,1967,253000.0,A
"Cassava, fresh",Yield,kg/ha,1967,4201.6,E
"Cassava, fresh",Production,t,1967,1063000.0,E
Castor oil seeds,Area harvested,ha,1967,4000.0,E
Castor oil seeds,Yield,kg/ha,1967,435.8,E
Castor oil seeds,Production,t,1967,1743.0,A
Cattle,Stocks,An,1967,3626643.0,A
"Cattle fat, unrendered",Production,t,1967,1277.92,I
"Cattle fat, unrendered",Producing Animals/Slaughtered,An,1967,408900.0,E
"Chick peas, dry",Area harvested,ha,1967,4000.0,E
"Chick peas, dry",Yield,kg/ha,1967,550.0,E
"Chick peas, dry",Production,t,1967,2200.0,E
Chickens,Stocks,1000 An,1967,7700.0,E
"Chillies and peppers, dry (Capsicum spp., Pimenta spp.), raw",Area harvested,ha,1967,4000.0,E
"Chillies and peppers, dry (Capsicum spp., Pimenta spp.), raw",Yield,kg/ha,1967,900.0,E
"Chillies and peppers, dry (Capsicum spp., Pimenta spp.), raw",Production,t,1967,3600.0,E
Cocoa beans,Area harvested,ha,1967,1400.0,A
Cocoa beans,Yield,kg/ha,1967,32.9,A
Cocoa beans,Production,t,1967,46.0,A
"Coffee, green",Area harvested,ha,1967,336000.0,A
"Coffee, green",Yield,kg/ha,1967,495.2,A
"Coffee, green",Production,t,1967,166400.0,A
"Cotton lint, ginned",Production,t,1967,78000.0,X
Cotton seed,Production,t,1967,179000.0,A
Cottonseed oil,Production,t,1967,19365.24,I
"Cow peas, dry",Area harvested,ha,1967,65000.0,E
"Cow peas, dry",Yield,kg/ha,1967,938.5,E
"Cow peas, dry",Production,t,1967,61000.0,A
"Edible offal of cattle, fresh, chilled or frozen",Production,t,1967,10351.13,I
"Edible offal of cattle, fresh, chilled or frozen",Producing Animals/Slaughtered,An,1967,408900.0,E
"Edible offal of goat, fresh, chilled or frozen",Production,t,1967,2415.31,I
"Edible offal of goat, fresh, chilled or frozen",Producing Animals/Slaughtered,An,1967,717300.0,E
"Edible offal of pigs, fresh, chilled or frozen",Production,t,1967,140.53,I
"Edible offal of pigs, fresh, chilled or frozen",Producing Animals/Slaughtered,An,1967,27960.0,E
"Edible offal of sheep, fresh, chilled or frozen",Production,t,1967,805.92,I
"Edible offal of sheep, fresh, chilled or frozen",Producing Animals/Slaughtered,An,1967,298800.0,E
Fat of pigs,Production,t,1967,140.53,I
Fat of pigs,Producing Animals/Slaughtered,An,1967,27960.0,E
"Ginger, raw",Production,t,1967,0.0,A
"Goat fat, unrendered",Production,t,1967,273.73,I
"Goat fat, unrendered",Producing Animals/Slaughtered,An,1967,717300.0,E
Goats,Stocks,An,1967,1997713.0,A
Groundnut oil,Production,t,1967,5814.67,I
"Groundnuts, excluding shelled",Area harvested,ha,1967,277000.0,A
"Groundnuts, excluding shelled",Yield,kg/ha,1967,588.4,A
"Groundnuts, excluding shelled",Production,t,1967,163000.0,A
"Hen eggs in shell, fresh",Yield,No/An,1967,65.0,E
"Hen eggs in shell, fresh",Yield/Carcass Weight,g/An,1967,2471.0,E
"Hen eggs in shell, fresh",Production,t,1967,7610.0,E
"Hen eggs in shell, fresh",Production,1000 No,1967,200200.0,E
"Hen eggs in shell, fresh",Laying,1000 An,1967,3080.0,E
Maize (corn),Area harvested,ha,1967,275000.0,A
Maize (corn),Yield,kg/ha,1967,836.4,A
Maize (corn),Production,t,1967,230000.0,A
"Meat of cattle with the bone, fresh or chilled",Yield/Carcass Weight,kg/An,1967,150.0,E
"Meat of cattle with the bone, fresh or chilled",Production,t,1967,61340.0,E
"Meat of cattle with the bone, fresh or chilled",Producing Animals/Slaughtered,An,1967,408900.0,E
"Meat of chickens, fresh or chilled",Yield/Carcass Weight,g/An,1967,1300.0,E
"Meat of chickens, fresh or chilled",Production,t,1967,12766.0,E
"Meat of chickens, fresh or chilled",Producing Animals/Slaughtered,1000 An,1967,9820.0,E
"Meat of goat, fresh or chilled",Yield/Carcass Weight,kg/An,1967,11.0,E
"Meat of goat, fresh or chilled",Production,t,1967,7890.0,E
"Meat of goat, fresh or chilled",Producing Animals/Slaughtered,An,1967,717300.0,E
"Meat of pig with the bone, fresh or chilled",Yield/Carcass Weight,kg/An,1967,60.0,E
"Meat of pig with the bone, fresh or chilled",Production,t,1967,1678.0,E
"Meat of pig with the bone, fresh or chilled",Producing Animals/Slaughtered,An,1967,27960.0,E
"Meat of sheep, fresh or chilled",Yield/Carcass Weight,kg/An,1967,12.0,E
"Meat of sheep, fresh or chilled",Production,t,1967,3590.0,E
"Meat of sheep, fresh or chilled",Producing Animals/Slaughtered,An,1967,298800.0,E
Millet,Area harvested,ha,1967,613600.0,A
Millet,Yield,kg/ha,1967,937.1,A
Millet,Production,t,1967,575000.0,A
Molasses,Production,t,1967,75500.0,E
Natural honey,Production,t,1967,122.0,E
"Onions and shallots, dry (excluding dehydrated)",Area harvested,ha,1967,4000.0,E
"Onions and shallots, dry (excluding dehydrated)",Yield,kg/ha,1967,2500.0,E
"Onions and shallots, dry (excluding dehydrated)",Production,t,1967,10000.0,E
"Other fruits, n.e.c.",Area harvested,ha,1967,6200.0,E
"Other fruits, n.e.c.",Yield,kg/ha,1967,4838.7,E
"Other fruits, n.e.c.",Production,t,1967,30000.0,E
"Other meat of mammals, fresh or chilled",Production,t,1967,11000.0,A
"Other oil seeds, n.e.c.",Production,t,1967,6000.0,E
"Other vegetables, fresh n.e.c.",Area harvested,ha,1967,33675.0,E
"Other vegetables, fresh n.e.c.",Yield,kg/ha,1967,5493.7,E
"Other vegetables, fresh n.e.c.",Production,t,1967,185000.0,E
"Peas, dry",Area harvested,ha,1967,13000.0,A
"Peas, dry",Yield,kg/ha,1967,500.0,E
"Peas, dry",Production,t,1967,6500.0,E
"Pepper (Piper spp.), raw",Area harvested,ha,1967,1300.0,E
"Pepper (Piper spp.), raw",Yield,kg/ha,1967,384.6,E
"Pepper (Piper spp.), raw",Production,t,1967,500.0,E
"Pigeon peas, dry",Area harvested,ha,1967,70000.0,A
"Pigeon peas, dry",Yield,kg/ha,1967,385.7,A
"Pigeon peas, dry",Production,t,1967,27000.0,A
Pineapples,Production,t,1967,0.0,A
Plantains and cooking bananas,Area harvested,ha,1967,629100.0,X
Plantains and cooking bananas,Yield,kg/ha,1967,7153.1,E
Plantains and cooking bananas,Production,t,1967,4500000.0,E
Potatoes,Area harvested,ha,1967,15000.0,E
Potatoes,Yield,kg/ha,1967,8666.7,E
Potatoes,Production,t,1967,130000.0,E
Raw cane or beet sugar (centrifugal only),Production,t,1967,149000.0,A
Raw hides and skins of cattle,Yield/Carcass Weight,kg/An,1967,21.0,E
Raw hides and skins of cattle,Production,t,1967,8689.83,I
Raw hides and skins of cattle,Producing Animals/Slaughtered,An,1967,408900.0,E
Raw hides and skins of goats or kids,Yield/Carcass Weight,kg/An,1967,2.0,E
Raw hides and skins of goats or kids,Production,t,1967,1610.2,I
Raw hides and skins of goats or kids,Producing Animals/Slaughtered,An,1967,717300.0,E
Raw hides and skins of sheep or lambs,Yield/Carcass Weight,kg/An,1967,2.0,E
Raw hides and skins of sheep or lambs,Production,t,1967,630.08,I
Raw hides and skins of sheep or lambs,Producing Animals/Slaughtered,An,1967,298800.0,E
Raw milk of cattle,Yield/Carcass Weight,kg/An,1967,350.0,E
Raw milk of cattle,Production,t,1967,209440.0,I
Raw milk of cattle,Milk Animals,An,1967,598400.0,E
Rice,Area harvested,ha,1967,6000.0,A
Rice,Yield,kg/ha,1967,1304.0,A
Rice,Production,t,1967,7824.0,A
"Seed cotton, unginned",Area harvested,ha,1967,870410.0,A
"Seed cotton, unginned",Yield,kg/ha,1967,298.7,A
"Seed cotton, unginned",Production,t,1967,260000.0,A
Sesame seed,Area harvested,ha,1967,94000.0,A
Sesame seed,Yield,kg/ha,1967,180.9,A
Sesame seed,Production,t,1967,17000.0,A
Sheep,Stocks,An,1967,790933.0,A
"Sheep fat, unrendered",Production,t,1967,80.59,I
"Sheep fat, unrendered",Producing Animals/Slaughtered,An,1967,298800.0,E
"Sisal, raw",Area harvested,ha,1967,809.0,A
"Sisal, raw",Yield,kg/ha,1967,247.2,A
"Sisal, raw",Production,t,1967,200.0,A
Sorghum,Area harvested,ha,1967,290000.0,A
Sorghum,Yield,kg/ha,1967,924.1,A
Sorghum,Production,t,1967,268000.0,A
Soya beans,Area harvested,ha,1967,3000.0,E
Soya beans,Yield,kg/ha,1967,1000.0,E
Soya beans,Production,t,1967,3000.0,E
Sugar cane,Area harvested,ha,1967,23100.0,A
Sugar cane,Yield,kg/ha,1967,71428.6,E
Sugar cane,Production,t,1967,1650000.0,E
Sunflower seed,Area harvested,ha,1967,3000.0,E
Sunflower seed,Yield,kg/ha,1967,433.3,E
Sunflower seed,Production,t,1967,1300.0,E
Sweet potatoes,Area harvested,ha,1967,106000.0,A
Sweet potatoes,Yield,kg/ha,1967,6207.5,A
Sweet potatoes,Production,t,1967,658000.0,A
Swine / pigs,Stocks,An,1967,37280.0,A
Tea leaves,Area harvested,ha,1967,8000.0,X
Tea leaves,Yield,kg/ha,1967,1405.3,E
Tea leaves,Production,t,1967,11242.0,A
Tomatoes,Area harvested,ha,1967,690.0,E
Tomatoes,Yield,kg/ha,1967,6811.6,E
Tomatoes,Production,t,1967,4700.0,E
Unmanufactured tobacco,Area harvested,ha,1967,6475.0,A
Unmanufactured tobacco,Yield,kg/ha,1967,612.0,A
Unmanufactured tobacco,Production,t,1967,3963.0,A
"Vanilla, raw",Area harvested,ha,1967,50.0,E
"Vanilla, raw",Yield,kg/ha,1967,200.0,E
"Vanilla, raw",Production,t,1967,10.0,E
Wheat,Area harvested,ha,1967,486.0,A
Wheat,Yield,kg/ha,1967,2734.6,A
Wheat,Production,t,1967,1329.0,A
"Beef and Buffalo Meat, primary",Yield/Carcass Weight,kg/An,1967,150.0,E
"Beef and Buffalo Meat, primary",Production,t,1967,61340.0,E
"Beef and Buffalo Meat, primary",Producing Animals/Slaughtered,An,1967,408900.0,E
Cattle and Buffaloes,Stocks,An,1967,3626643.0,A
"Cereals, primary",Area harvested,ha,1967,1185086.0,A
"Cereals, primary",Yield,kg/ha,1967,913.1,A
"Cereals, primary",Production,t,1967,1082153.0,A
Eggs Primary,Yield/Carcass Weight,g/An,1967,2471.0,E
Eggs Primary,Production,t,1967,7610.0,E
Eggs Primary,Laying,1000 An,1967,3080.0,E
"Fibre Crops, Fibre Equivalent",Area harvested,ha,1967,871219.0,E
"Fibre Crops, Fibre Equivalent",Yield,kg/ha,1967,104.7,E
"Fibre Crops, Fibre Equivalent",Production,t,1967,91200.0,E
Fruit Primary,Area harvested,ha,1967,705200.0,E
Fruit Primary,Yield,kg/ha,1967,6870.4,E
Fruit Primary,Production,t,1967,4845000.0,E
"Meat, Poultry",Yield/Carcass Weight,g/An,1967,1300.0,E
"Meat, Poultry",Production,t,1967,12766.0,E
"Meat, Poultry",Producing Animals/Slaughtered,1000 An,1967,9820.0,E
"Meat, Total",Production,t,1967,98264.0,E
"Milk, Total",Yield/Carcass Weight,kg/An,1967,350.0,E
"Milk, Total",Production,t,1967,209440.0,E
"Milk, Total",Milk Animals,An,1967,598400.0,E
"Oilcrops, Cake Equivalent",Area harvested,ha,1967,1247410.0,E
"Oilcrops, Cake Equivalent",Yield,kg/ha,1967,128.9,E
"Oilcrops, Cake Equivalent",Production,t,1967,160729.0,E
"Oilcrops, Oil Equivalent",Area harvested,ha,1967,1251410.0,E
"Oilcrops, Oil Equivalent",Yield,kg/ha,1967,68.7,E
"Oilcrops, Oil Equivalent",Production,t,1967,85988.2,E
Poultry Birds,Stocks,1000 An,1967,7700.0,E
"Pulses, Total",Area harvested,ha,1967,371000.0,E
"Pulses, Total",Yield,kg/ha,1967,681.1,E
"Pulses, Total",Production,t,1967,252700.0,E
"Roots and Tubers, Total",Area harvested,ha,1967,374000.0,E
"Roots and Tubers, Total",Yield,kg/ha,1967,4949.2,E
"Roots and Tubers, Total",Production,t,1967,1851000.0,E
Sheep and Goat Meat,Yield/Carcass Weight,kg/An,1967,11.0,E
Sheep and Goat Meat,Production,t,1967,11480.0,E
Sheep and Goat Meat,Producing Animals/Slaughtered,An,1967,1016100.0,E
Sheep and Goats,Stocks,An,1967,2788646.0,A
Sugar Crops Primary,Area harvested,ha,1967,23100.0,A
Sugar Crops Primary,Yield,kg/ha,1967,71428.6,E
Sugar Crops Primary,Production,t,1967,1650000.0,E
Vegetables Primary,Area harvested,ha,1967,38365.0,E
Vegetables Primary,Yield,kg/ha,1967,5205.3,E
Vegetables Primary,Production,t,1967,199700.0,E
Asses,Stocks,An,1968,16000.0,A
Bananas,Area harvested,ha,1968,88900.0,X
Bananas,Yield,kg/ha,1968,3689.5,E
Bananas,Production,t,1968,328000.0,E
"Beans, dry",Area harvested,ha,1968,270000.0,A
"Beans, dry",Yield,kg/ha,1968,629.6,A
"Beans, dry",Production,t,1968,170000.0,A
"Beer of barley, malted",Production,t,1968,19800.0,A
Bees,Stocks,No,1968,38300.0,E
Beeswax,Production,t,1968,490.0,E
"Cassava, fresh",Area harvested,ha,1968,227000.0,A
"Cassava, fresh",Yield,kg/ha,1968,4096.9,E
"Cassava, fresh",Production,t,1968,930000.0,E
Castor oil seeds,Area harvested,ha,1968,4200.0,E
Castor oil seeds,Yield,kg/ha,1968,433.3,E
Castor oil seeds,Production,t,1968,1820.0,A
Cattle,Stocks,An,1968,3682325.0,A
"Cattle fat, unrendered",Production,t,1968,1303.54,I
"Cattle fat, unrendered",Producing Animals/Slaughtered,An,1968,417100.0,E
"Chick peas, dry",Area harvested,ha,1968,4000.0,E
"Chick peas, dry",Yield,kg/ha,1968,575.0,E
"Chick peas, dry",Production,t,1968,2300.0,E
Chickens,Stocks,1000 An,1968,7900.0,E
"Chillies and peppers, dry (Capsicum spp., Pimenta spp.), raw",Area harvested,ha,1968,4100.0,E
"Chillies and peppers, dry (Capsicum spp., Pimenta spp.), raw",Yield,kg/ha,1968,902.4,E
"Chillies and peppers, dry (Capsicum spp., Pimenta spp.), raw",Production,t,1968,3700.0,E
Cocoa beans,Area harvested,ha,1968,2000.0,A
Cocoa beans,Yield,kg/ha,1968,43.0,A
Cocoa beans,Production,t,1968,86.0,A
"Coffee, green",Area harvested,ha,1968,252400.0,A
"Coffee, green",Yield,kg/ha,1968,526.9,A
"Coffee, green",Production,t,1968,133000.0,A
"Cotton lint, ginned",Production,t,1968,62560.0,X
Cotton seed,Production,t,1968,137630.0,A
Cottonseed oil,Production,t,1968,14238.96,I
"Cow peas, dry",Area harvested,ha,1968,65000.0,E
"Cow peas, dry",Yield,kg/ha,1968,984.6,E
"Cow peas, dry",Production,t,1968,64000.0,A
"Edible offal of cattle, fresh, chilled or frozen",Production,t,1968,10558.69,I
"Edible offal of cattle, fresh, chilled or frozen",Producing Animals/Slaughtered,An,1968,417100.0,E
"Edible offal of goat, fresh, chilled or frozen",Production,t,1968,2308.16,I
"Edible offal of goat, fresh, chilled or frozen",Producing Animals/Slaughtered,An,1968,685000.0,E
"Edible offal of pigs, fresh, chilled or frozen",Production,t,1968,140.7,I
"Edible offal of pigs, fresh, chilled or frozen",Producing Animals/Slaughtered,An,1968,28020.0,E
"Edible offal of sheep, fresh, chilled or frozen",Production,t,1968,803.67,I
"Edible offal of sheep, fresh, chilled or frozen",Producing Animals/Slaughtered,An,1968,298200.0,E
Fat of pigs,Production,t,1968,140.7,I
Fat of pigs,Producing Animals/Slaughtered,An,1968,28020.0,E
"Ginger, raw",Production,t,1968,0.0,A
"Goat fat, unrendered",Production,t,1968,261.59,I
"Goat fat, unrendered",Producing Animals/Slaughtered,An,1968,685000.0,E
Goats,Stocks,An,1968,1900426.0,A
Groundnut oil,Production,t,1968,6272.71,I
"Groundnuts, excluding shelled",Area harvested,ha,1968,251000.0,A
"Groundnuts, excluding shelled",Yield,kg/ha,1968,701.2,A
"Groundnuts, excluding shelled",Production,t,1968,176000.0,A
"Hen eggs in shell, fresh",Yield,No/An,1968,65.0,E
"Hen eggs in shell, fresh",Yield/Carcass Weight,g/An,1968,2468.0,E
"Hen eggs in shell, fresh",Production,t,1968,7800.0,E
"Hen eggs in shell, fresh",Production,1000 No,1968,205400.0,E
"Hen eggs in shell, fresh",Laying,1000 An,1968,3160.0,E
Maize (corn),Area harvested,ha,1968,275000.0,A
Maize (corn),Yield,kg/ha,1968,1243.2,A
Maize (corn),Production,t,1968,341884.0,A
"Meat of cattle with the bone, fresh or chilled",Yield/Carcass Weight,kg/An,1968,150.0,E
"Meat of cattle with the bone, fresh or chilled",Production,t,1968,62570.0,E
"Meat of cattle with the bone, fresh or chilled",Producing Animals/Slaughtered,An,1968,417100.0,E
"Meat of chickens, fresh or chilled",Yield/Carcass Weight,g/An,1968,1300.0,E
"Meat of chickens, fresh or chilled",Production,t,1968,13130.0,E
"Meat of chickens, fresh or chilled",Producing Animals/Slaughtered,1000 An,1968,10100.0,E
"Meat of goat, fresh or chilled",Yield/Carcass Weight,kg/An,1968,11.0,E
"Meat of goat, fresh or chilled",Production,t,1968,7540.0,E
"Meat of goat, fresh or chilled",Producing Animals/Slaughtered,An,1968,685000.0,E
"Meat of pig with the bone, fresh or chilled",Yield/Carcass Weight,kg/An,1968,60.0,E
"Meat of pig with the bone, fresh or chilled",Production,t,1968,1680.0,E
"Meat of pig with the bone, fresh or chilled",Producing Animals/Slaughtered,An,1968,28020.0,E
"Meat of sheep, fresh or chilled",Yield/Carcass Weight,kg/An,1968,12.0,E
"Meat of sheep, fresh or chilled",Production,t,1968,3580.0,E
"Meat of sheep, fresh or chilled",Producing Animals/Slaughtered,An,1968,298200.0,E
Millet,Area harvested,ha,1968,690000.0,E
Millet,Yield,kg/ha,1968,998.4,E
Millet,Production,t,1968,688890.0,A
Molasses,Production,t,1968,77000.0,E
Natural honey,Production,t,1968,123.0,E
"Onions and shallots, dry (excluding dehydrated)",Area harvested,ha,1968,4000.0,E
"Onions and shallots, dry (excluding dehydrated)",Yield,kg/ha,1968,2750.0,E
"Onions and shallots, dry (excluding dehydrated)",Production,t,1968,11000.0,E
"Other fruits, n.e.c.",Area harvested,ha,1968,6200.0,E
"Other fruits, n.e.c.",Yield,kg/ha,1968,4838.7,E
"Other fruits, n.e.c.",Production,t,1968,30000.0,E
"Other meat of mammals, fresh or chilled",Production,t,1968,12000.0,E
"Other oil seeds, n.e.c.",Production,t,1968,7000.0,E
"Other vegetables, fresh n.e.c.",Area harvested,ha,1968,33670.0,E
"Other vegetables, fresh n.e.c.",Yield,kg/ha,1968,5494.5,E
"Other vegetables, fresh n.e.c.",Production,t,1968,185000.0,E
"Peas, dry",Area harvested,ha,1968,19000.0,A
"Peas, dry",Yield,kg/ha,1968,526.3,E
"Peas, dry",Production,t,1968,10000.0,E
"Pepper (Piper spp.), raw",Area harvested,ha,1968,1300.0,E
"Pepper (Piper spp.), raw",Yield,kg/ha,1968,384.6,E
"Pepper (Piper spp.), raw",Production,t,1968,500.0,E
"Pigeon peas, dry",Area harvested,ha,1968,89000.0,A
"Pigeon peas, dry",Yield,kg/ha,1968,303.4,A
"Pigeon peas, dry",Production,t,1968,27000.0,A
Pineapples,Production,t,1968,0.0,A
Plantains and cooking bananas,Area harvested,ha,1968,800100.0,X
Plantains and cooking bananas,Yield,kg/ha,1968,6499.2,E
Plantains and cooking bananas,Production,t,1968,5200000.0,E
Potatoes,Area harvested,ha,1968,16000.0,E
Potatoes,Yield,kg/ha,1968,8750.0,E
Potatoes,Production,t,1968,140000.0,E
Raw cane or beet sugar (centrifugal only),Production,t,1968,166000.0,A
Raw hides and skins of cattle,Yield/Carcass Weight,kg/An,1968,21.0,E
Raw hides and skins of cattle,Production,t,1968,8864.08,I
Raw hides and skins of cattle,Producing Animals/Slaughtered,An,1968,417100.0,E
Raw hides and skins of goats or kids,Yield/Carcass Weight,kg/An,1968,2.0,E
Raw hides and skins of goats or kids,Production,t,1968,1538.78,I
Raw hides and skins of goats or kids,Producing Animals/Slaughtered,An,1968,685000.0,E
Raw hides and skins of sheep or lambs,Yield/Carcass Weight,kg/An,1968,2.0,E
Raw hides and skins of sheep or lambs,Production,t,1968,628.33,I
Raw hides and skins of sheep or lambs,Producing Animals/Slaughtered,An,1968,298200.0,E
Raw milk of cattle,Yield/Carcass Weight,kg/An,1968,350.0,E
Raw milk of cattle,Production,t,1968,212660.0,I
Raw milk of cattle,Milk Animals,An,1968,607600.0,E
Rice,Area harvested,ha,1968,5000.0,A
Rice,Yield,kg/ha,1968,573.6,A
Rice,Production,t,1968,2868.0,A
"Seed cotton, unginned",Area harvested,ha,1968,827900.0,A
"Seed cotton, unginned",Yield,kg/ha,1968,247.6,A
"Seed cotton, unginned",Production,t,1968,205000.0,A
Sesame seed,Area harvested,ha,1968,96000.0,A
Sesame seed,Yield,kg/ha,1968,239.6,A
Sesame seed,Production,t,1968,23000.0,A
Sheep,Stocks,An,1968,783750.0,A
"Sheep fat, unrendered",Production,t,1968,80.37,I
"Sheep fat, unrendered",Producing Animals/Slaughtered,An,1968,298200.0,E
"Sisal, raw",Area harvested,ha,1968,400.0,A
"Sisal, raw",Yield,kg/ha,1968,1000.0,A
"Sisal, raw",Production,t,1968,400.0,A
Sorghum,Area harvested,ha,1968,230000.0,A
Sorghum,Yield,kg/ha,1968,1104.3,A
Sorghum,Production,t,1968,254000.0,A
Soya beans,Area harvested,ha,1968,7000.0,A
Soya beans,Yield,kg/ha,1968,1000.0,E
Soya beans,Production,t,1968,7000.0,E
Sugar cane,Area harvested,ha,1968,27100.0,A
Sugar cane,Yield,kg/ha,1968,61697.4,A
Sugar cane,Production,t,1968,1672000.0,A
Sunflower seed,Area harvested,ha,1968,3000.0,E
Sunflower seed,Yield,kg/ha,1968,433.3,E
Sunflower seed,Production,t,1968,1300.0,E
Sweet potatoes,Area harvested,ha,1968,118000.0,A
Sweet potatoes,Yield,kg/ha,1968,5593.2,A
Sweet potatoes,Production,t,1968,660000.0,A
Swine / pigs,Stocks,An,1968,37358.0,A
Tea leaves,Area harvested,ha,1968,10000.0,X
Tea leaves,Yield,kg/ha,1968,1516.3,E
Tea leaves,Production,t,1968,15163.0,A
Tomatoes,Area harvested,ha,1968,730.0,E
Tomatoes,Yield,kg/ha,1968,6712.3,E
Tomatoes,Production,t,1968,4900.0,E
Unmanufactured tobacco,Area harvested,ha,1968,7284.0,X
Unmanufactured tobacco,Yield,kg/ha,1968,627.7,E
Unmanufactured tobacco,Production,t,1968,4572.0,A
"Vanilla, raw",Area harvested,ha,1968,50.0,E
"Vanilla, raw",Yield,kg/ha,1968,200.0,E
"Vanilla, raw",Production,t,1968,10.0,E
Wheat,Area harvested,ha,1968,3000.0,A
Wheat,Yield,kg/ha,1968,1666.7,E
Wheat,Production,t,1968,5000.0,E
"Beef and Buffalo Meat, primary",Yield/Carcass Weight,kg/An,1968,150.0,E
"Beef and Buffalo Meat, primary",Production,t,1968,62570.0,E
"Beef and Buffalo Meat, primary",Producing Animals/Slaughtered,An,1968,417100.0,E
Cattle and Buffaloes,Stocks,An,1968,3682325.0,A
"Cereals, primary",Area harvested,ha,1968,1203000.0,A
"Cereals, primary",Yield,kg/ha,1968,1074.5,A
"Cereals, primary",Production,t,1968,1292642.0,A
Eggs Primary,Yield/Carcass Weight,g/An,1968,2468.0,E
Eggs Primary,Production,t,1968,7800.0,E
Eggs Primary,Laying,1000 An,1968,3160.0,E
"Fibre Crops, Fibre Equivalent",Area harvested,ha,1968,828300.0,E
"Fibre Crops, Fibre Equivalent",Yield,kg/ha,1968,87.1,E
"Fibre Crops, Fibre Equivalent",Production,t,1968,72150.0,E
Fruit Primary,Area harvested,ha,1968,895200.0,E
Fruit Primary,Yield,kg/ha,1968,6208.7,E
Fruit Primary,Production,t,1968,5558000.0,E
"Meat, Poultry",Yield/Carcass Weight,g/An,1968,1300.0,E
"Meat, Poultry",Production,t,1968,13130.0,E
"Meat, Poultry",Producing Animals/Slaughtered,1000 An,1968,10100.0,E
"Meat, Total",Production,t,1968,100500.0,E
"Milk, Total",Yield/Carcass Weight,kg/An,1968,350.0,E
"Milk, Total",Production,t,1968,212660.0,E
"Milk, Total",Milk Animals,An,1968,607600.0,E
"Oilcrops, Cake Equivalent",Area harvested,ha,1968,1184900.0,E
"Oilcrops, Cake Equivalent",Yield,kg/ha,1968,130.7,E
"Oilcrops, Cake Equivalent",Production,t,1968,154817.5,E
"Oilcrops, Oil Equivalent",Area harvested,ha,1968,1189100.0,E
"Oilcrops, Oil Equivalent",Yield,kg/ha,1968,74.0,E
"Oilcrops, Oil Equivalent",Production,t,1968,87975.0,E
Poultry Birds,Stocks,1000 An,1968,7900.0,E
"Pulses, Total",Area harvested,ha,1968,447000.0,E
"Pulses, Total",Yield,kg/ha,1968,611.4,E
"Pulses, Total",Production,t,1968,273300.0,E
"Roots and Tubers, Total",Area harvested,ha,1968,361000.0,E
"Roots and Tubers, Total",Yield,kg/ha,1968,4792.2,E
"Roots and Tubers, Total",Production,t,1968,1730000.0,E
Sheep and Goat Meat,Yield/Carcass Weight,kg/An,1968,11.0,E
Sheep and Goat Meat,Production,t,1968,11120.0,E
Sheep and Goat Meat,Producing Animals/Slaughtered,An,1968,983200.0,E
Sheep and Goats,Stocks,An,1968,2684176.0,A
Sugar Crops Primary,Area harvested,ha,1968,27100.0,A
Sugar Crops Primary,Yield,kg/ha,1968,61697.4,A
Sugar Crops Primary,Production,t,1968,1672000.0,A
Vegetables Primary,Area harvested,ha,1968,38400.0,E
Vegetables Primary,Yield,kg/ha,1968,5231.8,E
Vegetables Primary,Production,t,1968,200900.0,E
Asses,Stocks,An,1969,16759.0,E
Bananas,Area harvested,ha,1969,82000.0,X
Bananas,Yield,kg/ha,1969,4024.4,E
Bananas,Production,t,1969,330000.0,E
"Beans, dry",Area harvested,ha,1969,240000.0,E
"Beans, dry",Yield,kg/ha,1969,483.3,E
"Beans, dry",Production,t,1969,116000.0,A
"Beer of barley, malted",Production,t,1969,21000.0,A
Bees,Stocks,No,1969,38400.0,E
Beeswax,Production,t,1969,490.0,E
"Cassava, fresh",Area harvested,ha,1969,300000.0,E
"Cassava, fresh",Yield,kg/ha,1969,4666.7,E
"Cassava, fresh",Production,t,1969,1400000.0,E
Castor oil seeds,Area harvested,ha,1969,4650.0,E
Castor oil seeds,Yield,kg/ha,1969,526.9,E
Castor oil seeds,Production,t,1969,2450.0,X
Cattle,Stocks,An,1969,3971000.0,A
"Cattle fat, unrendered",Production,t,1969,1402.5,I
"Cattle fat, unrendered",Producing Animals/Slaughtered,An,1969,448800.0,E
"Chick peas, dry",Area harvested,ha,1969,4000.0,E
"Chick peas, dry",Yield,kg/ha,1969,600.0,E
"Chick peas, dry",Production,t,1969,2400.0,E
Chickens,Stocks,1000 An,1969,8100.0,E
"Chillies and peppers, dry (Capsicum spp., Pimenta spp.), raw",Area harvested,ha,1969,4100.0,E
"Chillies and peppers, dry (Capsicum spp., Pimenta spp.), raw",Yield,kg/ha,1969,926.8,E
"Chillies and peppers, dry (Capsicum spp., Pimenta spp.), raw",Production,t,1969,3800.0,E
Cocoa beans,Area harvested,ha,1969,2100.0,A
Cocoa beans,Yield,kg/ha,1969,70.0,A
Cocoa beans,Production,t,1969,147.0,A
"Coffee, green",Area harvested,ha,1969,281200.0,A
"Coffee, green",Yield,kg/ha,1969,879.1,A
"Coffee, green",Production,t,1969,247200.0,A
"Cotton lint, ginned",Production,t,1969,76727.0,A
Cotton seed,Production,t,1969,168800.0,A
Cottonseed oil,Production,t,1969,17600.04,I
"Cow peas, dry",Area harvested,ha,1969,65000.0,E
"Cow peas, dry",Yield,kg/ha,1969,856.0,E
"Cow peas, dry",Production,t,1969,55640.0,A
"Edible offal of cattle, fresh, chilled or frozen",Production,t,1969,11360.25,I
"Edible offal of cattle, fresh, chilled or frozen",Producing Animals/Slaughtered,An,1969,448800.0,E
"Edible offal of goat, fresh, chilled or frozen",Production,t,1969,2100.0,I
"Edible offal of goat, fresh, chilled or frozen",Producing Animals/Slaughtered,An,1969,623500.0,E
"Edible offal of pigs, fresh, chilled or frozen",Production,t,1969,160.38,I
"Edible offal of pigs, fresh, chilled or frozen",Producing Animals/Slaughtered,An,1969,31910.0,E
"Edible offal of sheep, fresh, chilled or frozen",Production,t,1969,810.41,I
"Edible offal of sheep, fresh, chilled or frozen",Producing Animals/Slaughtered,An,1969,300900.0,E
Fat of pigs,Production,t,1969,160.38,I
Fat of pigs,Producing Animals/Slaughtered,An,1969,31910.0,E
"Ginger, raw",Production,t,1969,0.0,A
"Goat fat, unrendered",Production,t,1969,238.0,I
"Goat fat, unrendered",Producing Animals/Slaughtered,An,1969,623500.0,E
Goats,Stocks,An,1969,1710000.0,A
Groundnut oil,Production,t,1969,7485.04,I
"Groundnuts, excluding shelled",Area harvested,ha,1969,245000.0,A
"Groundnuts, excluding shelled",Yield,kg/ha,1969,857.1,E
"Groundnuts, excluding shelled",Production,t,1969,210000.0,X
"Hen eggs in shell, fresh",Yield,No/An,1969,65.0,E
"Hen eggs in shell, fresh",Yield/Carcass Weight,g/An,1969,2469.0,E
"Hen eggs in shell, fresh",Production,t,1969,8000.0,E
"Hen eggs in shell, fresh",Production,1000 No,1969,210600.0,E
"Hen eggs in shell, fresh",Laying,1000 An,1969,3240.0,E
Maize (corn),Area harvested,ha,1969,350000.0,E
Maize (corn),Yield,kg/ha,1969,1274.3,E
Maize (corn),Production,t,1969,446011.0,A
"Meat of cattle with the bone, fresh or chilled",Yield/Carcass Weight,kg/An,1969,150.0,E
"Meat of cattle with the bone, fresh or chilled",Production,t,1969,67320.0,E
"Meat of cattle with the bone, fresh or chilled",Producing Animals/Slaughtered,An,1969,448800.0,E
"Meat of chickens, fresh or chilled",Yield/Carcass Weight,g/An,1969,1300.0,E
"Meat of chickens, fresh or chilled",Production,t,1969,13728.0,E
"Meat of chickens, fresh or chilled",Producing Animals/Slaughtered,1000 An,1969,10560.0,E
"Meat of goat, fresh or chilled",Yield/Carcass Weight,kg/An,1969,11.0,E
"Meat of goat, fresh or chilled",Production,t,1969,6860.0,E
"Meat of goat, fresh or chilled",Producing Animals/Slaughtered,An,1969,623500.0,E
"Meat of pig with the bone, fresh or chilled",Yield/Carcass Weight,kg/An,1969,60.0,E
"Meat of pig with the bone, fresh or chilled",Production,t,1969,1915.0,E
"Meat of pig with the bone, fresh or chilled",Producing Animals/Slaughtered,An,1969,31910.0,E
"Meat of sheep, fresh or chilled",Yield/Carcass Weight,kg/An,1969,12.0,E
"Meat of sheep, fresh or chilled",Production,t,1969,3610.0,E
"Meat of sheep, fresh or chilled",Producing Animals/Slaughtered,An,1969,300900.0,E
Millet,Area harvested,ha,1969,730000.0,E
Millet,Yield,kg/ha,1969,1146.2,E
Millet,Production,t,1969,836733.0,A
Molasses,Production,t,1969,75500.0,E
Natural honey,Production,t,1969,123.0,E
"Onions and shallots, dry (excluding dehydrated)",Area harvested,ha,1969,4000.0,E
"Onions and shallots, dry (excluding dehydrated)",Yield,kg/ha,1969,2750.0,E
"Onions and shallots, dry (excluding dehydrated)",Production,t,1969,11000.0,E
"Other fruits, n.e.c.",Area harvested,ha,1969,6200.0,E
"Other fruits, n.e.c.",Yield,kg/ha,1969,4838.7,E
"Other fruits, n.e.c.",Production,t,1969,30000.0,E
"Other meat of mammals, fresh or chilled",Production,t,1969,12000.0,E
"Other oil seeds, n.e.c.",Production,t,1969,6000.0,E
"Other vegetables, fresh n.e.c.",Area harvested,ha,1969,34580.0,E
"Other vegetables, fresh n.e.c.",Yield,kg/ha,1969,5494.5,E
"Other vegetables, fresh n.e.c.",Production,t,1969,190000.0,E
"Peas, dry",Area harvested,ha,1969,21000.0,A
"Peas, dry",Yield,kg/ha,1969,476.2,E
"Peas, dry",Production,t,1969,10000.0,E
"Pepper (Piper spp.), raw",Area harvested,ha,1969,1300.0,E
"Pepper (Piper spp.), raw",Yield,kg/ha,1969,384.6,E
"Pepper (Piper spp.), raw",Production,t,1969,500.0,E
"Pigeon peas, dry",Area harvested,ha,1969,100000.0,E
"Pigeon peas, dry",Yield,kg/ha,1969,503.2,E
"Pigeon peas, dry",Production,t,1969,50320.0,A
Pineapples,Production,t,1969,0.0,A
Plantains and cooking bananas,Area harvested,ha,1969,738000.0,X
Plantains and cooking bananas,Yield,kg/ha,1969,7452.6,E
Plantains and cooking bananas,Production,t,1969,5500000.0,E
Potatoes,Area harvested,ha,1969,16000.0,E
Potatoes,Yield,kg/ha,1969,8750.0,E
Potatoes,Production,t,1969,140000.0,E
Raw cane or beet sugar (centrifugal only),Production,t,1969,154000.0,A
Raw hides and skins of cattle,Yield/Carcass Weight,kg/An,1969,21.0,E
Raw hides and skins of cattle,Production,t,1969,9537.0,I
Raw hides and skins of cattle,Producing Animals/Slaughtered,An,1969,448800.0,E
Raw hides and skins of goats or kids,Yield/Carcass Weight,kg/An,1969,2.0,E
Raw hides and skins of goats or kids,Production,t,1969,1400.0,I
Raw hides and skins of goats or kids,Producing Animals/Slaughtered,An,1969,623500.0,E
Raw hides and skins of sheep or lambs,Yield/Carcass Weight,kg/An,1969,2.0,E
Raw hides and skins of sheep or lambs,Production,t,1969,633.59,I
Raw hides and skins of sheep or lambs,Producing Animals/Slaughtered,An,1969,300900.0,E
Raw milk of cattle,Yield/Carcass Weight,kg/An,1969,350.0,E
Raw milk of cattle,Production,t,1969,229320.0,I
Raw milk of cattle,Milk Animals,An,1969,655200.0,E
Rice,Area harvested,ha,1969,7000.0,A
Rice,Yield,kg/ha,1969,681.0,A
Rice,Production,t,1969,4767.0,A
"Seed cotton, unginned",Area harvested,ha,1969,844300.0,A
"Seed cotton, unginned",Yield,kg/ha,1969,298.2,A
"Seed cotton, unginned",Production,t,1969,251800.0,A
Sesame seed,Area harvested,ha,1969,84000.0,A
Sesame seed,Yield,kg/ha,1969,259.5,E
Sesame seed,Production,t,1969,21800.0,E
Sheep,Stocks,An,1969,775000.0,A
"Sheep fat, unrendered",Production,t,1969,81.04,I
"Sheep fat, unrendered",Producing Animals/Slaughtered,An,1969,300900.0,E
"Sisal, raw",Area harvested,ha,1969,0.0,E
"Sisal, raw",Production,t,1969,0.0,E
Sorghum,Area harvested,ha,1969,280000.0,A
Sorghum,Yield,kg/ha,1969,1184.4,A
Sorghum,Production,t,1969,331640.0,A
Soya beans,Area harvested,ha,1969,4000.0,A
Soya beans,Yield,kg/ha,1969,1000.0,E
Soya beans,Production,t,1969,4000.0,E
Sugar cane,Area harvested,ha,1969,31600.0,A
Sugar cane,Yield,kg/ha,1969,52215.2,A
Sugar cane,Production,t,1969,1650000.0,A
Sunflower seed,Area harvested,ha,1969,3500.0,E
Sunflower seed,Yield,kg/ha,1969,400.0,E
Sunflower seed,Production,t,1969,1400.0,E
Sweet potatoes,Area harvested,ha,1969,270000.0,E
Sweet potatoes,Yield,kg/ha,1969,2963.0,E
Sweet potatoes,Production,t,1969,800000.0,E
Swine / pigs,Stocks,An,1969,42546.0,A
Tea leaves,Area harvested,ha,1969,10000.0,X
Tea leaves,Yield,kg/ha,1969,1762.7,E
Tea leaves,Production,t,1969,17627.0,A
Tomatoes,Area harvested,ha,1969,760.0,E
Tomatoes,Yield,kg/ha,1969,6710.5,E
Tomatoes,Production,t,1969,5100.0,E
Unmanufactured tobacco,Area harvested,ha,1969,7284.0,X
Unmanufactured tobacco,Yield,kg/ha,1969,483.7,E
Unmanufactured tobacco,Production,t,1969,3523.0,A
"Vanilla, raw",Area harvested,ha,1969,50.0,E
"Vanilla, raw",Yield,kg/ha,1969,200.0,E
"Vanilla, raw",Production,t,1969,10.0,E
Wheat,Area harvested,ha,1969,3000.0,A
Wheat,Yield,kg/ha,1969,1666.7,E
Wheat,Production,t,1969,5000.0,E
"Beef and Buffalo Meat, primary",Yield/Carcass Weight,kg/An,1969,150.0,E
"Beef and Buffalo Meat, primary",Production,t,1969,67320.0,E
"Beef and Buffalo Meat, primary",Producing Animals/Slaughtered,An,1969,448800.0,E
Cattle and Buffaloes,Stocks,An,1969,3971000.0,A
"Cereals, primary",Area harvested,ha,1969,1370000.0,E
"Cereals, primary",Yield,kg/ha,1969,1185.5,E
"Cereals, primary",Production,t,1969,1624151.0,A
Eggs Primary,Yield/Carcass Weight,g/An,1969,2469.0,E
Eggs Primary,Production,t,1969,8000.0,E
Eggs Primary,Laying,1000 An,1969,3240.0,E
"Fibre Crops, Fibre Equivalent",Area harvested,ha,1969,844300.0,E
"Fibre Crops, Fibre Equivalent",Yield,kg/ha,1969,104.4,E
"Fibre Crops, Fibre Equivalent",Production,t,1969,88130.0,E
Fruit Primary,Area harvested,ha,1969,826200.0,E
Fruit Primary,Yield,kg/ha,1969,7092.7,E
Fruit Primary,Production,t,1969,5860000.0,E
"Meat, Poultry",Yield/Carcass Weight,g/An,1969,1300.0,E
"Meat, Poultry",Production,t,1969,13728.0,E
"Meat, Poultry",Producing Animals/Slaughtered,1000 An,1969,10560.0,E
"Meat, Total",Production,t,1969,105433.0,E
"Milk, Total",Yield/Carcass Weight,kg/An,1969,350.0,E
"Milk, Total",Production,t,1969,229320.0,E
"Milk, Total",Milk Animals,An,1969,655200.0,E
"Oilcrops, Cake Equivalent",Area harvested,ha,1969,1180800.0,E
"Oilcrops, Cake Equivalent",Yield,kg/ha,1969,151.8,E
"Oilcrops, Cake Equivalent",Production,t,1969,179239.34,E
"Oilcrops, Oil Equivalent",Area harvested,ha,1969,1185450.0,E
"Oilcrops, Oil Equivalent",Yield,kg/ha,1969,85.9,E
"Oilcrops, Oil Equivalent",Production,t,1969,101829.44,E
Poultry Birds,Stocks,1000 An,1969,8100.0,E
"Pulses, Total",Area harvested,ha,1969,430000.0,E
"Pulses, Total",Yield,kg/ha,1969,545.0,E
"Pulses, Total",Production,t,1969,234360.0,E
"Roots and Tubers, Total",Area harvested,ha,1969,586000.0,E
"Roots and Tubers, Total",Yield,kg/ha,1969,3993.2,E
"Roots and Tubers, Total",Production,t,1969,2340000.0,E
Sheep and Goat Meat,Yield/Carcass Weight,kg/An,1969,11.0,E
Sheep and Goat Meat,Production,t,1969,10470.0,E
Sheep and Goat Meat,Producing Animals/Slaughtered,An,1969,924400.0,E
Sheep and Goats,Stocks,An,1969,2485000.0,A
Sugar Crops Primary,Area harvested,ha,1969,31600.0,A
Sugar Crops Primary,Yield,kg/ha,1969,52215.2,A
Sugar Crops Primary,Production,t,1969,1650000.0,A
Vegetables Primary,Area harvested,ha,1969,39340.0,E
Vegetables Primary,Yield,kg/ha,1969,5238.9,E
Vegetables Primary,Production,t,1969,206100.0,E
Asses,Stocks,An,1970,16500.0,E
Bananas,Area harvested,ha,1970,142500.0,X
Bananas,Yield,kg/ha,1970,2329.8,E
Bananas,Production,t,1970,332000.0,E
"Beans, dry",Area harvested,ha,1970,270000.0,E
"Beans, dry",Yield,kg/ha,1970,625.9,E
"Beans, dry",Production,t,1970,169000.0,E
"Beer of barley, malted",Production,t,1970,27767.0,A
Bees,Stocks,No,1970,38500.0,E
Beeswax,Production,t,1970,490.0,E
"Cassava, fresh",Area harvested,ha,1970,539000.0,A
"Cassava, fresh",Yield,kg/ha,1970,4782.9,A
"Cassava, fresh",Production,t,1970,2578000.0,A
Castor oil seeds,Area harvested,ha,1970,4000.0,E
Castor oil seeds,Yield,kg/ha,1970,370.5,E
Castor oil seeds,Production,t,1970,1482.0,A
Cattle,Stocks,An,1970,4280500.0,A
"Cattle fat, unrendered",Production,t,1970,1509.17,I
"Cattle fat, unrendered",Producing Animals/Slaughtered,An,1970,482900.0,E
"Chick peas, dry",Area harvested,ha,1970,4000.0,E
"Chick peas, dry",Yield,kg/ha,1970,600.0,E
"Chick peas, dry",Production,t,1970,2400.0,E
Chickens,Stocks,1000 An,1970,8300.0,E
"Chillies and peppers, dry (Capsicum spp., Pimenta spp.), raw",Area harvested,ha,1970,4000.0,E
"Chillies and peppers, dry (Capsicum spp., Pimenta spp.), raw",Yield,kg/ha,1970,925.0,E
"Chillies and peppers, dry (Capsicum spp., Pimenta spp.), raw",Production,t,1970,3700.0,E
Cocoa beans,Area harvested,ha,1970,2000.0,A
Cocoa beans,Yield,kg/ha,1970,120.5,A
Cocoa beans,Production,t,1970,241.0,A
"Coffee, green",Area harvested,ha,1970,245700.0,A
"Coffee, green",Yield,kg/ha,1970,820.1,A
"Coffee, green",Production,t,1970,201500.0,A
"Cotton lint, ginned",Production,t,1970,86400.0,A
Cotton seed,Production,t,1970,190080.0,A
Cottonseed oil,Production,t,1970,19340.64,I
"Cow peas, dry",Area harvested,ha,1970,48000.0,A
"Cow peas, dry",Yield,kg/ha,1970,1041.7,A
"Cow peas, dry",Production,t,1970,50000.0,A
"Edible offal of cattle, fresh, chilled or frozen",Production,t,1970,12224.25,I
"Edible offal of cattle, fresh, chilled or frozen",Producing Animals/Slaughtered,An,1970,482900.0,E
"Edible offal of goat, fresh, chilled or frozen",Production,t,1970,2063.27,I
"Edible offal of goat, fresh, chilled or frozen",Producing Animals/Slaughtered,An,1970,612500.0,E
"Edible offal of pigs, fresh, chilled or frozen",Production,t,1970,239.11,I
"Edible offal of pigs, fresh, chilled or frozen",Producing Animals/Slaughtered,An,1970,47600.0,E
"Edible offal of sheep, fresh, chilled or frozen",Production,t,1970,873.27,I
"Edible offal of sheep, fresh, chilled or frozen",Producing Animals/Slaughtered,An,1970,324200.0,E
Fat of pigs,Production,t,1970,239.11,I
Fat of pigs,Producing Animals/Slaughtered,An,1970,47600.0,E
"Ginger, raw",Production,t,1970,0.0,A
"Goat fat, unrendered",Production,t,1970,233.84,I
"Goat fat, unrendered",Producing Animals/Slaughtered,An,1970,612500.0,E
Goats,Stocks,An,1970,1801400.0,A
Groundnut oil,Production,t,1970,8703.25,I
"Groundnuts, excluding shelled",Area harvested,ha,1970,250000.0,A
"Groundnuts, excluding shelled",Yield,kg/ha,1970,976.0,A
"Groundnuts, excluding shelled",Production,t,1970,244000.0,A
"Hen eggs in shell, fresh",Yield,No/An,1970,65.0,E
"Hen eggs in shell, fresh",Yield/Carcass Weight,g/An,1970,2470.0,E
"Hen eggs in shell, fresh",Production,t,1970,8200.0,E
"Hen eggs in shell, fresh",Production,1000 No,1970,215800.0,E
"Hen eggs in shell, fresh",Laying,1000 An,1970,3320.0,E
Maize (corn),Area harvested,ha,1970,300000.0,A
Maize (corn),Yield,kg/ha,1970,1293.3,A
Maize (corn),Production,t,1970,388000.0,A
"Meat of cattle with the bone, fresh or chilled",Yield/Carcass Weight,kg/An,1970,150.0,E
"Meat of cattle with the bone, fresh or chilled",Production,t,1970,72440.0,E
"Meat of cattle with the bone, fresh or chilled",Producing Animals/Slaughtered,An,1970,482900.0,E
"Meat of chickens, fresh or chilled",Yield/Carcass Weight,g/An,1970,1300.0,E
"Meat of chickens, fresh or chilled",Production,t,1970,14352.0,E
"Meat of chickens, fresh or chilled",Producing Animals/Slaughtered,1000 An,1970,11040.0,E
"Meat of goat, fresh or chilled",Yield/Carcass Weight,kg/An,1970,11.0,E
"Meat of goat, fresh or chilled",Production,t,1970,6740.0,E
"Meat of goat, fresh or chilled",Producing Animals/Slaughtered,An,1970,612500.0,E
"Meat of pig with the bone, fresh or chilled",Yield/Carcass Weight,kg/An,1970,60.0,E
"Meat of pig with the bone, fresh or chilled",Production,t,1970,2855.0,E
"Meat of pig with the bone, fresh or chilled",Producing Animals/Slaughtered,An,1970,47600.0,E
"Meat of sheep, fresh or chilled",Yield/Carcass Weight,kg/An,1970,12.0,E
"Meat of sheep, fresh or chilled",Production,t,1970,3890.0,E
"Meat of sheep, fresh or chilled",Producing Animals/Slaughtered,An,1970,324200.0,E
Millet,Area harvested,ha,1970,582000.0,A
Millet,Yield,kg/ha,1970,1345.4,A
Millet,Production,t,1970,783000.0,A
Molasses,Production,t,1970,78000.0,E
Natural honey,Production,t,1970,123.0,E
"Onions and shallots, dry (excluding dehydrated)",Area harvested,ha,1970,4500.0,E
"Onions and shallots, dry (excluding dehydrated)",Yield,kg/ha,1970,2666.7,E
"Onions and shallots, dry (excluding dehydrated)",Production,t,1970,12000.0,E
"Other fruits, n.e.c.",Area harvested,ha,1970,6200.0,E
"Other fruits, n.e.c.",Yield,kg/ha,1970,4838.7,E
"Other fruits, n.e.c.",Production,t,1970,30000.0,E
"Other meat of mammals, fresh or chilled",Production,t,1970,12000.0,E
"Other oil seeds, n.e.c.",Production,t,1970,6000.0,E
"Other vegetables, fresh n.e.c.",Area harvested,ha,1970,35485.0,E
"Other vegetables, fresh n.e.c.",Yield,kg/ha,1970,5495.3,E
"Other vegetables, fresh n.e.c.",Production,t,1970,195000.0,E
"Peas, dry",Area harvested,ha,1970,14000.0,A
"Peas, dry",Yield,kg/ha,1970,428.6,E
"Peas, dry",Production,t,1970,6000.0,E
"Pepper (Piper spp.), raw",Area harvested,ha,1970,1600.0,E
"Pepper (Piper spp.), raw",Yield,kg/ha,1970,437.5,E
"Pepper (Piper spp.), raw",Production,t,1970,700.0,E
"Pigeon peas, dry",Area harvested,ha,1970,80000.0,E
"Pigeon peas, dry",Yield,kg/ha,1970,500.0,E
"Pigeon peas, dry",Production,t,1970,40000.0,E
Pineapples,Production,t,1970,0.0,A
Plantains and cooking bananas,Area harvested,ha,1970,909000.0,A
Plantains and cooking bananas,Yield,kg/ha,1970,8423.5,A
Plantains and cooking bananas,Production,t,1970,7657000.0,A
Potatoes,Area harvested,ha,1970,17000.0,E
Potatoes,Yield,kg/ha,1970,8823.5,E
Potatoes,Production,t,1970,150000.0,E
Raw cane or beet sugar (centrifugal only),Production,t,1970,144000.0,A
Raw hides and skins of cattle,Yield/Carcass Weight,kg/An,1970,21.0,E
Raw hides and skins of cattle,Production,t,1970,10262.33,I
Raw hides and skins of cattle,Producing Animals/Slaughtered,An,1970,482900.0,E
Raw hides and skins of goats or kids,Yield/Carcass Weight,kg/An,1970,2.0,E
Raw hides and skins of goats or kids,Production,t,1970,1375.51,I
Raw hides and skins of goats or kids,Producing Animals/Slaughtered,An,1970,612500.0,E
Raw hides and skins of sheep or lambs,Yield/Carcass Weight,kg/An,1970,2.0,E
Raw hides and skins of sheep or lambs,Production,t,1970,682.73,I
Raw hides and skins of sheep or lambs,Producing Animals/Slaughtered,An,1970,324200.0,E
Raw milk of cattle,Yield/Carcass Weight,kg/An,1970,350.0,E
Raw milk of cattle,Production,t,1970,247205.0,I
Raw milk of cattle,Milk Animals,An,1970,706300.0,E
Rice,Area harvested,ha,1970,15621.0,A
Rice,Yield,kg/ha,1970,732.3,A
Rice,Production,t,1970,11440.0,A
"Seed cotton, unginned",Area harvested,ha,1970,881600.0,A
"Seed cotton, unginned",Yield,kg/ha,1970,320.0,A
"Seed cotton, unginned",Production,t,1970,282122.0,A
Sesame seed,Area harvested,ha,1970,66000.0,A
Sesame seed,Yield,kg/ha,1970,257.6,E
Sesame seed,Production,t,1970,17000.0,E
Sheep,Stocks,An,1970,827500.0,A
"Sheep fat, unrendered",Production,t,1970,87.33,I
"Sheep fat, unrendered",Producing Animals/Slaughtered,An,1970,324200.0,E
"Sisal, raw",Area harvested,ha,1970,0.0,E
"Sisal, raw",Production,t,1970,0.0,E
Sorghum,Area harvested,ha,1970,311000.0,A
Sorghum,Yield,kg/ha,1970,1485.5,A
Sorghum,Production,t,1970,462000.0,A
Soya beans,Area harvested,ha,1970,4600.0,A
Soya beans,Yield,kg/ha,1970,1087.0,A
Soya beans,Production,t,1970,5000.0,A
Sugar cane,Area harvested,ha,1970,31800.0,A
Sugar cane,Yield,kg/ha,1970,55031.4,E
Sugar cane,Production,t,1970,1750000.0,E
Sunflower seed,Area harvested,ha,1970,3500.0,E
Sunflower seed,Yield,kg/ha,1970,414.3,E
Sunflower seed,Production,t,1970,1450.0,E
Sweet potatoes,Area harvested,ha,1970,440000.0,A
Sweet potatoes,Yield,kg/ha,1970,3568.2,A
Sweet potatoes,Production,t,1970,1570000.0,A
Swine / pigs,Stocks,An,1970,63500.0,A
Tea leaves,Area harvested,ha,1970,10300.0,A
Tea leaves,Yield,kg/ha,1970,1767.0,A
Tea leaves,Production,t,1970,18200.0,A
Tomatoes,Area harvested,ha,1970,790.0,E
Tomatoes,Yield,kg/ha,1970,6708.9,E
Tomatoes,Production,t,1970,5300.0,E
Unmanufactured tobacco,Area harvested,ha,1970,6880.0,X
Unmanufactured tobacco,Yield,kg/ha,1970,494.2,E
Unmanufactured tobacco,Production,t,1970,3400.0,A
"Vanilla, raw",Area harvested,ha,1970,50.0,E
"Vanilla, raw",Yield,kg/ha,1970,200.0,E
"Vanilla, raw",Production,t,1970,10.0,E
Wheat,Area harvested,ha,1970,4000.0,A
Wheat,Yield,kg/ha,1970,1980.0,A
Wheat,Production,t,1970,7920.0,A
"Beef and Buffalo Meat, primary",Yield/Carcass Weight,kg/An,1970,150.0,E
"Beef and Buffalo Meat, primary",Production,t,1970,72440.0,E
"Beef and Buffalo Meat, primary",Producing Animals/Slaughtered,An,1970,482900.0,E
Cattle and Buffaloes,Stocks,An,1970,4280500.0,A
"Cereals, primary",Area harvested,ha,1970,1212621.0,A
"Cereals, primary",Yield,kg/ha,1970,1362.6,A
"Cereals, primary",Production,t,1970,1652360.0,A
Eggs Primary,Yield/Carcass Weight,g/An,1970,2470.0,E
Eggs Primary,Production,t,1970,8200.0,E
Eggs Primary,Laying,1000 An,1970,3320.0,E
"Fibre Crops, Fibre Equivalent",Area harvested,ha,1970,881600.0,E
"Fibre Crops, Fibre Equivalent",Yield,kg/ha,1970,112.0,E
"Fibre Crops, Fibre Equivalent",Production,t,1970,98742.7,E
Fruit Primary,Area harvested,ha,1970,1057700.0,E
Fruit Primary,Yield,kg/ha,1970,7581.5,E
Fruit Primary,Production,t,1970,8019000.0,E
"Meat, Poultry",Yield/Carcass Weight,g/An,1970,1300.0,E
"Meat, Poultry",Production,t,1970,14352.0,E
"Meat, Poultry",Producing Animals/Slaughtered,1000 An,1970,11040.0,E
"Meat, Total",Production,t,1970,112277.0,E
"Milk, Total",Yield/Carcass Weight,kg/An,1970,350.0,E
"Milk, Total",Production,t,1970,247205.0,E
"Milk, Total",Milk Animals,An,1970,706300.0,E
"Oilcrops, Cake Equivalent",Area harvested,ha,1970,1205700.0,E
"Oilcrops, Cake Equivalent",Yield,kg/ha,1970,166.1,E
"Oilcrops, Cake Equivalent",Production,t,1970,200267.3,E
"Oilcrops, Oil Equivalent",Area harvested,ha,1970,1209700.0,E
"Oilcrops, Oil Equivalent",Yield,kg/ha,1970,93.3,E
"Oilcrops, Oil Equivalent",Production,t,1970,112835.2,E
Poultry Birds,Stocks,1000 An,1970,8300.0,E
"Pulses, Total",Area harvested,ha,1970,416000.0,E
"Pulses, Total",Yield,kg/ha,1970,642.8,E
"Pulses, Total",Production,t,1970,267400.0,E
"Roots and Tubers, Total",Area harvested,ha,1970,996000.0,E
"Roots and Tubers, Total",Yield,kg/ha,1970,4315.3,E
"Roots and Tubers, Total",Production,t,1970,4298000.0,E
Sheep and Goat Meat,Yield/Carcass Weight,kg/An,1970,11.0,E
Sheep and Goat Meat,Production,t,1970,10630.0,E
Sheep and Goat Meat,Producing Animals/Slaughtered,An,1970,936700.0,E
Sheep and Goats,Stocks,An,1970,2628900.0,A
Sugar Crops Primary,Area harvested,ha,1970,31800.0,A
Sugar Crops Primary,Yield,kg/ha,1970,55031.4,E
Sugar Crops Primary,Production,t,1970,1750000.0,E
Vegetables Primary,Area harvested,ha,1970,40775.0,E
Vegetables Primary,Yield,kg/ha,1970,5206.6,E
Vegetables Primary,Production,t,1970,212300.0,E
Asses,Stocks,An,1971,17281.0,A
Bananas,Area harvested,ha,1971,108400.0,X
Bananas,Yield,kg/ha,1971,2583.0,E
Bananas,Production,t,1971,280000.0,E
"Beans, dry",Area harvested,ha,1971,459000.0,A
"Beans, dry",Yield,kg/ha,1971,483.7,A
"Beans, dry",Production,t,1971,222000.0,A
"Beer of barley, malted",Production,t,1971,34962.0,A
Bees,Stocks,No,1971,38600.0,E
Beeswax,Production,t,1971,500.0,E
"Cassava, fresh",Area harvested,ha,1971,508000.0,A
"Cassava, fresh",Yield,kg/ha,1971,4757.9,A
"Cassava, fresh",Production,t,1971,2417000.0,A
Castor oil seeds,Area harvested,ha,1971,4000.0,E
Castor oil seeds,Yield,kg/ha,1971,500.0,E
Castor oil seeds,Production,t,1971,2000.0,E
Cattle,Stocks,An,1971,4223900.0,A
"Cattle fat, unrendered",Production,t,1971,1520.0,I
"Cattle fat, unrendered",Producing Animals/Slaughtered,An,1971,486400.0,E
"Chick peas, dry",Area harvested,ha,1971,4000.0,A
"Chick peas, dry",Yield,kg/ha,1971,500.0,A
"Chick peas, dry",Production,t,1971,2000.0,A
Chickens,Stocks,1000 An,1971,8500.0,E
"Chillies and peppers, dry (Capsicum spp., Pimenta spp.), raw",Area harvested,ha,1971,3900.0,E
"Chillies and peppers, dry (Capsicum spp., Pimenta spp.), raw",Yield,kg/ha,1971,897.4,E
"Chillies and peppers, dry (Capsicum spp., Pimenta spp.), raw",Production,t,1971,3500.0,E
Cocoa beans,Area harvested,ha,1971,2000.0,E
Cocoa beans,Yield,kg/ha,1971,72.5,E
Cocoa beans,Production,t,1971,145.0,A
"Coffee, green",Area harvested,ha,1971,257100.0,A
"Coffee, green",Yield,kg/ha,1971,682.6,A
"Coffee, green",Production,t,1971,175500.0,A
"Cotton lint, ginned",Production,t,1971,76400.0,A
Cotton seed,Production,t,1971,168080.0,A
Cottonseed oil,Production,t,1971,16732.56,I
"Cow peas, dry",Area harvested,ha,1971,40000.0,A
"Cow peas, dry",Yield,kg/ha,1971,1125.0,A
"Cow peas, dry",Production,t,1971,45000.0,A
"Edible offal of cattle, fresh, chilled or frozen",Production,t,1971,12312.0,I
"Edible offal of cattle, fresh, chilled or frozen",Producing Animals/Slaughtered,An,1971,486400.0,E
"Edible offal of goat, fresh, chilled or frozen",Production,t,1971,2608.16,I
"Edible offal of goat, fresh, chilled or frozen",Producing Animals/Slaughtered,An,1971,774100.0,E
"Edible offal of pigs, fresh, chilled or frozen",Production,t,1971,329.56,I
"Edible offal of pigs, fresh, chilled or frozen",Producing Animals/Slaughtered,An,1971,65600.0,E
"Edible offal of sheep, fresh, chilled or frozen",Production,t,1971,960.82,I
"Edible offal of sheep, fresh, chilled or frozen",Producing Animals/Slaughtered,An,1971,356700.0,E
Fat of pigs,Production,t,1971,329.56,I
Fat of pigs,Producing Animals/Slaughtered,An,1971,65600.0,E
"Ginger, raw",Production,t,1971,0.0,A
"Goat fat, unrendered",Production,t,1971,295.59,I
"Goat fat, unrendered",Producing Animals/Slaughtered,An,1971,774100.0,E
Goats,Stocks,An,1971,2211800.0,A
Groundnut oil,Production,t,1971,8945.64,I
"Groundnuts, excluding shelled",Area harvested,ha,1971,291800.0,A
"Groundnuts, excluding shelled",Yield,kg/ha,1971,860.2,A
"Groundnuts, excluding shelled",Production,t,1971,251000.0,A
"Hen eggs in shell, fresh",Yield,No/An,1971,65.0,E
"Hen eggs in shell, fresh",Yield/Carcass Weight,g/An,1971,2535.0,E
"Hen eggs in shell, fresh",Production,t,1971,8620.0,E
"Hen eggs in shell, fresh",Production,1000 No,1971,221000.0,E
"Hen eggs in shell, fresh",Laying,1000 An,1971,3400.0,E
Maize (corn),Area harvested,ha,1971,280000.0,A
Maize (corn),Yield,kg/ha,1971,1503.6,A
Maize (corn),Production,t,1971,421000.0,A
"Meat of cattle with the bone, fresh or chilled",Yield/Carcass Weight,kg/An,1971,150.0,E
"Meat of cattle with the bone, fresh or chilled",Production,t,1971,72960.0,E
"Meat of cattle with the bone, fresh or chilled",Producing Animals/Slaughtered,An,1971,486400.0,E
"Meat of chickens, fresh or chilled",Yield/Carcass Weight,g/An,1971,1300.0,E
"Meat of chickens, fresh or chilled",Production,t,1971,14846.0,E
"Meat of chickens, fresh or chilled",Producing Animals/Slaughtered,1000 An,1971,11420.0,E
"Meat of goat, fresh or chilled",Yield/Carcass Weight,kg/An,1971,11.0,E
"Meat of goat, fresh or chilled",Production,t,1971,8520.0,E
"Meat of goat, fresh or chilled",Producing Animals/Slaughtered,An,1971,774100.0,E
"Meat of pig with the bone, fresh or chilled",Yield/Carcass Weight,kg/An,1971,60.0,E
"Meat of pig with the bone, fresh or chilled",Production,t,1971,3935.0,E
"Meat of pig with the bone, fresh or chilled",Producing Animals/Slaughtered,An,1971,65600.0,E
"Meat of sheep, fresh or chilled",Yield/Carcass Weight,kg/An,1971,12.0,E
"Meat of sheep, fresh or chilled",Production,t,1971,4280.0,E
"Meat of sheep, fresh or chilled",Producing Animals/Slaughtered,An,1971,356700.0,E
Millet,Area harvested,ha,1971,716000.0,A
Millet,Yield,kg/ha,1971,907.8,A
Millet,Production,t,1971,650000.0,A
Molasses,Production,t,1971,75000.0,E
Natural honey,Production,t,1971,124.0,E
"Onions and shallots, dry (excluding dehydrated)",Area harvested,ha,1971,5000.0,E
"Onions and shallots, dry (excluding dehydrated)",Yield,kg/ha,1971,2800.0,E
"Onions and shallots, dry (excluding dehydrated)",Production,t,1971,14000.0,E
"Other fruits, n.e.c.",Area harvested,ha,1971,6200.0,E
"Other fruits, n.e.c.",Yield,kg/ha,1971,4838.7,E
"Other fruits, n.e.c.",Production,t,1971,30000.0,E
"Other meat of mammals, fresh or chilled",Production,t,1971,12000.0,E
"Other oil seeds, n.e.c.",Production,t,1971,6000.0,E
"Other vegetables, fresh n.e.c.",Area harvested,ha,1971,36390.0,E
"Other vegetables, fresh n.e.c.",Yield,kg/ha,1971,5496.0,E
"Other vegetables, fresh n.e.c.",Production,t,1971,200000.0,E
"Peas, dry",Area harvested,ha,1971,28000.0,A
"Peas, dry",Yield,kg/ha,1971,392.9,A
"Peas, dry",Production,t,1971,11000.0,A
"Pepper (Piper spp.), raw",Area harvested,ha,1971,1600.0,E
"Pepper (Piper spp.), raw",Yield,kg/ha,1971,437.5,E
"Pepper (Piper spp.), raw",Production,t,1971,700.0,E
"Pigeon peas, dry",Area harvested,ha,1971,91000.0,A
"Pigeon peas, dry",Yield,kg/ha,1971,439.6,A
"Pigeon peas, dry",Production,t,1971,40000.0,A
Pineapples,Production,t,1971,0.0,A
Plantains and cooking bananas,Area harvested,ha,1971,905000.0,A
Plantains and cooking bananas,Yield,kg/ha,1971,8350.3,A
Plantains and cooking bananas,Production,t,1971,7557000.0,A
Potatoes,Area harvested,ha,1971,17000.0,A
Potatoes,Yield,kg/ha,1971,7529.4,A
Potatoes,Production,t,1971,128000.0,A
Raw cane or beet sugar (centrifugal only),Production,t,1971,141300.0,A
Raw hides and skins of cattle,Yield/Carcass Weight,kg/An,1971,21.0,E
Raw hides and skins of cattle,Production,t,1971,10336.0,I
Raw hides and skins of cattle,Producing Animals/Slaughtered,An,1971,486400.0,E
Raw hides and skins of goats or kids,Yield/Carcass Weight,kg/An,1971,2.0,E
Raw hides and skins of goats or kids,Production,t,1971,1738.78,I
Raw hides and skins of goats or kids,Producing Animals/Slaughtered,An,1971,774100.0,E
Raw hides and skins of sheep or lambs,Yield/Carcass Weight,kg/An,1971,2.0,E
Raw hides and skins of sheep or lambs,Production,t,1971,751.18,I
Raw hides and skins of sheep or lambs,Producing Animals/Slaughtered,An,1971,356700.0,E
Raw milk of cattle,Yield/Carcass Weight,kg/An,1971,350.0,E
Raw milk of cattle,Production,t,1971,243915.0,I
Raw milk of cattle,Milk Animals,An,1971,696900.0,E
Rice,Area harvested,ha,1971,24000.0,A
Rice,Yield,kg/ha,1971,916.7,A
Rice,Production,t,1971,22000.0,A
"Seed cotton, unginned",Area harvested,ha,1971,1042400.0,A
"Seed cotton, unginned",Yield,kg/ha,1971,239.3,A
"Seed cotton, unginned",Production,t,1971,249469.0,A
Sesame seed,Area harvested,ha,1971,103000.0,A
Sesame seed,Yield,kg/ha,1971,301.0,A
Sesame seed,Production,t,1971,31000.0,A
Sheep,Stocks,An,1971,915000.0,A
"Sheep fat, unrendered",Production,t,1971,96.08,I
"Sheep fat, unrendered",Producing Animals/Slaughtered,An,1971,356700.0,E
"Sisal, raw",Area harvested,ha,1971,0.0,E
"Sisal, raw",Production,t,1971,0.0,E
Sorghum,Area harvested,ha,1971,307000.0,A
Sorghum,Yield,kg/ha,1971,1133.6,A
Sorghum,Production,t,1971,348000.0,A
Soya beans,Area harvested,ha,1971,4000.0,A
Soya beans,Yield,kg/ha,1971,1000.0,A
Soya beans,Production,t,1971,4000.0,A
Sugar cane,Area harvested,ha,1971,29100.0,A
Sugar cane,Yield,kg/ha,1971,59106.5,E
Sugar cane,Production,t,1971,1720000.0,E
Sunflower seed,Area harvested,ha,1971,3700.0,E
Sunflower seed,Yield,kg/ha,1971,405.4,E
Sunflower seed,Production,t,1971,1500.0,E
Sweet potatoes,Area harvested,ha,1971,495000.0,A
Sweet potatoes,Yield,kg/ha,1971,2878.8,A
Sweet potatoes,Production,t,1971,1425000.0,A
Swine / pigs,Stocks,An,1971,87500.0,A
Tea leaves,Area harvested,ha,1971,15000.0,A
Tea leaves,Yield,kg/ha,1971,1200.0,A
Tea leaves,Production,t,1971,18000.0,A
Tomatoes,Area harvested,ha,1971,830.0,E
Tomatoes,Yield,kg/ha,1971,6626.5,E
Tomatoes,Production,t,1971,5500.0,E
Unmanufactured tobacco,Area harvested,ha,1971,6070.0,X
Unmanufactured tobacco,Yield,kg/ha,1971,724.9,E
Unmanufactured tobacco,Production,t,1971,4400.0,A
"Vanilla, raw",Area harvested,ha,1971,50.0,E
"Vanilla, raw",Yield,kg/ha,1971,200.0,E
"Vanilla, raw",Production,t,1971,10.0,E
Wheat,Area harvested,ha,1971,4000.0,A
Wheat,Yield,kg/ha,1971,1750.0,A
Wheat,Production,t,1971,7000.0,A
"Beef and Buffalo Meat, primary",Yield/Carcass Weight,kg/An,1971,150.0,E
"Beef and Buffalo Meat, primary",Production,t,1971,72960.0,E
"Beef and Buffalo Meat, primary",Producing Animals/Slaughtered,An,1971,486400.0,E
Cattle and Buffaloes,Stocks,An,1971,4223900.0,A
"Cereals, primary",Area harvested,ha,1971,1331000.0,A
"Cereals, primary",Yield,kg/ha,1971,1087.9,A
"Cereals, primary",Production,t,1971,1448000.0,A
Eggs Primary,Yield/Carcass Weight,g/An,1971,2535.0,E
Eggs Primary,Production,t,1971,8620.0,E
Eggs Primary,Laying,1000 An,1971,3400.0,E
"Fibre Crops, Fibre Equivalent",Area harvested,ha,1971,1042400.0,E
"Fibre Crops, Fibre Equivalent",Yield,kg/ha,1971,83.8,E
"Fibre Crops, Fibre Equivalent",Production,t,1971,87314.15,E
Fruit Primary,Area harvested,ha,1971,1019600.0,E
Fruit Primary,Yield,kg/ha,1971,7715.8,E
Fruit Primary,Production,t,1971,7867000.0,E
"Meat, Poultry",Yield/Carcass Weight,g/An,1971,1300.0,E
"Meat, Poultry",Production,t,1971,14846.0,E
"Meat, Poultry",Producing Animals/Slaughtered,1000 An,1971,11420.0,E
"Meat, Total",Production,t,1971,116541.0,E
"Milk, Total",Yield/Carcass Weight,kg/An,1971,350.0,E
"Milk, Total",Production,t,1971,243915.0,E
"Milk, Total",Milk Animals,An,1971,696900.0,E
"Oilcrops, Cake Equivalent",Area harvested,ha,1971,1444900.0,E
"Oilcrops, Cake Equivalent",Yield,kg/ha,1971,137.6,E
"Oilcrops, Cake Equivalent",Production,t,1971,198809.39,E
"Oilcrops, Oil Equivalent",Area harvested,ha,1971,1448900.0,E
"Oilcrops, Oil Equivalent",Yield,kg/ha,1971,81.2,E
"Oilcrops, Oil Equivalent",Production,t,1971,117711.48,E
Poultry Birds,Stocks,1000 An,1971,8500.0,E
"Pulses, Total",Area harvested,ha,1971,622000.0,A
"Pulses, Total",Yield,kg/ha,1971,514.5,A
"Pulses, Total",Production,t,1971,320000.0,A
"Roots and Tubers, Total",Area harvested,ha,1971,1020000.0,A
"Roots and Tubers, Total",Yield,kg/ha,1971,3892.2,A
"Roots and Tubers, Total",Production,t,1971,3970000.0,A
Sheep and Goat Meat,Yield/Carcass Weight,kg/An,1971,11.0,E
Sheep and Goat Meat,Production,t,1971,12800.0,E
Sheep and Goat Meat,Producing Animals/Slaughtered,An,1971,1130800.0,E
Sheep and Goats,Stocks,An,1971,3126800.0,A
Sugar Crops Primary,Area harvested,ha,1971,29100.0,A
Sugar Crops Primary,Yield,kg/ha,1971,59106.5,E
Sugar Crops Primary,Production,t,1971,1720000.0,E
Vegetables Primary,Area harvested,ha,1971,42220.0,E
Vegetables Primary,Yield,kg/ha,1971,5199.0,E
Vegetables Primary,Production,t,1971,219500.0,E
Asses,Stocks,An,1972,17361.0,A
Bananas,Area harvested,ha,1972,124900.0,X
Bananas,Yield,kg/ha,1972,2401.9,E
Bananas,Production,t,1972,300000.0,E
"Beans, dry",Area harvested,ha,1972,309000.0,A
"Beans, dry",Yield,kg/ha,1972,767.0,A
"Beans, dry",Production,t,1972,237000.0,A
"Beer of barley, malted",Production,t,1972,37962.0,A
Bees,Stocks,No,1972,38700.0,E
Beeswax,Production,t,1972,500.0,E
"Cassava, fresh",Area harvested,ha,1972,375000.0,A
"Cassava, fresh",Yield,kg/ha,1972,7067.7,A
"Cassava, fresh",Production,t,1972,2650400.0,A
Castor oil seeds,Area harvested,ha,1972,4000.0,E
Castor oil seeds,Yield,kg/ha,1972,375.0,E
Castor oil seeds,Production,t,1972,1500.0,E
Cattle,Stocks,An,1972,4472600.0,A
"Cattle fat, unrendered",Production,t,1972,1553.75,I
"Cattle fat, unrendered",Producing Animals/Slaughtered,An,1972,497200.0,E
"Chick peas, dry",Area harvested,ha,1972,2000.0,A
"Chick peas, dry",Yield,kg/ha,1972,450.0,A
"Chick peas, dry",Production,t,1972,900.0,A
Chickens,Stocks,1000 An,1972,8700.0,E
"Chillies and peppers, dry (Capsicum spp., Pimenta spp.), raw",Area harvested,ha,1972,3900.0,E
"Chillies and peppers, dry (Capsicum spp., Pimenta spp.), raw",Yield,kg/ha,1972,897.4,E
"Chillies and peppers, dry (Capsicum spp., Pimenta spp.), raw",Production,t,1972,3500.0,E
Cocoa beans,Area harvested,ha,1972,2000.0,E
Cocoa beans,Yield,kg/ha,1972,95.0,E
Cocoa beans,Production,t,1972,190.0,A
"Coffee, green",Area harvested,ha,1972,256500.0,A
"Coffee, green",Yield,kg/ha,1972,716.2,A
"Coffee, green",Production,t,1972,183700.0,A
"Cotton lint, ginned",Production,t,1972,76000.0,A
Cotton seed,Production,t,1972,167200.0,A
Cottonseed oil,Production,t,1972,17177.88,I
"Cow peas, dry",Area harvested,ha,1972,63300.0,A
"Cow peas, dry",Yield,kg/ha,1972,977.9,A
"Cow peas, dry",Production,t,1972,61900.0,A
"Edible offal of cattle, fresh, chilled or frozen",Production,t,1972,12585.38,I
"Edible offal of cattle, fresh, chilled or frozen",Producing Animals/Slaughtered,An,1972,497200.0,E
"Edible offal of goat, fresh, chilled or frozen",Production,t,1972,2170.41,I
"Edible offal of goat, fresh, chilled or frozen",Producing Animals/Slaughtered,An,1972,644500.0,E
"Edible offal of pigs, fresh, chilled or frozen",Production,t,1972,332.49,I
"Edible offal of pigs, fresh, chilled or frozen",Producing Animals/Slaughtered,An,1972,66150.0,E
"Edible offal of sheep, fresh, chilled or frozen",Production,t,1972,850.82,I
"Edible offal of sheep, fresh, chilled or frozen",Producing Animals/Slaughtered,An,1972,315500.0,E
Fat of pigs,Production,t,1972,332.49,I
Fat of pigs,Producing Animals/Slaughtered,An,1972,66150.0,E
"Ginger, raw",Production,t,1972,0.0,A
"Goat fat, unrendered",Production,t,1972,245.98,I
"Goat fat, unrendered",Producing Animals/Slaughtered,An,1972,644500.0,E
Goats,Stocks,An,1972,1953000.0,A
Groundnut oil,Production,t,1972,8336.2,I
"Groundnuts, excluding shelled",Area harvested,ha,1972,291000.0,A
"Groundnuts, excluding shelled",Yield,kg/ha,1972,803.8,A
"Groundnuts, excluding shelled",Production,t,1972,233900.0,A
"Hen eggs in shell, fresh",Yield,No/An,1972,65.0,E
"Hen eggs in shell, fresh",Yield/Carcass Weight,g/An,1972,2534.0,E
"Hen eggs in shell, fresh",Production,t,1972,8820.0,E
"Hen eggs in shell, fresh",Production,1000 No,1972,226200.0,E
"Hen eggs in shell, fresh",Laying,1000 An,1972,3480.0,E
Maize (corn),Area harvested,ha,1972,415000.0,A
Maize (corn),Yield,kg/ha,1972,1204.8,A
Maize (corn),Production,t,1972,500000.0,A
"Meat of cattle with the bone, fresh or chilled",Yield/Carcass Weight,kg/An,1972,150.0,E
"Meat of cattle with the bone, fresh or chilled",Production,t,1972,74580.0,E
"Meat of cattle with the bone, fresh or chilled",Producing Animals/Slaughtered,An,1972,497200.0,E
"Meat of chickens, fresh or chilled",Yield/Carcass Weight,g/An,1972,1300.0,E
"Meat of chickens, fresh or chilled",Production,t,1972,15093.0,E
"Meat of chickens, fresh or chilled",Producing Animals/Slaughtered,1000 An,1972,11610.0,E
"Meat of goat, fresh or chilled",Yield/Carcass Weight,kg/An,1972,11.0,E
"Meat of goat, fresh or chilled",Production,t,1972,7090.0,E
"Meat of goat, fresh or chilled",Producing Animals/Slaughtered,An,1972,644500.0,E
"Meat of pig with the bone, fresh or chilled",Yield/Carcass Weight,kg/An,1972,60.0,E
"Meat of pig with the bone, fresh or chilled",Production,t,1972,3970.0,E
"Meat of pig with the bone, fresh or chilled",Producing Animals/Slaughtered,An,1972,66150.0,E
"Meat of sheep, fresh or chilled",Yield/Carcass Weight,kg/An,1972,12.0,E
"Meat of sheep, fresh or chilled",Production,t,1972,3790.0,E
"Meat of sheep, fresh or chilled",Producing Animals/Slaughtered,An,1972,315500.0,E
Millet,Area harvested,ha,1972,497000.0,A
Millet,Yield,kg/ha,1972,1195.2,A
Millet,Production,t,1972,594000.0,A
Molasses,Production,t,1972,70000.0,E
Natural honey,Production,t,1972,124.0,E
"Onions and shallots, dry (excluding dehydrated)",Area harvested,ha,1972,5000.0,E
"Onions and shallots, dry (excluding dehydrated)",Yield,kg/ha,1972,3260.0,E
"Onions and shallots, dry (excluding dehydrated)",Production,t,1972,16300.0,X
"Other fruits, n.e.c.",Area harvested,ha,1972,6400.0,E
"Other fruits, n.e.c.",Yield,kg/ha,1972,5000.0,E
"Other fruits, n.e.c.",Production,t,1972,32000.0,E
"Other meat of mammals, fresh or chilled",Production,t,1972,12000.0,E
"Other oil seeds, n.e.c.",Production,t,1972,6000.0,E
"Other vegetables, fresh n.e.c.",Area harvested,ha,1972,37000.0,E
"Other vegetables, fresh n.e.c.",Yield,kg/ha,1972,5540.5,E
"Other vegetables, fresh n.e.c.",Production,t,1972,205000.0,E
"Peas, dry",Area harvested,ha,1972,36000.0,A
"Peas, dry",Yield,kg/ha,1972,405.6,A
"Peas, dry",Production,t,1972,14600.0,A
"Pepper (Piper spp.), raw",Area harvested,ha,1972,1600.0,E
"Pepper (Piper spp.), raw",Yield,kg/ha,1972,437.5,E
"Pepper (Piper spp.), raw",Production,t,1972,700.0,E
"Pigeon peas, dry",Area harvested,ha,1972,121100.0,A
"Pigeon peas, dry",Yield,kg/ha,1972,398.0,A
"Pigeon peas, dry",Production,t,1972,48200.0,A
Pineapples,Production,t,1972,0.0,A
Plantains and cooking bananas,Area harvested,ha,1972,916500.0,A
Plantains and cooking bananas,Yield,kg/ha,1972,8329.5,A
Plantains and cooking bananas,Production,t,1972,7634000.0,A
Potatoes,Area harvested,ha,1972,16600.0,A
Potatoes,Yield,kg/ha,1972,9747.0,A
Potatoes,Production,t,1972,161800.0,A
Raw cane or beet sugar (centrifugal only),Production,t,1972,121400.0,A
Raw hides and skins of cattle,Yield/Carcass Weight,kg/An,1972,21.0,E
Raw hides and skins of cattle,Production,t,1972,10565.5,I
Raw hides and skins of cattle,Producing Animals/Slaughtered,An,1972,497200.0,E
Raw hides and skins of goats or kids,Yield/Carcass Weight,kg/An,1972,2.0,E
Raw hides and skins of goats or kids,Production,t,1972,1446.94,I
Raw hides and skins of goats or kids,Producing Animals/Slaughtered,An,1972,644500.0,E
Raw hides and skins of sheep or lambs,Yield/Carcass Weight,kg/An,1972,2.0,E
Raw hides and skins of sheep or lambs,Production,t,1972,665.18,I
Raw hides and skins of sheep or lambs,Producing Animals/Slaughtered,An,1972,315500.0,E
Raw milk of cattle,Yield/Carcass Weight,kg/An,1972,350.0,E
Raw milk of cattle,Production,t,1972,258300.0,I
Raw milk of cattle,Milk Animals,An,1972,738000.0,E
Rice,Area harvested,ha,1972,17900.0,A
Rice,Yield,kg/ha,1972,877.1,A
Rice,Production,t,1972,15700.0,A
"Seed cotton, unginned",Area harvested,ha,1972,1124000.0,X
"Seed cotton, unginned",Yield,kg/ha,1972,220.8,E
"Seed cotton, unginned",Production,t,1972,248163.0,A
Sesame seed,Area harvested,ha,1972,91000.0,A
Sesame seed,Yield,kg/ha,1972,313.2,A
Sesame seed,Production,t,1972,28500.0,A
Sheep,Stocks,An,1972,887900.0,A
"Sheep fat, unrendered",Production,t,1972,85.08,I
"Sheep fat, unrendered",Producing Animals/Slaughtered,An,1972,315500.0,E
"Sisal, raw",Area harvested,ha,1972,0.0,E
"Sisal, raw",Production,t,1972,0.0,E
Sorghum,Area harvested,ha,1972,318000.0,A
Sorghum,Yield,kg/ha,1972,1317.6,A
Sorghum,Production,t,1972,419000.0,A
Soya beans,Area harvested,ha,1972,7000.0,A
Soya beans,Yield,kg/ha,1972,1000.0,A
Soya beans,Production,t,1972,7000.0,A
Sugar cane,Area harvested,ha,1972,29000.0,E
Sugar cane,Yield,kg/ha,1972,53448.3,E
Sugar cane,Production,t,1972,1550000.0,E
Sunflower seed,Area harvested,ha,1972,3880.0,E
Sunflower seed,Yield,kg/ha,1972,399.5,E
Sunflower seed,Production,t,1972,1550.0,E
Sweet potatoes,Area harvested,ha,1972,509900.0,A
Sweet potatoes,Yield,kg/ha,1972,2400.9,A
Sweet potatoes,Production,t,1972,1224200.0,A
Swine / pigs,Stocks,An,1972,88200.0,A
Tea leaves,Area harvested,ha,1972,14600.0,A
Tea leaves,Yield,kg/ha,1972,1602.7,A
Tea leaves,Production,t,1972,23400.0,A
Tomatoes,Area harvested,ha,1972,860.0,E
Tomatoes,Yield,kg/ha,1972,6627.9,E
Tomatoes,Production,t,1972,5700.0,E
Unmanufactured tobacco,Area harvested,ha,1972,6900.0,A
Unmanufactured tobacco,Yield,kg/ha,1972,724.6,A
Unmanufactured tobacco,Production,t,1972,5000.0,A
"Vanilla, raw",Area harvested,ha,1972,50.0,E
"Vanilla, raw",Yield,kg/ha,1972,200.0,E
"Vanilla, raw",Production,t,1972,10.0,E
Wheat,Area harvested,ha,1972,3000.0,A
Wheat,Yield,kg/ha,1972,2300.0,A
Wheat,Production,t,1972,6900.0,A
"Beef and Buffalo Meat, primary",Yield/Carcass Weight,kg/An,1972,150.0,E
"Beef and Buffalo Meat, primary",Production,t,1972,74580.0,E
"Beef and Buffalo Meat, primary",Producing Animals/Slaughtered,An,1972,497200.0,E
Cattle and Buffaloes,Stocks,An,1972,4472600.0,A
"Cereals, primary",Area harvested,ha,1972,1250900.0,A
"Cereals, primary",Yield,kg/ha,1972,1227.6,A
"Cereals, primary",Production,t,1972,1535600.0,A
Eggs Primary,Yield/Carcass Weight,g/An,1972,2534.0,E
Eggs Primary,Production,t,1972,8820.0,E
Eggs Primary,Laying,1000 An,1972,3480.0,E
"Fibre Crops, Fibre Equivalent",Area harvested,ha,1972,1124000.0,E
"Fibre Crops, Fibre Equivalent",Yield,kg/ha,1972,77.3,E
"Fibre Crops, Fibre Equivalent",Production,t,1972,86857.05,E
Fruit Primary,Area harvested,ha,1972,1047800.0,E
Fruit Primary,Yield,kg/ha,1972,7602.6,E
Fruit Primary,Production,t,1972,7966000.0,E
"Meat, Poultry",Yield/Carcass Weight,g/An,1972,1300.0,E
"Meat, Poultry",Production,t,1972,15093.0,E
"Meat, Poultry",Producing Animals/Slaughtered,1000 An,1972,11610.0,E
"Meat, Total",Production,t,1972,116523.0,E
"Milk, Total",Yield/Carcass Weight,kg/An,1972,350.0,E
"Milk, Total",Production,t,1972,258300.0,E
"Milk, Total",Milk Animals,An,1972,738000.0,E
"Oilcrops, Cake Equivalent",Area harvested,ha,1972,1516880.0,E
"Oilcrops, Cake Equivalent",Yield,kg/ha,1972,127.2,E
"Oilcrops, Cake Equivalent",Production,t,1972,193010.27,E
"Oilcrops, Oil Equivalent",Area harvested,ha,1972,1520880.0,E
"Oilcrops, Oil Equivalent",Yield,kg/ha,1972,73.5,E
"Oilcrops, Oil Equivalent",Production,t,1972,111735.33,E
Poultry Birds,Stocks,1000 An,1972,8700.0,E
"Pulses, Total",Area harvested,ha,1972,531400.0,A
"Pulses, Total",Yield,kg/ha,1972,682.3,A
"Pulses, Total",Production,t,1972,362600.0,A
"Roots and Tubers, Total",Area harvested,ha,1972,901500.0,A
"Roots and Tubers, Total",Yield,kg/ha,1972,4477.4,A
"Roots and Tubers, Total",Production,t,1972,4036400.0,A
Sheep and Goat Meat,Yield/Carcass Weight,kg/An,1972,11.0,E
Sheep and Goat Meat,Production,t,1972,10880.0,E
Sheep and Goat Meat,Producing Animals/Slaughtered,An,1972,960000.0,E
Sheep and Goats,Stocks,An,1972,2840900.0,A
Sugar Crops Primary,Area harvested,ha,1972,29000.0,E
Sugar Crops Primary,Yield,kg/ha,1972,53448.3,E
Sugar Crops Primary,Production,t,1972,1550000.0,E
Vegetables Primary,Area harvested,ha,1972,42860.0,E
Vegetables Primary,Yield,kg/ha,1972,5296.3,E
Vegetables Primary,Production,t,1972,227000.0,E
Asses,Stocks,An,1973,16000.0,E
Bananas,Area harvested,ha,1973,100000.0,E
Bananas,Yield,kg/ha,1973,3100.0,E
Bananas,Production,t,1973,310000.0,E
"Beans, dry",Area harvested,ha,1973,359000.0,A
"Beans, dry",Yield,kg/ha,1973,473.5,A
"Beans, dry",Production,t,1973,170000.0,A
"Beer of barley, malted",Production,t,1973,45493.0,A
Bees,Stocks,No,1973,38700.0,E
Beeswax,Production,t,1973,500.0,E
"Cassava, fresh",Area harvested,ha,1973,483000.0,A
"Cassava, fresh",Yield,kg/ha,1973,4413.9,A
"Cassava, fresh",Production,t,1973,2131900.0,A
Castor oil seeds,Area harvested,ha,1973,4000.0,E
Castor oil seeds,Yield,kg/ha,1973,375.0,E
Castor oil seeds,Production,t,1973,1500.0,E
Cattle,Stocks,An,1973,4628700.0,A
"Cattle fat, unrendered",Production,t,1973,1631.88,I
"Cattle fat, unrendered",Producing Animals/Slaughtered,An,1973,522200.0,E
"Chick peas, dry",Area harvested,ha,1973,5000.0,A
"Chick peas, dry",Yield,kg/ha,1973,460.0,A
"Chick peas, dry",Production,t,1973,2300.0,A
Chickens,Stocks,1000 An,1973,9000.0,E
"Chillies and peppers, dry (Capsicum spp., Pimenta spp.), raw",Area harvested,ha,1973,4000.0,E
"Chillies and peppers, dry (Capsicum spp., Pimenta spp.), raw",Yield,kg/ha,1973,900.0,E
"Chillies and peppers, dry (Capsicum spp., Pimenta spp.), raw",Production,t,1973,3600.0,E
Cocoa beans,Area harvested,ha,1973,2000.0,E
Cocoa beans,Yield,kg/ha,1973,100.0,E
Cocoa beans,Production,t,1973,200.0,X
"Coffee, green",Area harvested,ha,1973,280000.0,E
"Coffee, green",Yield,kg/ha,1973,759.3,E
"Coffee, green",Production,t,1973,212600.0,A
"Cotton lint, ginned",Production,t,1973,79400.0,A
Cotton seed,Production,t,1973,174680.0,A
Cottonseed oil,Production,t,1973,17579.4,I
"Cow peas, dry",Area harvested,ha,1973,49000.0,A
"Cow peas, dry",Yield,kg/ha,1973,1026.5,A
"Cow peas, dry",Production,t,1973,50300.0,A
"Edible offal of cattle, fresh, chilled or frozen",Production,t,1973,13218.19,I
"Edible offal of cattle, fresh, chilled or frozen",Producing Animals/Slaughtered,An,1973,522200.0,E
"Edible offal of goat, fresh, chilled or frozen",Production,t,1973,2431.84,I
"Edible offal of goat, fresh, chilled or frozen",Producing Animals/Slaughtered,An,1973,735300.0,E
"Edible offal of pigs, fresh, chilled or frozen",Production,t,1973,281.4,I
"Edible offal of pigs, fresh, chilled or frozen",Producing Animals/Slaughtered,An,1973,56000.0,E
"Edible offal of sheep, fresh, chilled or frozen",Production,t,1973,874.16,I
"Edible offal of sheep, fresh, chilled or frozen",Producing Animals/Slaughtered,An,1973,329500.0,E
Fat of pigs,Production,t,1973,281.4,I
Fat of pigs,Producing Animals/Slaughtered,An,1973,56000.0,E
"Ginger, raw",Production,t,1973,0.0,A
"Goat fat, unrendered",Production,t,1973,275.61,I
"Goat fat, unrendered",Producing Animals/Slaughtered,An,1973,735300.0,E
Goats,Stocks,An,1973,2100800.0,A
Groundnut oil,Production,t,1973,7562.81,I
"Groundnuts, excluding shelled",Area harvested,ha,1973,222000.0,A
"Groundnuts, excluding shelled",Yield,kg/ha,1973,955.9,A
"Groundnuts, excluding shelled",Production,t,1973,212200.0,A
"Hen eggs in shell, fresh",Yield,No/An,1973,65.0,E
"Hen eggs in shell, fresh",Yield/Carcass Weight,g/An,1973,2600.0,E
"Hen eggs in shell, fresh",Production,t,1973,9360.0,A
"Hen eggs in shell, fresh",Production,1000 No,1973,234000.0,E
"Hen eggs in shell, fresh",Laying,1000 An,1973,3600.0,E
Maize (corn),Area harvested,ha,1973,314000.0,A
Maize (corn),Yield,kg/ha,1973,1334.4,A
Maize (corn),Production,t,1973,419000.0,A
"Meat of cattle with the bone, fresh or chilled",Yield/Carcass Weight,kg/An,1973,150.0,E
"Meat of cattle with the bone, fresh or chilled",Production,t,1973,78330.0,E
"Meat of cattle with the bone, fresh or chilled",Producing Animals/Slaughtered,An,1973,522200.0,E
"Meat of chickens, fresh or chilled",Yield/Carcass Weight,g/An,1973,1300.0,E
"Meat of chickens, fresh or chilled",Production,t,1973,16250.0,E
"Meat of chickens, fresh or chilled",Producing Animals/Slaughtered,1000 An,1973,12500.0,E
"Meat of goat, fresh or chilled",Yield/Carcass Weight,kg/An,1973,11.0,E
"Meat of goat, fresh or chilled",Production,t,1973,7944.0,A
"Meat of goat, fresh or chilled",Producing Animals/Slaughtered,An,1973,735300.0,E
"Meat of pig with the bone, fresh or chilled",Yield/Carcass Weight,kg/An,1973,60.0,E
"Meat of pig with the bone, fresh or chilled",Production,t,1973,3360.0,E
"Meat of pig with the bone, fresh or chilled",Producing Animals/Slaughtered,An,1973,56000.0,E
"Meat of sheep, fresh or chilled",Yield/Carcass Weight,kg/An,1973,12.0,E
"Meat of sheep, fresh or chilled",Production,t,1973,3894.0,A
"Meat of sheep, fresh or chilled",Producing Animals/Slaughtered,An,1973,329500.0,E
Millet,Area harvested,ha,1973,636000.0,A
Millet,Yield,kg/ha,1973,1011.0,A
Millet,Production,t,1973,643000.0,A
Molasses,Production,t,1973,43500.0,E
Natural honey,Production,t,1973,124.0,E
"Onions and shallots, dry (excluding dehydrated)",Area harvested,ha,1973,6000.0,E
"Onions and shallots, dry (excluding dehydrated)",Yield,kg/ha,1973,3283.3,E
"Onions and shallots, dry (excluding dehydrated)",Production,t,1973,19700.0,X
"Other fruits, n.e.c.",Area harvested,ha,1973,6400.0,E
"Other fruits, n.e.c.",Yield,kg/ha,1973,5000.0,E
"Other fruits, n.e.c.",Production,t,1973,32000.0,E
"Other meat of mammals, fresh or chilled",Production,t,1973,13000.0,E
"Other oil seeds, n.e.c.",Production,t,1973,8000.0,E
"Other vegetables, fresh n.e.c.",Area harvested,ha,1973,38000.0,E
"Other vegetables, fresh n.e.c.",Yield,kg/ha,1973,5578.9,E
"Other vegetables, fresh n.e.c.",Production,t,1973,212000.0,E
"Peas, dry",Area harvested,ha,1973,20000.0,A
"Peas, dry",Yield,kg/ha,1973,400.0,A
"Peas, dry",Production,t,1973,8000.0,A
"Pepper (Piper spp.), raw",Area harvested,ha,1973,1600.0,E
"Pepper (Piper spp.), raw",Yield,kg/ha,1973,437.5,E
"Pepper (Piper spp.), raw",Production,t,1973,700.0,E
"Pigeon peas, dry",Area harvested,ha,1973,78200.0,A
"Pigeon peas, dry",Yield,kg/ha,1973,400.3,A
"Pigeon peas, dry",Production,t,1973,31300.0,A
Pineapples,Production,t,1973,0.0,A
Plantains and cooking bananas,Area harvested,ha,1973,974600.0,A
Plantains and cooking bananas,Yield,kg/ha,1973,8337.8,A
Plantains and cooking bananas,Production,t,1973,8126000.0,A
Potatoes,Area harvested,ha,1973,20000.0,A
Potatoes,Yield,kg/ha,1973,8830.0,A
Potatoes,Production,t,1973,176600.0,A
Raw cane or beet sugar (centrifugal only),Production,t,1973,68600.0,A
Raw hides and skins of cattle,Yield/Carcass Weight,kg/An,1973,21.0,E
Raw hides and skins of cattle,Production,t,1973,11096.75,I
Raw hides and skins of cattle,Producing Animals/Slaughtered,An,1973,522200.0,E
Raw hides and skins of goats or kids,Yield/Carcass Weight,kg/An,1973,2.0,E
Raw hides and skins of goats or kids,Production,t,1973,1621.22,I
Raw hides and skins of goats or kids,Producing Animals/Slaughtered,An,1973,735300.0,E
Raw hides and skins of sheep or lambs,Yield/Carcass Weight,kg/An,1973,2.0,E
Raw hides and skins of sheep or lambs,Production,t,1973,683.44,I
Raw hides and skins of sheep or lambs,Producing Animals/Slaughtered,An,1973,329500.0,E
Raw milk of cattle,Yield/Carcass Weight,kg/An,1973,350.0,E
Raw milk of cattle,Production,t,1973,267295.0,I
Raw milk of cattle,Milk Animals,An,1973,763700.0,E
Rice,Area harvested,ha,1973,9800.0,A
Rice,Yield,kg/ha,1973,887.8,A
Rice,Production,t,1973,8700.0,A
"Seed cotton, unginned",Area harvested,ha,1973,1112000.0,X
"Seed cotton, unginned",Yield,kg/ha,1973,233.2,E
"Seed cotton, unginned",Production,t,1973,259265.0,A
Sesame seed,Area harvested,ha,1973,96000.0,A
Sesame seed,Yield,kg/ha,1973,319.8,A
Sesame seed,Production,t,1973,30700.0,A
Sheep,Stocks,An,1973,921300.0,A
"Sheep fat, unrendered",Production,t,1973,87.42,I
"Sheep fat, unrendered",Producing Animals/Slaughtered,An,1973,329500.0,E
"Sisal, raw",Area harvested,ha,1973,0.0,A
"Sisal, raw",Production,t,1973,0.0,A
Sorghum,Area harvested,ha,1973,287000.0,A
Sorghum,Yield,kg/ha,1973,1355.4,A
Sorghum,Production,t,1973,389000.0,A
Soya beans,Area harvested,ha,1973,5000.0,A
Soya beans,Yield,kg/ha,1973,1000.0,A
Soya beans,Production,t,1973,5000.0,A
Sugar cane,Area harvested,ha,1973,27000.0,E
Sugar cane,Yield,kg/ha,1973,45303.7,E
Sugar cane,Production,t,1973,1223200.0,A
Sunflower seed,Area harvested,ha,1973,3900.0,E
Sunflower seed,Yield,kg/ha,1973,410.3,E
Sunflower seed,Production,t,1973,1600.0,E
Sweet potatoes,Area harvested,ha,1973,400000.0,A
Sweet potatoes,Yield,kg/ha,1973,3077.8,A
Sweet potatoes,Production,t,1973,1231100.0,A
Swine / pigs,Stocks,An,1973,74600.0,A
Tea leaves,Area harvested,ha,1973,16400.0,A
Tea leaves,Yield,kg/ha,1973,1341.5,A
Tea leaves,Production,t,1973,22000.0,A
Tomatoes,Area harvested,ha,1973,890.0,E
Tomatoes,Yield,kg/ha,1973,6629.2,E
Tomatoes,Production,t,1973,5900.0,E
Unmanufactured tobacco,Area harvested,ha,1973,6500.0,E
Unmanufactured tobacco,Yield,kg/ha,1973,600.0,E
Unmanufactured tobacco,Production,t,1973,3900.0,A
"Vanilla, raw",Area harvested,ha,1973,50.0,E
"Vanilla, raw",Yield,kg/ha,1973,200.0,E
"Vanilla, raw",Production,t,1973,10.0,E
Wheat,Area harvested,ha,1973,3000.0,A
Wheat,Yield,kg/ha,1973,2300.0,A
Wheat,Production,t,1973,6900.0,A
"Beef and Buffalo Meat, primary",Yield/Carcass Weight,kg/An,1973,150.0,E
"Beef and Buffalo Meat, primary",Production,t,1973,78330.0,E
"Beef and Buffalo Meat, primary",Producing Animals/Slaughtered,An,1973,522200.0,E
Cattle and Buffaloes,Stocks,An,1973,4628700.0,A
"Cereals, primary",Area harvested,ha,1973,1249800.0,A
"Cereals, primary",Yield,kg/ha,1973,1173.5,A
"Cereals, primary",Production,t,1973,1466600.0,A
Eggs Primary,Yield/Carcass Weight,g/An,1973,2600.0,E
Eggs Primary,Production,t,1973,9360.0,A
Eggs Primary,Laying,1000 An,1973,3600.0,E
"Fibre Crops, Fibre Equivalent",Area harvested,ha,1973,1112000.0,E
"Fibre Crops, Fibre Equivalent",Yield,kg/ha,1973,81.6,E
"Fibre Crops, Fibre Equivalent",Production,t,1973,90742.75,E
Fruit Primary,Area harvested,ha,1973,1081000.0,E
Fruit Primary,Yield,kg/ha,1973,7833.5,E
Fruit Primary,Production,t,1973,8468000.0,E
"Meat, Poultry",Yield/Carcass Weight,g/An,1973,1300.0,E
"Meat, Poultry",Production,t,1973,16250.0,E
"Meat, Poultry",Producing Animals/Slaughtered,1000 An,1973,12500.0,E
"Meat, Total",Production,t,1973,122778.0,E
"Milk, Total",Yield/Carcass Weight,kg/An,1973,350.0,E
"Milk, Total",Production,t,1973,267295.0,E
"Milk, Total",Milk Animals,An,1973,763700.0,E
"Oilcrops, Cake Equivalent",Area harvested,ha,1973,1438900.0,E
"Oilcrops, Cake Equivalent",Yield,kg/ha,1973,131.4,E
"Oilcrops, Cake Equivalent",Production,t,1973,189096.84,E
"Oilcrops, Oil Equivalent",Area harvested,ha,1973,1442900.0,E
"Oilcrops, Oil Equivalent",Yield,kg/ha,1973,74.5,E
"Oilcrops, Oil Equivalent",Production,t,1973,107550.91,E
Poultry Birds,Stocks,1000 An,1973,9000.0,E
"Pulses, Total",Area harvested,ha,1973,511200.0,A
"Pulses, Total",Yield,kg/ha,1973,512.3,A
"Pulses, Total",Production,t,1973,261900.0,A
"Roots and Tubers, Total",Area harvested,ha,1973,903000.0,A
"Roots and Tubers, Total",Yield,kg/ha,1973,3919.8,A
"Roots and Tubers, Total",Production,t,1973,3539600.0,A
Sheep and Goat Meat,Yield/Carcass Weight,kg/An,1973,11.0,E
Sheep and Goat Meat,Production,t,1973,11838.0,A
Sheep and Goat Meat,Producing Animals/Slaughtered,An,1973,1064800.0,E
Sheep and Goats,Stocks,An,1973,3022100.0,A
Sugar Crops Primary,Area harvested,ha,1973,27000.0,E
Sugar Crops Primary,Yield,kg/ha,1973,45303.7,E
Sugar Crops Primary,Production,t,1973,1223200.0,A
Vegetables Primary,Area harvested,ha,1973,44890.0,E
Vegetables Primary,Yield,kg/ha,1973,5292.9,E
Vegetables Primary,Production,t,1973,237600.0,E
Asses,Stocks,An,1974,16000.0,E
Bananas,Area harvested,ha,1974,100000.0,E
Bananas,Yield,kg/ha,1974,3200.0,E
Bananas,Production,t,1974,320000.0,E
"Beans, dry",Area harvested,ha,1974,408000.0,A
"Beans, dry",Yield,kg/ha,1974,481.1,A
"Beans, dry",Production,t,1974,196300.0,A
"Beer of barley, malted",Production,t,1974,43487.0,A
Bees,Stocks,No,1974,38737.0,A
Beeswax,Production,t,1974,500.0,E
"Cassava, fresh",Area harvested,ha,1974,485000.0,A
"Cassava, fresh",Yield,kg/ha,1974,4845.2,A
"Cassava, fresh",Production,t,1974,2349900.0,A
Castor oil seeds,Area harvested,ha,1974,3800.0,E
Castor oil seeds,Yield,kg/ha,1974,210.5,E
Castor oil seeds,Production,t,1974,800.0,E
Cattle,Stocks,An,1974,4773300.0,A
"Cattle fat, unrendered",Production,t,1974,1681.04,I
"Cattle fat, unrendered",Producing Animals/Slaughtered,An,1974,537900.0,E
"Chick peas, dry",Area harvested,ha,1974,6000.0,A
"Chick peas, dry",Yield,kg/ha,1974,450.0,A
"Chick peas, dry",Production,t,1974,2700.0,A
Chickens,Stocks,1000 An,1974,9500.0,E
"Chillies and peppers, dry (Capsicum spp., Pimenta spp.), raw",Area harvested,ha,1974,4000.0,E
"Chillies and peppers, dry (Capsicum spp., Pimenta spp.), raw",Yield,kg/ha,1974,900.0,E
"Chillies and peppers, dry (Capsicum spp., Pimenta spp.), raw",Production,t,1974,3600.0,E
Cocoa beans,Area harvested,ha,1974,2000.0,E
Cocoa beans,Yield,kg/ha,1974,50.0,E
Cocoa beans,Production,t,1974,100.0,A
"Coffee, green",Area harvested,ha,1974,222400.0,A
"Coffee, green",Yield,kg/ha,1974,895.2,A
"Coffee, green",Production,t,1974,199100.0,A
"Cotton lint, ginned",Production,t,1974,50000.0,A
Cotton seed,Production,t,1974,110000.0,A
Cottonseed oil,Production,t,1974,8181.24,I
"Cow peas, dry",Area harvested,ha,1974,68000.0,A
"Cow peas, dry",Yield,kg/ha,1974,939.7,A
"Cow peas, dry",Production,t,1974,63900.0,A
"Edible offal of cattle, fresh, chilled or frozen",Production,t,1974,13616.44,I
"Edible offal of cattle, fresh, chilled or frozen",Producing Animals/Slaughtered,An,1974,537900.0,E
"Edible offal of goat, fresh, chilled or frozen",Production,t,1974,2336.33,I
"Edible offal of goat, fresh, chilled or frozen",Producing Animals/Slaughtered,An,1974,618000.0,E
"Edible offal of pigs, fresh, chilled or frozen",Production,t,1974,269.26,I
"Edible offal of pigs, fresh, chilled or frozen",Producing Animals/Slaughtered,An,1974,53600.0,E
"Edible offal of sheep, fresh, chilled or frozen",Production,t,1974,945.1,I
"Edible offal of sheep, fresh, chilled or frozen",Producing Animals/Slaughtered,An,1974,350500.0,E
Fat of pigs,Production,t,1974,269.26,I
Fat of pigs,Producing Animals/Slaughtered,An,1974,53600.0,E
"Ginger, raw",Production,t,1974,0.0,A
"Goat fat, unrendered",Production,t,1974,264.78,I
"Goat fat, unrendered",Producing Animals/Slaughtered,An,1974,618000.0,E
Goats,Stocks,An,1974,1872800.0,A
Groundnut oil,Production,t,1974,7117.31,I
"Groundnuts, excluding shelled",Area harvested,ha,1974,267500.0,A
"Groundnuts, excluding shelled",Yield,kg/ha,1974,746.5,A
"Groundnuts, excluding shelled",Production,t,1974,199700.0,A
"Hen eggs in shell, fresh",Yield,No/An,1974,65.0,E
"Hen eggs in shell, fresh",Yield/Carcass Weight,g/An,1974,2665.0,E
"Hen eggs in shell, fresh",Production,t,1974,10127.0,E
"Hen eggs in shell, fresh",Production,1000 No,1974,247000.0,E
"Hen eggs in shell, fresh",Laying,1000 An,1974,3800.0,E
Maize (corn),Area harvested,ha,1974,388000.0,A
Maize (corn),Yield,kg/ha,1974,1108.2,A
Maize (corn),Production,t,1974,430000.0,A
"Meat of cattle with the bone, fresh or chilled",Yield/Carcass Weight,kg/An,1974,150.0,E
"Meat of cattle with the bone, fresh or chilled",Production,t,1974,80690.0,E
"Meat of cattle with the bone, fresh or chilled",Producing Animals/Slaughtered,An,1974,537900.0,E
"Meat of chickens, fresh or chilled",Yield/Carcass Weight,g/An,1974,1300.0,E
"Meat of chickens, fresh or chilled",Production,t,1974,15925.0,E
"Meat of chickens, fresh or chilled",Producing Animals/Slaughtered,1000 An,1974,12250.0,E
"Meat of goat, fresh or chilled",Yield/Carcass Weight,kg/An,1974,12.0,E
"Meat of goat, fresh or chilled",Production,t,1974,7632.0,A
"Meat of goat, fresh or chilled",Producing Animals/Slaughtered,An,1974,618000.0,E
"Meat of pig with the bone, fresh or chilled",Yield/Carcass Weight,kg/An,1974,60.0,E
"Meat of pig with the bone, fresh or chilled",Production,t,1974,3215.0,E
"Meat of pig with the bone, fresh or chilled",Producing Animals/Slaughtered,An,1974,53600.0,E
"Meat of sheep, fresh or chilled",Yield/Carcass Weight,kg/An,1974,12.0,E
"Meat of sheep, fresh or chilled",Production,t,1974,4210.0,E
"Meat of sheep, fresh or chilled",Producing Animals/Slaughtered,An,1974,350500.0,E
Millet,Area harvested,ha,1974,510000.0,A
Millet,Yield,kg/ha,1974,1158.8,A
Millet,Production,t,1974,591000.0,A
Molasses,Production,t,1974,33960.0,E
Natural honey,Production,t,1974,124.0,A
"Onions and shallots, dry (excluding dehydrated)",Area harvested,ha,1974,4500.0,A
"Onions and shallots, dry (excluding dehydrated)",Yield,kg/ha,1974,2422.2,A
"Onions and shallots, dry (excluding dehydrated)",Production,t,1974,10900.0,A
"Other fruits, n.e.c.",Area harvested,ha,1974,6400.0,E
"Other fruits, n.e.c.",Yield,kg/ha,1974,5000.0,E
"Other fruits, n.e.c.",Production,t,1974,32000.0,E
"Other meat of mammals, fresh or chilled",Production,t,1974,13000.0,E
"Other oil seeds, n.e.c.",Production,t,1974,12000.0,E
"Other vegetables, fresh n.e.c.",Area harvested,ha,1974,39000.0,E
"Other vegetables, fresh n.e.c.",Yield,kg/ha,1974,5589.7,E
"Other vegetables, fresh n.e.c.",Production,t,1974,218000.0,E
"Peas, dry",Area harvested,ha,1974,32000.0,A
"Peas, dry",Yield,kg/ha,1974,409.4,A
"Peas, dry",Production,t,1974,13100.0,A
"Pepper (Piper spp.), raw",Area harvested,ha,1974,1600.0,E
"Pepper (Piper spp.), raw",Yield,kg/ha,1974,437.5,E
"Pepper (Piper spp.), raw",Production,t,1974,700.0,E
"Pigeon peas, dry",Area harvested,ha,1974,115600.0,A
"Pigeon peas, dry",Yield,kg/ha,1974,397.1,A
"Pigeon peas, dry",Production,t,1974,45900.0,A
Pineapples,Production,t,1974,0.0,A
Plantains and cooking bananas,Area harvested,ha,1974,1063400.0,A
Plantains and cooking bananas,Yield,kg/ha,1974,8349.6,A
Plantains and cooking bananas,Production,t,1974,8879000.0,A
Potatoes,Area harvested,ha,1974,22000.0,A
Potatoes,Yield,kg/ha,1974,9050.0,A
Potatoes,Production,t,1974,199100.0,A
Raw cane or beet sugar (centrifugal only),Production,t,1974,40500.0,A
Raw hides and skins of cattle,Yield/Carcass Weight,kg/An,1974,21.0,E
Raw hides and skins of cattle,Production,t,1974,11431.08,I
Raw hides and skins of cattle,Producing Animals/Slaughtered,An,1974,537900.0,E
Raw hides and skins of goats or kids,Yield/Carcass Weight,kg/An,1974,3.0,E
Raw hides and skins of goats or kids,Production,t,1974,1557.55,I
Raw hides and skins of goats or kids,Producing Animals/Slaughtered,An,1974,618000.0,E
Raw hides and skins of sheep or lambs,Yield/Carcass Weight,kg/An,1974,2.0,E
Raw hides and skins of sheep or lambs,Production,t,1974,738.9,I
Raw hides and skins of sheep or lambs,Producing Animals/Slaughtered,An,1974,350500.0,E
Raw milk of cattle,Yield/Carcass Weight,kg/An,1974,350.0,E
Raw milk of cattle,Production,t,1974,275660.0,I
Raw milk of cattle,Milk Animals,An,1974,787600.0,E
Rice,Area harvested,ha,1974,17300.0,A
Rice,Yield,kg/ha,1974,867.1,A
Rice,Production,t,1974,15000.0,A
"Seed cotton, unginned",Area harvested,ha,1974,503900.0,A
"Seed cotton, unginned",Yield,kg/ha,1974,324.0,A
"Seed cotton, unginned",Production,t,1974,163265.0,A
Sesame seed,Area harvested,ha,1974,97000.0,A
Sesame seed,Yield,kg/ha,1974,309.3,A
Sesame seed,Production,t,1974,30000.0,A
Sheep,Stocks,An,1974,996500.0,A
"Sheep fat, unrendered",Production,t,1974,94.51,I
"Sheep fat, unrendered",Producing Animals/Slaughtered,An,1974,350500.0,E
"Sisal, raw",Area harvested,ha,1974,0.0,A
"Sisal, raw",Production,t,1974,0.0,A
Sorghum,Area harvested,ha,1974,367000.0,A
Sorghum,Yield,kg/ha,1974,940.1,A
Sorghum,Production,t,1974,345000.0,A
Soya beans,Area harvested,ha,1974,6000.0,A
Soya beans,Yield,kg/ha,1974,666.7,A
Soya beans,Production,t,1974,4000.0,A
Sugar cane,Area harvested,ha,1974,28000.0,E
Sugar cane,Yield,kg/ha,1974,25714.3,E
Sugar cane,Production,t,1974,720000.0,E
Sunflower seed,Area harvested,ha,1974,4200.0,E
Sunflower seed,Yield,kg/ha,1974,392.9,E
Sunflower seed,Production,t,1974,1650.0,E
Sweet potatoes,Area harvested,ha,1974,506000.0,A
Sweet potatoes,Yield,kg/ha,1974,3529.6,A
Sweet potatoes,Production,t,1974,1786000.0,A
Swine / pigs,Stocks,An,1974,71500.0,A
Tea leaves,Area harvested,ha,1974,16300.0,A
Tea leaves,Yield,kg/ha,1974,1349.7,A
Tea leaves,Production,t,1974,22000.0,A
Tomatoes,Area harvested,ha,1974,930.0,E
Tomatoes,Yield,kg/ha,1974,6559.1,E
Tomatoes,Production,t,1974,6100.0,E
Unmanufactured tobacco,Area harvested,ha,1974,6900.0,A
Unmanufactured tobacco,Yield,kg/ha,1974,463.8,A
Unmanufactured tobacco,Production,t,1974,3200.0,A
"Vanilla, raw",Area harvested,ha,1974,50.0,E
"Vanilla, raw",Yield,kg/ha,1974,200.0,E
"Vanilla, raw",Production,t,1974,10.0,E
Wheat,Area harvested,ha,1974,4000.0,A
Wheat,Yield,kg/ha,1974,2000.0,A
Wheat,Production,t,1974,8000.0,A
"Beef and Buffalo Meat, primary",Yield/Carcass Weight,kg/An,1974,150.0,E
"Beef and Buffalo Meat, primary",Production,t,1974,80690.0,E
"Beef and Buffalo Meat, primary",Producing Animals/Slaughtered,An,1974,537900.0,E
Cattle and Buffaloes,Stocks,An,1974,4773300.0,A
"Cereals, primary",Area harvested,ha,1974,1286300.0,A
"Cereals, primary",Yield,kg/ha,1974,1079.8,A
"Cereals, primary",Production,t,1974,1389000.0,A
Eggs Primary,Yield/Carcass Weight,g/An,1974,2665.0,E
Eggs Primary,Production,t,1974,10127.0,E
Eggs Primary,Laying,1000 An,1974,3800.0,E
"Fibre Crops, Fibre Equivalent",Area harvested,ha,1974,503900.0,E
"Fibre Crops, Fibre Equivalent",Yield,kg/ha,1974,113.4,E
"Fibre Crops, Fibre Equivalent",Production,t,1974,57142.75,E
Fruit Primary,Area harvested,ha,1974,1169800.0,E
Fruit Primary,Yield,kg/ha,1974,7891.1,E
Fruit Primary,Production,t,1974,9231000.0,E
"Meat, Poultry",Yield/Carcass Weight,g/An,1974,1300.0,E
"Meat, Poultry",Production,t,1974,15925.0,E
"Meat, Poultry",Producing Animals/Slaughtered,1000 An,1974,12250.0,E
"Meat, Total",Production,t,1974,124672.0,E
"Milk, Total",Yield/Carcass Weight,kg/An,1974,350.0,E
"Milk, Total",Production,t,1974,275660.0,E
"Milk, Total",Milk Animals,An,1974,787600.0,E
"Oilcrops, Cake Equivalent",Area harvested,ha,1974,878600.0,E
"Oilcrops, Cake Equivalent",Yield,kg/ha,1974,176.2,E
"Oilcrops, Cake Equivalent",Production,t,1974,154778.54,E
"Oilcrops, Oil Equivalent",Area harvested,ha,1974,882400.0,E
"Oilcrops, Oil Equivalent",Yield,kg/ha,1974,107.2,E
"Oilcrops, Oil Equivalent",Production,t,1974,94583.61,E
Poultry Birds,Stocks,1000 An,1974,9500.0,E
"Pulses, Total",Area harvested,ha,1974,629600.0,A
"Pulses, Total",Yield,kg/ha,1974,511.3,A
"Pulses, Total",Production,t,1974,321900.0,A
"Roots and Tubers, Total",Area harvested,ha,1974,1013000.0,A
"Roots and Tubers, Total",Yield,kg/ha,1974,4279.4,A
"Roots and Tubers, Total",Production,t,1974,4335000.0,A
Sheep and Goat Meat,Yield/Carcass Weight,kg/An,1974,12.0,E
Sheep and Goat Meat,Production,t,1974,11842.0,E
Sheep and Goat Meat,Producing Animals/Slaughtered,An,1974,968500.0,E
Sheep and Goats,Stocks,An,1974,2869300.0,A
Sugar Crops Primary,Area harvested,ha,1974,28000.0,E
Sugar Crops Primary,Yield,kg/ha,1974,25714.3,E
Sugar Crops Primary,Production,t,1974,720000.0,E
Vegetables Primary,Area harvested,ha,1974,44430.0,E
Vegetables Primary,Yield,kg/ha,1974,5289.2,E
Vegetables Primary,Production,t,1974,235000.0,E
Asses,Stocks,An,1975,16000.0,E
Bananas,Area harvested,ha,1975,100000.0,E
Bananas,Yield,kg/ha,1975,3300.0,E
Bananas,Production,t,1975,330000.0,E
"Beans, dry",Area harvested,ha,1975,407300.0,A
"Beans, dry",Yield,kg/ha,1975,797.9,A
"Beans, dry",Production,t,1975,325000.0,A
"Beer of barley, malted",Production,t,1975,38784.0,A
Bees,Stocks,No,1975,38800.0,E
Beeswax,Production,t,1975,420.0,E
"Cassava, fresh",Area harvested,ha,1975,618200.0,A
"Cassava, fresh",Yield,kg/ha,1975,4840.0,A
"Cassava, fresh",Production,t,1975,2992100.0,A
Castor oil seeds,Area harvested,ha,1975,2400.0,E
Castor oil seeds,Yield,kg/ha,1975,208.3,E
Castor oil seeds,Production,t,1975,500.0,E
Cattle,Stocks,An,1975,4867900.0,A
"Cattle fat, unrendered",Production,t,1975,1677.48,I
"Cattle fat, unrendered",Producing Animals/Slaughtered,An,1975,536791.0,A
"Chick peas, dry",Area harvested,ha,1975,6400.0,A
"Chick peas, dry",Yield,kg/ha,1975,500.0,A
"Chick peas, dry",Production,t,1975,3200.0,A
Chickens,Stocks,1000 An,1975,10000.0,A
"Chillies and peppers, dry (Capsicum spp., Pimenta spp.), raw",Area harvested,ha,1975,4000.0,E
"Chillies and peppers, dry (Capsicum spp., Pimenta spp.), raw",Yield,kg/ha,1975,900.0,E
"Chillies and peppers, dry (Capsicum spp., Pimenta spp.), raw",Production,t,1975,3600.0,E
Cocoa beans,Area harvested,ha,1975,2000.0,E
Cocoa beans,Yield,kg/ha,1975,50.0,E
Cocoa beans,Production,t,1975,100.0,A
"Coffee, green",Area harvested,ha,1975,223200.0,A
"Coffee, green",Yield,kg/ha,1975,891.6,A
"Coffee, green",Production,t,1975,199000.0,A
"Cotton lint, ginned",Production,t,1975,31900.0,A
Cotton seed,Production,t,1975,70180.0,A
Cottonseed oil,Production,t,1975,5384.67,I
"Cow peas, dry",Area harvested,ha,1975,78000.0,A
"Cow peas, dry",Yield,kg/ha,1975,729.5,A
"Cow peas, dry",Production,t,1975,56900.0,A
"Edible offal of cattle, fresh, chilled or frozen",Production,t,1975,13587.58,I
"Edible offal of cattle, fresh, chilled or frozen",Producing Animals/Slaughtered,An,1975,536791.0,A
"Edible offal of goat, fresh, chilled or frozen",Production,t,1975,2788.78,I
"Edible offal of goat, fresh, chilled or frozen",Producing Animals/Slaughtered,An,1975,759000.0,E
"Edible offal of pigs, fresh, chilled or frozen",Production,t,1975,350.91,I
"Edible offal of pigs, fresh, chilled or frozen",Producing Animals/Slaughtered,An,1975,69800.0,E
"Edible offal of sheep, fresh, chilled or frozen",Production,t,1975,992.24,I
"Edible offal of sheep, fresh, chilled or frozen",Producing Animals/Slaughtered,An,1975,368800.0,E
Fat of pigs,Production,t,1975,350.91,I
Fat of pigs,Producing Animals/Slaughtered,An,1975,69800.0,E
"Ginger, raw",Production,t,1975,0.0,A
"Goat fat, unrendered",Production,t,1975,316.06,I
"Goat fat, unrendered",Producing Animals/Slaughtered,An,1975,759000.0,E
Goats,Stocks,An,1975,2168700.0,A
Groundnut oil,Production,t,1975,6928.42,I
"Groundnuts, excluding shelled",Area harvested,ha,1975,243000.0,A
"Groundnuts, excluding shelled",Yield,kg/ha,1975,800.0,A
"Groundnuts, excluding shelled",Production,t,1975,194400.0,A
"Hen eggs in shell, fresh",Yield,No/An,1975,65.0,A
"Hen eggs in shell, fresh",Yield/Carcass Weight,g/An,1975,2741.0,E
"Hen eggs in shell, fresh",Production,t,1975,11907.0,X
"Hen eggs in shell, fresh",Production,1000 No,1975,283500.0,A
"Hen eggs in shell, fresh",Laying,1000 An,1975,4344.0,A
Maize (corn),Area harvested,ha,1975,475400.0,A
Maize (corn),Yield,kg/ha,1975,1199.0,A
Maize (corn),Production,t,1975,570000.0,A
"Meat of cattle with the bone, fresh or chilled",Yield/Carcass Weight,kg/An,1975,150.0,A
"Meat of cattle with the bone, fresh or chilled",Production,t,1975,80519.0,A
"Meat of cattle with the bone, fresh or chilled",Producing Animals/Slaughtered,An,1975,536791.0,A
"Meat of chickens, fresh or chilled",Yield/Carcass Weight,g/An,1975,1300.0,E
"Meat of chickens, fresh or chilled",Production,t,1975,16200.0,A
"Meat of chickens, fresh or chilled",Producing Animals/Slaughtered,1000 An,1975,12460.0,E
"Meat of goat, fresh or chilled",Yield/Carcass Weight,kg/An,1975,12.0,E
"Meat of goat, fresh or chilled",Production,t,1975,9110.0,E
"Meat of goat, fresh or chilled",Producing Animals/Slaughtered,An,1975,759000.0,E
"Meat of pig with the bone, fresh or chilled",Yield/Carcass Weight,kg/An,1975,60.0,E
"Meat of pig with the bone, fresh or chilled",Production,t,1975,4190.0,E
"Meat of pig with the bone, fresh or chilled",Producing Animals/Slaughtered,An,1975,69800.0,E
"Meat of sheep, fresh or chilled",Yield/Carcass Weight,kg/An,1975,12.0,E
"Meat of sheep, fresh or chilled",Production,t,1975,4420.0,E
"Meat of sheep, fresh or chilled",Producing Animals/Slaughtered,An,1975,368800.0,E
Millet,Area harvested,ha,1975,484200.0,A
Millet,Yield,kg/ha,1975,1408.5,A
Millet,Production,t,1975,682000.0,A
Molasses,Production,t,1975,16000.0,E
Natural honey,Production,t,1975,104.0,A
"Onions and shallots, dry (excluding dehydrated)",Area harvested,ha,1975,6100.0,A
"Onions and shallots, dry (excluding dehydrated)",Yield,kg/ha,1975,2508.2,A
"Onions and shallots, dry (excluding dehydrated)",Production,t,1975,15300.0,A
"Other fruits, n.e.c.",Area harvested,ha,1975,6500.0,E
"Other fruits, n.e.c.",Yield,kg/ha,1975,5230.8,E
"Other fruits, n.e.c.",Production,t,1975,34000.0,E
"Other meat of mammals, fresh or chilled",Production,t,1975,13500.0,E
"Other oil seeds, n.e.c.",Production,t,1975,14000.0,E
"Other vegetables, fresh n.e.c.",Area harvested,ha,1975,40000.0,E
"Other vegetables, fresh n.e.c.",Yield,kg/ha,1975,5625.0,E
"Other vegetables, fresh n.e.c.",Production,t,1975,225000.0,E
"Peas, dry",Area harvested,ha,1975,29000.0,A
"Peas, dry",Yield,kg/ha,1975,413.8,A
"Peas, dry",Production,t,1975,12000.0,A
"Pepper (Piper spp.), raw",Area harvested,ha,1975,1600.0,E
"Pepper (Piper spp.), raw",Yield,kg/ha,1975,437.5,E
"Pepper (Piper spp.), raw",Production,t,1975,700.0,E
"Pigeon peas, dry",Area harvested,ha,1975,63800.0,A
"Pigeon peas, dry",Yield,kg/ha,1975,399.7,A
"Pigeon peas, dry",Production,t,1975,25500.0,A
Pineapples,Production,t,1975,0.0,A
Plantains and cooking bananas,Area harvested,ha,1975,1097200.0,A
Plantains and cooking bananas,Yield,kg/ha,1975,8299.3,A
Plantains and cooking bananas,Production,t,1975,9106000.0,A
Potatoes,Area harvested,ha,1975,35300.0,A
Potatoes,Yield,kg/ha,1975,6260.6,A
Potatoes,Production,t,1975,221000.0,A
Raw cane or beet sugar (centrifugal only),Production,t,1975,23900.0,A
Raw hides and skins of cattle,Yield/Carcass Weight,kg/An,1975,21.0,E
Raw hides and skins of cattle,Production,t,1975,11406.86,I
Raw hides and skins of cattle,Producing Animals/Slaughtered,An,1975,536791.0,A
Raw hides and skins of goats or kids,Yield/Carcass Weight,kg/An,1975,2.0,E
Raw hides and skins of goats or kids,Production,t,1975,1859.18,I
Raw hides and skins of goats or kids,Producing Animals/Slaughtered,An,1975,759000.0,E
Raw hides and skins of sheep or lambs,Yield/Carcass Weight,kg/An,1975,2.0,E
Raw hides and skins of sheep or lambs,Production,t,1975,775.76,I
Raw hides and skins of sheep or lambs,Producing Animals/Slaughtered,An,1975,368800.0,E
Raw milk of cattle,Yield/Carcass Weight,kg/An,1975,350.0,E
Raw milk of cattle,Production,t,1975,282170.7,I
Raw milk of cattle,Milk Animals,An,1975,806202.0,A
Rice,Area harvested,ha,1975,17900.0,A
Rice,Yield,kg/ha,1975,893.9,A
Rice,Production,t,1975,16000.0,A
"Seed cotton, unginned",Area harvested,ha,1975,571100.0,A
"Seed cotton, unginned",Yield,kg/ha,1975,182.4,A
"Seed cotton, unginned",Production,t,1975,104163.0,A
Sesame seed,Area harvested,ha,1975,122800.0,A
Sesame seed,Yield,kg/ha,1975,318.4,A
Sesame seed,Production,t,1975,39100.0,A
Sheep,Stocks,An,1975,1051000.0,A
"Sheep fat, unrendered",Production,t,1975,99.22,I
"Sheep fat, unrendered",Producing Animals/Slaughtered,An,1975,368800.0,E
"Sisal, raw",Area harvested,ha,1975,0.0,A
"Sisal, raw",Production,t,1975,0.0,A
Sorghum,Area harvested,ha,1975,311300.0,A
Sorghum,Yield,kg/ha,1975,1500.2,A
Sorghum,Production,t,1975,467000.0,A
Soya beans,Area harvested,ha,1975,6000.0,A
Soya beans,Yield,kg/ha,1975,666.7,A
Soya beans,Production,t,1975,4000.0,A
Sugar cane,Area harvested,ha,1975,24333.0,A
Sugar cane,Yield,kg/ha,1975,19100.0,A
Sugar cane,Production,t,1975,464760.0,A
Sunflower seed,Area harvested,ha,1975,4350.0,E
Sunflower seed,Yield,kg/ha,1975,390.8,E
Sunflower seed,Production,t,1975,1700.0,E
Sweet potatoes,Area harvested,ha,1975,550000.0,A
Sweet potatoes,Yield,kg/ha,1975,3550.9,A
Sweet potatoes,Production,t,1975,1953000.0,A
Swine / pigs,Stocks,An,1975,93100.0,A
Tea leaves,Area harvested,ha,1975,17500.0,A
Tea leaves,Yield,kg/ha,1975,1051.4,A
Tea leaves,Production,t,1975,18400.0,A
Tomatoes,Area harvested,ha,1975,960.0,E
Tomatoes,Yield,kg/ha,1975,6562.5,E
Tomatoes,Production,t,1975,6300.0,E
Unmanufactured tobacco,Area harvested,ha,1975,7200.0,A
Unmanufactured tobacco,Yield,kg/ha,1975,555.6,A
Unmanufactured tobacco,Production,t,1975,4000.0,A
"Vanilla, raw",Area harvested,ha,1975,50.0,E
"Vanilla, raw",Yield,kg/ha,1975,200.0,E
"Vanilla, raw",Production,t,1975,10.0,E
Wheat,Area harvested,ha,1975,6000.0,A
Wheat,Yield,kg/ha,1975,2333.3,A
Wheat,Production,t,1975,14000.0,A
"Beef and Buffalo Meat, primary",Yield/Carcass Weight,kg/An,1975,150.0,A
"Beef and Buffalo Meat, primary",Production,t,1975,80519.0,A
"Beef and Buffalo Meat, primary",Producing Animals/Slaughtered,An,1975,536791.0,A
Cattle and Buffaloes,Stocks,An,1975,4867900.0,A
"Cereals, primary",Area harvested,ha,1975,1294800.0,A
"Cereals, primary",Yield,kg/ha,1975,1350.8,A
"Cereals, primary",Production,t,1975,1749000.0,A
Eggs Primary,Yield/Carcass Weight,g/An,1975,2741.0,E
Eggs Primary,Production,t,1975,11907.0,X
Eggs Primary,Laying,1000 An,1975,4344.0,A
"Fibre Crops, Fibre Equivalent",Area harvested,ha,1975,571100.0,E
"Fibre Crops, Fibre Equivalent",Yield,kg/ha,1975,63.8,E
"Fibre Crops, Fibre Equivalent",Production,t,1975,36457.05,E
Fruit Primary,Area harvested,ha,1975,1203700.0,E
Fruit Primary,Yield,kg/ha,1975,7867.4,E
Fruit Primary,Production,t,1975,9470000.0,E
"Meat, Poultry",Yield/Carcass Weight,g/An,1975,1300.0,E
"Meat, Poultry",Production,t,1975,16200.0,A
"Meat, Poultry",Producing Animals/Slaughtered,1000 An,1975,12460.0,E
"Meat, Total",Production,t,1975,127939.0,E
"Milk, Total",Yield/Carcass Weight,kg/An,1975,350.0,E
"Milk, Total",Production,t,1975,282170.7,E
"Milk, Total",Milk Animals,An,1975,806202.0,A
"Oilcrops, Cake Equivalent",Area harvested,ha,1975,947250.0,E
"Oilcrops, Cake Equivalent",Yield,kg/ha,1975,147.4,E
"Oilcrops, Cake Equivalent",Production,t,1975,139639.57,E
"Oilcrops, Oil Equivalent",Area harvested,ha,1975,949650.0,E
"Oilcrops, Oil Equivalent",Yield,kg/ha,1975,96.3,E
"Oilcrops, Oil Equivalent",Production,t,1975,91449.63,E
Poultry Birds,Stocks,1000 An,1975,10000.0,A
"Pulses, Total",Area harvested,ha,1975,584500.0,A
"Pulses, Total",Yield,kg/ha,1975,723.0,A
"Pulses, Total",Production,t,1975,422600.0,A
"Roots and Tubers, Total",Area harvested,ha,1975,1203500.0,A
"Roots and Tubers, Total",Yield,kg/ha,1975,4292.6,A
"Roots and Tubers, Total",Production,t,1975,5166100.0,A
Sheep and Goat Meat,Yield/Carcass Weight,kg/An,1975,12.0,E
Sheep and Goat Meat,Production,t,1975,13530.0,E
Sheep and Goat Meat,Producing Animals/Slaughtered,An,1975,1127800.0,E
Sheep and Goats,Stocks,An,1975,3219700.0,A
Sugar Crops Primary,Area harvested,ha,1975,24333.0,A
Sugar Crops Primary,Yield,kg/ha,1975,19100.0,A
Sugar Crops Primary,Production,t,1975,464760.0,A
Vegetables Primary,Area harvested,ha,1975,47060.0,E
Vegetables Primary,Yield,kg/ha,1975,5240.1,E
Vegetables Primary,Production,t,1975,246600.0,E
Asses,Stocks,An,1976,16000.0,E
Bananas,Area harvested,ha,1976,100000.0,E
Bananas,Yield,kg/ha,1976,3400.0,E
Bananas,Production,t,1976,340000.0,E
"Beans, dry",Area harvested,ha,1976,434892.0,A
"Beans, dry",Yield,kg/ha,1976,774.9,A
"Beans, dry",Production,t,1976,337000.0,A
"Beer of barley, malted",Production,t,1976,23346.0,A
Bees,Stocks,No,1976,38800.0,E
Beeswax,Production,t,1976,340.0,E
"Cassava, fresh",Area harvested,ha,1976,512200.0,A
"Cassava, fresh",Yield,kg/ha,1976,5540.4,A
"Cassava, fresh",Production,t,1976,2837800.0,A
Castor oil seeds,Area harvested,ha,1976,2400.0,E
Castor oil seeds,Yield,kg/ha,1976,208.3,E
Castor oil seeds,Production,t,1976,500.0,E
Cattle,Stocks,An,1976,4989500.0,A
"Cattle fat, unrendered",Production,t,1976,1705.92,I
"Cattle fat, unrendered",Producing Animals/Slaughtered,An,1976,545892.0,A
"Chick peas, dry",Area harvested,ha,1976,7000.0,A
"Chick peas, dry",Yield,kg/ha,1976,242.9,A
"Chick peas, dry",Production,t,1976,1700.0,A
Chickens,Stocks,1000 An,1976,12000.0,A
"Chillies and peppers, dry (Capsicum spp., Pimenta spp.), raw",Area harvested,ha,1976,4000.0,E
"Chillies and peppers, dry (Capsicum spp., Pimenta spp.), raw",Yield,kg/ha,1976,925.0,E
"Chillies and peppers, dry (Capsicum spp., Pimenta spp.), raw",Production,t,1976,3700.0,E
Cocoa beans,Area harvested,ha,1976,2000.0,E
Cocoa beans,Yield,kg/ha,1976,100.0,E
Cocoa beans,Production,t,1976,200.0,A
"Coffee, green",Area harvested,ha,1976,223922.0,A
"Coffee, green",Yield,kg/ha,1976,612.3,A
"Coffee, green",Production,t,1976,137100.0,A
"Cotton lint, ginned",Production,t,1976,24700.0,A
Cotton seed,Production,t,1976,54340.0,A
Cottonseed oil,Production,t,1976,5428.8,I
"Cow peas, dry",Area harvested,ha,1976,86675.0,A
"Cow peas, dry",Yield,kg/ha,1976,357.7,A
"Cow peas, dry",Production,t,1976,31000.0,A
"Edible offal of cattle, fresh, chilled or frozen",Production,t,1976,13817.92,I
"Edible offal of cattle, fresh, chilled or frozen",Producing Animals/Slaughtered,An,1976,545892.0,A
"Edible offal of goat, fresh, chilled or frozen",Production,t,1976,2261.63,I
"Edible offal of goat, fresh, chilled or frozen",Producing Animals/Slaughtered,An,1976,738814.0,A
"Edible offal of pigs, fresh, chilled or frozen",Production,t,1976,459.79,I
"Edible offal of pigs, fresh, chilled or frozen",Producing Animals/Slaughtered,An,1976,91500.0,E
"Edible offal of sheep, fresh, chilled or frozen",Production,t,1976,1104.27,I
"Edible offal of sheep, fresh, chilled or frozen",Producing Animals/Slaughtered,An,1976,378366.0,A
Fat of pigs,Production,t,1976,459.79,I
Fat of pigs,Producing Animals/Slaughtered,An,1976,91500.0,E
"Ginger, raw",Production,t,1976,0.0,A
"Goat fat, unrendered",Production,t,1976,256.32,I
"Goat fat, unrendered",Producing Animals/Slaughtered,An,1976,738814.0,A
Goats,Stocks,An,1976,2299700.0,A
Groundnut oil,Production,t,1976,6304.72,I
"Groundnuts, excluding shelled",Area harvested,ha,1976,213331.0,A
"Groundnuts, excluding shelled",Yield,kg/ha,1976,829.2,A
"Groundnuts, excluding shelled",Production,t,1976,176900.0,A
"Hen eggs in shell, fresh",Yield,No/An,1976,67.0,A
"Hen eggs in shell, fresh",Yield/Carcass Weight,g/An,1976,2867.0,E
"Hen eggs in shell, fresh",Production,t,1976,13545.0,X
"Hen eggs in shell, fresh",Production,1000 No,1976,315000.0,A
"Hen eggs in shell, fresh",Laying,1000 An,1976,4725.0,A
Maize (corn),Area harvested,ha,1976,526470.0,A
Maize (corn),Yield,kg/ha,1976,1280.2,A
Maize (corn),Production,t,1976,674000.0,A
"Meat of cattle with the bone, fresh or chilled",Yield/Carcass Weight,kg/An,1976,150.0,A
"Meat of cattle with the bone, fresh or chilled",Production,t,1976,81884.0,A
"Meat of cattle with the bone, fresh or chilled",Producing Animals/Slaughtered,An,1976,545892.0,A
"Meat of chickens, fresh or chilled",Yield/Carcass Weight,g/An,1976,1300.0,E
"Meat of chickens, fresh or chilled",Production,t,1976,18000.0,A
"Meat of chickens, fresh or chilled",Producing Animals/Slaughtered,1000 An,1976,13845.0,E
"Meat of goat, fresh or chilled",Yield/Carcass Weight,kg/An,1976,10.0,A
"Meat of goat, fresh or chilled",Production,t,1976,7388.0,A
"Meat of goat, fresh or chilled",Producing Animals/Slaughtered,An,1976,738814.0,A
"Meat of pig with the bone, fresh or chilled",Yield/Carcass Weight,kg/An,1976,60.0,E
"Meat of pig with the bone, fresh or chilled",Production,t,1976,5490.0,E
"Meat of pig with the bone, fresh or chilled",Producing Animals/Slaughtered,An,1976,91500.0,E
"Meat of sheep, fresh or chilled",Yield/Carcass Weight,kg/An,1976,13.0,A
"Meat of sheep, fresh or chilled",Production,t,1976,4919.0,A
"Meat of sheep, fresh or chilled",Producing Animals/Slaughtered,An,1976,378366.0,A
Millet,Area harvested,ha,1976,498300.0,A
Millet,Yield,kg/ha,1976,1155.9,A
Millet,Production,t,1976,576000.0,A
Molasses,Production,t,1976,12200.0,E
Natural honey,Production,t,1976,86.0,A
"Onions and shallots, dry (excluding dehydrated)",Area harvested,ha,1976,5200.0,A
"Onions and shallots, dry (excluding dehydrated)",Yield,kg/ha,1976,2730.8,A
"Onions and shallots, dry (excluding dehydrated)",Production,t,1976,14200.0,A
"Other fruits, n.e.c.",Area harvested,ha,1976,6500.0,E
"Other fruits, n.e.c.",Yield,kg/ha,1976,5230.8,E
"Other fruits, n.e.c.",Production,t,1976,34000.0,E
"Other meat of mammals, fresh or chilled",Production,t,1976,13500.0,E
"Other oil seeds, n.e.c.",Production,t,1976,15000.0,E
"Other vegetables, fresh n.e.c.",Area harvested,ha,1976,41000.0,E
"Other vegetables, fresh n.e.c.",Yield,kg/ha,1976,5609.8,E
"Other vegetables, fresh n.e.c.",Production,t,1976,230000.0,E
"Peas, dry",Area harvested,ha,1976,39000.0,A
"Peas, dry",Yield,kg/ha,1976,384.6,A
"Peas, dry",Production,t,1976,15000.0,A
"Pepper (Piper spp.), raw",Area harvested,ha,1976,1600.0,E
"Pepper (Piper spp.), raw",Yield,kg/ha,1976,437.5,E
"Pepper (Piper spp.), raw",Production,t,1976,700.0,E
"Pigeon peas, dry",Area harvested,ha,1976,86617.0,A
"Pigeon peas, dry",Yield,kg/ha,1976,424.9,A
"Pigeon peas, dry",Production,t,1976,36800.0,A
Pineapples,Production,t,1976,0.0,A
Plantains and cooking bananas,Area harvested,ha,1976,1180100.0,A
Plantains and cooking bananas,Yield,kg/ha,1976,6895.2,A
Plantains and cooking bananas,Production,t,1976,8137000.0,A
Potatoes,Area harvested,ha,1976,48238.0,A
Potatoes,Yield,kg/ha,1976,7152.0,A
Potatoes,Production,t,1976,345000.0,A
Raw cane or beet sugar (centrifugal only),Production,t,1976,18200.0,A
Raw hides and skins of cattle,Yield/Carcass Weight,kg/An,1976,21.0,E
Raw hides and skins of cattle,Production,t,1976,11600.23,I
Raw hides and skins of cattle,Producing Animals/Slaughtered,An,1976,545892.0,A
Raw hides and skins of goats or kids,Yield/Carcass Weight,kg/An,1976,2.0,E
Raw hides and skins of goats or kids,Production,t,1976,1507.76,I
Raw hides and skins of goats or kids,Producing Animals/Slaughtered,An,1976,738814.0,A
Raw hides and skins of sheep or lambs,Yield/Carcass Weight,kg/An,1976,2.0,E
Raw hides and skins of sheep or lambs,Production,t,1976,863.33,I
Raw hides and skins of sheep or lambs,Producing Animals/Slaughtered,An,1976,378366.0,A
Raw milk of cattle,Yield/Carcass Weight,kg/An,1976,350.0,E
Raw milk of cattle,Production,t,1976,282689.4,I
Raw milk of cattle,Milk Animals,An,1976,807684.0,A
Rice,Area harvested,ha,1976,24409.0,A
Rice,Yield,kg/ha,1976,1188.1,A
Rice,Production,t,1976,29000.0,A
"Seed cotton, unginned",Area harvested,ha,1976,497438.0,A
"Seed cotton, unginned",Yield,kg/ha,1976,162.1,A
"Seed cotton, unginned",Production,t,1976,80653.0,A
Sesame seed,Area harvested,ha,1976,113488.0,A
Sesame seed,Yield,kg/ha,1976,350.0,A
Sesame seed,Production,t,1976,39720.0,A
Sheep,Stocks,An,1976,1097000.0,A
"Sheep fat, unrendered",Production,t,1976,110.43,I
"Sheep fat, unrendered",Producing Animals/Slaughtered,An,1976,378366.0,A
"Sisal, raw",Area harvested,ha,1976,0.0,A
"Sisal, raw",Production,t,1976,0.0,A
Sorghum,Area harvested,ha,1976,326840.0,A
Sorghum,Yield,kg/ha,1976,1193.2,A
Sorghum,Production,t,1976,390000.0,A
Soya beans,Area harvested,ha,1976,8000.0,A
Soya beans,Yield,kg/ha,1976,1000.0,A
Soya beans,Production,t,1976,8000.0,A
Sugar cane,Area harvested,ha,1976,29493.0,A
Sugar cane,Yield,kg/ha,1976,19100.0,A
Sugar cane,Production,t,1976,563316.0,A
Sunflower seed,Area harvested,ha,1976,4400.0,E
Sunflower seed,Yield,kg/ha,1976,397.7,E
Sunflower seed,Production,t,1976,1750.0,E
Sweet potatoes,Area harvested,ha,1976,563800.0,A
Sweet potatoes,Yield,kg/ha,1976,3550.2,A
Sweet potatoes,Production,t,1976,2001600.0,A
Swine / pigs,Stocks,An,1976,122000.0,A
Tea leaves,Area harvested,ha,1976,18000.0,A
Tea leaves,Yield,kg/ha,1976,855.6,A
Tea leaves,Production,t,1976,15400.0,A
Tomatoes,Area harvested,ha,1976,990.0,E
Tomatoes,Yield,kg/ha,1976,6565.7,E
Tomatoes,Production,t,1976,6500.0,E
Unmanufactured tobacco,Area harvested,ha,1976,4670.0,A
Unmanufactured tobacco,Yield,kg/ha,1976,792.3,A
Unmanufactured tobacco,Production,t,1976,3700.0,A
"Vanilla, raw",Area harvested,ha,1976,50.0,E
"Vanilla, raw",Yield,kg/ha,1976,200.0,E
"Vanilla, raw",Production,t,1976,10.0,E
Wheat,Area harvested,ha,1976,4975.0,A
Wheat,Yield,kg/ha,1976,2412.1,A
Wheat,Production,t,1976,12000.0,A
"Beef and Buffalo Meat, primary",Yield/Carcass Weight,kg/An,1976,150.0,A
"Beef and Buffalo Meat, primary",Production,t,1976,81884.0,A
"Beef and Buffalo Meat, primary",Producing Animals/Slaughtered,An,1976,545892.0,A
Cattle and Buffaloes,Stocks,An,1976,4989500.0,A
"Cereals, primary",Area harvested,ha,1976,1380994.0,A
"Cereals, primary",Yield,kg/ha,1976,1217.2,A
"Cereals, primary",Production,t,1976,1681000.0,A
Eggs Primary,Yield/Carcass Weight,g/An,1976,2867.0,E
Eggs Primary,Production,t,1976,13545.0,X
Eggs Primary,Laying,1000 An,1976,4725.0,A
"Fibre Crops, Fibre Equivalent",Area harvested,ha,1976,497438.0,E
"Fibre Crops, Fibre Equivalent",Yield,kg/ha,1976,56.7,E
"Fibre Crops, Fibre Equivalent",Production,t,1976,28228.55,E
Fruit Primary,Area harvested,ha,1976,1286600.0,E
Fruit Primary,Yield,kg/ha,1976,6615.1,E
Fruit Primary,Production,t,1976,8511000.0,E
"Meat, Poultry",Yield/Carcass Weight,g/An,1976,1300.0,E
"Meat, Poultry",Production,t,1976,18000.0,A
"Meat, Poultry",Producing Animals/Slaughtered,1000 An,1976,13845.0,E
"Meat, Total",Production,t,1976,131181.0,E
"Milk, Total",Yield/Carcass Weight,kg/An,1976,350.0,E
"Milk, Total",Production,t,1976,282689.4,E
"Milk, Total",Milk Animals,An,1976,807684.0,A
"Oilcrops, Cake Equivalent",Area harvested,ha,1976,836657.0,E
"Oilcrops, Cake Equivalent",Yield,kg/ha,1976,154.8,E
"Oilcrops, Cake Equivalent",Production,t,1976,129535.51,E
"Oilcrops, Oil Equivalent",Area harvested,ha,1976,839057.0,E
"Oilcrops, Oil Equivalent",Yield,kg/ha,1976,101.5,E
"Oilcrops, Oil Equivalent",Production,t,1976,85136.92,E
Poultry Birds,Stocks,1000 An,1976,12000.0,A
"Pulses, Total",Area harvested,ha,1976,654184.0,A
"Pulses, Total",Yield,kg/ha,1976,644.3,A
"Pulses, Total",Production,t,1976,421500.0,A
"Roots and Tubers, Total",Area harvested,ha,1976,1124238.0,A
"Roots and Tubers, Total",Yield,kg/ha,1976,4611.5,A
"Roots and Tubers, Total",Production,t,1976,5184400.0,A
Sheep and Goat Meat,Yield/Carcass Weight,kg/An,1976,11.0,A
Sheep and Goat Meat,Production,t,1976,12307.0,A
Sheep and Goat Meat,Producing Animals/Slaughtered,An,1976,1117180.0,A
Sheep and Goats,Stocks,An,1976,3396700.0,A
Sugar Crops Primary,Area harvested,ha,1976,29493.0,A
Sugar Crops Primary,Yield,kg/ha,1976,19100.0,A
Sugar Crops Primary,Production,t,1976,563316.0,A
Vegetables Primary,Area harvested,ha,1976,47190.0,E
Vegetables Primary,Yield,kg/ha,1976,5312.6,E
Vegetables Primary,Production,t,1976,250700.0,E
Asses,Stocks,An,1977,16000.0,E
Bananas,Area harvested,ha,1977,100000.0,E
Bananas,Yield,kg/ha,1977,3500.0,E
Bananas,Production,t,1977,350000.0,E
"Beans, dry",Area harvested,ha,1977,338347.0,A
"Beans, dry",Yield,kg/ha,1977,747.8,A
"Beans, dry",Production,t,1977,253000.0,A
"Beer of barley, malted",Production,t,1977,22055.0,A
Bees,Stocks,No,1977,38800.0,E
Beeswax,Production,t,1977,680.0,E
"Cassava, fresh",Area harvested,ha,1977,540300.0,A
"Cassava, fresh",Yield,kg/ha,1977,5540.3,A
"Cassava, fresh",Production,t,1977,2993400.0,A
Castor oil seeds,Area harvested,ha,1977,2400.0,E
Castor oil seeds,Yield,kg/ha,1977,208.3,E
Castor oil seeds,Production,t,1977,500.0,E
Cattle,Stocks,An,1977,4911100.0,A
"Cattle fat, unrendered",Production,t,1977,1829.23,I
"Cattle fat, unrendered",Producing Animals/Slaughtered,An,1977,585354.0,A
"Chick peas, dry",Area harvested,ha,1977,4400.0,A
"Chick peas, dry",Yield,kg/ha,1977,272.7,A
"Chick peas, dry",Production,t,1977,1200.0,A
Chickens,Stocks,1000 An,1977,15000.0,A
"Chillies and peppers, dry (Capsicum spp., Pimenta spp.), raw",Area harvested,ha,1977,4000.0,E
"Chillies and peppers, dry (Capsicum spp., Pimenta spp.), raw",Yield,kg/ha,1977,925.0,E
"Chillies and peppers, dry (Capsicum spp., Pimenta spp.), raw",Production,t,1977,3700.0,E
Cocoa beans,Area harvested,ha,1977,2000.0,E
Cocoa beans,Yield,kg/ha,1977,50.0,E
Cocoa beans,Production,t,1977,100.0,A
"Coffee, green",Area harvested,ha,1977,223807.0,E
"Coffee, green",Yield,kg/ha,1977,696.6,E
"Coffee, green",Production,t,1977,155900.0,A
"Cotton lint, ginned",Production,t,1977,13800.0,A
Cotton seed,Production,t,1977,30360.0,A
Cottonseed oil,Production,t,1977,1897.2,I
"Cow peas, dry",Area harvested,ha,1977,80700.0,A
"Cow peas, dry",Yield,kg/ha,1977,390.3,A
"Cow peas, dry",Production,t,1977,31500.0,A
"Edible offal of cattle, fresh, chilled or frozen",Production,t,1977,14816.76,I
"Edible offal of cattle, fresh, chilled or frozen",Producing Animals/Slaughtered,An,1977,585354.0,A
"Edible offal of goat, fresh, chilled or frozen",Production,t,1977,2909.69,I
"Edible offal of goat, fresh, chilled or frozen",Producing Animals/Slaughtered,An,1977,792074.0,A
"Edible offal of pigs, fresh, chilled or frozen",Production,t,1977,607.19,I
"Edible offal of pigs, fresh, chilled or frozen",Producing Animals/Slaughtered,An,1977,120900.0,E
"Edible offal of sheep, fresh, chilled or frozen",Production,t,1977,1178.57,I
"Edible offal of sheep, fresh, chilled or frozen",Producing Animals/Slaughtered,An,1977,375030.0,A
Fat of pigs,Production,t,1977,607.19,I
Fat of pigs,Producing Animals/Slaughtered,An,1977,120900.0,E
"Ginger, raw",Production,t,1977,0.0,A
"Goat fat, unrendered",Production,t,1977,329.77,I
"Goat fat, unrendered",Producing Animals/Slaughtered,An,1977,792074.0,A
Goats,Stocks,An,1977,2384800.0,A
Groundnut oil,Production,t,1977,6864.26,I
"Groundnuts, excluding shelled",Area harvested,ha,1977,233604.0,A
"Groundnuts, excluding shelled",Yield,kg/ha,1977,824.5,A
"Groundnuts, excluding shelled",Production,t,1977,192600.0,A
"Hen eggs in shell, fresh",Yield,No/An,1977,46.0,A
"Hen eggs in shell, fresh",Yield/Carcass Weight,g/An,1977,1966.0,E
"Hen eggs in shell, fresh",Production,t,1977,10320.0,X
"Hen eggs in shell, fresh",Production,1000 No,1977,240000.0,A
"Hen eggs in shell, fresh",Laying,1000 An,1977,5250.0,A
Maize (corn),Area harvested,ha,1977,429298.0,A
Maize (corn),Yield,kg/ha,1977,1318.4,A
Maize (corn),Production,t,1977,566000.0,A
"Meat of cattle with the bone, fresh or chilled",Yield/Carcass Weight,kg/An,1977,150.0,A
"Meat of cattle with the bone, fresh or chilled",Production,t,1977,87803.0,A
"Meat of cattle with the bone, fresh or chilled",Producing Animals/Slaughtered,An,1977,585354.0,A
"Meat of chickens, fresh or chilled",Yield/Carcass Weight,g/An,1977,1300.0,E
"Meat of chickens, fresh or chilled",Production,t,1977,22000.0,A
"Meat of chickens, fresh or chilled",Producing Animals/Slaughtered,1000 An,1977,16920.0,E
"Meat of goat, fresh or chilled",Yield/Carcass Weight,kg/An,1977,12.0,A
"Meat of goat, fresh or chilled",Production,t,1977,9505.0,A
"Meat of goat, fresh or chilled",Producing Animals/Slaughtered,An,1977,792074.0,A
"Meat of pig with the bone, fresh or chilled",Yield/Carcass Weight,kg/An,1977,60.0,E
"Meat of pig with the bone, fresh or chilled",Production,t,1977,7250.0,E
"Meat of pig with the bone, fresh or chilled",Producing Animals/Slaughtered,An,1977,120900.0,E
"Meat of sheep, fresh or chilled",Yield/Carcass Weight,kg/An,1977,14.0,A
"Meat of sheep, fresh or chilled",Production,t,1977,5250.0,A
"Meat of sheep, fresh or chilled",Producing Animals/Slaughtered,An,1977,375030.0,A
Millet,Area harvested,ha,1977,527428.0,A
Millet,Yield,kg/ha,1977,1095.9,A
Millet,Production,t,1977,578000.0,A
Molasses,Production,t,1977,14000.0,X
Natural honey,Production,t,1977,171.0,A
"Onions and shallots, dry (excluding dehydrated)",Area harvested,ha,1977,6600.0,A
"Onions and shallots, dry (excluding dehydrated)",Yield,kg/ha,1977,2272.7,A
"Onions and shallots, dry (excluding dehydrated)",Production,t,1977,15000.0,A
"Other fruits, n.e.c.",Area harvested,ha,1977,6500.0,E
"Other fruits, n.e.c.",Yield,kg/ha,1977,5230.8,E
"Other fruits, n.e.c.",Production,t,1977,34000.0,E
"Other meat of mammals, fresh or chilled",Production,t,1977,14000.0,E
"Other oil seeds, n.e.c.",Production,t,1977,16000.0,E
"Other vegetables, fresh n.e.c.",Area harvested,ha,1977,43000.0,E
"Other vegetables, fresh n.e.c.",Yield,kg/ha,1977,5581.4,E
"Other vegetables, fresh n.e.c.",Production,t,1977,240000.0,E
"Peas, dry",Area harvested,ha,1977,30000.0,A
"Peas, dry",Yield,kg/ha,1977,400.0,A
"Peas, dry",Production,t,1977,12000.0,A
"Pepper (Piper spp.), raw",Area harvested,ha,1977,1600.0,E
"Pepper (Piper spp.), raw",Yield,kg/ha,1977,437.5,E
"Pepper (Piper spp.), raw",Production,t,1977,700.0,E
"Pigeon peas, dry",Area harvested,ha,1977,105821.0,A
"Pigeon peas, dry",Yield,kg/ha,1977,381.8,A
"Pigeon peas, dry",Production,t,1977,40400.0,A
Pineapples,Production,t,1977,0.0,A
Plantains and cooking bananas,Area harvested,ha,1977,1239600.0,A
Plantains and cooking bananas,Yield,kg/ha,1977,6882.1,A
Plantains and cooking bananas,Production,t,1977,8531000.0,A
Potatoes,Area harvested,ha,1977,33700.0,A
Potatoes,Yield,kg/ha,1977,7922.8,A
Potatoes,Production,t,1977,267000.0,A
Raw cane or beet sugar (centrifugal only),Production,t,1977,11400.0,A
Raw hides and skins of cattle,Yield/Carcass Weight,kg/An,1977,21.0,E
Raw hides and skins of cattle,Production,t,1977,12438.76,I
Raw hides and skins of cattle,Producing Animals/Slaughtered,An,1977,585354.0,A
Raw hides and skins of goats or kids,Yield/Carcass Weight,kg/An,1977,2.0,E
Raw hides and skins of goats or kids,Production,t,1977,1939.8,I
Raw hides and skins of goats or kids,Producing Animals/Slaughtered,An,1977,792074.0,A
Raw hides and skins of sheep or lambs,Yield/Carcass Weight,kg/An,1977,2.0,E
Raw hides and skins of sheep or lambs,Production,t,1977,921.43,I
Raw hides and skins of sheep or lambs,Producing Animals/Slaughtered,An,1977,375030.0,A
Raw milk of cattle,Yield/Carcass Weight,kg/An,1977,350.0,E
Raw milk of cattle,Production,t,1977,285123.66,I
Raw milk of cattle,Milk Animals,An,1977,814639.0,A
Rice,Area harvested,ha,1977,19600.0,A
Rice,Yield,kg/ha,1977,1071.4,A
Rice,Production,t,1977,21000.0,A
"Seed cotton, unginned",Area harvested,ha,1977,405000.0,X
"Seed cotton, unginned",Yield,kg/ha,1977,111.3,E
"Seed cotton, unginned",Production,t,1977,45061.0,A
Sesame seed,Area harvested,ha,1977,133000.0,A
Sesame seed,Yield,kg/ha,1977,286.5,A
Sesame seed,Production,t,1977,38100.0,A
Sheep,Stocks,An,1977,1138900.0,A
"Sheep fat, unrendered",Production,t,1977,117.86,I
"Sheep fat, unrendered",Producing Animals/Slaughtered,An,1977,375030.0,A
"Sisal, raw",Area harvested,ha,1977,0.0,A
"Sisal, raw",Production,t,1977,0.0,A
Sorghum,Area harvested,ha,1977,280057.0,A
Sorghum,Yield,kg/ha,1977,1228.3,A
Sorghum,Production,t,1977,344000.0,A
Soya beans,Area harvested,ha,1977,6000.0,A
Soya beans,Yield,kg/ha,1977,1000.0,A
Soya beans,Production,t,1977,6000.0,A
Sugar cane,Area harvested,ha,1977,33200.0,A
Sugar cane,Yield,kg/ha,1977,19100.0,A
Sugar cane,Production,t,1977,634120.0,A
Sunflower seed,Area harvested,ha,1977,4550.0,E
Sunflower seed,Yield,kg/ha,1977,395.6,E
Sunflower seed,Production,t,1977,1800.0,E
Sweet potatoes,Area harvested,ha,1977,467300.0,A
Sweet potatoes,Yield,kg/ha,1977,3549.1,A
Sweet potatoes,Production,t,1977,1658500.0,A
Swine / pigs,Stocks,An,1977,161200.0,A
Tea leaves,Area harvested,ha,1977,16800.0,A
Tea leaves,Yield,kg/ha,1977,904.8,A
Tea leaves,Production,t,1977,15200.0,A
Tomatoes,Area harvested,ha,1977,1000.0,E
Tomatoes,Yield,kg/ha,1977,6700.0,E
Tomatoes,Production,t,1977,6700.0,E
Unmanufactured tobacco,Area harvested,ha,1977,5557.0,A
Unmanufactured tobacco,Yield,kg/ha,1977,449.9,A
Unmanufactured tobacco,Production,t,1977,2500.0,A
"Vanilla, raw",Area harvested,ha,1977,50.0,E
"Vanilla, raw",Yield,kg/ha,1977,200.0,E
"Vanilla, raw",Production,t,1977,10.0,E
Wheat,Area harvested,ha,1977,6293.0,A
Wheat,Yield,kg/ha,1977,2065.8,A
Wheat,Production,t,1977,13000.0,A
"Beef and Buffalo Meat, primary",Yield/Carcass Weight,kg/An,1977,150.0,A
"Beef and Buffalo Meat, primary",Production,t,1977,87803.0,A
"Beef and Buffalo Meat, primary",Producing Animals/Slaughtered,An,1977,585354.0,A
Cattle and Buffaloes,Stocks,An,1977,4911100.0,A
"Cereals, primary",Area harvested,ha,1977,1262676.0,A
"Cereals, primary",Yield,kg/ha,1977,1205.4,A
"Cereals, primary",Production,t,1977,1522000.0,A
Eggs Primary,Yield/Carcass Weight,g/An,1977,1966.0,E
Eggs Primary,Production,t,1977,10320.0,X
Eggs Primary,Laying,1000 An,1977,5250.0,A
"Fibre Crops, Fibre Equivalent",Area harvested,ha,1977,405000.0,E
"Fibre Crops, Fibre Equivalent",Yield,kg/ha,1977,38.9,E
"Fibre Crops, Fibre Equivalent",Production,t,1977,15771.35,E
Fruit Primary,Area harvested,ha,1977,1346100.0,E
Fruit Primary,Yield,kg/ha,1977,6622.8,E
Fruit Primary,Production,t,1977,8915000.0,E
"Meat, Poultry",Yield/Carcass Weight,g/An,1977,1300.0,E
"Meat, Poultry",Production,t,1977,22000.0,A
"Meat, Poultry",Producing Animals/Slaughtered,1000 An,1977,16920.0,E
"Meat, Total",Production,t,1977,145808.0,E
"Milk, Total",Yield/Carcass Weight,kg/An,1977,350.0,E
"Milk, Total",Production,t,1977,285123.66,E
"Milk, Total",Milk Animals,An,1977,814639.0,A
"Oilcrops, Cake Equivalent",Area harvested,ha,1977,782154.0,E
"Oilcrops, Cake Equivalent",Yield,kg/ha,1977,156.3,E
"Oilcrops, Cake Equivalent",Production,t,1977,122283.1,E
"Oilcrops, Oil Equivalent",Area harvested,ha,1977,784554.0,E
"Oilcrops, Oil Equivalent",Yield,kg/ha,1977,109.0,E
"Oilcrops, Oil Equivalent",Production,t,1977,85523.15,E
Poultry Birds,Stocks,1000 An,1977,15000.0,A
"Pulses, Total",Area harvested,ha,1977,559268.0,A
"Pulses, Total",Yield,kg/ha,1977,604.5,A
"Pulses, Total",Production,t,1977,338100.0,A
"Roots and Tubers, Total",Area harvested,ha,1977,1041300.0,A
"Roots and Tubers, Total",Yield,kg/ha,1977,4723.8,A
"Roots and Tubers, Total",Production,t,1977,4918900.0,A
Sheep and Goat Meat,Yield/Carcass Weight,kg/An,1977,13.0,A
Sheep and Goat Meat,Production,t,1977,14755.0,A
Sheep and Goat Meat,Producing Animals/Slaughtered,An,1977,1167104.0,A
Sheep and Goats,Stocks,An,1977,3523700.0,A
Sugar Crops Primary,Area harvested,ha,1977,33200.0,A
Sugar Crops Primary,Yield,kg/ha,1977,19100.0,A
Sugar Crops Primary,Production,t,1977,634120.0,A
Vegetables Primary,Area harvested,ha,1977,50600.0,E
Vegetables Primary,Yield,kg/ha,1977,5171.9,E
Vegetables Primary,Production,t,1977,261700.0,E
Asses,Stocks,An,1978,16000.0,E
Bananas,Area harvested,ha,1978,100000.0,E
Bananas,Yield,kg/ha,1978,3600.0,E
Bananas,Production,t,1978,360000.0,E
"Beans, dry",Area harvested,ha,1978,388000.0,A
"Beans, dry",Yield,kg/ha,1978,750.0,A
"Beans, dry",Production,t,1978,291000.0,A
"Beer of barley, malted",Production,t,1978,22491.0,A
Bees,Stocks,No,1978,37500.0,E
Beeswax,Production,t,1978,680.0,E
"Cassava, fresh",Area harvested,ha,1978,528600.0,A
"Cassava, fresh",Yield,kg/ha,1978,3837.3,A
"Cassava, fresh",Production,t,1978,2028400.0,A
Castor oil seeds,Area harvested,ha,1978,2400.0,E
Castor oil seeds,Yield,kg/ha,1978,208.3,E
Castor oil seeds,Production,t,1978,500.0,E
Cattle,Stocks,An,1978,5245600.0,A
"Cattle fat, unrendered",Production,t,1978,1875.0,I
"Cattle fat, unrendered",Producing Animals/Slaughtered,An,1978,600000.0,A
"Chick peas, dry",Area harvested,ha,1978,4600.0,A
"Chick peas, dry",Yield,kg/ha,1978,260.9,A
"Chick peas, dry",Production,t,1978,1200.0,A
Chickens,Stocks,1000 An,1978,13000.0,A
"Chillies and peppers, dry (Capsicum spp., Pimenta spp.), raw",Area harvested,ha,1978,3900.0,E
"Chillies and peppers, dry (Capsicum spp., Pimenta spp.), raw",Yield,kg/ha,1978,897.4,E
"Chillies and peppers, dry (Capsicum spp., Pimenta spp.), raw",Production,t,1978,3500.0,E
Cocoa beans,Area harvested,ha,1978,2000.0,E
Cocoa beans,Yield,kg/ha,1978,100.0,E
Cocoa beans,Production,t,1978,200.0,A
"Coffee, green",Area harvested,ha,1978,223000.0,A
"Coffee, green",Yield,kg/ha,1978,543.9,A
"Coffee, green",Production,t,1978,121300.0,A
"Cotton lint, ginned",Production,t,1978,20400.0,A
Cotton seed,Production,t,1978,44440.0,A
Cottonseed oil,Production,t,1978,4332.0,I
"Cow peas, dry",Area harvested,ha,1978,80200.0,A
"Cow peas, dry",Yield,kg/ha,1978,390.3,A
"Cow peas, dry",Production,t,1978,31300.0,A
"Edible offal of cattle, fresh, chilled or frozen",Production,t,1978,15187.5,I
"Edible offal of cattle, fresh, chilled or frozen",Producing Animals/Slaughtered,An,1978,600000.0,A
"Edible offal of goat, fresh, chilled or frozen",Production,t,1978,3355.1,I
"Edible offal of goat, fresh, chilled or frozen",Producing Animals/Slaughtered,An,1978,913200.0,E
"Edible offal of pigs, fresh, chilled or frozen",Production,t,1978,829.96,I
"Edible offal of pigs, fresh, chilled or frozen",Producing Animals/Slaughtered,An,1978,165230.0,A
"Edible offal of sheep, fresh, chilled or frozen",Production,t,1978,1176.33,I
"Edible offal of sheep, fresh, chilled or frozen",Producing Animals/Slaughtered,An,1978,373899.0,A
Fat of pigs,Production,t,1978,829.96,I
Fat of pigs,Producing Animals/Slaughtered,An,1978,165230.0,A
"Ginger, raw",Production,t,1978,0.0,A
"Goat fat, unrendered",Production,t,1978,380.24,I
"Goat fat, unrendered",Producing Animals/Slaughtered,An,1978,913200.0,E
Goats,Stocks,An,1978,2609100.0,A
Groundnut oil,Production,t,1978,6671.81,I
"Groundnuts, excluding shelled",Area harvested,ha,1978,234000.0,A
"Groundnuts, excluding shelled",Yield,kg/ha,1978,800.0,A
"Groundnuts, excluding shelled",Production,t,1978,187200.0,A
"Hen eggs in shell, fresh",Yield,No/An,1978,42.0,A
"Hen eggs in shell, fresh",Yield/Carcass Weight,g/An,1978,1806.0,E
"Hen eggs in shell, fresh",Production,t,1978,9030.0,X
"Hen eggs in shell, fresh",Production,1000 No,1978,210000.0,A
"Hen eggs in shell, fresh",Laying,1000 An,1978,5000.0,A
Maize (corn),Area harvested,ha,1978,450000.0,A
Maize (corn),Yield,kg/ha,1978,1320.0,A
Maize (corn),Production,t,1978,594000.0,A
"Meat of cattle with the bone, fresh or chilled",Yield/Carcass Weight,kg/An,1978,150.0,A
"Meat of cattle with the bone, fresh or chilled",Production,t,1978,90000.0,A
"Meat of cattle with the bone, fresh or chilled",Producing Animals/Slaughtered,An,1978,600000.0,A
"Meat of chickens, fresh or chilled",Yield/Carcass Weight,g/An,1978,1300.0,E
"Meat of chickens, fresh or chilled",Production,t,1978,20000.0,A
"Meat of chickens, fresh or chilled",Producing Animals/Slaughtered,1000 An,1978,15380.0,E
"Meat of goat, fresh or chilled",Yield/Carcass Weight,kg/An,1978,12.0,E
"Meat of goat, fresh or chilled",Production,t,1978,10960.0,E
"Meat of goat, fresh or chilled",Producing Animals/Slaughtered,An,1978,913200.0,E
"Meat of pig with the bone, fresh or chilled",Yield/Carcass Weight,kg/An,1978,60.0,E
"Meat of pig with the bone, fresh or chilled",Production,t,1978,9910.0,E
"Meat of pig with the bone, fresh or chilled",Producing Animals/Slaughtered,An,1978,165230.0,A
"Meat of sheep, fresh or chilled",Yield/Carcass Weight,kg/An,1978,14.0,E
"Meat of sheep, fresh or chilled",Production,t,1978,5240.0,E
"Meat of sheep, fresh or chilled",Producing Animals/Slaughtered,An,1978,373899.0,A
Millet,Area harvested,ha,1978,510000.0,A
Millet,Yield,kg/ha,1978,1100.0,A
Millet,Production,t,1978,561000.0,A
Molasses,Production,t,1978,10000.0,X
Natural honey,Production,t,1978,171.0,A
"Onions and shallots, dry (excluding dehydrated)",Area harvested,ha,1978,5000.0,E
"Onions and shallots, dry (excluding dehydrated)",Yield,kg/ha,1978,2800.0,E
"Onions and shallots, dry (excluding dehydrated)",Production,t,1978,14000.0,E
"Other fruits, n.e.c.",Area harvested,ha,1978,6600.0,E
"Other fruits, n.e.c.",Yield,kg/ha,1978,5303.0,E
"Other fruits, n.e.c.",Production,t,1978,35000.0,E
"Other meat of mammals, fresh or chilled",Production,t,1978,14000.0,E
"Other oil seeds, n.e.c.",Production,t,1978,17000.0,E
"Other vegetables, fresh n.e.c.",Area harvested,ha,1978,44000.0,E
"Other vegetables, fresh n.e.c.",Yield,kg/ha,1978,5681.8,E
"Other vegetables, fresh n.e.c.",Production,t,1978,250000.0,E
"Peas, dry",Area harvested,ha,1978,34200.0,A
"Peas, dry",Yield,kg/ha,1978,400.6,A
"Peas, dry",Production,t,1978,13700.0,A
"Pepper (Piper spp.), raw",Area harvested,ha,1978,2000.0,E
"Pepper (Piper spp.), raw",Yield,kg/ha,1978,500.0,E
"Pepper (Piper spp.), raw",Production,t,1978,1000.0,E
"Pigeon peas, dry",Area harvested,ha,1978,105300.0,A
"Pigeon peas, dry",Yield,kg/ha,1978,399.8,A
"Pigeon peas, dry",Production,t,1978,42100.0,A
Pineapples,Production,t,1978,0.0,A
Plantains and cooking bananas,Area harvested,ha,1978,1287000.0,A
Plantains and cooking bananas,Yield,kg/ha,1978,6871.8,A
Plantains and cooking bananas,Production,t,1978,8844000.0,A
Potatoes,Area harvested,ha,1978,37000.0,A
Potatoes,Yield,kg/ha,1978,7929.7,A
Potatoes,Production,t,1978,293400.0,A
Raw cane or beet sugar (centrifugal only),Production,t,1978,8000.0,A
Raw hides and skins of cattle,Yield/Carcass Weight,kg/An,1978,21.0,E
Raw hides and skins of cattle,Production,t,1978,12750.0,I
Raw hides and skins of cattle,Producing Animals/Slaughtered,An,1978,600000.0,A
Raw hides and skins of goats or kids,Yield/Carcass Weight,kg/An,1978,2.0,E
Raw hides and skins of goats or kids,Production,t,1978,2236.73,I
Raw hides and skins of goats or kids,Producing Animals/Slaughtered,An,1978,913200.0,E
Raw hides and skins of sheep or lambs,Yield/Carcass Weight,kg/An,1978,2.0,E
Raw hides and skins of sheep or lambs,Production,t,1978,919.67,I
Raw hides and skins of sheep or lambs,Producing Animals/Slaughtered,An,1978,373899.0,A
Raw milk of cattle,Yield/Carcass Weight,kg/An,1978,350.0,E
Raw milk of cattle,Production,t,1978,380776.2,I
Raw milk of cattle,Milk Animals,An,1978,1087932.0,A
Rice,Area harvested,ha,1978,24400.0,A
Rice,Yield,kg/ha,1978,1053.3,A
Rice,Production,t,1978,25700.0,A
"Seed cotton, unginned",Area harvested,ha,1978,677500.0,A
"Seed cotton, unginned",Yield,kg/ha,1978,97.4,A
"Seed cotton, unginned",Production,t,1978,65959.0,A
Sesame seed,Area harvested,ha,1978,136100.0,A
Sesame seed,Yield,kg/ha,1978,291.0,A
Sesame seed,Production,t,1978,39600.0,A
Sheep,Stocks,An,1978,1195800.0,A
"Sheep fat, unrendered",Production,t,1978,117.63,I
"Sheep fat, unrendered",Producing Animals/Slaughtered,An,1978,373899.0,A
"Sisal, raw",Area harvested,ha,1978,0.0,A
"Sisal, raw",Production,t,1978,0.0,A
Sorghum,Area harvested,ha,1978,286200.0,A
Sorghum,Yield,kg/ha,1978,1226.4,A
Sorghum,Production,t,1978,351000.0,A
Soya beans,Area harvested,ha,1978,6000.0,A
Soya beans,Yield,kg/ha,1978,1000.0,A
Soya beans,Production,t,1978,6000.0,A
Sugar cane,Area harvested,ha,1978,31300.0,A
Sugar cane,Yield,kg/ha,1978,13738.0,E
Sugar cane,Production,t,1978,430000.0,E
Sunflower seed,Area harvested,ha,1978,4600.0,E
Sunflower seed,Yield,kg/ha,1978,402.2,E
Sunflower seed,Production,t,1978,1850.0,E
Sweet potatoes,Area harvested,ha,1978,475700.0,A
Sweet potatoes,Yield,kg/ha,1978,3549.9,A
Sweet potatoes,Production,t,1978,1688700.0,A
Swine / pigs,Stocks,An,1978,169200.0,A
Tea leaves,Area harvested,ha,1978,18300.0,A
Tea leaves,Yield,kg/ha,1978,595.6,A
Tea leaves,Production,t,1978,10900.0,A
Tomatoes,Area harvested,ha,1978,1000.0,E
Tomatoes,Yield,kg/ha,1978,6700.0,E
Tomatoes,Production,t,1978,6700.0,E
Unmanufactured tobacco,Area harvested,ha,1978,4100.0,A
Unmanufactured tobacco,Yield,kg/ha,1978,341.5,A
Unmanufactured tobacco,Production,t,1978,1400.0,A
"Vanilla, raw",Area harvested,ha,1978,50.0,E
"Vanilla, raw",Yield,kg/ha,1978,200.0,E
"Vanilla, raw",Production,t,1978,10.0,E
Wheat,Area harvested,ha,1978,6600.0,A
Wheat,Yield,kg/ha,1978,2106.1,A
Wheat,Production,t,1978,13900.0,A
"Beef and Buffalo Meat, primary",Yield/Carcass Weight,kg/An,1978,150.0,A
"Beef and Buffalo Meat, primary",Production,t,1978,90000.0,A
"Beef and Buffalo Meat, primary",Producing Animals/Slaughtered,An,1978,600000.0,A
Cattle and Buffaloes,Stocks,An,1978,5245600.0,A
"Cereals, primary",Area harvested,ha,1978,1277200.0,A
"Cereals, primary",Yield,kg/ha,1978,1210.1,A
"Cereals, primary",Production,t,1978,1545600.0,A
Eggs Primary,Yield/Carcass Weight,g/An,1978,1806.0,E
Eggs Primary,Production,t,1978,9030.0,X
Eggs Primary,Laying,1000 An,1978,5000.0,A
"Fibre Crops, Fibre Equivalent",Area harvested,ha,1978,677500.0,E
"Fibre Crops, Fibre Equivalent",Yield,kg/ha,1978,34.1,E
"Fibre Crops, Fibre Equivalent",Production,t,1978,23085.65,E
Fruit Primary,Area harvested,ha,1978,1393600.0,E
Fruit Primary,Yield,kg/ha,1978,6629.6,E
Fruit Primary,Production,t,1978,9239000.0,E
"Meat, Poultry",Yield/Carcass Weight,g/An,1978,1300.0,E
"Meat, Poultry",Production,t,1978,20000.0,A
"Meat, Poultry",Producing Animals/Slaughtered,1000 An,1978,15380.0,E
"Meat, Total",Production,t,1978,150110.0,E
"Milk, Total",Yield/Carcass Weight,kg/An,1978,350.0,E
"Milk, Total",Production,t,1978,380776.2,E
"Milk, Total",Milk Animals,An,1978,1087932.0,A
"Oilcrops, Cake Equivalent",Area harvested,ha,1978,1058200.0,E
"Oilcrops, Cake Equivalent",Yield,kg/ha,1978,121.3,E
"Oilcrops, Cake Equivalent",Production,t,1978,128334.13,E
"Oilcrops, Oil Equivalent",Area harvested,ha,1978,1060600.0,E
"Oilcrops, Oil Equivalent",Yield,kg/ha,1978,82.0,E
"Oilcrops, Oil Equivalent",Production,t,1978,86975.17,E
Poultry Birds,Stocks,1000 An,1978,13000.0,A
"Pulses, Total",Area harvested,ha,1978,612300.0,A
"Pulses, Total",Yield,kg/ha,1978,619.5,A
"Pulses, Total",Production,t,1978,379300.0,A
"Roots and Tubers, Total",Area harvested,ha,1978,1041300.0,A
"Roots and Tubers, Total",Yield,kg/ha,1978,3851.4,A
"Roots and Tubers, Total",Production,t,1978,4010500.0,A
Sheep and Goat Meat,Yield/Carcass Weight,kg/An,1978,13.0,E
Sheep and Goat Meat,Production,t,1978,16200.0,E
Sheep and Goat Meat,Producing Animals/Slaughtered,An,1978,1287099.0,E
Sheep and Goats,Stocks,An,1978,3804900.0,A
Sugar Crops Primary,Area harvested,ha,1978,31300.0,A
Sugar Crops Primary,Yield,kg/ha,1978,13738.0,E
Sugar Crops Primary,Production,t,1978,430000.0,E
Vegetables Primary,Area harvested,ha,1978,50000.0,E
Vegetables Primary,Yield,kg/ha,1978,5414.0,E
Vegetables Primary,Production,t,1978,270700.0,E
Asses,Stocks,An,1979,16000.0,E
Bananas,Area harvested,ha,1979,102000.0,E
Bananas,Yield,kg/ha,1979,3529.4,E
Bananas,Production,t,1979,360000.0,E
"Beans, dry",Area harvested,ha,1979,227000.0,A
"Beans, dry",Yield,kg/ha,1979,801.8,A
"Beans, dry",Production,t,1979,182000.0,A
"Beer of barley, malted",Production,t,1979,9823.0,A
Bees,Stocks,No,1979,37500.0,E
Beeswax,Production,t,1979,600.0,E
"Cassava, fresh",Area harvested,ha,1979,303000.0,A
"Cassava, fresh",Yield,kg/ha,1979,4270.6,A
"Cassava, fresh",Production,t,1979,1294000.0,A
Castor oil seeds,Area harvested,ha,1979,2400.0,E
Castor oil seeds,Yield,kg/ha,1979,208.3,E
Castor oil seeds,Production,t,1979,500.0,E
Cattle,Stocks,An,1979,5242200.0,A
"Cattle fat, unrendered",Production,t,1979,1966.04,I
"Cattle fat, unrendered",Producing Animals/Slaughtered,An,1979,629100.0,E
"Chick peas, dry",Area harvested,ha,1979,3000.0,A
"Chick peas, dry",Yield,kg/ha,1979,333.3,A
"Chick peas, dry",Production,t,1979,1000.0,A
Chickens,Stocks,1000 An,1979,13100.0,E
"Chillies and peppers, dry (Capsicum spp., Pimenta spp.), raw",Area harvested,ha,1979,3900.0,E
"Chillies and peppers, dry (Capsicum spp., Pimenta spp.), raw",Yield,kg/ha,1979,897.4,E
"Chillies and peppers, dry (Capsicum spp., Pimenta spp.), raw",Production,t,1979,3500.0,E
Cocoa beans,Area harvested,ha,1979,2000.0,E
Cocoa beans,Yield,kg/ha,1979,100.0,E
Cocoa beans,Production,t,1979,200.0,A
"Coffee, green",Area harvested,ha,1979,224000.0,A
"Coffee, green",Yield,kg/ha,1979,459.8,A
"Coffee, green",Production,t,1979,103000.0,A
"Cotton lint, ginned",Production,t,1979,6100.0,A
Cotton seed,Production,t,1979,13420.0,A
Cottonseed oil,Production,t,1979,860.64,I
"Cow peas, dry",Area harvested,ha,1979,43000.0,A
"Cow peas, dry",Yield,kg/ha,1979,511.6,A
"Cow peas, dry",Production,t,1979,22000.0,A
"Edible offal of cattle, fresh, chilled or frozen",Production,t,1979,15924.94,I
"Edible offal of cattle, fresh, chilled or frozen",Producing Animals/Slaughtered,An,1979,629100.0,E
"Edible offal of goat, fresh, chilled or frozen",Production,t,1979,3373.47,I
"Edible offal of goat, fresh, chilled or frozen",Producing Animals/Slaughtered,An,1979,918500.0,E
"Edible offal of pigs, fresh, chilled or frozen",Production,t,1979,670.0,I
"Edible offal of pigs, fresh, chilled or frozen",Producing Animals/Slaughtered,An,1979,133275.0,E
"Edible offal of sheep, fresh, chilled or frozen",Production,t,1979,1223.47,I
"Edible offal of sheep, fresh, chilled or frozen",Producing Animals/Slaughtered,An,1979,389200.0,E
Fat of pigs,Production,t,1979,670.0,I
Fat of pigs,Producing Animals/Slaughtered,An,1979,133275.0,E
"Ginger, raw",Production,t,1979,0.0,A
"Goat fat, unrendered",Production,t,1979,382.33,I
"Goat fat, unrendered",Producing Animals/Slaughtered,An,1979,918500.0,E
Goats,Stocks,An,1979,2624300.0,A
Groundnut oil,Production,t,1979,2851.2,I
"Groundnuts, excluding shelled",Area harvested,ha,1979,122000.0,A
"Groundnuts, excluding shelled",Yield,kg/ha,1979,655.7,A
"Groundnuts, excluding shelled",Production,t,1979,80000.0,A
"Hen eggs in shell, fresh",Yield,No/An,1979,45.0,E
"Hen eggs in shell, fresh",Yield/Carcass Weight,g/An,1979,2000.0,E
"Hen eggs in shell, fresh",Production,t,1979,10480.0,E
"Hen eggs in shell, fresh",Production,1000 No,1979,238180.0,E
"Hen eggs in shell, fresh",Laying,1000 An,1979,5240.0,E
Maize (corn),Area harvested,ha,1979,272000.0,A
Maize (corn),Yield,kg/ha,1979,1665.4,A
Maize (corn),Production,t,1979,453000.0,A
"Meat of cattle with the bone, fresh or chilled",Yield/Carcass Weight,kg/An,1979,150.0,E
"Meat of cattle with the bone, fresh or chilled",Production,t,1979,94370.0,E
"Meat of cattle with the bone, fresh or chilled",Producing Animals/Slaughtered,An,1979,629100.0,E
"Meat of chickens, fresh or chilled",Yield/Carcass Weight,g/An,1979,1300.0,E
"Meat of chickens, fresh or chilled",Production,t,1979,19890.0,E
"Meat of chickens, fresh or chilled",Producing Animals/Slaughtered,1000 An,1979,15300.0,E
"Meat of goat, fresh or chilled",Yield/Carcass Weight,kg/An,1979,12.0,E
"Meat of goat, fresh or chilled",Production,t,1979,11020.0,E
"Meat of goat, fresh or chilled",Producing Animals/Slaughtered,An,1979,918500.0,E
"Meat of pig with the bone, fresh or chilled",Yield/Carcass Weight,kg/An,1979,60.0,E
"Meat of pig with the bone, fresh or chilled",Production,t,1979,8000.0,E
"Meat of pig with the bone, fresh or chilled",Producing Animals/Slaughtered,An,1979,133275.0,E
"Meat of sheep, fresh or chilled",Yield/Carcass Weight,kg/An,1979,14.0,E
"Meat of sheep, fresh or chilled",Production,t,1979,5450.0,E
"Meat of sheep, fresh or chilled",Producing Animals/Slaughtered,An,1979,389200.0,E
Millet,Area harvested,ha,1979,313000.0,A
Millet,Yield,kg/ha,1979,1536.7,A
Millet,Production,t,1979,481000.0,A
Molasses,Production,t,1979,1000.0,X
Natural honey,Production,t,1979,150.0,E
"Onions and shallots, dry (excluding dehydrated)",Area harvested,ha,1979,4000.0,E
"Onions and shallots, dry (excluding dehydrated)",Yield,kg/ha,1979,3250.0,E
"Onions and shallots, dry (excluding dehydrated)",Production,t,1979,13000.0,E
"Other fruits, n.e.c.",Area harvested,ha,1979,6600.0,E
"Other fruits, n.e.c.",Yield,kg/ha,1979,5454.5,E
"Other fruits, n.e.c.",Production,t,1979,36000.0,E
"Other meat of mammals, fresh or chilled",Production,t,1979,14500.0,E
"Other oil seeds, n.e.c.",Production,t,1979,17500.0,E
"Other vegetables, fresh n.e.c.",Area harvested,ha,1979,46500.0,E
"Other vegetables, fresh n.e.c.",Yield,kg/ha,1979,5591.4,E
"Other vegetables, fresh n.e.c.",Production,t,1979,260000.0,E
"Peas, dry",Area harvested,ha,1979,19000.0,A
"Peas, dry",Yield,kg/ha,1979,315.8,A
"Peas, dry",Production,t,1979,6000.0,A
"Pepper (Piper spp.), raw",Area harvested,ha,1979,2000.0,E
"Pepper (Piper spp.), raw",Yield,kg/ha,1979,500.0,E
"Pepper (Piper spp.), raw",Production,t,1979,1000.0,E
"Pigeon peas, dry",Area harvested,ha,1979,58000.0,A
"Pigeon peas, dry",Yield,kg/ha,1979,327.6,A
"Pigeon peas, dry",Production,t,1979,19000.0,A
Pineapples,Production,t,1979,0.0,A
Plantains and cooking bananas,Area harvested,ha,1979,1290000.0,A
Plantains and cooking bananas,Yield,kg/ha,1979,4720.9,A
Plantains and cooking bananas,Production,t,1979,6090000.0,A
Potatoes,Area harvested,ha,1979,21000.0,A
Potatoes,Yield,kg/ha,1979,6238.1,A
Potatoes,Production,t,1979,131000.0,A
Raw cane or beet sugar (centrifugal only),Production,t,1979,5200.0,A
Raw hides and skins of cattle,Yield/Carcass Weight,kg/An,1979,21.0,E
Raw hides and skins of cattle,Production,t,1979,13369.08,I
Raw hides and skins of cattle,Producing Animals/Slaughtered,An,1979,629100.0,E
Raw hides and skins of goats or kids,Yield/Carcass Weight,kg/An,1979,2.0,E
Raw hides and skins of goats or kids,Production,t,1979,2248.98,I
Raw hides and skins of goats or kids,Producing Animals/Slaughtered,An,1979,918500.0,E
Raw hides and skins of sheep or lambs,Yield/Carcass Weight,kg/An,1979,2.0,E
Raw hides and skins of sheep or lambs,Production,t,1979,956.53,I
Raw hides and skins of sheep or lambs,Producing Animals/Slaughtered,An,1979,389200.0,E
Raw milk of cattle,Yield/Carcass Weight,kg/An,1979,350.0,E
Raw milk of cattle,Production,t,1979,366940.0,I
Raw milk of cattle,Milk Animals,An,1979,1048400.0,E
Rice,Area harvested,ha,1979,12000.0,A
Rice,Yield,kg/ha,1979,1250.0,A
Rice,Production,t,1979,15000.0,A
"Seed cotton, unginned",Area harvested,ha,1979,417000.0,A
"Seed cotton, unginned",Yield,kg/ha,1979,47.8,A
"Seed cotton, unginned",Production,t,1979,19918.0,A
Sesame seed,Area harvested,ha,1979,60000.0,A
Sesame seed,Yield,kg/ha,1979,266.7,A
Sesame seed,Production,t,1979,16000.0,A
Sheep,Stocks,An,1979,1255600.0,A
"Sheep fat, unrendered",Production,t,1979,122.35,I
"Sheep fat, unrendered",Producing Animals/Slaughtered,An,1979,389200.0,E
"Sisal, raw",Area harvested,ha,1979,0.0,A
"Sisal, raw",Production,t,1979,0.0,A
Sorghum,Area harvested,ha,1979,187000.0,A
Sorghum,Yield,kg/ha,1979,1689.8,A
Sorghum,Production,t,1979,316000.0,A
Soya beans,Area harvested,ha,1979,4000.0,A
Soya beans,Yield,kg/ha,1979,750.0,A
Soya beans,Production,t,1979,3000.0,A
Sugar cane,Area harvested,ha,1979,37500.0,A
Sugar cane,Yield,kg/ha,1979,9333.3,E
Sugar cane,Production,t,1979,350000.0,E
Sunflower seed,Area harvested,ha,1979,4250.0,E
Sunflower seed,Yield,kg/ha,1979,447.1,E
Sunflower seed,Production,t,1979,1900.0,E
Sweet potatoes,Area harvested,ha,1979,256000.0,A
Sweet potatoes,Yield,kg/ha,1979,4968.8,A
Sweet potatoes,Production,t,1979,1272000.0,A
Swine / pigs,Stocks,An,1979,177200.0,A
Tea leaves,Area harvested,ha,1979,4000.0,E
Tea leaves,Yield,kg/ha,1979,450.0,E
Tea leaves,Production,t,1979,1800.0,A
Tomatoes,Area harvested,ha,1979,1000.0,E
Tomatoes,Yield,kg/ha,1979,6700.0,E
Tomatoes,Production,t,1979,6700.0,E
Unmanufactured tobacco,Area harvested,ha,1979,3700.0,A
Unmanufactured tobacco,Yield,kg/ha,1979,216.2,A
Unmanufactured tobacco,Production,t,1979,800.0,A
"Vanilla, raw",Area harvested,ha,1979,50.0,E
"Vanilla, raw",Yield,kg/ha,1979,200.0,E
"Vanilla, raw",Production,t,1979,10.0,E
Wheat,Area harvested,ha,1979,3000.0,A
Wheat,Yield,kg/ha,1979,1666.7,A
Wheat,Production,t,1979,5000.0,A
"Beef and Buffalo Meat, primary",Yield/Carcass Weight,kg/An,1979,150.0,E
"Beef and Buffalo Meat, primary",Production,t,1979,94370.0,E
"Beef and Buffalo Meat, primary",Producing Animals/Slaughtered,An,1979,629100.0,E
Cattle and Buffaloes,Stocks,An,1979,5242200.0,A
"Cereals, primary",Area harvested,ha,1979,787000.0,A
"Cereals, primary",Yield,kg/ha,1979,1613.7,A
"Cereals, primary",Production,t,1979,1270000.0,A
Eggs Primary,Yield/Carcass Weight,g/An,1979,2000.0,E
Eggs Primary,Production,t,1979,10480.0,E
Eggs Primary,Laying,1000 An,1979,5240.0,E
"Fibre Crops, Fibre Equivalent",Area harvested,ha,1979,417000.0,E
"Fibre Crops, Fibre Equivalent",Yield,kg/ha,1979,16.7,E
"Fibre Crops, Fibre Equivalent",Production,t,1979,6971.3,E
Fruit Primary,Area harvested,ha,1979,1398600.0,E
Fruit Primary,Yield,kg/ha,1979,4637.5,E
Fruit Primary,Production,t,1979,6486000.0,E
"Meat, Poultry",Yield/Carcass Weight,g/An,1979,1300.0,E
"Meat, Poultry",Production,t,1979,19890.0,E
"Meat, Poultry",Producing Animals/Slaughtered,1000 An,1979,15300.0,E
"Meat, Total",Production,t,1979,153230.0,E
"Milk, Total",Yield/Carcass Weight,kg/An,1979,350.0,E
"Milk, Total",Production,t,1979,366940.0,E
"Milk, Total",Milk Animals,An,1979,1048400.0,E
"Oilcrops, Cake Equivalent",Area harvested,ha,1979,607250.0,E
"Oilcrops, Cake Equivalent",Yield,kg/ha,1979,96.7,E
"Oilcrops, Cake Equivalent",Production,t,1979,58722.65,E
"Oilcrops, Oil Equivalent",Area harvested,ha,1979,609650.0,E
"Oilcrops, Oil Equivalent",Yield,kg/ha,1979,65.0,E
"Oilcrops, Oil Equivalent",Production,t,1979,39656.73,E
Poultry Birds,Stocks,1000 An,1979,13100.0,E
"Pulses, Total",Area harvested,ha,1979,350000.0,A
"Pulses, Total",Yield,kg/ha,1979,657.1,A
"Pulses, Total",Production,t,1979,230000.0,A
"Roots and Tubers, Total",Area harvested,ha,1979,580000.0,A
"Roots and Tubers, Total",Yield,kg/ha,1979,4650.0,A
"Roots and Tubers, Total",Production,t,1979,2697000.0,A
Sheep and Goat Meat,Yield/Carcass Weight,kg/An,1979,13.0,E
Sheep and Goat Meat,Production,t,1979,16470.0,E
Sheep and Goat Meat,Producing Animals/Slaughtered,An,1979,1307700.0,E
Sheep and Goats,Stocks,An,1979,3879900.0,A
Sugar Crops Primary,Area harvested,ha,1979,37500.0,A
Sugar Crops Primary,Yield,kg/ha,1979,9333.3,E
Sugar Crops Primary,Production,t,1979,350000.0,E
Vegetables Primary,Area harvested,ha,1979,51500.0,E
Vegetables Primary,Yield,kg/ha,1979,5431.1,E
Vegetables Primary,Production,t,1979,279700.0,E
Asses,Stocks,An,1980,16000.0,E
Bananas,Area harvested,ha,1980,102000.0,E
Bananas,Yield,kg/ha,1980,3617.6,E
Bananas,Production,t,1980,369000.0,X
"Beans, dry",Area harvested,ha,1980,224000.0,A
"Beans, dry",Yield,kg/ha,1980,593.8,A
"Beans, dry",Production,t,1980,133000.0,A
"Beer of barley, malted",Production,t,1980,12160.0,A
Bees,Stocks,No,1980,32500.0,E
Beeswax,Production,t,1980,520.0,E
"Cassava, fresh",Area harvested,ha,1980,302000.0,A
"Cassava, fresh",Yield,kg/ha,1980,6860.9,A
"Cassava, fresh",Production,t,1980,2072000.0,A
Castor oil seeds,Area harvested,ha,1980,2400.0,E
Castor oil seeds,Yield,kg/ha,1980,208.3,E
Castor oil seeds,Production,t,1980,500.0,E
Cattle,Stocks,An,1980,4770600.0,A
"Cattle fat, unrendered",Production,t,1980,1789.17,I
"Cattle fat, unrendered",Producing Animals/Slaughtered,An,1980,572500.0,E
"Chick peas, dry",Area harvested,ha,1980,3000.0,A
"Chick peas, dry",Yield,kg/ha,1980,666.7,A
"Chick peas, dry",Production,t,1980,2000.0,A
Chickens,Stocks,1000 An,1980,13200.0,E
"Chillies and peppers, dry (Capsicum spp., Pimenta spp.), raw",Area harvested,ha,1980,3900.0,E
"Chillies and peppers, dry (Capsicum spp., Pimenta spp.), raw",Yield,kg/ha,1980,897.4,E
"Chillies and peppers, dry (Capsicum spp., Pimenta spp.), raw",Production,t,1980,3500.0,E
Cocoa beans,Area harvested,ha,1980,2000.0,E
Cocoa beans,Yield,kg/ha,1980,50.0,E
Cocoa beans,Production,t,1980,100.0,A
"Coffee, green",Area harvested,ha,1980,224000.0,A
"Coffee, green",Yield,kg/ha,1980,603.6,A
"Coffee, green",Production,t,1980,135200.0,A
"Cotton lint, ginned",Production,t,1980,4100.0,A
Cotton seed,Production,t,1980,9020.0,A
Cottonseed oil,Production,t,1980,791.28,I
"Cow peas, dry",Area harvested,ha,1980,38000.0,A
"Cow peas, dry",Yield,kg/ha,1980,421.1,A
"Cow peas, dry",Production,t,1980,16000.0,A
"Edible offal of cattle, fresh, chilled or frozen",Production,t,1980,14492.25,I
"Edible offal of cattle, fresh, chilled or frozen",Producing Animals/Slaughtered,An,1980,572500.0,E
"Edible offal of goat, fresh, chilled or frozen",Production,t,1980,3269.39,I
"Edible offal of goat, fresh, chilled or frozen",Producing Animals/Slaughtered,An,1980,890300.0,E
"Edible offal of pigs, fresh, chilled or frozen",Production,t,1980,703.5,I
"Edible offal of pigs, fresh, chilled or frozen",Producing Animals/Slaughtered,An,1980,140000.0,E
"Edible offal of sheep, fresh, chilled or frozen",Production,t,1980,1284.08,I
"Edible offal of sheep, fresh, chilled or frozen",Producing Animals/Slaughtered,An,1980,408700.0,E
Fat of pigs,Production,t,1980,703.5,I
Fat of pigs,Producing Animals/Slaughtered,An,1980,140000.0,E
"Ginger, raw",Production,t,1980,0.0,A
"Goat fat, unrendered",Production,t,1980,370.53,I
"Goat fat, unrendered",Producing Animals/Slaughtered,An,1980,890300.0,E
Goats,Stocks,An,1980,2543600.0,A
Groundnut oil,Production,t,1980,2494.8,I
"Groundnuts, excluding shelled",Area harvested,ha,1980,95000.0,A
"Groundnuts, excluding shelled",Yield,kg/ha,1980,736.8,A
"Groundnuts, excluding shelled",Production,t,1980,70000.0,A
"Hen eggs in shell, fresh",Yield,No/An,1980,45.0,E
"Hen eggs in shell, fresh",Yield/Carcass Weight,g/An,1980,2000.0,E
"Hen eggs in shell, fresh",Production,t,1980,10560.0,E
"Hen eggs in shell, fresh",Production,1000 No,1980,240000.0,E
"Hen eggs in shell, fresh",Laying,1000 An,1980,5280.0,E
Maize (corn),Area harvested,ha,1980,258000.0,A
Maize (corn),Yield,kg/ha,1980,1108.5,A
Maize (corn),Production,t,1980,286000.0,A
"Meat of cattle with the bone, fresh or chilled",Yield/Carcass Weight,kg/An,1980,150.0,E
"Meat of cattle with the bone, fresh or chilled",Production,t,1980,85880.0,E
"Meat of cattle with the bone, fresh or chilled",Producing Animals/Slaughtered,An,1980,572500.0,E
"Meat of chickens, fresh or chilled",Yield/Carcass Weight,g/An,1980,1300.0,E
"Meat of chickens, fresh or chilled",Production,t,1980,20267.0,E
"Meat of chickens, fresh or chilled",Producing Animals/Slaughtered,1000 An,1980,15590.0,E
"Meat of goat, fresh or chilled",Yield/Carcass Weight,kg/An,1980,12.0,E
"Meat of goat, fresh or chilled",Production,t,1980,10680.0,E
"Meat of goat, fresh or chilled",Producing Animals/Slaughtered,An,1980,890300.0,E
"Meat of pig with the bone, fresh or chilled",Yield/Carcass Weight,kg/An,1980,60.0,E
"Meat of pig with the bone, fresh or chilled",Production,t,1980,8400.0,E
"Meat of pig with the bone, fresh or chilled",Producing Animals/Slaughtered,An,1980,140000.0,E
"Meat of sheep, fresh or chilled",Yield/Carcass Weight,kg/An,1980,14.0,E
"Meat of sheep, fresh or chilled",Production,t,1980,5720.0,E
"Meat of sheep, fresh or chilled",Producing Animals/Slaughtered,An,1980,408700.0,E
Millet,Area harvested,ha,1980,279000.0,A
Millet,Yield,kg/ha,1980,1645.2,A
Millet,Production,t,1980,459000.0,A
Molasses,Production,t,1980,2000.0,X
Natural honey,Production,t,1980,130.0,E
"Onions and shallots, dry (excluding dehydrated)",Area harvested,ha,1980,3000.0,A
"Onions and shallots, dry (excluding dehydrated)",Yield,kg/ha,1980,4000.0,A
"Onions and shallots, dry (excluding dehydrated)",Production,t,1980,12000.0,A
"Other fruits, n.e.c.",Area harvested,ha,1980,6700.0,E
"Other fruits, n.e.c.",Yield,kg/ha,1980,5522.4,E
"Other fruits, n.e.c.",Production,t,1980,37000.0,E
"Other meat of mammals, fresh or chilled",Production,t,1980,14500.0,E
"Other oil seeds, n.e.c.",Production,t,1980,17500.0,E
"Other vegetables, fresh n.e.c.",Area harvested,ha,1980,47000.0,E
"Other vegetables, fresh n.e.c.",Yield,kg/ha,1980,5744.7,E
"Other vegetables, fresh n.e.c.",Production,t,1980,270000.0,E
"Peas, dry",Area harvested,ha,1980,17000.0,A
"Peas, dry",Yield,kg/ha,1980,411.8,A
"Peas, dry",Production,t,1980,7000.0,A
"Pepper (Piper spp.), raw",Area harvested,ha,1980,2000.0,E
"Pepper (Piper spp.), raw",Yield,kg/ha,1980,500.0,E
"Pepper (Piper spp.), raw",Production,t,1980,1000.0,E
"Pigeon peas, dry",Area harvested,ha,1980,50000.0,A
"Pigeon peas, dry",Yield,kg/ha,1980,520.0,A
"Pigeon peas, dry",Production,t,1980,26000.0,A
Pineapples,Production,t,1980,0.0,A
Plantains and cooking bananas,Area harvested,ha,1980,1173000.0,A
Plantains and cooking bananas,Yield,kg/ha,1980,4858.5,A
Plantains and cooking bananas,Production,t,1980,5699000.0,A
Potatoes,Area harvested,ha,1980,24000.0,A
Potatoes,Yield,kg/ha,1980,6916.7,A
Potatoes,Production,t,1980,166000.0,A
Raw cane or beet sugar (centrifugal only),Production,t,1980,4300.0,A
Raw hides and skins of cattle,Yield/Carcass Weight,kg/An,1980,21.0,E
Raw hides and skins of cattle,Production,t,1980,12166.33,I
Raw hides and skins of cattle,Producing Animals/Slaughtered,An,1980,572500.0,E
Raw hides and skins of goats or kids,Yield/Carcass Weight,kg/An,1980,2.0,E
Raw hides and skins of goats or kids,Production,t,1980,2179.59,I
Raw hides and skins of goats or kids,Producing Animals/Slaughtered,An,1980,890300.0,E
Raw hides and skins of sheep or lambs,Yield/Carcass Weight,kg/An,1980,2.0,E
Raw hides and skins of sheep or lambs,Production,t,1980,1003.92,I
Raw hides and skins of sheep or lambs,Producing Animals/Slaughtered,An,1980,408700.0,E
Raw milk of cattle,Yield/Carcass Weight,kg/An,1980,350.0,E
Raw milk of cattle,Production,t,1980,333900.0,I
Raw milk of cattle,Milk Animals,An,1980,954000.0,E
Rice,Area harvested,ha,1980,11000.0,A
Rice,Yield,kg/ha,1980,1545.5,A
Rice,Production,t,1980,17000.0,A
"Seed cotton, unginned",Area harvested,ha,1980,312400.0,A
"Seed cotton, unginned",Yield,kg/ha,1980,42.9,A
"Seed cotton, unginned",Production,t,1980,13388.0,A
Sesame seed,Area harvested,ha,1980,65000.0,A
Sesame seed,Yield,kg/ha,1980,307.7,A
Sesame seed,Production,t,1980,20000.0,A
Sheep,Stocks,An,1980,1318400.0,A
"Sheep fat, unrendered",Production,t,1980,128.41,I
"Sheep fat, unrendered",Producing Animals/Slaughtered,An,1980,408700.0,E
"Sisal, raw",Area harvested,ha,1980,0.0,A
"Sisal, raw",Production,t,1980,0.0,A
Sorghum,Area harvested,ha,1980,167000.0,A
Sorghum,Yield,kg/ha,1980,1790.4,A
Sorghum,Production,t,1980,299000.0,A
Soya beans,Area harvested,ha,1980,4000.0,A
Soya beans,Yield,kg/ha,1980,750.0,A
Soya beans,Production,t,1980,3000.0,A
Sugar cane,Area harvested,ha,1980,31000.0,A
Sugar cane,Yield,kg/ha,1980,10967.7,E
Sugar cane,Production,t,1980,340000.0,E
Sunflower seed,Area harvested,ha,1980,4250.0,E
Sunflower seed,Yield,kg/ha,1980,447.1,E
Sunflower seed,Production,t,1980,1900.0,E
Sweet potatoes,Area harvested,ha,1980,231000.0,A
Sweet potatoes,Yield,kg/ha,1980,5194.8,A
Sweet potatoes,Production,t,1980,1200000.0,A
Swine / pigs,Stocks,An,1980,186600.0,A
Tea leaves,Area harvested,ha,1980,3000.0,E
Tea leaves,Yield,kg/ha,1980,500.0,E
Tea leaves,Production,t,1980,1500.0,A
Tomatoes,Area harvested,ha,1980,1000.0,E
Tomatoes,Yield,kg/ha,1980,6700.0,E
Tomatoes,Production,t,1980,6700.0,E
Unmanufactured tobacco,Area harvested,ha,1980,3300.0,A
Unmanufactured tobacco,Yield,kg/ha,1980,121.2,A
Unmanufactured tobacco,Production,t,1980,400.0,A
"Vanilla, raw",Area harvested,ha,1980,50.0,E
"Vanilla, raw",Yield,kg/ha,1980,200.0,E
"Vanilla, raw",Production,t,1980,10.0,E
Wheat,Area harvested,ha,1980,8000.0,A
Wheat,Yield,kg/ha,1980,2125.0,A
Wheat,Production,t,1980,17000.0,A
"Beef and Buffalo Meat, primary",Yield/Carcass Weight,kg/An,1980,150.0,E
"Beef and Buffalo Meat, primary",Production,t,1980,85880.0,E
"Beef and Buffalo Meat, primary",Producing Animals/Slaughtered,An,1980,572500.0,E
Cattle and Buffaloes,Stocks,An,1980,4770600.0,A
"Cereals, primary",Area harvested,ha,1980,723000.0,A
"Cereals, primary",Yield,kg/ha,1980,1491.0,A
"Cereals, primary",Production,t,1980,1078000.0,A
Eggs Primary,Yield/Carcass Weight,g/An,1980,2000.0,E
Eggs Primary,Production,t,1980,10560.0,E
Eggs Primary,Laying,1000 An,1980,5280.0,E
"Fibre Crops, Fibre Equivalent",Area harvested,ha,1980,312400.0,E
"Fibre Crops, Fibre Equivalent",Yield,kg/ha,1980,15.0,E
"Fibre Crops, Fibre Equivalent",Production,t,1980,4685.8,E
Fruit Primary,Area harvested,ha,1980,1281700.0,E
Fruit Primary,Yield,kg/ha,1980,4763.2,E
Fruit Primary,Production,t,1980,6105000.0,E
"Meat, Poultry",Yield/Carcass Weight,g/An,1980,1300.0,E
"Meat, Poultry",Production,t,1980,20267.0,E
"Meat, Poultry",Producing Animals/Slaughtered,1000 An,1980,15590.0,E
"Meat, Total",Production,t,1980,145447.0,E
"Milk, Total",Yield/Carcass Weight,kg/An,1980,350.0,E
"Milk, Total",Production,t,1980,333900.0,E
"Milk, Total",Milk Animals,An,1980,954000.0,E
"Oilcrops, Cake Equivalent",Area harvested,ha,1980,480650.0,E
"Oilcrops, Cake Equivalent",Yield,kg/ha,1980,114.1,E
"Oilcrops, Cake Equivalent",Production,t,1980,54864.56,E
"Oilcrops, Oil Equivalent",Area harvested,ha,1980,483050.0,E
"Oilcrops, Oil Equivalent",Yield,kg/ha,1980,78.1,E
"Oilcrops, Oil Equivalent",Production,t,1980,37718.51,E
Poultry Birds,Stocks,1000 An,1980,13200.0,E
"Pulses, Total",Area harvested,ha,1980,332000.0,A
"Pulses, Total",Yield,kg/ha,1980,554.2,A
"Pulses, Total",Production,t,1980,184000.0,A
"Roots and Tubers, Total",Area harvested,ha,1980,557000.0,A
"Roots and Tubers, Total",Yield,kg/ha,1980,6172.4,A
"Roots and Tubers, Total",Production,t,1980,3438000.0,A
Sheep and Goat Meat,Yield/Carcass Weight,kg/An,1980,13.0,E
Sheep and Goat Meat,Production,t,1980,16400.0,E
Sheep and Goat Meat,Producing Animals/Slaughtered,An,1980,1299000.0,E
Sheep and Goats,Stocks,An,1980,3862000.0,A
Sugar Crops Primary,Area harvested,ha,1980,31000.0,A
Sugar Crops Primary,Yield,kg/ha,1980,10967.7,E
Sugar Crops Primary,Production,t,1980,340000.0,E
Vegetables Primary,Area harvested,ha,1980,51000.0,E
Vegetables Primary,Yield,kg/ha,1980,5660.8,E
Vegetables Primary,Production,t,1980,288700.0,E
Asses,Stocks,An,1981,16000.0,E
Bananas,Area harvested,ha,1981,102000.0,E
Bananas,Yield,kg/ha,1981,3627.5,E
Bananas,Production,t,1981,370000.0,X
"Beans, dry",Area harvested,ha,1981,299000.0,A
"Beans, dry",Yield,kg/ha,1981,802.7,A
"Beans, dry",Production,t,1981,240000.0,A
"Beer of barley, malted",Production,t,1981,6082.0,A
Bees,Stocks,No,1981,27500.0,E
Beeswax,Production,t,1981,440.0,E
"Cassava, fresh",Area harvested,ha,1981,310000.0,A
"Cassava, fresh",Yield,kg/ha,1981,9787.1,A
"Cassava, fresh",Production,t,1981,3034000.0,A
Castor oil seeds,Area harvested,ha,1981,2400.0,E
Castor oil seeds,Yield,kg/ha,1981,208.3,E
Castor oil seeds,Production,t,1981,500.0,E
Cattle,Stocks,An,1981,4745400.0,A
"Cattle fat, unrendered",Production,t,1981,1778.13,I
"Cattle fat, unrendered",Producing Animals/Slaughtered,An,1981,569000.0,E
"Chick peas, dry",Area harvested,ha,1981,4000.0,A
"Chick peas, dry",Yield,kg/ha,1981,500.0,A
"Chick peas, dry",Production,t,1981,2000.0,A
Chickens,Stocks,1000 An,1981,13400.0,A
"Chillies and peppers, dry (Capsicum spp., Pimenta spp.), raw",Area harvested,ha,1981,3900.0,E
"Chillies and peppers, dry (Capsicum spp., Pimenta spp.), raw",Yield,kg/ha,1981,897.4,E
"Chillies and peppers, dry (Capsicum spp., Pimenta spp.), raw",Production,t,1981,3500.0,E
Cocoa beans,Area harvested,ha,1981,2000.0,E
Cocoa beans,Yield,kg/ha,1981,50.0,E
Cocoa beans,Production,t,1981,100.0,A
"Coffee, green",Area harvested,ha,1981,224000.0,A
"Coffee, green",Yield,kg/ha,1981,435.3,A
"Coffee, green",Production,t,1981,97500.0,A
"Cotton lint, ginned",Production,t,1981,5100.0,A
Cotton seed,Production,t,1981,11220.0,A
Cottonseed oil,Production,t,1981,985.68,I
"Cow peas, dry",Area harvested,ha,1981,41000.0,A
"Cow peas, dry",Yield,kg/ha,1981,439.0,A
"Cow peas, dry",Production,t,1981,18000.0,A
"Edible offal of cattle, fresh, chilled or frozen",Production,t,1981,14402.81,I
"Edible offal of cattle, fresh, chilled or frozen",Producing Animals/Slaughtered,An,1981,569000.0,E
"Edible offal of goat, fresh, chilled or frozen",Production,t,1981,3434.69,I
"Edible offal of goat, fresh, chilled or frozen",Producing Animals/Slaughtered,An,1981,934800.0,E
"Edible offal of pigs, fresh, chilled or frozen",Production,t,1981,737.84,I
"Edible offal of pigs, fresh, chilled or frozen",Producing Animals/Slaughtered,An,1981,146900.0,E
"Edible offal of sheep, fresh, chilled or frozen",Production,t,1981,1436.73,I
"Edible offal of sheep, fresh, chilled or frozen",Producing Animals/Slaughtered,An,1981,456800.0,E
Fat of pigs,Production,t,1981,737.84,I
Fat of pigs,Producing Animals/Slaughtered,An,1981,146900.0,E
"Ginger, raw",Production,t,1981,0.0,A
"Goat fat, unrendered",Production,t,1981,389.27,I
"Goat fat, unrendered",Producing Animals/Slaughtered,An,1981,934800.0,E
Goats,Stocks,An,1981,2670800.0,A
Groundnut oil,Production,t,1981,3207.6,I
"Groundnuts, excluding shelled",Area harvested,ha,1981,110000.0,A
"Groundnuts, excluding shelled",Yield,kg/ha,1981,818.2,A
"Groundnuts, excluding shelled",Production,t,1981,90000.0,A
"Hen eggs in shell, fresh",Yield,No/An,1981,45.0,E
"Hen eggs in shell, fresh",Yield/Carcass Weight,g/An,1981,2000.0,E
"Hen eggs in shell, fresh",Production,t,1981,10720.0,E
"Hen eggs in shell, fresh",Production,1000 No,1981,243640.0,E
"Hen eggs in shell, fresh",Laying,1000 An,1981,5360.0,E
Maize (corn),Area harvested,ha,1981,260000.0,A
Maize (corn),Yield,kg/ha,1981,1315.4,A
Maize (corn),Production,t,1981,342000.0,A
"Meat of cattle with the bone, fresh or chilled",Yield/Carcass Weight,kg/An,1981,150.0,E
"Meat of cattle with the bone, fresh or chilled",Production,t,1981,85350.0,E
"Meat of cattle with the bone, fresh or chilled",Producing Animals/Slaughtered,An,1981,569000.0,E
"Meat of chickens, fresh or chilled",Yield/Carcass Weight,g/An,1981,1300.0,E
"Meat of chickens, fresh or chilled",Production,t,1981,20644.0,E
"Meat of chickens, fresh or chilled",Producing Animals/Slaughtered,1000 An,1981,15880.0,E
"Meat of goat, fresh or chilled",Yield/Carcass Weight,kg/An,1981,12.0,E
"Meat of goat, fresh or chilled",Production,t,1981,11220.0,E
"Meat of goat, fresh or chilled",Producing Animals/Slaughtered,An,1981,934800.0,E
"Meat of pig with the bone, fresh or chilled",Yield/Carcass Weight,kg/An,1981,60.0,E
"Meat of pig with the bone, fresh or chilled",Production,t,1981,8810.0,E
"Meat of pig with the bone, fresh or chilled",Producing Animals/Slaughtered,An,1981,146900.0,E
"Meat of sheep, fresh or chilled",Yield/Carcass Weight,kg/An,1981,14.0,E
"Meat of sheep, fresh or chilled",Production,t,1981,6400.0,E
"Meat of sheep, fresh or chilled",Producing Animals/Slaughtered,An,1981,456800.0,E
Millet,Area harvested,ha,1981,300000.0,A
Millet,Yield,kg/ha,1981,1600.0,A
Millet,Production,t,1981,480000.0,A
Molasses,Production,t,1981,1000.0,X
Natural honey,Production,t,1981,110.0,E
"Onions and shallots, dry (excluding dehydrated)",Area harvested,ha,1981,3000.0,A
"Onions and shallots, dry (excluding dehydrated)",Yield,kg/ha,1981,4666.7,A
"Onions and shallots, dry (excluding dehydrated)",Production,t,1981,14000.0,A
"Other fruits, n.e.c.",Area harvested,ha,1981,6700.0,E
"Other fruits, n.e.c.",Yield,kg/ha,1981,5671.6,E
"Other fruits, n.e.c.",Production,t,1981,38000.0,E
"Other meat of mammals, fresh or chilled",Production,t,1981,14800.0,E
"Other oil seeds, n.e.c.",Production,t,1981,18000.0,E
"Other vegetables, fresh n.e.c.",Area harvested,ha,1981,48300.0,E
"Other vegetables, fresh n.e.c.",Yield,kg/ha,1981,5797.1,E
"Other vegetables, fresh n.e.c.",Production,t,1981,280000.0,E
"Peas, dry",Area harvested,ha,1981,18000.0,A
"Peas, dry",Yield,kg/ha,1981,444.4,A
"Peas, dry",Production,t,1981,8000.0,A
"Pepper (Piper spp.), raw",Area harvested,ha,1981,2000.0,E
"Pepper (Piper spp.), raw",Yield,kg/ha,1981,500.0,E
"Pepper (Piper spp.), raw",Production,t,1981,1000.0,E
"Pigeon peas, dry",Area harvested,ha,1981,55000.0,A
"Pigeon peas, dry",Yield,kg/ha,1981,454.5,A
"Pigeon peas, dry",Production,t,1981,25000.0,A
Pineapples,Production,t,1981,0.0,A
Plantains and cooking bananas,Area harvested,ha,1981,1180000.0,A
Plantains and cooking bananas,Yield,kg/ha,1981,5000.0,A
Plantains and cooking bananas,Production,t,1981,5900000.0,A
Potatoes,Area harvested,ha,1981,25000.0,A
Potatoes,Yield,kg/ha,1981,7000.0,A
Potatoes,Production,t,1981,175000.0,A
Raw cane or beet sugar (centrifugal only),Production,t,1981,3800.0,A
Raw hides and skins of cattle,Yield/Carcass Weight,kg/An,1981,21.0,E
Raw hides and skins of cattle,Production,t,1981,12091.25,I
Raw hides and skins of cattle,Producing Animals/Slaughtered,An,1981,569000.0,E
Raw hides and skins of goats or kids,Yield/Carcass Weight,kg/An,1981,2.0,E
Raw hides and skins of goats or kids,Production,t,1981,2289.8,I
Raw hides and skins of goats or kids,Producing Animals/Slaughtered,An,1981,934800.0,E
Raw hides and skins of sheep or lambs,Yield/Carcass Weight,kg/An,1981,2.0,E
Raw hides and skins of sheep or lambs,Production,t,1981,1123.27,I
Raw hides and skins of sheep or lambs,Producing Animals/Slaughtered,An,1981,456800.0,E
Raw milk of cattle,Yield/Carcass Weight,kg/An,1981,350.0,E
Raw milk of cattle,Production,t,1981,332150.0,I
Raw milk of cattle,Milk Animals,An,1981,949000.0,E
Rice,Area harvested,ha,1981,12000.0,A
Rice,Yield,kg/ha,1981,1250.0,A
Rice,Production,t,1981,15000.0,A
"Seed cotton, unginned",Area harvested,ha,1981,121300.0,A
"Seed cotton, unginned",Yield,kg/ha,1981,137.3,A
"Seed cotton, unginned",Production,t,1981,16653.0,A
Sesame seed,Area harvested,ha,1981,70000.0,A
Sesame seed,Yield,kg/ha,1981,357.1,A
Sesame seed,Production,t,1981,25000.0,A
Sheep,Stocks,An,1981,1384300.0,A
"Sheep fat, unrendered",Production,t,1981,143.67,I
"Sheep fat, unrendered",Producing Animals/Slaughtered,An,1981,456800.0,E
"Sisal, raw",Area harvested,ha,1981,0.0,A
"Sisal, raw",Production,t,1981,0.0,A
Sorghum,Area harvested,ha,1981,170000.0,A
Sorghum,Yield,kg/ha,1981,1882.4,A
Sorghum,Production,t,1981,320000.0,A
Soya beans,Area harvested,ha,1981,5000.0,A
Soya beans,Yield,kg/ha,1981,1000.0,A
Soya beans,Production,t,1981,5000.0,A
Sugar cane,Area harvested,ha,1981,31000.0,A
Sugar cane,Yield,kg/ha,1981,11612.9,E
Sugar cane,Production,t,1981,360000.0,E
Sunflower seed,Area harvested,ha,1981,4300.0,E
Sunflower seed,Yield,kg/ha,1981,453.5,E
Sunflower seed,Production,t,1981,1950.0,E
Sweet potatoes,Area harvested,ha,1981,350000.0,A
Sweet potatoes,Yield,kg/ha,1981,3714.3,A
Sweet potatoes,Production,t,1981,1300000.0,A
Swine / pigs,Stocks,An,1981,195900.0,A
Tea leaves,Area harvested,ha,1981,4000.0,E
Tea leaves,Yield,kg/ha,1981,425.0,E
Tea leaves,Production,t,1981,1700.0,A
Tomatoes,Area harvested,ha,1981,1050.0,E
Tomatoes,Yield,kg/ha,1981,6476.2,E
Tomatoes,Production,t,1981,6800.0,E
Unmanufactured tobacco,Area harvested,ha,1981,600.0,A
Unmanufactured tobacco,Yield,kg/ha,1981,166.7,A
Unmanufactured tobacco,Production,t,1981,100.0,A
"Vanilla, raw",Area harvested,ha,1981,50.0,E
"Vanilla, raw",Yield,kg/ha,1981,200.0,E
"Vanilla, raw",Production,t,1981,10.0,E
Wheat,Area harvested,ha,1981,4000.0,A
Wheat,Yield,kg/ha,1981,2000.0,A
Wheat,Production,t,1981,8000.0,A
"Beef and Buffalo Meat, primary",Yield/Carcass Weight,kg/An,1981,150.0,E
"Beef and Buffalo Meat, primary",Production,t,1981,85350.0,E
"Beef and Buffalo Meat, primary",Producing Animals/Slaughtered,An,1981,569000.0,E
Cattle and Buffaloes,Stocks,An,1981,4745400.0,A
"Cereals, primary",Area harvested,ha,1981,746000.0,A
"Cereals, primary",Yield,kg/ha,1981,1561.7,A
"Cereals, primary",Production,t,1981,1165000.0,A
Eggs Primary,Yield/Carcass Weight,g/An,1981,2000.0,E
Eggs Primary,Production,t,1981,10720.0,E
Eggs Primary,Laying,1000 An,1981,5360.0,E
"Fibre Crops, Fibre Equivalent",Area harvested,ha,1981,121300.0,E
"Fibre Crops, Fibre Equivalent",Yield,kg/ha,1981,48.1,E
"Fibre Crops, Fibre Equivalent",Production,t,1981,5828.55,E
Fruit Primary,Area harvested,ha,1981,1288700.0,E
Fruit Primary,Yield,kg/ha,1981,4894.9,E
Fruit Primary,Production,t,1981,6308000.0,E
"Meat, Poultry",Yield/Carcass Weight,g/An,1981,1300.0,E
"Meat, Poultry",Production,t,1981,20644.0,E
"Meat, Poultry",Producing Animals/Slaughtered,1000 An,1981,15880.0,E
"Meat, Total",Production,t,1981,147224.0,E
"Milk, Total",Yield/Carcass Weight,kg/An,1981,350.0,E
"Milk, Total",Production,t,1981,332150.0,E
"Milk, Total",Milk Animals,An,1981,949000.0,E
"Oilcrops, Cake Equivalent",Area harvested,ha,1981,310600.0,E
"Oilcrops, Cake Equivalent",Yield,kg/ha,1981,218.8,E
"Oilcrops, Cake Equivalent",Production,t,1981,67967.11,E
"Oilcrops, Oil Equivalent",Area harvested,ha,1981,313000.0,E
"Oilcrops, Oil Equivalent",Yield,kg/ha,1981,149.3,E
"Oilcrops, Oil Equivalent",Production,t,1981,46728.12,E
Poultry Birds,Stocks,1000 An,1981,13400.0,A
"Pulses, Total",Area harvested,ha,1981,417000.0,A
"Pulses, Total",Yield,kg/ha,1981,702.6,A
"Pulses, Total",Production,t,1981,293000.0,A
"Roots and Tubers, Total",Area harvested,ha,1981,685000.0,A
"Roots and Tubers, Total",Yield,kg/ha,1981,6582.5,A
"Roots and Tubers, Total",Production,t,1981,4509000.0,A
Sheep and Goat Meat,Yield/Carcass Weight,kg/An,1981,13.0,E
Sheep and Goat Meat,Production,t,1981,17620.0,E
Sheep and Goat Meat,Producing Animals/Slaughtered,An,1981,1391600.0,E
Sheep and Goats,Stocks,An,1981,4055100.0,A
Sugar Crops Primary,Area harvested,ha,1981,31000.0,A
Sugar Crops Primary,Yield,kg/ha,1981,11612.9,E
Sugar Crops Primary,Production,t,1981,360000.0,E
Vegetables Primary,Area harvested,ha,1981,52350.0,E
Vegetables Primary,Yield,kg/ha,1981,5745.9,E
Vegetables Primary,Production,t,1981,300800.0,E
Asses,Stocks,An,1982,16000.0,E
Bananas,Area harvested,ha,1982,102000.0,E
Bananas,Yield,kg/ha,1982,3921.6,E
Bananas,Production,t,1982,400000.0,E
"Beans, dry",Area harvested,ha,1982,364000.0,A
"Beans, dry",Yield,kg/ha,1982,651.1,A
"Beans, dry",Production,t,1982,237000.0,A
"Beer of barley, malted",Production,t,1982,9787.0,A
Bees,Stocks,No,1982,25000.0,E
Beeswax,Production,t,1982,400.0,E
"Cassava, fresh",Area harvested,ha,1982,331000.0,A
"Cassava, fresh",Yield,kg/ha,1982,9447.1,A
"Cassava, fresh",Production,t,1982,3127000.0,A
Castor oil seeds,Area harvested,ha,1982,2400.0,A
Castor oil seeds,Yield,kg/ha,1982,208.3,A
Castor oil seeds,Production,t,1982,500.0,A
Cattle,Stocks,An,1982,4821100.0,A
"Cattle fat, unrendered",Production,t,1982,1794.17,I
"Cattle fat, unrendered",Producing Animals/Slaughtered,An,1982,574160.0,A
"Chick peas, dry",Area harvested,ha,1982,5000.0,A
"Chick peas, dry",Yield,kg/ha,1982,600.0,A
"Chick peas, dry",Production,t,1982,3000.0,A
Chickens,Stocks,1000 An,1982,14500.0,A
"Chillies and peppers, dry (Capsicum spp., Pimenta spp.), raw",Area harvested,ha,1982,3900.0,E
"Chillies and peppers, dry (Capsicum spp., Pimenta spp.), raw",Yield,kg/ha,1982,897.4,E
"Chillies and peppers, dry (Capsicum spp., Pimenta spp.), raw",Production,t,1982,3500.0,E
Cocoa beans,Area harvested,ha,1982,2000.0,E
Cocoa beans,Yield,kg/ha,1982,50.0,E
Cocoa beans,Production,t,1982,100.0,A
"Coffee, green",Area harvested,ha,1982,224000.0,A
"Coffee, green",Yield,kg/ha,1982,722.6,A
"Coffee, green",Production,t,1982,161866.0,A
"Cotton lint, ginned",Production,t,1982,5100.0,A
Cotton seed,Production,t,1982,11220.0,A
Cottonseed oil,Production,t,1982,939.36,I
"Cow peas, dry",Area harvested,ha,1982,45000.0,A
"Cow peas, dry",Yield,kg/ha,1982,444.4,A
"Cow peas, dry",Production,t,1982,20000.0,A
"Edible offal of cattle, fresh, chilled or frozen",Production,t,1982,14532.75,I
"Edible offal of cattle, fresh, chilled or frozen",Producing Animals/Slaughtered,An,1982,574160.0,A
"Edible offal of goat, fresh, chilled or frozen",Production,t,1982,3606.12,I
"Edible offal of goat, fresh, chilled or frozen",Producing Animals/Slaughtered,An,1982,981500.0,A
"Edible offal of pigs, fresh, chilled or frozen",Production,t,1982,775.27,I
"Edible offal of pigs, fresh, chilled or frozen",Producing Animals/Slaughtered,An,1982,154275.0,A
"Edible offal of sheep, fresh, chilled or frozen",Production,t,1982,1598.82,I
"Edible offal of sheep, fresh, chilled or frozen",Producing Animals/Slaughtered,An,1982,508725.0,A
Fat of pigs,Production,t,1982,775.27,I
Fat of pigs,Producing Animals/Slaughtered,An,1982,154275.0,A
"Ginger, raw",Production,t,1982,0.0,A
"Goat fat, unrendered",Production,t,1982,408.69,I
"Goat fat, unrendered",Producing Animals/Slaughtered,An,1982,981500.0,A
Goats,Stocks,An,1982,2804300.0,A
Groundnut oil,Production,t,1982,3207.6,I
"Groundnuts, excluding shelled",Area harvested,ha,1982,120000.0,A
"Groundnuts, excluding shelled",Yield,kg/ha,1982,750.0,A
"Groundnuts, excluding shelled",Production,t,1982,90000.0,A
"Hen eggs in shell, fresh",Yield,No/An,1982,45.0,E
"Hen eggs in shell, fresh",Yield/Carcass Weight,g/An,1982,2000.0,E
"Hen eggs in shell, fresh",Production,t,1982,11600.0,E
"Hen eggs in shell, fresh",Production,1000 No,1982,263640.0,E
"Hen eggs in shell, fresh",Laying,1000 An,1982,5800.0,E
Maize (corn),Area harvested,ha,1982,285000.0,A
Maize (corn),Yield,kg/ha,1982,1378.9,A
Maize (corn),Production,t,1982,393000.0,A
"Meat of cattle with the bone, fresh or chilled",Yield/Carcass Weight,kg/An,1982,150.0,E
"Meat of cattle with the bone, fresh or chilled",Production,t,1982,86120.0,E
"Meat of cattle with the bone, fresh or chilled",Producing Animals/Slaughtered,An,1982,574160.0,A
"Meat of chickens, fresh or chilled",Yield/Carcass Weight,g/An,1982,1300.0,E
"Meat of chickens, fresh or chilled",Production,t,1982,22516.0,E
"Meat of chickens, fresh or chilled",Producing Animals/Slaughtered,1000 An,1982,17320.0,E
"Meat of goat, fresh or chilled",Yield/Carcass Weight,kg/An,1982,12.0,E
"Meat of goat, fresh or chilled",Production,t,1982,11780.0,E
"Meat of goat, fresh or chilled",Producing Animals/Slaughtered,An,1982,981500.0,A
"Meat of pig with the bone, fresh or chilled",Yield/Carcass Weight,kg/An,1982,60.0,A
"Meat of pig with the bone, fresh or chilled",Production,t,1982,9257.0,A
"Meat of pig with the bone, fresh or chilled",Producing Animals/Slaughtered,An,1982,154275.0,A
"Meat of sheep, fresh or chilled",Yield/Carcass Weight,kg/An,1982,14.0,E
"Meat of sheep, fresh or chilled",Production,t,1982,7122.0,X
"Meat of sheep, fresh or chilled",Producing Animals/Slaughtered,An,1982,508725.0,A
Millet,Area harvested,ha,1982,330000.0,A
Millet,Yield,kg/ha,1982,1215.2,A
Millet,Production,t,1982,401000.0,A
Molasses,Production,t,1982,1000.0,X
Natural honey,Production,t,1982,100.0,A
"Onions and shallots, dry (excluding dehydrated)",Area harvested,ha,1982,4000.0,A
"Onions and shallots, dry (excluding dehydrated)",Yield,kg/ha,1982,4250.0,A
"Onions and shallots, dry (excluding dehydrated)",Production,t,1982,17000.0,A
"Other fruits, n.e.c.",Area harvested,ha,1982,6800.0,E
"Other fruits, n.e.c.",Yield,kg/ha,1982,5735.3,E
"Other fruits, n.e.c.",Production,t,1982,39000.0,E
"Other meat of mammals, fresh or chilled",Production,t,1982,15000.0,E
"Other oil seeds, n.e.c.",Production,t,1982,18000.0,E
"Other vegetables, fresh n.e.c.",Area harvested,ha,1982,50000.0,E
"Other vegetables, fresh n.e.c.",Yield,kg/ha,1982,5800.0,E
"Other vegetables, fresh n.e.c.",Production,t,1982,290000.0,E
"Peas, dry",Area harvested,ha,1982,20000.0,A
"Peas, dry",Yield,kg/ha,1982,500.0,A
"Peas, dry",Production,t,1982,10000.0,A
"Pepper (Piper spp.), raw",Area harvested,ha,1982,2000.0,E
"Pepper (Piper spp.), raw",Yield,kg/ha,1982,500.0,E
"Pepper (Piper spp.), raw",Production,t,1982,1000.0,E
"Pigeon peas, dry",Area harvested,ha,1982,60000.0,A
"Pigeon peas, dry",Yield,kg/ha,1982,466.7,A
"Pigeon peas, dry",Production,t,1982,28000.0,A
Pineapples,Production,t,1982,0.0,A
Plantains and cooking bananas,Area harvested,ha,1982,1199000.0,A
Plantains and cooking bananas,Yield,kg/ha,1982,5501.3,A
Plantains and cooking bananas,Production,t,1982,6596000.0,A
Potatoes,Area harvested,ha,1982,28000.0,A
Potatoes,Yield,kg/ha,1982,7000.0,A
Potatoes,Production,t,1982,196000.0,A
Raw cane or beet sugar (centrifugal only),Production,t,1982,3300.0,A
Raw hides and skins of cattle,Yield/Carcass Weight,kg/An,1982,21.0,E
Raw hides and skins of cattle,Production,t,1982,12200.33,I
Raw hides and skins of cattle,Producing Animals/Slaughtered,An,1982,574160.0,A
Raw hides and skins of goats or kids,Yield/Carcass Weight,kg/An,1982,2.0,E
Raw hides and skins of goats or kids,Production,t,1982,2404.08,I
Raw hides and skins of goats or kids,Producing Animals/Slaughtered,An,1982,981500.0,A
Raw hides and skins of sheep or lambs,Yield/Carcass Weight,kg/An,1982,2.0,E
Raw hides and skins of sheep or lambs,Production,t,1982,1249.98,I
Raw hides and skins of sheep or lambs,Producing Animals/Slaughtered,An,1982,508725.0,A
Raw milk of cattle,Yield/Carcass Weight,kg/An,1982,350.0,E
Raw milk of cattle,Production,t,1982,337400.0,I
Raw milk of cattle,Milk Animals,An,1982,964000.0,E
Rice,Area harvested,ha,1982,15000.0,A
Rice,Yield,kg/ha,1982,1266.7,A
Rice,Production,t,1982,19000.0,A
"Seed cotton, unginned",Area harvested,ha,1982,150300.0,A
"Seed cotton, unginned",Yield,kg/ha,1982,110.8,A
"Seed cotton, unginned",Production,t,1982,16653.0,A
Sesame seed,Area harvested,ha,1982,80000.0,A
Sesame seed,Yield,kg/ha,1982,437.5,A
Sesame seed,Production,t,1982,35000.0,A
Sheep,Stocks,An,1982,1453500.0,A
"Sheep fat, unrendered",Production,t,1982,159.88,I
"Sheep fat, unrendered",Producing Animals/Slaughtered,An,1982,508725.0,A
"Sisal, raw",Area harvested,ha,1982,0.0,A
"Sisal, raw",Production,t,1982,0.0,A
Sorghum,Area harvested,ha,1982,200000.0,A
Sorghum,Yield,kg/ha,1982,1350.0,A
Sorghum,Production,t,1982,270000.0,A
Soya beans,Area harvested,ha,1982,6000.0,A
Soya beans,Yield,kg/ha,1982,1000.0,A
Soya beans,Production,t,1982,6000.0,A
Sugar cane,Area harvested,ha,1982,31000.0,A
Sugar cane,Yield,kg/ha,1982,12258.1,E
Sugar cane,Production,t,1982,380000.0,E
Sunflower seed,Area harvested,ha,1982,4500.0,E
Sunflower seed,Yield,kg/ha,1982,444.4,E
Sunflower seed,Production,t,1982,2000.0,E
Sweet potatoes,Area harvested,ha,1982,372000.0,A
Sweet potatoes,Yield,kg/ha,1982,3997.3,A
Sweet potatoes,Production,t,1982,1487000.0,A
Swine / pigs,Stocks,An,1982,205700.0,A
Tea leaves,Area harvested,ha,1982,5000.0,E
Tea leaves,Yield,kg/ha,1982,516.0,E
Tea leaves,Production,t,1982,2580.0,A
Tomatoes,Area harvested,ha,1982,1100.0,E
Tomatoes,Yield,kg/ha,1982,6363.6,E
Tomatoes,Production,t,1982,7000.0,E
Unmanufactured tobacco,Area harvested,ha,1982,1100.0,A
Unmanufactured tobacco,Yield,kg/ha,1982,588.2,A
Unmanufactured tobacco,Production,t,1982,647.0,A
"Vanilla, raw",Area harvested,ha,1982,50.0,E
"Vanilla, raw",Yield,kg/ha,1982,200.0,E
"Vanilla, raw",Production,t,1982,10.0,E
Wheat,Area harvested,ha,1982,5000.0,A
Wheat,Yield,kg/ha,1982,2000.0,A
Wheat,Production,t,1982,10000.0,A
"Beef and Buffalo Meat, primary",Yield/Carcass Weight,kg/An,1982,150.0,E
"Beef and Buffalo Meat, primary",Production,t,1982,86120.0,E
"Beef and Buffalo Meat, primary",Producing Animals/Slaughtered,An,1982,574160.0,A
Cattle and Buffaloes,Stocks,An,1982,4821100.0,A
"Cereals, primary",Area harvested,ha,1982,835000.0,A
"Cereals, primary",Yield,kg/ha,1982,1309.0,A
"Cereals, primary",Production,t,1982,1093000.0,A
Eggs Primary,Yield/Carcass Weight,g/An,1982,2000.0,E
Eggs Primary,Production,t,1982,11600.0,E
Eggs Primary,Laying,1000 An,1982,5800.0,E
"Fibre Crops, Fibre Equivalent",Area harvested,ha,1982,150300.0,E
"Fibre Crops, Fibre Equivalent",Yield,kg/ha,1982,38.8,E
"Fibre Crops, Fibre Equivalent",Production,t,1982,5828.55,E
Fruit Primary,Area harvested,ha,1982,1307800.0,E
Fruit Primary,Yield,kg/ha,1982,5379.3,E
Fruit Primary,Production,t,1982,7035000.0,E
"Meat, Poultry",Yield/Carcass Weight,g/An,1982,1300.0,E
"Meat, Poultry",Production,t,1982,22516.0,E
"Meat, Poultry",Producing Animals/Slaughtered,1000 An,1982,17320.0,E
"Meat, Total",Production,t,1982,151795.0,E
"Milk, Total",Yield/Carcass Weight,kg/An,1982,350.0,E
"Milk, Total",Production,t,1982,337400.0,E
"Milk, Total",Milk Animals,An,1982,964000.0,E
"Oilcrops, Cake Equivalent",Area harvested,ha,1982,360800.0,E
"Oilcrops, Cake Equivalent",Yield,kg/ha,1982,204.8,E
"Oilcrops, Cake Equivalent",Production,t,1982,73880.61,E
"Oilcrops, Oil Equivalent",Area harvested,ha,1982,363200.0,E
"Oilcrops, Oil Equivalent",Yield,kg/ha,1982,141.0,E
"Oilcrops, Oil Equivalent",Production,t,1982,51228.62,E
Poultry Birds,Stocks,1000 An,1982,14500.0,A
"Pulses, Total",Area harvested,ha,1982,494000.0,A
"Pulses, Total",Yield,kg/ha,1982,603.2,A
"Pulses, Total",Production,t,1982,298000.0,A
"Roots and Tubers, Total",Area harvested,ha,1982,731000.0,A
"Roots and Tubers, Total",Yield,kg/ha,1982,6580.0,A
"Roots and Tubers, Total",Production,t,1982,4810000.0,A
Sheep and Goat Meat,Yield/Carcass Weight,kg/An,1982,13.0,E
Sheep and Goat Meat,Production,t,1982,18902.0,E
Sheep and Goat Meat,Producing Animals/Slaughtered,An,1982,1490225.0,A
Sheep and Goats,Stocks,An,1982,4257800.0,A
Sugar Crops Primary,Area harvested,ha,1982,31000.0,A
Sugar Crops Primary,Yield,kg/ha,1982,12258.1,E
Sugar Crops Primary,Production,t,1982,380000.0,E
Vegetables Primary,Area harvested,ha,1982,55100.0,E
Vegetables Primary,Yield,kg/ha,1982,5698.7,E
Vegetables Primary,Production,t,1982,314000.0,E
Asses,Stocks,An,1983,16200.0,E
Bananas,Area harvested,ha,1983,102000.0,E
Bananas,Yield,kg/ha,1983,4019.6,E
Bananas,Production,t,1983,410000.0,E
"Beans, dry",Area harvested,ha,1983,398000.0,A
"Beans, dry",Yield,kg/ha,1983,788.9,A
"Beans, dry",Production,t,1983,314000.0,A
"Beer of barley, malted",Production,t,1983,14206.0,A
Bees,Stocks,No,1983,37500.0,E
Beeswax,Production,t,1983,600.0,E
"Cassava, fresh",Area harvested,ha,1983,372000.0,A
"Cassava, fresh",Yield,kg/ha,1983,8707.0,A
"Cassava, fresh",Production,t,1983,3239000.0,A
Castor oil seeds,Area harvested,ha,1983,2500.0,E
Castor oil seeds,Yield,kg/ha,1983,280.0,E
Castor oil seeds,Production,t,1983,700.0,E
Cattle,Stocks,An,1983,4871300.0,A
"Cattle fat, unrendered",Production,t,1983,1800.0,I
"Cattle fat, unrendered",Producing Animals/Slaughtered,An,1983,576000.0,A
"Chick peas, dry",Area harvested,ha,1983,5000.0,A
"Chick peas, dry",Yield,kg/ha,1983,800.0,A
"Chick peas, dry",Production,t,1983,4000.0,A
Chickens,Stocks,1000 An,1983,15500.0,A
"Chillies and peppers, dry (Capsicum spp., Pimenta spp.), raw",Area harvested,ha,1983,3900.0,E
"Chillies and peppers, dry (Capsicum spp., Pimenta spp.), raw",Yield,kg/ha,1983,897.4,E
"Chillies and peppers, dry (Capsicum spp., Pimenta spp.), raw",Production,t,1983,3500.0,E
Cocoa beans,Area harvested,ha,1983,2000.0,E
Cocoa beans,Yield,kg/ha,1983,100.0,E
Cocoa beans,Production,t,1983,200.0,A
"Coffee, green",Area harvested,ha,1983,224000.0,A
"Coffee, green",Yield,kg/ha,1983,661.7,A
"Coffee, green",Production,t,1983,148224.0,A
"Cotton lint, ginned",Production,t,1983,10000.0,A
Cotton seed,Production,t,1983,21560.0,A
Cottonseed oil,Production,t,1983,2108.64,I
"Cow peas, dry",Area harvested,ha,1983,46500.0,A
"Cow peas, dry",Yield,kg/ha,1983,800.0,A
"Cow peas, dry",Production,t,1983,37200.0,A
"Edible offal of cattle, fresh, chilled or frozen",Production,t,1983,14580.0,I
"Edible offal of cattle, fresh, chilled or frozen",Producing Animals/Slaughtered,An,1983,576000.0,A
"Edible offal of goat, fresh, chilled or frozen",Production,t,1983,3783.67,I
"Edible offal of goat, fresh, chilled or frozen",Producing Animals/Slaughtered,An,1983,1030000.0,A
"Edible offal of pigs, fresh, chilled or frozen",Production,t,1983,814.05,I
"Edible offal of pigs, fresh, chilled or frozen",Producing Animals/Slaughtered,An,1983,161995.0,A
"Edible offal of sheep, fresh, chilled or frozen",Production,t,1983,1678.73,I
"Edible offal of sheep, fresh, chilled or frozen",Producing Animals/Slaughtered,An,1983,534160.0,A
Fat of pigs,Production,t,1983,814.05,I
Fat of pigs,Producing Animals/Slaughtered,An,1983,161995.0,A
"Ginger, raw",Production,t,1983,0.0,A
"Goat fat, unrendered",Production,t,1983,428.82,I
"Goat fat, unrendered",Producing Animals/Slaughtered,An,1983,1030000.0,A
Goats,Stocks,An,1983,2944000.0,A
Groundnut oil,Production,t,1983,3528.36,I
"Groundnuts, excluding shelled",Area harvested,ha,1983,124000.0,A
"Groundnuts, excluding shelled",Yield,kg/ha,1983,798.4,A
"Groundnuts, excluding shelled",Production,t,1983,99000.0,A
"Hen eggs in shell, fresh",Yield,No/An,1983,45.0,E
"Hen eggs in shell, fresh",Yield/Carcass Weight,g/An,1983,2000.0,E
"Hen eggs in shell, fresh",Production,t,1983,12400.0,E
"Hen eggs in shell, fresh",Production,1000 No,1983,281820.0,E
"Hen eggs in shell, fresh",Laying,1000 An,1983,6200.0,E
Maize (corn),Area harvested,ha,1983,295000.0,A
Maize (corn),Yield,kg/ha,1983,1400.0,A
Maize (corn),Production,t,1983,413000.0,A
"Meat of cattle with the bone, fresh or chilled",Yield/Carcass Weight,kg/An,1983,150.0,A
"Meat of cattle with the bone, fresh or chilled",Production,t,1983,86400.0,A
"Meat of cattle with the bone, fresh or chilled",Producing Animals/Slaughtered,An,1983,576000.0,A
"Meat of chickens, fresh or chilled",Yield/Carcass Weight,g/An,1983,1300.0,E
"Meat of chickens, fresh or chilled",Production,t,1983,24076.0,E
"Meat of chickens, fresh or chilled",Producing Animals/Slaughtered,1000 An,1983,18520.0,E
"Meat of goat, fresh or chilled",Yield/Carcass Weight,kg/An,1983,12.0,E
"Meat of goat, fresh or chilled",Production,t,1983,12360.0,E
"Meat of goat, fresh or chilled",Producing Animals/Slaughtered,An,1983,1030000.0,A
"Meat of pig with the bone, fresh or chilled",Yield/Carcass Weight,kg/An,1983,60.0,A
"Meat of pig with the bone, fresh or chilled",Production,t,1983,9720.0,A
"Meat of pig with the bone, fresh or chilled",Producing Animals/Slaughtered,An,1983,161995.0,A
"Meat of sheep, fresh or chilled",Yield/Carcass Weight,kg/An,1983,14.0,E
"Meat of sheep, fresh or chilled",Production,t,1983,7478.0,X
"Meat of sheep, fresh or chilled",Producing Animals/Slaughtered,An,1983,534160.0,A
Millet,Area harvested,ha,1983,341000.0,A
Millet,Yield,kg/ha,1983,1598.2,A
Millet,Production,t,1983,545000.0,A
Molasses,Production,t,1983,1000.0,X
Natural honey,Production,t,1983,150.0,A
"Onions and shallots, dry (excluding dehydrated)",Area harvested,ha,1983,4000.0,A
"Onions and shallots, dry (excluding dehydrated)",Yield,kg/ha,1983,5250.0,A
"Onions and shallots, dry (excluding dehydrated)",Production,t,1983,21000.0,A
"Other fruits, n.e.c.",Area harvested,ha,1983,6800.0,E
"Other fruits, n.e.c.",Yield,kg/ha,1983,5882.4,E
"Other fruits, n.e.c.",Production,t,1983,40000.0,E
"Other meat of mammals, fresh or chilled",Production,t,1983,15200.0,E
"Other oil seeds, n.e.c.",Production,t,1983,20000.0,E
"Other vegetables, fresh n.e.c.",Area harvested,ha,1983,52000.0,E
"Other vegetables, fresh n.e.c.",Yield,kg/ha,1983,5769.2,E
"Other vegetables, fresh n.e.c.",Production,t,1983,300000.0,E
"Peas, dry",Area harvested,ha,1983,23000.0,A
"Peas, dry",Yield,kg/ha,1983,521.7,A
"Peas, dry",Production,t,1983,12000.0,A
"Pepper (Piper spp.), raw",Area harvested,ha,1983,2000.0,E
"Pepper (Piper spp.), raw",Yield,kg/ha,1983,500.0,E
"Pepper (Piper spp.), raw",Production,t,1983,1000.0,E
"Pigeon peas, dry",Area harvested,ha,1983,61900.0,A
"Pigeon peas, dry",Yield,kg/ha,1983,466.9,A
"Pigeon peas, dry",Production,t,1983,28900.0,A
Pineapples,Production,t,1983,0.0,A
Plantains and cooking bananas,Area harvested,ha,1983,1209000.0,A
Plantains and cooking bananas,Yield,kg/ha,1983,5365.6,A
Plantains and cooking bananas,Production,t,1983,6487000.0,A
Potatoes,Area harvested,ha,1983,30000.0,A
Potatoes,Yield,kg/ha,1983,6966.7,A
Potatoes,Production,t,1983,209000.0,A
Raw cane or beet sugar (centrifugal only),Production,t,1983,3100.0,A
Raw hides and skins of cattle,Yield/Carcass Weight,kg/An,1983,21.0,E
Raw hides and skins of cattle,Production,t,1983,12240.0,I
Raw hides and skins of cattle,Producing Animals/Slaughtered,An,1983,576000.0,A
Raw hides and skins of goats or kids,Yield/Carcass Weight,kg/An,1983,2.0,E
Raw hides and skins of goats or kids,Production,t,1983,2522.45,I
Raw hides and skins of goats or kids,Producing Animals/Slaughtered,An,1983,1030000.0,A
Raw hides and skins of sheep or lambs,Yield/Carcass Weight,kg/An,1983,2.0,E
Raw hides and skins of sheep or lambs,Production,t,1983,1312.47,I
Raw hides and skins of sheep or lambs,Producing Animals/Slaughtered,An,1983,534160.0,A
Raw milk of cattle,Yield/Carcass Weight,kg/An,1983,350.0,E
Raw milk of cattle,Production,t,1983,340900.0,I
Raw milk of cattle,Milk Animals,An,1983,974000.0,E
Rice,Area harvested,ha,1983,17000.0,A
Rice,Yield,kg/ha,1983,1294.1,A
Rice,Production,t,1983,22000.0,A
"Seed cotton, unginned",Area harvested,ha,1983,169600.0,A
"Seed cotton, unginned",Yield,kg/ha,1983,188.7,A
"Seed cotton, unginned",Production,t,1983,32000.0,A
Sesame seed,Area harvested,ha,1983,95000.0,A
Sesame seed,Yield,kg/ha,1983,442.1,A
Sesame seed,Production,t,1983,42000.0,A
Sheep,Stocks,An,1983,1526000.0,A
"Sheep fat, unrendered",Production,t,1983,167.87,I
"Sheep fat, unrendered",Producing Animals/Slaughtered,An,1983,534160.0,A
"Sisal, raw",Area harvested,ha,1983,0.0,A
"Sisal, raw",Production,t,1983,0.0,A
Sorghum,Area harvested,ha,1983,207000.0,A
Sorghum,Yield,kg/ha,1983,1966.2,A
Sorghum,Production,t,1983,407000.0,A
Soya beans,Area harvested,ha,1983,6000.0,A
Soya beans,Yield,kg/ha,1983,1166.7,A
Soya beans,Production,t,1983,7000.0,A
Sugar cane,Area harvested,ha,1983,31000.0,A
Sugar cane,Yield,kg/ha,1983,12258.1,E
Sugar cane,Production,t,1983,380000.0,E
Sunflower seed,Area harvested,ha,1983,4700.0,E
Sunflower seed,Yield,kg/ha,1983,457.4,E
Sunflower seed,Production,t,1983,2150.0,E
Sweet potatoes,Area harvested,ha,1983,457000.0,A
Sweet potatoes,Yield,kg/ha,1983,4032.8,A
Sweet potatoes,Production,t,1983,1843000.0,A
Swine / pigs,Stocks,An,1983,215993.0,A
Tea leaves,Area harvested,ha,1983,6000.0,E
Tea leaves,Yield,kg/ha,1983,509.0,E
Tea leaves,Production,t,1983,3054.0,A
Tomatoes,Area harvested,ha,1983,1200.0,E
Tomatoes,Yield,kg/ha,1983,6250.0,E
Tomatoes,Production,t,1983,7500.0,E
Unmanufactured tobacco,Area harvested,ha,1983,3800.0,A
Unmanufactured tobacco,Yield,kg/ha,1983,434.2,A
Unmanufactured tobacco,Production,t,1983,1650.0,A
"Vanilla, raw",Area harvested,ha,1983,50.0,E
"Vanilla, raw",Yield,kg/ha,1983,200.0,E
"Vanilla, raw",Production,t,1983,10.0,E
Wheat,Area harvested,ha,1983,5000.0,A
Wheat,Yield,kg/ha,1983,2400.0,A
Wheat,Production,t,1983,12000.0,A
"Beef and Buffalo Meat, primary",Yield/Carcass Weight,kg/An,1983,150.0,A
"Beef and Buffalo Meat, primary",Production,t,1983,86400.0,A
"Beef and Buffalo Meat, primary",Producing Animals/Slaughtered,An,1983,576000.0,A
Cattle and Buffaloes,Stocks,An,1983,4871300.0,A
"Cereals, primary",Area harvested,ha,1983,865000.0,A
"Cereals, primary",Yield,kg/ha,1983,1617.3,A
"Cereals, primary",Production,t,1983,1399000.0,A
Eggs Primary,Yield/Carcass Weight,g/An,1983,2000.0,E
Eggs Primary,Production,t,1983,12400.0,E
Eggs Primary,Laying,1000 An,1983,6200.0,E
"Fibre Crops, Fibre Equivalent",Area harvested,ha,1983,169600.0,E
"Fibre Crops, Fibre Equivalent",Yield,kg/ha,1983,66.0,E
"Fibre Crops, Fibre Equivalent",Production,t,1983,11200.0,E
Fruit Primary,Area harvested,ha,1983,1317800.0,E
Fruit Primary,Yield,kg/ha,1983,5264.1,E
Fruit Primary,Production,t,1983,6937000.0,E
"Meat, Poultry",Yield/Carcass Weight,g/An,1983,1300.0,E
"Meat, Poultry",Production,t,1983,24076.0,E
"Meat, Poultry",Producing Animals/Slaughtered,1000 An,1983,18520.0,E
"Meat, Total",Production,t,1983,155234.0,E
"Milk, Total",Yield/Carcass Weight,kg/An,1983,350.0,E
"Milk, Total",Production,t,1983,340900.0,E
"Milk, Total",Milk Animals,An,1983,974000.0,E
"Oilcrops, Cake Equivalent",Area harvested,ha,1983,399300.0,E
"Oilcrops, Cake Equivalent",Yield,kg/ha,1983,220.0,E
"Oilcrops, Cake Equivalent",Production,t,1983,87862.1,E
"Oilcrops, Oil Equivalent",Area harvested,ha,1983,401800.0,E
"Oilcrops, Oil Equivalent",Yield,kg/ha,1983,147.9,E
"Oilcrops, Oil Equivalent",Production,t,1983,59407.1,E
Poultry Birds,Stocks,1000 An,1983,15500.0,A
"Pulses, Total",Area harvested,ha,1983,534400.0,A
"Pulses, Total",Yield,kg/ha,1983,741.2,A
"Pulses, Total",Production,t,1983,396100.0,A
"Roots and Tubers, Total",Area harvested,ha,1983,859000.0,A
"Roots and Tubers, Total",Yield,kg/ha,1983,6159.5,A
"Roots and Tubers, Total",Production,t,1983,5291000.0,A
Sheep and Goat Meat,Yield/Carcass Weight,kg/An,1983,13.0,E
Sheep and Goat Meat,Production,t,1983,19838.0,E
Sheep and Goat Meat,Producing Animals/Slaughtered,An,1983,1564160.0,A
Sheep and Goats,Stocks,An,1983,4470000.0,A
Sugar Crops Primary,Area harvested,ha,1983,31000.0,A
Sugar Crops Primary,Yield,kg/ha,1983,12258.1,E
Sugar Crops Primary,Production,t,1983,380000.0,E
Vegetables Primary,Area harvested,ha,1983,57200.0,E
Vegetables Primary,Yield,kg/ha,1983,5743.0,E
Vegetables Primary,Production,t,1983,328500.0,E
Asses,Stocks,An,1984,16300.0,E
Bananas,Area harvested,ha,1984,102000.0,E
Bananas,Yield,kg/ha,1984,3921.6,E
Bananas,Production,t,1984,400000.0,E
"Beans, dry",Area harvested,ha,1984,385000.0,A
"Beans, dry",Yield,kg/ha,1984,766.2,A
"Beans, dry",Production,t,1984,295000.0,A
"Beer of barley, malted",Production,t,1984,14817.0,A
Bees,Stocks,No,1984,42500.0,E
Beeswax,Production,t,1984,680.0,E
"Cassava, fresh",Area harvested,ha,1984,401000.0,A
"Cassava, fresh",Yield,kg/ha,1984,7404.0,A
"Cassava, fresh",Production,t,1984,2969000.0,A
Castor oil seeds,Area harvested,ha,1984,2500.0,E
Castor oil seeds,Yield,kg/ha,1984,280.0,E
Castor oil seeds,Production,t,1984,700.0,E
Cattle,Stocks,An,1984,4993100.0,A
"Cattle fat, unrendered",Production,t,1984,1837.5,I
"Cattle fat, unrendered",Producing Animals/Slaughtered,An,1984,588000.0,A
"Chick peas, dry",Area harvested,ha,1984,5000.0,X
"Chick peas, dry",Yield,kg/ha,1984,800.0,X
"Chick peas, dry",Production,t,1984,4000.0,X
Chickens,Stocks,1000 An,1984,15500.0,A
"Chillies and peppers, dry (Capsicum spp., Pimenta spp.), raw",Area harvested,ha,1984,3900.0,E
"Chillies and peppers, dry (Capsicum spp., Pimenta spp.), raw",Yield,kg/ha,1984,897.4,E
"Chillies and peppers, dry (Capsicum spp., Pimenta spp.), raw",Production,t,1984,3500.0,E
Cocoa beans,Area harvested,ha,1984,2000.0,E
Cocoa beans,Yield,kg/ha,1984,135.5,E
Cocoa beans,Production,t,1984,271.0,A
"Coffee, green",Area harvested,ha,1984,224000.0,A
"Coffee, green",Yield,kg/ha,1984,651.7,A
"Coffee, green",Production,t,1984,145971.0,A
"Cotton lint, ginned",Production,t,1984,12200.0,A
Cotton seed,Production,t,1984,25100.0,X
Cottonseed oil,Production,t,1984,2628.0,I
"Cow peas, dry",Area harvested,ha,1984,49000.0,A
"Cow peas, dry",Yield,kg/ha,1984,795.9,A
"Cow peas, dry",Production,t,1984,39000.0,A
"Edible offal of cattle, fresh, chilled or frozen",Production,t,1984,14883.75,I
"Edible offal of cattle, fresh, chilled or frozen",Producing Animals/Slaughtered,An,1984,588000.0,A
"Edible offal of goat, fresh, chilled or frozen",Production,t,1984,3973.47,I
"Edible offal of goat, fresh, chilled or frozen",Producing Animals/Slaughtered,An,1984,1082000.0,A
"Edible offal of pigs, fresh, chilled or frozen",Production,t,1984,854.67,I
"Edible offal of pigs, fresh, chilled or frozen",Producing Animals/Slaughtered,An,1984,170095.0,A
"Edible offal of sheep, fresh, chilled or frozen",Production,t,1984,1762.69,I
"Edible offal of sheep, fresh, chilled or frozen",Producing Animals/Slaughtered,An,1984,560869.0,A
Fat of pigs,Production,t,1984,854.67,I
Fat of pigs,Producing Animals/Slaughtered,An,1984,170095.0,A
"Ginger, raw",Production,t,1984,0.0,A
"Goat fat, unrendered",Production,t,1984,450.33,I
"Goat fat, unrendered",Producing Animals/Slaughtered,An,1984,1082000.0,A
Goats,Stocks,An,1984,3091000.0,A
Groundnut oil,Production,t,1984,3635.28,I
"Groundnuts, excluding shelled",Area harvested,ha,1984,148000.0,A
"Groundnuts, excluding shelled",Yield,kg/ha,1984,689.2,A
"Groundnuts, excluding shelled",Production,t,1984,102000.0,A
"Hen eggs in shell, fresh",Yield,No/An,1984,45.0,E
"Hen eggs in shell, fresh",Yield/Carcass Weight,g/An,1984,2000.0,E
"Hen eggs in shell, fresh",Production,t,1984,12400.0,E
"Hen eggs in shell, fresh",Production,1000 No,1984,281820.0,E
"Hen eggs in shell, fresh",Laying,1000 An,1984,6200.0,E
Maize (corn),Area harvested,ha,1984,347000.0,A
Maize (corn),Yield,kg/ha,1984,974.1,A
Maize (corn),Production,t,1984,338000.0,A
"Meat of cattle with the bone, fresh or chilled",Yield/Carcass Weight,kg/An,1984,150.0,A
"Meat of cattle with the bone, fresh or chilled",Production,t,1984,88200.0,A
"Meat of cattle with the bone, fresh or chilled",Producing Animals/Slaughtered,An,1984,588000.0,A
"Meat of chickens, fresh or chilled",Yield/Carcass Weight,g/An,1984,1300.0,E
"Meat of chickens, fresh or chilled",Production,t,1984,24479.0,E
"Meat of chickens, fresh or chilled",Producing Animals/Slaughtered,1000 An,1984,18830.0,E
"Meat of goat, fresh or chilled",Yield/Carcass Weight,kg/An,1984,12.0,E
"Meat of goat, fresh or chilled",Production,t,1984,12980.0,E
"Meat of goat, fresh or chilled",Producing Animals/Slaughtered,An,1984,1082000.0,A
"Meat of pig with the bone, fresh or chilled",Yield/Carcass Weight,kg/An,1984,60.0,E
"Meat of pig with the bone, fresh or chilled",Production,t,1984,10205.0,X
"Meat of pig with the bone, fresh or chilled",Producing Animals/Slaughtered,An,1984,170095.0,A
"Meat of sheep, fresh or chilled",Yield/Carcass Weight,kg/An,1984,14.0,E
"Meat of sheep, fresh or chilled",Production,t,1984,7852.0,X
"Meat of sheep, fresh or chilled",Producing Animals/Slaughtered,An,1984,560869.0,A
Millet,Area harvested,ha,1984,332000.0,A
Millet,Yield,kg/ha,1984,1000.0,A
Millet,Production,t,1984,332000.0,A
Molasses,Production,t,1984,1000.0,X
Natural honey,Production,t,1984,170.0,E
"Onions and shallots, dry (excluding dehydrated)",Area harvested,ha,1984,5000.0,E
"Onions and shallots, dry (excluding dehydrated)",Yield,kg/ha,1984,4400.0,E
"Onions and shallots, dry (excluding dehydrated)",Production,t,1984,22000.0,E
"Other fruits, n.e.c.",Area harvested,ha,1984,6900.0,E
"Other fruits, n.e.c.",Yield,kg/ha,1984,5942.0,E
"Other fruits, n.e.c.",Production,t,1984,41000.0,E
"Other meat of mammals, fresh or chilled",Production,t,1984,15400.0,E
"Other oil seeds, n.e.c.",Production,t,1984,20000.0,E
"Other vegetables, fresh n.e.c.",Area harvested,ha,1984,53000.0,E
"Other vegetables, fresh n.e.c.",Yield,kg/ha,1984,5849.1,E
"Other vegetables, fresh n.e.c.",Production,t,1984,310000.0,E
"Peas, dry",Area harvested,ha,1984,16000.0,A
"Peas, dry",Yield,kg/ha,1984,812.5,A
"Peas, dry",Production,t,1984,13000.0,A
"Pepper (Piper spp.), raw",Area harvested,ha,1984,2000.0,E
"Pepper (Piper spp.), raw",Yield,kg/ha,1984,500.0,E
"Pepper (Piper spp.), raw",Production,t,1984,1000.0,E
"Pigeon peas, dry",Area harvested,ha,1984,72000.0,A
"Pigeon peas, dry",Yield,kg/ha,1984,347.2,A
"Pigeon peas, dry",Production,t,1984,25000.0,A
Pineapples,Production,t,1984,0.0,A
Plantains and cooking bananas,Area harvested,ha,1984,1209000.0,A
Plantains and cooking bananas,Yield,kg/ha,1984,5169.6,A
Plantains and cooking bananas,Production,t,1984,6250000.0,A
Potatoes,Area harvested,ha,1984,17000.0,A
Potatoes,Yield,kg/ha,1984,7764.7,A
Potatoes,Production,t,1984,132000.0,A
Raw cane or beet sugar (centrifugal only),Production,t,1984,2400.0,A
Raw hides and skins of cattle,Yield/Carcass Weight,kg/An,1984,21.0,E
Raw hides and skins of cattle,Production,t,1984,12495.0,I
Raw hides and skins of cattle,Producing Animals/Slaughtered,An,1984,588000.0,A
Raw hides and skins of goats or kids,Yield/Carcass Weight,kg/An,1984,2.0,E
Raw hides and skins of goats or kids,Production,t,1984,2648.98,I
Raw hides and skins of goats or kids,Producing Animals/Slaughtered,An,1984,1082000.0,A
Raw hides and skins of sheep or lambs,Yield/Carcass Weight,kg/An,1984,2.0,E
Raw hides and skins of sheep or lambs,Production,t,1984,1378.11,I
Raw hides and skins of sheep or lambs,Producing Animals/Slaughtered,An,1984,560869.0,A
Raw milk of cattle,Yield/Carcass Weight,kg/An,1984,350.0,E
Raw milk of cattle,Production,t,1984,349650.0,I
Raw milk of cattle,Milk Animals,An,1984,999000.0,E
Rice,Area harvested,ha,1984,17000.0,A
Rice,Yield,kg/ha,1984,1176.5,A
Rice,Production,t,1984,20000.0,A
"Seed cotton, unginned",Area harvested,ha,1984,199400.0,A
"Seed cotton, unginned",Yield,kg/ha,1984,190.6,E
"Seed cotton, unginned",Production,t,1984,38000.0,X
Sesame seed,Area harvested,ha,1984,86000.0,A
Sesame seed,Yield,kg/ha,1984,453.5,A
Sesame seed,Production,t,1984,39000.0,A
Sheep,Stocks,An,1984,1602000.0,A
"Sheep fat, unrendered",Production,t,1984,176.27,I
"Sheep fat, unrendered",Producing Animals/Slaughtered,An,1984,560869.0,A
"Sisal, raw",Area harvested,ha,1984,0.0,A
"Sisal, raw",Production,t,1984,0.0,A
Sorghum,Area harvested,ha,1984,206000.0,A
Sorghum,Yield,kg/ha,1984,1199.0,A
Sorghum,Production,t,1984,247000.0,A
Soya beans,Area harvested,ha,1984,11000.0,A
Soya beans,Yield,kg/ha,1984,727.3,A
Soya beans,Production,t,1984,8000.0,A
Sugar cane,Area harvested,ha,1984,31000.0,A
Sugar cane,Yield,kg/ha,1984,12258.1,E
Sugar cane,Production,t,1984,380000.0,E
Sunflower seed,Area harvested,ha,1984,4700.0,E
Sunflower seed,Yield,kg/ha,1984,457.4,E
Sunflower seed,Production,t,1984,2150.0,E
Sweet potatoes,Area harvested,ha,1984,387000.0,A
Sweet potatoes,Yield,kg/ha,1984,4211.9,A
Sweet potatoes,Production,t,1984,1630000.0,A
Swine / pigs,Stocks,An,1984,226793.0,A
Tea leaves,Area harvested,ha,1984,8000.0,E
Tea leaves,Yield,kg/ha,1984,651.8,E
Tea leaves,Production,t,1984,5214.0,A
Tomatoes,Area harvested,ha,1984,1300.0,E
Tomatoes,Yield,kg/ha,1984,5923.1,E
Tomatoes,Production,t,1984,7700.0,E
Unmanufactured tobacco,Area harvested,ha,1984,3200.0,A
Unmanufactured tobacco,Yield,kg/ha,1984,615.3,A
Unmanufactured tobacco,Production,t,1984,1969.0,A
"Vanilla, raw",Area harvested,ha,1984,50.0,E
"Vanilla, raw",Yield,kg/ha,1984,200.0,E
"Vanilla, raw",Production,t,1984,10.0,E
Wheat,Area harvested,ha,1984,4000.0,A
Wheat,Yield,kg/ha,1984,1750.0,A
Wheat,Production,t,1984,7000.0,A
"Beef and Buffalo Meat, primary",Yield/Carcass Weight,kg/An,1984,150.0,A
"Beef and Buffalo Meat, primary",Production,t,1984,88200.0,A
"Beef and Buffalo Meat, primary",Producing Animals/Slaughtered,An,1984,588000.0,A
Cattle and Buffaloes,Stocks,An,1984,4993100.0,A
"Cereals, primary",Area harvested,ha,1984,906000.0,A
"Cereals, primary",Yield,kg/ha,1984,1041.9,A
"Cereals, primary",Production,t,1984,944000.0,A
Eggs Primary,Yield/Carcass Weight,g/An,1984,2000.0,E
Eggs Primary,Production,t,1984,12400.0,E
Eggs Primary,Laying,1000 An,1984,6200.0,E
"Fibre Crops, Fibre Equivalent",Area harvested,ha,1984,199400.0,E
"Fibre Crops, Fibre Equivalent",Yield,kg/ha,1984,66.7,E
"Fibre Crops, Fibre Equivalent",Production,t,1984,13300.0,E
Fruit Primary,Area harvested,ha,1984,1317900.0,E
Fruit Primary,Yield,kg/ha,1984,5077.0,E
Fruit Primary,Production,t,1984,6691000.0,E
"Meat, Poultry",Yield/Carcass Weight,g/An,1984,1300.0,E
"Meat, Poultry",Production,t,1984,24479.0,E
"Meat, Poultry",Producing Animals/Slaughtered,1000 An,1984,18830.0,E
"Meat, Total",Production,t,1984,159116.0,E
"Milk, Total",Yield/Carcass Weight,kg/An,1984,350.0,E
"Milk, Total",Production,t,1984,349650.0,E
"Milk, Total",Milk Animals,An,1984,999000.0,E
"Oilcrops, Cake Equivalent",Area harvested,ha,1984,449100.0,E
"Oilcrops, Cake Equivalent",Yield,kg/ha,1984,200.8,E
"Oilcrops, Cake Equivalent",Production,t,1984,90189.9,E
"Oilcrops, Oil Equivalent",Area harvested,ha,1984,451600.0,E
"Oilcrops, Oil Equivalent",Yield,kg/ha,1984,132.4,E
"Oilcrops, Oil Equivalent",Production,t,1984,59801.9,E
Poultry Birds,Stocks,1000 An,1984,15500.0,A
"Pulses, Total",Area harvested,ha,1984,527000.0,A
"Pulses, Total",Yield,kg/ha,1984,713.5,A
"Pulses, Total",Production,t,1984,376000.0,A
"Roots and Tubers, Total",Area harvested,ha,1984,805000.0,A
"Roots and Tubers, Total",Yield,kg/ha,1984,5877.0,A
"Roots and Tubers, Total",Production,t,1984,4731000.0,A
Sheep and Goat Meat,Yield/Carcass Weight,kg/An,1984,13.0,E
Sheep and Goat Meat,Production,t,1984,20832.0,E
Sheep and Goat Meat,Producing Animals/Slaughtered,An,1984,1642869.0,A
Sheep and Goats,Stocks,An,1984,4693000.0,A
Sugar Crops Primary,Area harvested,ha,1984,31000.0,A
Sugar Crops Primary,Yield,kg/ha,1984,12258.1,E
Sugar Crops Primary,Production,t,1984,380000.0,E
Vegetables Primary,Area harvested,ha,1984,59300.0,E
Vegetables Primary,Yield,kg/ha,1984,5728.5,E
Vegetables Primary,Production,t,1984,339700.0,E
Asses,Stocks,An,1985,16400.0,E
Bananas,Area harvested,ha,1985,104000.0,E
Bananas,Yield,kg/ha,1985,4134.6,E
Bananas,Production,t,1985,430000.0,E
"Beans, dry",Area harvested,ha,1985,334442.0,A
"Beans, dry",Yield,kg/ha,1985,797.8,A
"Beans, dry",Production,t,1985,266815.0,A
"Beer of barley, malted",Production,t,1985,8184.0,A
Bees,Stocks,No,1985,45000.0,E
Beeswax,Production,t,1985,720.0,E
"Cassava, fresh",Area harvested,ha,1985,299769.0,A
"Cassava, fresh",Yield,kg/ha,1985,9005.5,A
"Cassava, fresh",Production,t,1985,2699565.0,A
Castor oil seeds,Area harvested,ha,1985,2500.0,E
Castor oil seeds,Yield,kg/ha,1985,280.0,E
Castor oil seeds,Production,t,1985,700.0,E
Cattle,Stocks,An,1985,5000000.0,A
"Cattle fat, unrendered",Production,t,1985,1875.0,I
"Cattle fat, unrendered",Producing Animals/Slaughtered,An,1985,600000.0,A
"Chick peas, dry",Area harvested,ha,1985,10000.0,X
"Chick peas, dry",Yield,kg/ha,1985,800.0,X
"Chick peas, dry",Production,t,1985,8000.0,X
Chickens,Stocks,1000 An,1985,16500.0,A
"Chillies and peppers, dry (Capsicum spp., Pimenta spp.), raw",Area harvested,ha,1985,3900.0,E
"Chillies and peppers, dry (Capsicum spp., Pimenta spp.), raw",Yield,kg/ha,1985,897.4,E
"Chillies and peppers, dry (Capsicum spp., Pimenta spp.), raw",Production,t,1985,3500.0,E
Cocoa beans,Area harvested,ha,1985,2000.0,E
Cocoa beans,Yield,kg/ha,1985,93.0,E
Cocoa beans,Production,t,1985,186.0,A
"Coffee, green",Area harvested,ha,1985,224500.0,A
"Coffee, green",Yield,kg/ha,1985,641.4,A
"Coffee, green",Production,t,1985,143995.0,A
"Cotton lint, ginned",Production,t,1985,16579.0,A
Cotton seed,Production,t,1985,34500.0,X
Cottonseed oil,Production,t,1985,3708.0,I
"Cow peas, dry",Area harvested,ha,1985,44000.0,A
"Cow peas, dry",Yield,kg/ha,1985,795.5,A
"Cow peas, dry",Production,t,1985,35000.0,A
"Edible offal of cattle, fresh, chilled or frozen",Production,t,1985,15187.5,I
"Edible offal of cattle, fresh, chilled or frozen",Producing Animals/Slaughtered,An,1985,600000.0,A
"Edible offal of goat, fresh, chilled or frozen",Production,t,1985,4334.69,I
"Edible offal of goat, fresh, chilled or frozen",Producing Animals/Slaughtered,An,1985,1180000.0,E
"Edible offal of pigs, fresh, chilled or frozen",Production,t,1985,897.47,I
"Edible offal of pigs, fresh, chilled or frozen",Producing Animals/Slaughtered,An,1985,178600.0,A
"Edible offal of sheep, fresh, chilled or frozen",Production,t,1985,1850.92,I
"Edible offal of sheep, fresh, chilled or frozen",Producing Animals/Slaughtered,An,1985,588912.0,A
Fat of pigs,Production,t,1985,897.47,I
Fat of pigs,Producing Animals/Slaughtered,An,1985,178600.0,A
"Ginger, raw",Production,t,1985,0.0,A
"Goat fat, unrendered",Production,t,1985,491.27,I
"Goat fat, unrendered",Producing Animals/Slaughtered,An,1985,1180000.0,E
Goats,Stocks,An,1985,3710000.0,A
Groundnut oil,Production,t,1985,3314.52,I
"Groundnuts, excluding shelled",Area harvested,ha,1985,137000.0,A
"Groundnuts, excluding shelled",Yield,kg/ha,1985,678.8,A
"Groundnuts, excluding shelled",Production,t,1985,93000.0,A
"Hen eggs in shell, fresh",Yield,No/An,1985,45.0,E
"Hen eggs in shell, fresh",Yield/Carcass Weight,g/An,1985,2000.0,E
"Hen eggs in shell, fresh",Production,t,1985,13200.0,E
"Hen eggs in shell, fresh",Production,1000 No,1985,300000.0,E
"Hen eggs in shell, fresh",Laying,1000 An,1985,6600.0,E
Maize (corn),Area harvested,ha,1985,288614.0,A
Maize (corn),Yield,kg/ha,1985,1226.6,A
Maize (corn),Production,t,1985,354000.0,A
"Meat of cattle with the bone, fresh or chilled",Yield/Carcass Weight,kg/An,1985,150.0,A
"Meat of cattle with the bone, fresh or chilled",Production,t,1985,90000.0,A
"Meat of cattle with the bone, fresh or chilled",Producing Animals/Slaughtered,An,1985,600000.0,A
"Meat of chickens, fresh or chilled",Yield/Carcass Weight,g/An,1985,1300.0,E
"Meat of chickens, fresh or chilled",Production,t,1985,26040.0,E
"Meat of chickens, fresh or chilled",Producing Animals/Slaughtered,1000 An,1985,20030.0,E
"Meat of goat, fresh or chilled",Yield/Carcass Weight,kg/An,1985,12.0,E
"Meat of goat, fresh or chilled",Production,t,1985,14160.0,E
"Meat of goat, fresh or chilled",Producing Animals/Slaughtered,An,1985,1180000.0,E
"Meat of pig with the bone, fresh or chilled",Yield/Carcass Weight,kg/An,1985,60.0,E
"Meat of pig with the bone, fresh or chilled",Production,t,1985,10716.0,X
"Meat of pig with the bone, fresh or chilled",Producing Animals/Slaughtered,An,1985,178600.0,A
"Meat of sheep, fresh or chilled",Yield/Carcass Weight,kg/An,1985,14.0,E
"Meat of sheep, fresh or chilled",Production,t,1985,8245.0,X
"Meat of sheep, fresh or chilled",Producing Animals/Slaughtered,An,1985,588912.0,A
Millet,Area harvested,ha,1985,299830.0,A
Millet,Yield,kg/ha,1985,1599.7,A
Millet,Production,t,1985,479640.0,A
Molasses,Production,t,1985,1000.0,X
Natural honey,Production,t,1985,180.0,E
"Onions and shallots, dry (excluding dehydrated)",Area harvested,ha,1985,5998.0,A
"Onions and shallots, dry (excluding dehydrated)",Yield,kg/ha,1985,4167.9,A
"Onions and shallots, dry (excluding dehydrated)",Production,t,1985,24999.0,A
"Other fruits, n.e.c.",Area harvested,ha,1985,6900.0,E
"Other fruits, n.e.c.",Yield,kg/ha,1985,6087.0,E
"Other fruits, n.e.c.",Production,t,1985,42000.0,E
"Other meat of mammals, fresh or chilled",Production,t,1985,15600.0,E
"Other oil seeds, n.e.c.",Production,t,1985,20000.0,E
"Other vegetables, fresh n.e.c.",Area harvested,ha,1985,55000.0,E
"Other vegetables, fresh n.e.c.",Yield,kg/ha,1985,5818.2,E
"Other vegetables, fresh n.e.c.",Production,t,1985,320000.0,E
"Peas, dry",Area harvested,ha,1985,17000.0,A
"Peas, dry",Yield,kg/ha,1985,470.6,A
"Peas, dry",Production,t,1985,8000.0,A
"Pepper (Piper spp.), raw",Area harvested,ha,1985,2000.0,E
"Pepper (Piper spp.), raw",Yield,kg/ha,1985,500.0,E
"Pepper (Piper spp.), raw",Production,t,1985,1000.0,E
"Pigeon peas, dry",Area harvested,ha,1985,60000.0,A
"Pigeon peas, dry",Yield,kg/ha,1985,466.7,A
"Pigeon peas, dry",Production,t,1985,28000.0,A
Pineapples,Production,t,1985,0.0,A
Plantains and cooking bananas,Area harvested,ha,1985,1209569.0,A
Plantains and cooking bananas,Yield,kg/ha,1985,5347.4,A
Plantains and cooking bananas,Production,t,1985,6468000.0,A
Potatoes,Area harvested,ha,1985,25000.0,A
Potatoes,Yield,kg/ha,1985,6720.0,A
Potatoes,Production,t,1985,168000.0,A
Raw cane or beet sugar (centrifugal only),Production,t,1985,6000.0,X
Raw hides and skins of cattle,Yield/Carcass Weight,kg/An,1985,21.0,E
Raw hides and skins of cattle,Production,t,1985,12750.0,I
Raw hides and skins of cattle,Producing Animals/Slaughtered,An,1985,600000.0,A
Raw hides and skins of goats or kids,Yield/Carcass Weight,kg/An,1985,2.0,E
Raw hides and skins of goats or kids,Production,t,1985,2889.8,I
Raw hides and skins of goats or kids,Producing Animals/Slaughtered,An,1985,1180000.0,E
Raw hides and skins of sheep or lambs,Yield/Carcass Weight,kg/An,1985,2.0,E
Raw hides and skins of sheep or lambs,Production,t,1985,1447.08,I
Raw hides and skins of sheep or lambs,Producing Animals/Slaughtered,An,1985,588912.0,A
Raw milk of cattle,Yield/Carcass Weight,kg/An,1985,350.0,E
Raw milk of cattle,Production,t,1985,350000.0,I
Raw milk of cattle,Milk Animals,An,1985,1000000.0,E
Rice,Area harvested,ha,1985,14000.0,A
Rice,Yield,kg/ha,1985,1357.1,A
Rice,Production,t,1985,19000.0,A
"Seed cotton, unginned",Area harvested,ha,1985,160000.0,A
"Seed cotton, unginned",Yield,kg/ha,1985,325.0,E
"Seed cotton, unginned",Production,t,1985,52000.0,X
Sesame seed,Area harvested,ha,1985,76000.0,A
Sesame seed,Yield,kg/ha,1985,434.2,A
Sesame seed,Production,t,1985,33000.0,A
Sheep,Stocks,An,1985,1674000.0,A
"Sheep fat, unrendered",Production,t,1985,185.09,I
"Sheep fat, unrendered",Producing Animals/Slaughtered,An,1985,588912.0,A
"Sisal, raw",Area harvested,ha,1985,0.0,A
"Sisal, raw",Production,t,1985,0.0,A
Sorghum,Area harvested,ha,1985,190409.0,A
Sorghum,Yield,kg/ha,1985,1629.8,A
Sorghum,Production,t,1985,310334.0,A
Soya beans,Area harvested,ha,1985,10000.0,A
Soya beans,Yield,kg/ha,1985,800.0,A
Soya beans,Production,t,1985,8000.0,A
Sugar cane,Area harvested,ha,1985,31000.0,A
Sugar cane,Yield,kg/ha,1985,12258.1,E
Sugar cane,Production,t,1985,380000.0,E
Sunflower seed,Area harvested,ha,1985,4700.0,E
Sunflower seed,Yield,kg/ha,1985,457.4,E
Sunflower seed,Production,t,1985,2150.0,E
Sweet potatoes,Area harvested,ha,1985,358658.0,A
Sweet potatoes,Yield,kg/ha,1985,4639.5,A
Sweet potatoes,Production,t,1985,1664000.0,A
Swine / pigs,Stocks,An,1985,238133.0,A
Tea leaves,Area harvested,ha,1985,9000.0,E
Tea leaves,Yield,kg/ha,1985,639.8,E
Tea leaves,Production,t,1985,5758.0,A
Tomatoes,Area harvested,ha,1985,1300.0,E
Tomatoes,Yield,kg/ha,1985,5923.1,E
Tomatoes,Production,t,1985,7700.0,E
Unmanufactured tobacco,Area harvested,ha,1985,2900.0,A
Unmanufactured tobacco,Yield,kg/ha,1985,556.2,A
Unmanufactured tobacco,Production,t,1985,1613.0,A
"Vanilla, raw",Area harvested,ha,1985,50.0,E
"Vanilla, raw",Yield,kg/ha,1985,200.0,E
"Vanilla, raw",Production,t,1985,10.0,E
Wheat,Area harvested,ha,1985,4000.0,A
Wheat,Yield,kg/ha,1985,2000.0,A
Wheat,Production,t,1985,8000.0,A
"Beef and Buffalo Meat, primary",Yield/Carcass Weight,kg/An,1985,150.0,A
"Beef and Buffalo Meat, primary",Production,t,1985,90000.0,A
"Beef and Buffalo Meat, primary",Producing Animals/Slaughtered,An,1985,600000.0,A
Cattle and Buffaloes,Stocks,An,1985,5000000.0,A
"Cereals, primary",Area harvested,ha,1985,796853.0,A
"Cereals, primary",Yield,kg/ha,1985,1469.5,A
"Cereals, primary",Production,t,1985,1170974.0,A
Eggs Primary,Yield/Carcass Weight,g/An,1985,2000.0,E
Eggs Primary,Production,t,1985,13200.0,E
Eggs Primary,Laying,1000 An,1985,6600.0,E
"Fibre Crops, Fibre Equivalent",Area harvested,ha,1985,160000.0,E
"Fibre Crops, Fibre Equivalent",Yield,kg/ha,1985,113.8,E
"Fibre Crops, Fibre Equivalent",Production,t,1985,18200.0,E
Fruit Primary,Area harvested,ha,1985,1320469.0,E
Fruit Primary,Yield,kg/ha,1985,5255.7,E
Fruit Primary,Production,t,1985,6940000.0,E
"Meat, Poultry",Yield/Carcass Weight,g/An,1985,1300.0,E
"Meat, Poultry",Production,t,1985,26040.0,E
"Meat, Poultry",Producing Animals/Slaughtered,1000 An,1985,20030.0,E
"Meat, Total",Production,t,1985,164761.0,E
"Milk, Total",Yield/Carcass Weight,kg/An,1985,350.0,E
"Milk, Total",Production,t,1985,350000.0,E
"Milk, Total",Milk Animals,An,1985,1000000.0,E
"Oilcrops, Cake Equivalent",Area harvested,ha,1985,387700.0,E
"Oilcrops, Cake Equivalent",Yield,kg/ha,1985,227.5,E
"Oilcrops, Cake Equivalent",Production,t,1985,88208.1,E
"Oilcrops, Oil Equivalent",Area harvested,ha,1985,390200.0,E
"Oilcrops, Oil Equivalent",Yield,kg/ha,1985,143.3,E
"Oilcrops, Oil Equivalent",Production,t,1985,55933.1,E
Poultry Birds,Stocks,1000 An,1985,16500.0,A
"Pulses, Total",Area harvested,ha,1985,465442.0,A
"Pulses, Total",Yield,kg/ha,1985,743.0,A
"Pulses, Total",Production,t,1985,345815.0,A
"Roots and Tubers, Total",Area harvested,ha,1985,683427.0,A
"Roots and Tubers, Total",Yield,kg/ha,1985,6630.6,A
"Roots and Tubers, Total",Production,t,1985,4531565.0,A
Sheep and Goat Meat,Yield/Carcass Weight,kg/An,1985,13.0,E
Sheep and Goat Meat,Production,t,1985,22405.0,E
Sheep and Goat Meat,Producing Animals/Slaughtered,An,1985,1768912.0,E
Sheep and Goats,Stocks,An,1985,5384000.0,A
Sugar Crops Primary,Area harvested,ha,1985,31000.0,A
Sugar Crops Primary,Yield,kg/ha,1985,12258.1,E
Sugar Crops Primary,Production,t,1985,380000.0,E
Vegetables Primary,Area harvested,ha,1985,62298.0,E
Vegetables Primary,Yield,kg/ha,1985,5661.5,E
Vegetables Primary,Production,t,1985,352699.0,E
Asses,Stocks,An,1986,16500.0,E
Bananas,Area harvested,ha,1986,105000.0,E
Bananas,Yield,kg/ha,1986,4190.5,E
Bananas,Production,t,1986,440000.0,E
"Beans, dry",Area harvested,ha,1986,396878.0,A
"Beans, dry",Yield,kg/ha,1986,673.0,A
"Beans, dry",Production,t,1986,267093.0,A
"Beer of barley, malted",Production,t,1986,6864.0,A
Bees,Stocks,No,1986,47000.0,E
Beeswax,Production,t,1986,760.0,E
"Cassava, fresh",Area harvested,ha,1986,361724.0,A
"Cassava, fresh",Yield,kg/ha,1986,8017.2,A
"Cassava, fresh",Production,t,1986,2900000.0,A
Castor oil seeds,Area harvested,ha,1986,3000.0,E
Castor oil seeds,Yield,kg/ha,1986,333.3,E
Castor oil seeds,Production,t,1986,1000.0,E
Cattle,Stocks,An,1986,5200000.0,A
"Cattle fat, unrendered",Production,t,1986,1250.0,I
"Cattle fat, unrendered",Producing Animals/Slaughtered,An,1986,400000.0,A
"Chick peas, dry",Area harvested,ha,1986,4000.0,X
"Chick peas, dry",Yield,kg/ha,1986,450.0,X
"Chick peas, dry",Production,t,1986,1800.0,X
Chickens,Stocks,1000 An,1986,18000.0,A
"Chillies and peppers, dry (Capsicum spp., Pimenta spp.), raw",Area harvested,ha,1986,3900.0,E
"Chillies and peppers, dry (Capsicum spp., Pimenta spp.), raw",Yield,kg/ha,1986,897.4,E
"Chillies and peppers, dry (Capsicum spp., Pimenta spp.), raw",Production,t,1986,3500.0,E
Cocoa beans,Area harvested,ha,1986,1500.0,E
Cocoa beans,Yield,kg/ha,1986,46.0,E
Cocoa beans,Production,t,1986,69.0,A
"Coffee, green",Area harvested,ha,1986,224700.0,A
"Coffee, green",Yield,kg/ha,1986,711.5,A
"Coffee, green",Production,t,1986,159881.0,A
"Cotton lint, ginned",Production,t,1986,8900.0,A
Cotton seed,Production,t,1986,19400.0,X
Cottonseed oil,Production,t,1986,1992.0,I
"Cow peas, dry",Area harvested,ha,1986,50000.0,A
"Cow peas, dry",Yield,kg/ha,1986,780.0,A
"Cow peas, dry",Production,t,1986,39000.0,A
"Edible offal of cattle, fresh, chilled or frozen",Production,t,1986,10125.0,I
"Edible offal of cattle, fresh, chilled or frozen",Producing Animals/Slaughtered,An,1986,400000.0,A
"Edible offal of goat, fresh, chilled or frozen",Production,t,1986,4279.59,I
"Edible offal of goat, fresh, chilled or frozen",Producing Animals/Slaughtered,An,1986,1165000.0,E
"Edible offal of pigs, fresh, chilled or frozen",Production,t,1986,1055.25,I
"Edible offal of pigs, fresh, chilled or frozen",Producing Animals/Slaughtered,An,1986,210000.0,E
"Edible offal of sheep, fresh, chilled or frozen",Production,t,1986,1854.29,I
"Edible offal of sheep, fresh, chilled or frozen",Producing Animals/Slaughtered,An,1986,590000.0,E
Fat of pigs,Production,t,1986,1055.25,I
Fat of pigs,Producing Animals/Slaughtered,An,1986,210000.0,E
"Ginger, raw",Production,t,1986,0.0,A
"Goat fat, unrendered",Production,t,1986,485.02,I
"Goat fat, unrendered",Producing Animals/Slaughtered,An,1986,1165000.0,E
Goats,Stocks,An,1986,3640000.0,A
Groundnut oil,Production,t,1986,4205.52,I
"Groundnuts, excluding shelled",Area harvested,ha,1986,177000.0,A
"Groundnuts, excluding shelled",Yield,kg/ha,1986,666.7,A
"Groundnuts, excluding shelled",Production,t,1986,118000.0,A
"Hen eggs in shell, fresh",Yield,No/An,1986,45.0,E
"Hen eggs in shell, fresh",Yield/Carcass Weight,g/An,1986,2000.0,E
"Hen eggs in shell, fresh",Production,t,1986,14400.0,E
"Hen eggs in shell, fresh",Production,1000 No,1986,327270.0,E
"Hen eggs in shell, fresh",Laying,1000 An,1986,7200.0,E
Maize (corn),Area harvested,ha,1986,321953.0,A
Maize (corn),Yield,kg/ha,1986,1000.1,A
Maize (corn),Production,t,1986,322000.0,A
"Meat of cattle with the bone, fresh or chilled",Yield/Carcass Weight,kg/An,1986,150.0,A
"Meat of cattle with the bone, fresh or chilled",Production,t,1986,60000.0,A
"Meat of cattle with the bone, fresh or chilled",Producing Animals/Slaughtered,An,1986,400000.0,A
"Meat of chickens, fresh or chilled",Yield/Carcass Weight,g/An,1986,1300.0,E
"Meat of chickens, fresh or chilled",Production,t,1986,28600.0,E
"Meat of chickens, fresh or chilled",Producing Animals/Slaughtered,1000 An,1986,22000.0,E
"Meat of goat, fresh or chilled",Yield/Carcass Weight,kg/An,1986,12.0,E
"Meat of goat, fresh or chilled",Production,t,1986,13980.0,E
"Meat of goat, fresh or chilled",Producing Animals/Slaughtered,An,1986,1165000.0,E
"Meat of pig with the bone, fresh or chilled",Yield/Carcass Weight,kg/An,1986,60.0,E
"Meat of pig with the bone, fresh or chilled",Production,t,1986,12600.0,E
"Meat of pig with the bone, fresh or chilled",Producing Animals/Slaughtered,An,1986,210000.0,E
"Meat of sheep, fresh or chilled",Yield/Carcass Weight,kg/An,1986,14.0,E
"Meat of sheep, fresh or chilled",Production,t,1986,8260.0,E
"Meat of sheep, fresh or chilled",Producing Animals/Slaughtered,An,1986,590000.0,E
Millet,Area harvested,ha,1986,341699.0,A
Millet,Yield,kg/ha,1986,1249.6,A
Millet,Production,t,1986,427000.0,A
Molasses,Production,t,1986,1000.0,X
Natural honey,Production,t,1986,190.0,E
"Onions and shallots, dry (excluding dehydrated)",Area harvested,ha,1986,7498.0,A
"Onions and shallots, dry (excluding dehydrated)",Yield,kg/ha,1986,4253.4,A
"Onions and shallots, dry (excluding dehydrated)",Production,t,1986,31892.0,A
"Other fruits, n.e.c.",Area harvested,ha,1986,6900.0,E
"Other fruits, n.e.c.",Yield,kg/ha,1986,6231.9,E
"Other fruits, n.e.c.",Production,t,1986,43000.0,E
"Other meat of mammals, fresh or chilled",Production,t,1986,15700.0,E
"Other oil seeds, n.e.c.",Production,t,1986,21000.0,E
"Other vegetables, fresh n.e.c.",Area harvested,ha,1986,55000.0,E
"Other vegetables, fresh n.e.c.",Yield,kg/ha,1986,5909.1,E
"Other vegetables, fresh n.e.c.",Production,t,1986,325000.0,E
"Peas, dry",Area harvested,ha,1986,18000.0,A
"Peas, dry",Yield,kg/ha,1986,555.6,A
"Peas, dry",Production,t,1986,10000.0,A
"Pepper (Piper spp.), raw",Area harvested,ha,1986,2500.0,E
"Pepper (Piper spp.), raw",Yield,kg/ha,1986,600.0,E
"Pepper (Piper spp.), raw",Production,t,1986,1500.0,E
"Pigeon peas, dry",Area harvested,ha,1986,66613.0,A
"Pigeon peas, dry",Yield,kg/ha,1986,451.1,A
"Pigeon peas, dry",Production,t,1986,30049.0,A
Pineapples,Area harvested,ha,1986,100.0,E
Pineapples,Yield,kg/ha,1986,8000.0,E
Pineapples,Production,t,1986,800.0,E
Plantains and cooking bananas,Area harvested,ha,1986,1210091.0,A
Plantains and cooking bananas,Yield,kg/ha,1986,5425.2,A
Plantains and cooking bananas,Production,t,1986,6565000.0,A
Potatoes,Area harvested,ha,1986,19000.0,A
Potatoes,Yield,kg/ha,1986,5157.9,A
Potatoes,Production,t,1986,98000.0,A
Raw cane or beet sugar (centrifugal only),Production,t,1986,5000.0,X
Raw hides and skins of cattle,Yield/Carcass Weight,kg/An,1986,21.0,E
Raw hides and skins of cattle,Production,t,1986,8500.0,I
Raw hides and skins of cattle,Producing Animals/Slaughtered,An,1986,400000.0,A
Raw hides and skins of goats or kids,Yield/Carcass Weight,kg/An,1986,2.0,E
Raw hides and skins of goats or kids,Production,t,1986,2853.06,I
Raw hides and skins of goats or kids,Producing Animals/Slaughtered,An,1986,1165000.0,E
Raw hides and skins of sheep or lambs,Yield/Carcass Weight,kg/An,1986,2.0,E
Raw hides and skins of sheep or lambs,Production,t,1986,1449.71,I
Raw hides and skins of sheep or lambs,Producing Animals/Slaughtered,An,1986,590000.0,E
Raw milk of cattle,Yield/Carcass Weight,kg/An,1986,350.0,E
Raw milk of cattle,Production,t,1986,364000.0,I
Raw milk of cattle,Milk Animals,An,1986,1040000.0,E
Rice,Area harvested,ha,1986,19000.0,A
Rice,Yield,kg/ha,1986,1105.3,A
Rice,Production,t,1986,21000.0,A
"Seed cotton, unginned",Area harvested,ha,1986,180000.0,A
"Seed cotton, unginned",Yield,kg/ha,1986,160.0,E
"Seed cotton, unginned",Production,t,1986,28800.0,X
Sesame seed,Area harvested,ha,1986,80444.0,A
Sesame seed,Yield,kg/ha,1986,430.3,A
Sesame seed,Production,t,1986,34614.0,A
Sheep,Stocks,An,1986,1680000.0,A
"Sheep fat, unrendered",Production,t,1986,185.43,I
"Sheep fat, unrendered",Producing Animals/Slaughtered,An,1986,590000.0,E
"Sisal, raw",Area harvested,ha,1986,0.0,A
"Sisal, raw",Production,t,1986,0.0,A
Sorghum,Area harvested,ha,1986,207610.0,A
Sorghum,Yield,kg/ha,1986,1347.0,A
Sorghum,Production,t,1986,279652.0,A
Soya beans,Area harvested,ha,1986,12137.0,A
Soya beans,Yield,kg/ha,1986,785.0,A
Soya beans,Production,t,1986,9528.0,A
Sugar cane,Area harvested,ha,1986,31000.0,A
Sugar cane,Yield,kg/ha,1986,12258.1,E
Sugar cane,Production,t,1986,380000.0,E
Sunflower seed,Area harvested,ha,1986,5000.0,E
Sunflower seed,Yield,kg/ha,1986,400.0,E
Sunflower seed,Production,t,1986,2000.0,E
Sweet potatoes,Area harvested,ha,1986,407327.0,A
Sweet potatoes,Yield,kg/ha,1986,4577.6,A
Sweet potatoes,Production,t,1986,1864595.0,A
Swine / pigs,Stocks,An,1986,250000.0,A
Tea leaves,Area harvested,ha,1986,7000.0,E
Tea leaves,Yield,kg/ha,1986,476.4,E
Tea leaves,Production,t,1986,3335.0,A
Tomatoes,Area harvested,ha,1986,1400.0,E
Tomatoes,Yield,kg/ha,1986,5714.3,E
Tomatoes,Production,t,1986,8000.0,E
Unmanufactured tobacco,Area harvested,ha,1986,1400.0,A
Unmanufactured tobacco,Yield,kg/ha,1986,677.9,A
Unmanufactured tobacco,Production,t,1986,949.0,A
"Vanilla, raw",Area harvested,ha,1986,50.0,E
"Vanilla, raw",Yield,kg/ha,1986,200.0,E
"Vanilla, raw",Production,t,1986,10.0,E
Wheat,Area harvested,ha,1986,5362.0,A
Wheat,Yield,kg/ha,1986,1554.1,A
Wheat,Production,t,1986,8333.0,A
"Beef and Buffalo Meat, primary",Yield/Carcass Weight,kg/An,1986,150.0,A
"Beef and Buffalo Meat, primary",Production,t,1986,60000.0,A
"Beef and Buffalo Meat, primary",Producing Animals/Slaughtered,An,1986,400000.0,A
Cattle and Buffaloes,Stocks,An,1986,5200000.0,A
"Cereals, primary",Area harvested,ha,1986,895624.0,A
"Cereals, primary",Yield,kg/ha,1986,1181.3,A
"Cereals, primary",Production,t,1986,1057985.0,A
Eggs Primary,Yield/Carcass Weight,g/An,1986,2000.0,E
Eggs Primary,Production,t,1986,14400.0,E
Eggs Primary,Laying,1000 An,1986,7200.0,E
"Fibre Crops, Fibre Equivalent",Area harvested,ha,1986,180000.0,E
"Fibre Crops, Fibre Equivalent",Yield,kg/ha,1986,56.0,E
"Fibre Crops, Fibre Equivalent",Production,t,1986,10080.0,E
Fruit Primary,Area harvested,ha,1986,1322091.0,E
Fruit Primary,Yield,kg/ha,1986,5331.6,E
Fruit Primary,Production,t,1986,7048800.0,E
"Meat, Poultry",Yield/Carcass Weight,g/An,1986,1300.0,E
"Meat, Poultry",Production,t,1986,28600.0,E
"Meat, Poultry",Producing Animals/Slaughtered,1000 An,1986,22000.0,E
"Meat, Total",Production,t,1986,139140.0,E
"Milk, Total",Yield/Carcass Weight,kg/An,1986,350.0,E
"Milk, Total",Production,t,1986,364000.0,E
"Milk, Total",Milk Animals,An,1986,1040000.0,E
"Oilcrops, Cake Equivalent",Area harvested,ha,1986,454581.0,E
"Oilcrops, Cake Equivalent",Yield,kg/ha,1986,204.2,E
"Oilcrops, Cake Equivalent",Production,t,1986,92813.7,E
"Oilcrops, Oil Equivalent",Area harvested,ha,1986,457581.0,E
"Oilcrops, Oil Equivalent",Yield,kg/ha,1986,136.4,E
"Oilcrops, Oil Equivalent",Production,t,1986,62422.1,E
Poultry Birds,Stocks,1000 An,1986,18000.0,A
"Pulses, Total",Area harvested,ha,1986,535491.0,A
"Pulses, Total",Yield,kg/ha,1986,649.8,A
"Pulses, Total",Production,t,1986,347942.0,A
"Roots and Tubers, Total",Area harvested,ha,1986,788051.0,A
"Roots and Tubers, Total",Yield,kg/ha,1986,6170.4,A
"Roots and Tubers, Total",Production,t,1986,4862595.0,A
Sheep and Goat Meat,Yield/Carcass Weight,kg/An,1986,13.0,E
Sheep and Goat Meat,Production,t,1986,22240.0,E
Sheep and Goat Meat,Producing Animals/Slaughtered,An,1986,1755000.0,E
Sheep and Goats,Stocks,An,1986,5320000.0,A
Sugar Crops Primary,Area harvested,ha,1986,31000.0,A
Sugar Crops Primary,Yield,kg/ha,1986,12258.1,E
Sugar Crops Primary,Production,t,1986,380000.0,E
Vegetables Primary,Area harvested,ha,1986,63898.0,E
Vegetables Primary,Yield,kg/ha,1986,5710.5,E
Vegetables Primary,Production,t,1986,364892.0,E
Asses,Stocks,An,1987,16600.0,E
Bananas,Area harvested,ha,1987,106000.0,E
Bananas,Yield,kg/ha,1987,4339.6,E
Bananas,Production,t,1987,460000.0,E
"Beans, dry",Area harvested,ha,1987,373000.0,A
"Beans, dry",Yield,kg/ha,1987,801.6,A
"Beans, dry",Production,t,1987,299000.0,A
"Beer of barley, malted",Production,t,1987,16881.0,A
Bees,Stocks,No,1987,49000.0,E
Beeswax,Production,t,1987,800.0,E
"Cassava, fresh",Area harvested,ha,1987,345000.0,A
"Cassava, fresh",Yield,kg/ha,1987,8988.4,A
"Cassava, fresh",Production,t,1987,3101000.0,A
Castor oil seeds,Area harvested,ha,1987,3000.0,E
Castor oil seeds,Yield,kg/ha,1987,333.3,E
Castor oil seeds,Production,t,1987,1000.0,E
Cattle,Stocks,An,1987,3905200.0,A
"Cattle fat, unrendered",Production,t,1987,1221.88,I
"Cattle fat, unrendered",Producing Animals/Slaughtered,An,1987,391000.0,A
"Chick peas, dry",Area harvested,ha,1987,5000.0,X
"Chick peas, dry",Yield,kg/ha,1987,500.0,X
"Chick peas, dry",Production,t,1987,2500.0,X
Chickens,Stocks,1000 An,1987,16120.0,A
"Chillies and peppers, dry (Capsicum spp., Pimenta spp.), raw",Area harvested,ha,1987,3900.0,E
"Chillies and peppers, dry (Capsicum spp., Pimenta spp.), raw",Yield,kg/ha,1987,897.4,E
"Chillies and peppers, dry (Capsicum spp., Pimenta spp.), raw",Production,t,1987,3500.0,E
Cocoa beans,Area harvested,ha,1987,1800.0,E
Cocoa beans,Yield,kg/ha,1987,55.6,E
Cocoa beans,Production,t,1987,100.0,A
"Coffee, green",Area harvested,ha,1987,224700.0,A
"Coffee, green",Yield,kg/ha,1987,743.5,A
"Coffee, green",Production,t,1987,167067.0,A
"Cotton lint, ginned",Production,t,1987,5800.0,A
Cotton seed,Production,t,1987,12700.0,X
Cottonseed oil,Production,t,1987,1286.64,I
"Cow peas, dry",Area harvested,ha,1987,42000.0,A
"Cow peas, dry",Yield,kg/ha,1987,881.0,A
"Cow peas, dry",Production,t,1987,37000.0,A
"Edible offal of cattle, fresh, chilled or frozen",Production,t,1987,9897.19,I
"Edible offal of cattle, fresh, chilled or frozen",Producing Animals/Slaughtered,An,1987,391000.0,A
"Edible offal of goat, fresh, chilled or frozen",Production,t,1987,4591.84,I
"Edible offal of goat, fresh, chilled or frozen",Producing Animals/Slaughtered,An,1987,1250000.0,E
"Edible offal of pigs, fresh, chilled or frozen",Production,t,1987,2127.25,I
"Edible offal of pigs, fresh, chilled or frozen",Producing Animals/Slaughtered,An,1987,423000.0,A
"Edible offal of sheep, fresh, chilled or frozen",Production,t,1987,713.43,I
"Edible offal of sheep, fresh, chilled or frozen",Producing Animals/Slaughtered,An,1987,227000.0,E
Fat of pigs,Production,t,1987,2127.25,I
Fat of pigs,Producing Animals/Slaughtered,An,1987,423000.0,A
"Ginger, raw",Production,t,1987,0.0,A
"Goat fat, unrendered",Production,t,1987,520.41,I
"Goat fat, unrendered",Producing Animals/Slaughtered,An,1987,1250000.0,E
Goats,Stocks,An,1987,3900000.0,A
Groundnut oil,Production,t,1987,4348.08,I
"Groundnuts, excluding shelled",Area harvested,ha,1987,148000.0,A
"Groundnuts, excluding shelled",Yield,kg/ha,1987,824.3,A
"Groundnuts, excluding shelled",Production,t,1987,122000.0,A
"Hen eggs in shell, fresh",Yield,No/An,1987,45.0,E
"Hen eggs in shell, fresh",Yield/Carcass Weight,g/An,1987,2000.0,E
"Hen eggs in shell, fresh",Production,t,1987,12800.0,E
"Hen eggs in shell, fresh",Production,1000 No,1987,290900.0,E
"Hen eggs in shell, fresh",Laying,1000 An,1987,6400.0,E
Maize (corn),Area harvested,ha,1987,307000.0,A
Maize (corn),Yield,kg/ha,1987,1162.9,A
Maize (corn),Production,t,1987,357000.0,A
"Meat of cattle with the bone, fresh or chilled",Yield/Carcass Weight,kg/An,1987,150.0,A
"Meat of cattle with the bone, fresh or chilled",Production,t,1987,58650.0,A
"Meat of cattle with the bone, fresh or chilled",Producing Animals/Slaughtered,An,1987,391000.0,A
"Meat of chickens, fresh or chilled",Yield/Carcass Weight,g/An,1987,1300.0,E
"Meat of chickens, fresh or chilled",Production,t,1987,25480.0,E
"Meat of chickens, fresh or chilled",Producing Animals/Slaughtered,1000 An,1987,19600.0,E
"Meat of goat, fresh or chilled",Yield/Carcass Weight,kg/An,1987,12.0,E
"Meat of goat, fresh or chilled",Production,t,1987,15000.0,E
"Meat of goat, fresh or chilled",Producing Animals/Slaughtered,An,1987,1250000.0,E
"Meat of pig with the bone, fresh or chilled",Yield/Carcass Weight,kg/An,1987,60.0,A
"Meat of pig with the bone, fresh or chilled",Production,t,1987,25400.0,A
"Meat of pig with the bone, fresh or chilled",Producing Animals/Slaughtered,An,1987,423000.0,A
"Meat of sheep, fresh or chilled",Yield/Carcass Weight,kg/An,1987,14.0,E
"Meat of sheep, fresh or chilled",Production,t,1987,3178.0,E
"Meat of sheep, fresh or chilled",Producing Animals/Slaughtered,An,1987,227000.0,E
Millet,Area harvested,ha,1987,324000.0,A
Millet,Yield,kg/ha,1987,1598.8,A
Millet,Production,t,1987,518000.0,A
Molasses,Production,t,1987,1000.0,X
Natural honey,Production,t,1987,200.0,E
"Onions and shallots, dry (excluding dehydrated)",Area harvested,ha,1987,10000.0,E
"Onions and shallots, dry (excluding dehydrated)",Yield,kg/ha,1987,4000.0,E
"Onions and shallots, dry (excluding dehydrated)",Production,t,1987,40000.0,E
"Other fruits, n.e.c.",Area harvested,ha,1987,6900.0,E
"Other fruits, n.e.c.",Yield,kg/ha,1987,6376.8,E
"Other fruits, n.e.c.",Production,t,1987,44000.0,E
"Other meat of mammals, fresh or chilled",Production,t,1987,15800.0,E
"Other oil seeds, n.e.c.",Production,t,1987,22000.0,E
"Other vegetables, fresh n.e.c.",Area harvested,ha,1987,55000.0,E
"Other vegetables, fresh n.e.c.",Yield,kg/ha,1987,6000.0,E
"Other vegetables, fresh n.e.c.",Production,t,1987,330000.0,E
"Peas, dry",Area harvested,ha,1987,22000.0,A
"Peas, dry",Yield,kg/ha,1987,500.0,A
"Peas, dry",Production,t,1987,11000.0,A
"Pepper (Piper spp.), raw",Area harvested,ha,1987,2500.0,E
"Pepper (Piper spp.), raw",Yield,kg/ha,1987,600.0,E
"Pepper (Piper spp.), raw",Production,t,1987,1500.0,E
"Pigeon peas, dry",Area harvested,ha,1987,60000.0,A
"Pigeon peas, dry",Yield,kg/ha,1987,450.0,A
"Pigeon peas, dry",Production,t,1987,27000.0,A
Pineapples,Area harvested,ha,1987,100.0,E
Pineapples,Yield,kg/ha,1987,8000.0,E
Pineapples,Production,t,1987,800.0,E
Plantains and cooking bananas,Area harvested,ha,1987,1271000.0,A
Plantains and cooking bananas,Yield,kg/ha,1987,5538.2,A
Plantains and cooking bananas,Production,t,1987,7039000.0,A
Potatoes,Area harvested,ha,1987,26000.0,A
Potatoes,Yield,kg/ha,1987,7115.4,A
Potatoes,Production,t,1987,185000.0,A
Raw cane or beet sugar (centrifugal only),Production,t,1987,5000.0,X
Raw hides and skins of cattle,Yield/Carcass Weight,kg/An,1987,21.0,E
Raw hides and skins of cattle,Production,t,1987,8308.75,I
Raw hides and skins of cattle,Producing Animals/Slaughtered,An,1987,391000.0,A
Raw hides and skins of goats or kids,Yield/Carcass Weight,kg/An,1987,2.0,E
Raw hides and skins of goats or kids,Production,t,1987,3061.22,I
Raw hides and skins of goats or kids,Producing Animals/Slaughtered,An,1987,1250000.0,E
Raw hides and skins of sheep or lambs,Yield/Carcass Weight,kg/An,1987,2.0,E
Raw hides and skins of sheep or lambs,Production,t,1987,557.77,I
Raw hides and skins of sheep or lambs,Producing Animals/Slaughtered,An,1987,227000.0,E
Raw milk of cattle,Yield/Carcass Weight,kg/An,1987,350.0,E
Raw milk of cattle,Production,t,1987,341950.0,I
Raw milk of cattle,Milk Animals,An,1987,977000.0,E
Rice,Area harvested,ha,1987,16000.0,A
Rice,Yield,kg/ha,1987,1250.0,A
Rice,Production,t,1987,20000.0,A
"Seed cotton, unginned",Area harvested,ha,1987,140000.0,A
"Seed cotton, unginned",Yield,kg/ha,1987,134.3,E
"Seed cotton, unginned",Production,t,1987,18800.0,X
Sesame seed,Area harvested,ha,1987,74000.0,A
Sesame seed,Yield,kg/ha,1987,445.9,A
Sesame seed,Production,t,1987,33000.0,A
Sheep,Stocks,An,1987,650000.0,A
"Sheep fat, unrendered",Production,t,1987,71.34,I
"Sheep fat, unrendered",Producing Animals/Slaughtered,An,1987,227000.0,E
"Sisal, raw",Area harvested,ha,1987,0.0,A
"Sisal, raw",Production,t,1987,0.0,A
Sorghum,Area harvested,ha,1987,203000.0,A
Sorghum,Yield,kg/ha,1987,1551.7,A
Sorghum,Production,t,1987,315000.0,A
Soya beans,Area harvested,ha,1987,10000.0,A
Soya beans,Yield,kg/ha,1987,800.0,A
Soya beans,Production,t,1987,8000.0,A
Sugar cane,Area harvested,ha,1987,31000.0,A
Sugar cane,Yield,kg/ha,1987,12258.1,E
Sugar cane,Production,t,1987,380000.0,E
Sunflower seed,Area harvested,ha,1987,5000.0,E
Sunflower seed,Yield,kg/ha,1987,400.0,E
Sunflower seed,Production,t,1987,2000.0,E
Sweet potatoes,Area harvested,ha,1987,398000.0,A
Sweet potatoes,Yield,kg/ha,1987,4206.0,A
Sweet potatoes,Production,t,1987,1674000.0,A
Swine / pigs,Stocks,An,1987,470400.0,A
Tea leaves,Area harvested,ha,1987,7200.0,E
Tea leaves,Yield,kg/ha,1987,487.6,E
Tea leaves,Production,t,1987,3511.0,A
Tomatoes,Area harvested,ha,1987,1500.0,E
Tomatoes,Yield,kg/ha,1987,6000.0,E
Tomatoes,Production,t,1987,9000.0,E
Unmanufactured tobacco,Area harvested,ha,1987,2100.0,A
Unmanufactured tobacco,Yield,kg/ha,1987,578.1,A
Unmanufactured tobacco,Production,t,1987,1214.0,A
"Vanilla, raw",Area harvested,ha,1987,50.0,E
"Vanilla, raw",Yield,kg/ha,1987,200.0,E
"Vanilla, raw",Production,t,1987,10.0,E
Wheat,Area harvested,ha,1987,4620.0,A
Wheat,Yield,kg/ha,1987,2164.5,A
Wheat,Production,t,1987,10000.0,A
"Beef and Buffalo Meat, primary",Yield/Carcass Weight,kg/An,1987,150.0,A
"Beef and Buffalo Meat, primary",Production,t,1987,58650.0,A
"Beef and Buffalo Meat, primary",Producing Animals/Slaughtered,An,1987,391000.0,A
Cattle and Buffaloes,Stocks,An,1987,3905200.0,A
"Cereals, primary",Area harvested,ha,1987,854620.0,A
"Cereals, primary",Yield,kg/ha,1987,1427.5,A
"Cereals, primary",Production,t,1987,1220000.0,A
Eggs Primary,Yield/Carcass Weight,g/An,1987,2000.0,E
Eggs Primary,Production,t,1987,12800.0,E
Eggs Primary,Laying,1000 An,1987,6400.0,E
"Fibre Crops, Fibre Equivalent",Area harvested,ha,1987,140000.0,E
"Fibre Crops, Fibre Equivalent",Yield,kg/ha,1987,47.0,E
"Fibre Crops, Fibre Equivalent",Production,t,1987,6580.0,E
Fruit Primary,Area harvested,ha,1987,1384000.0,E
Fruit Primary,Yield,kg/ha,1987,5450.7,E
Fruit Primary,Production,t,1987,7543800.0,E
"Meat, Poultry",Yield/Carcass Weight,g/An,1987,1300.0,E
"Meat, Poultry",Production,t,1987,25480.0,E
"Meat, Poultry",Producing Animals/Slaughtered,1000 An,1987,19600.0,E
"Meat, Total",Production,t,1987,143508.0,E
"Milk, Total",Yield/Carcass Weight,kg/An,1987,350.0,E
"Milk, Total",Production,t,1987,341950.0,E
"Milk, Total",Milk Animals,An,1987,977000.0,E
"Oilcrops, Cake Equivalent",Area harvested,ha,1987,377000.0,E
"Oilcrops, Cake Equivalent",Yield,kg/ha,1987,237.9,E
"Oilcrops, Cake Equivalent",Production,t,1987,89690.44,E
"Oilcrops, Oil Equivalent",Area harvested,ha,1987,380000.0,E
"Oilcrops, Oil Equivalent",Yield,kg/ha,1987,163.0,E
"Oilcrops, Oil Equivalent",Production,t,1987,61945.04,E
Poultry Birds,Stocks,1000 An,1987,16120.0,A
"Pulses, Total",Area harvested,ha,1987,502000.0,A
"Pulses, Total",Yield,kg/ha,1987,750.0,A
"Pulses, Total",Production,t,1987,376500.0,A
"Roots and Tubers, Total",Area harvested,ha,1987,769000.0,A
"Roots and Tubers, Total",Yield,kg/ha,1987,6449.9,A
"Roots and Tubers, Total",Production,t,1987,4960000.0,A
Sheep and Goat Meat,Yield/Carcass Weight,kg/An,1987,12.0,E
Sheep and Goat Meat,Production,t,1987,18178.0,E
Sheep and Goat Meat,Producing Animals/Slaughtered,An,1987,1477000.0,E
Sheep and Goats,Stocks,An,1987,4550000.0,A
Sugar Crops Primary,Area harvested,ha,1987,31000.0,A
Sugar Crops Primary,Yield,kg/ha,1987,12258.1,E
Sugar Crops Primary,Production,t,1987,380000.0,E
Vegetables Primary,Area harvested,ha,1987,66500.0,E
Vegetables Primary,Yield,kg/ha,1987,5699.2,E
Vegetables Primary,Production,t,1987,379000.0,E
Asses,Stocks,An,1988,16700.0,E
Bananas,Area harvested,ha,1988,109000.0,E
Bananas,Yield,kg/ha,1988,4403.7,E
Bananas,Production,t,1988,480000.0,E
"Beans, dry",Area harvested,ha,1988,445000.0,A
"Beans, dry",Yield,kg/ha,1988,759.6,A
"Beans, dry",Production,t,1988,338000.0,A
"Beer of barley, malted",Production,t,1988,21493.0,A
Bees,Stocks,No,1988,51000.0,E
Beeswax,Production,t,1988,820.0,E
"Cassava, fresh",Area harvested,ha,1988,361000.0,A
"Cassava, fresh",Yield,kg/ha,1988,9060.9,A
"Cassava, fresh",Production,t,1988,3271000.0,A
Castor oil seeds,Area harvested,ha,1988,3000.0,E
Castor oil seeds,Yield,kg/ha,1988,333.3,E
Castor oil seeds,Production,t,1988,1000.0,E
Cattle,Stocks,An,1988,4259800.0,A
"Cattle fat, unrendered",Production,t,1988,1336.04,I
"Cattle fat, unrendered",Producing Animals/Slaughtered,An,1988,427500.0,E
"Chick peas, dry",Area harvested,ha,1988,6000.0,E
"Chick peas, dry",Yield,kg/ha,1988,500.0,E
"Chick peas, dry",Production,t,1988,3000.0,E
Chickens,Stocks,1000 An,1988,17020.0,A
"Chillies and peppers, dry (Capsicum spp., Pimenta spp.), raw",Area harvested,ha,1988,3900.0,E
"Chillies and peppers, dry (Capsicum spp., Pimenta spp.), raw",Yield,kg/ha,1988,897.4,E
"Chillies and peppers, dry (Capsicum spp., Pimenta spp.), raw",Production,t,1988,3500.0,E
Cocoa beans,Area harvested,ha,1988,2500.0,E
Cocoa beans,Yield,kg/ha,1988,89.6,E
Cocoa beans,Production,t,1988,224.0,A
"Coffee, green",Area harvested,ha,1988,224700.0,A
"Coffee, green",Yield,kg/ha,1988,672.7,A
"Coffee, green",Production,t,1988,151157.0,A
"Cotton lint, ginned",Production,t,1988,5000.0,A
Cotton seed,Production,t,1988,10900.0,X
Cottonseed oil,Production,t,1988,1053.6,I
"Cow peas, dry",Area harvested,ha,1988,46000.0,A
"Cow peas, dry",Yield,kg/ha,1988,826.1,A
"Cow peas, dry",Production,t,1988,38000.0,A
"Edible offal of cattle, fresh, chilled or frozen",Production,t,1988,10821.94,I
"Edible offal of cattle, fresh, chilled or frozen",Producing Animals/Slaughtered,An,1988,427500.0,E
"Edible offal of goat, fresh, chilled or frozen",Production,t,1988,4885.71,I
"Edible offal of goat, fresh, chilled or frozen",Producing Animals/Slaughtered,An,1988,1330000.0,E
"Edible offal of pigs, fresh, chilled or frozen",Production,t,1988,1934.63,I
"Edible offal of pigs, fresh, chilled or frozen",Producing Animals/Slaughtered,An,1988,385000.0,E
"Edible offal of sheep, fresh, chilled or frozen",Production,t,1988,770.0,I
"Edible offal of sheep, fresh, chilled or frozen",Producing Animals/Slaughtered,An,1988,245000.0,E
Fat of pigs,Production,t,1988,1934.63,I
Fat of pigs,Producing Animals/Slaughtered,An,1988,385000.0,E
"Ginger, raw",Production,t,1988,0.0,A
"Goat fat, unrendered",Production,t,1988,553.71,I
"Goat fat, unrendered",Producing Animals/Slaughtered,An,1988,1330000.0,E
Goats,Stocks,An,1988,4170000.0,A
Groundnut oil,Production,t,1988,4775.76,I
"Groundnuts, excluding shelled",Area harvested,ha,1988,179000.0,A
"Groundnuts, excluding shelled",Yield,kg/ha,1988,748.6,A
"Groundnuts, excluding shelled",Production,t,1988,134000.0,A
"Hen eggs in shell, fresh",Yield,No/An,1988,45.0,E
"Hen eggs in shell, fresh",Yield/Carcass Weight,g/An,1988,2000.0,E
"Hen eggs in shell, fresh",Production,t,1988,13600.0,E
"Hen eggs in shell, fresh",Production,1000 No,1988,309100.0,E
"Hen eggs in shell, fresh",Laying,1000 An,1988,6800.0,E
Maize (corn),Area harvested,ha,1988,345000.0,A
Maize (corn),Yield,kg/ha,1988,1275.4,A
Maize (corn),Production,t,1988,440000.0,A
"Meat of cattle with the bone, fresh or chilled",Yield/Carcass Weight,kg/An,1988,150.0,E
"Meat of cattle with the bone, fresh or chilled",Production,t,1988,64130.0,E
"Meat of cattle with the bone, fresh or chilled",Producing Animals/Slaughtered,An,1988,427500.0,E
"Meat of chickens, fresh or chilled",Yield/Carcass Weight,g/An,1988,1300.0,E
"Meat of chickens, fresh or chilled",Production,t,1988,26780.0,E
"Meat of chickens, fresh or chilled",Producing Animals/Slaughtered,1000 An,1988,20600.0,E
"Meat of goat, fresh or chilled",Yield/Carcass Weight,kg/An,1988,12.0,E
"Meat of goat, fresh or chilled",Production,t,1988,15960.0,E
"Meat of goat, fresh or chilled",Producing Animals/Slaughtered,An,1988,1330000.0,E
"Meat of pig with the bone, fresh or chilled",Yield/Carcass Weight,kg/An,1988,60.0,E
"Meat of pig with the bone, fresh or chilled",Production,t,1988,23100.0,E
"Meat of pig with the bone, fresh or chilled",Producing Animals/Slaughtered,An,1988,385000.0,E
"Meat of sheep, fresh or chilled",Yield/Carcass Weight,kg/An,1988,14.0,E
"Meat of sheep, fresh or chilled",Production,t,1988,3430.0,E
"Meat of sheep, fresh or chilled",Producing Animals/Slaughtered,An,1988,245000.0,E
Millet,Area harvested,ha,1988,371000.0,A
Millet,Yield,kg/ha,1988,1558.0,A
Millet,Production,t,1988,578000.0,A
Molasses,Production,t,1988,5000.0,X
Natural honey,Production,t,1988,205.0,E
"Onions and shallots, dry (excluding dehydrated)",Area harvested,ha,1988,11000.0,E
"Onions and shallots, dry (excluding dehydrated)",Yield,kg/ha,1988,4090.9,E
"Onions and shallots, dry (excluding dehydrated)",Production,t,1988,45000.0,E
"Other fruits, n.e.c.",Area harvested,ha,1988,6900.0,E
"Other fruits, n.e.c.",Yield,kg/ha,1988,6521.7,E
"Other fruits, n.e.c.",Production,t,1988,45000.0,E
"Other meat of mammals, fresh or chilled",Production,t,1988,15900.0,E
"Other oil seeds, n.e.c.",Production,t,1988,23000.0,E
"Other vegetables, fresh n.e.c.",Area harvested,ha,1988,55000.0,E
"Other vegetables, fresh n.e.c.",Yield,kg/ha,1988,6181.8,E
"Other vegetables, fresh n.e.c.",Production,t,1988,340000.0,E
"Peas, dry",Area harvested,ha,1988,23000.0,A
"Peas, dry",Yield,kg/ha,1988,521.7,A
"Peas, dry",Production,t,1988,12000.0,A
"Pepper (Piper spp.), raw",Area harvested,ha,1988,2500.0,E
"Pepper (Piper spp.), raw",Yield,kg/ha,1988,600.0,E
"Pepper (Piper spp.), raw",Production,t,1988,1500.0,E
"Pigeon peas, dry",Area harvested,ha,1988,64000.0,A
"Pigeon peas, dry",Yield,kg/ha,1988,656.3,A
"Pigeon peas, dry",Production,t,1988,42000.0,A
Pineapples,Area harvested,ha,1988,90.0,E
Pineapples,Yield,kg/ha,1988,6666.7,E
Pineapples,Production,t,1988,600.0,E
Plantains and cooking bananas,Area harvested,ha,1988,1302000.0,A
Plantains and cooking bananas,Yield,kg/ha,1988,5601.4,A
Plantains and cooking bananas,Production,t,1988,7293000.0,A
Potatoes,Area harvested,ha,1988,27000.0,A
Potatoes,Yield,kg/ha,1988,7037.0,A
Potatoes,Production,t,1988,190000.0,A
Raw cane or beet sugar (centrifugal only),Production,t,1988,7534.0,A
Raw hides and skins of cattle,Yield/Carcass Weight,kg/An,1988,21.0,E
Raw hides and skins of cattle,Production,t,1988,9085.08,I
Raw hides and skins of cattle,Producing Animals/Slaughtered,An,1988,427500.0,E
Raw hides and skins of goats or kids,Yield/Carcass Weight,kg/An,1988,2.0,E
Raw hides and skins of goats or kids,Production,t,1988,3257.14,I
Raw hides and skins of goats or kids,Producing Animals/Slaughtered,An,1988,1330000.0,E
Raw hides and skins of sheep or lambs,Yield/Carcass Weight,kg/An,1988,2.0,E
Raw hides and skins of sheep or lambs,Production,t,1988,602.0,I
Raw hides and skins of sheep or lambs,Producing Animals/Slaughtered,An,1988,245000.0,E
Raw milk of cattle,Yield/Carcass Weight,kg/An,1988,350.0,E
Raw milk of cattle,Production,t,1988,372750.0,I
Raw milk of cattle,Milk Animals,An,1988,1065000.0,E
Rice,Area harvested,ha,1988,17000.0,A
Rice,Yield,kg/ha,1988,1352.9,A
Rice,Production,t,1988,23000.0,A
"Seed cotton, unginned",Area harvested,ha,1988,98900.0,A
"Seed cotton, unginned",Yield,kg/ha,1988,163.8,E
"Seed cotton, unginned",Production,t,1988,16200.0,X
Sesame seed,Area harvested,ha,1988,81000.0,A
Sesame seed,Yield,kg/ha,1988,444.4,A
Sesame seed,Production,t,1988,36000.0,A
Sheep,Stocks,An,1988,700000.0,A
"Sheep fat, unrendered",Production,t,1988,77.0,I
"Sheep fat, unrendered",Producing Animals/Slaughtered,An,1988,245000.0,E
"Sisal, raw",Area harvested,ha,1988,0.0,A
"Sisal, raw",Production,t,1988,0.0,A
Sorghum,Area harvested,ha,1988,233000.0,A
Sorghum,Yield,kg/ha,1988,1476.4,A
Sorghum,Production,t,1988,344000.0,A
Soya beans,Area harvested,ha,1988,17000.0,A
Soya beans,Yield,kg/ha,1988,823.5,A
Soya beans,Production,t,1988,14000.0,A
Sugar cane,Area harvested,ha,1988,31000.0,A
Sugar cane,Yield,kg/ha,1988,12903.2,E
Sugar cane,Production,t,1988,400000.0,E
Sunflower seed,Area harvested,ha,1988,5000.0,E
Sunflower seed,Yield,kg/ha,1988,400.0,E
Sunflower seed,Production,t,1988,2000.0,E
Sweet potatoes,Area harvested,ha,1988,417000.0,A
Sweet potatoes,Yield,kg/ha,1988,4115.1,A
Sweet potatoes,Production,t,1988,1716000.0,A
Swine / pigs,Stocks,An,1988,452300.0,A
Tea leaves,Area harvested,ha,1988,7200.0,E
Tea leaves,Yield,kg/ha,1988,487.8,E
Tea leaves,Production,t,1988,3512.0,A
Tomatoes,Area harvested,ha,1988,1600.0,E
Tomatoes,Yield,kg/ha,1988,5937.5,E
Tomatoes,Production,t,1988,9500.0,E
Unmanufactured tobacco,Area harvested,ha,1988,2700.0,A
Unmanufactured tobacco,Yield,kg/ha,1988,977.4,A
Unmanufactured tobacco,Production,t,1988,2639.0,A
"Vanilla, raw",Area harvested,ha,1988,50.0,E
"Vanilla, raw",Yield,kg/ha,1988,200.0,E
"Vanilla, raw",Production,t,1988,10.0,E
Wheat,Area harvested,ha,1988,6000.0,A
Wheat,Yield,kg/ha,1988,2166.7,A
Wheat,Production,t,1988,13000.0,A
"Beef and Buffalo Meat, primary",Yield/Carcass Weight,kg/An,1988,150.0,E
"Beef and Buffalo Meat, primary",Production,t,1988,64130.0,E
"Beef and Buffalo Meat, primary",Producing Animals/Slaughtered,An,1988,427500.0,E
Cattle and Buffaloes,Stocks,An,1988,4259800.0,A
"Cereals, primary",Area harvested,ha,1988,972000.0,A
"Cereals, primary",Yield,kg/ha,1988,1438.3,A
"Cereals, primary",Production,t,1988,1398000.0,A
Eggs Primary,Yield/Carcass Weight,g/An,1988,2000.0,E
Eggs Primary,Production,t,1988,13600.0,E
Eggs Primary,Laying,1000 An,1988,6800.0,E
"Fibre Crops, Fibre Equivalent",Area harvested,ha,1988,98900.0,E
"Fibre Crops, Fibre Equivalent",Yield,kg/ha,1988,57.3,E
"Fibre Crops, Fibre Equivalent",Production,t,1988,5670.0,E
Fruit Primary,Area harvested,ha,1988,1417990.0,E
Fruit Primary,Yield,kg/ha,1988,5513.9,E
Fruit Primary,Production,t,1988,7818600.0,E
"Meat, Poultry",Yield/Carcass Weight,g/An,1988,1300.0,E
"Meat, Poultry",Production,t,1988,26780.0,E
"Meat, Poultry",Producing Animals/Slaughtered,1000 An,1988,20600.0,E
"Meat, Total",Production,t,1988,149300.0,E
"Milk, Total",Yield/Carcass Weight,kg/An,1988,350.0,E
"Milk, Total",Production,t,1988,372750.0,E
"Milk, Total",Milk Animals,An,1988,1065000.0,E
"Oilcrops, Cake Equivalent",Area harvested,ha,1988,380900.0,E
"Oilcrops, Cake Equivalent",Yield,kg/ha,1988,263.3,E
"Oilcrops, Cake Equivalent",Production,t,1988,100285.06,E
"Oilcrops, Oil Equivalent",Area harvested,ha,1988,383900.0,E
"Oilcrops, Oil Equivalent",Yield,kg/ha,1988,177.0,E
"Oilcrops, Oil Equivalent",Production,t,1988,67952.96,E
Poultry Birds,Stocks,1000 An,1988,17020.0,A
"Pulses, Total",Area harvested,ha,1988,584000.0,A
"Pulses, Total",Yield,kg/ha,1988,741.4,A
"Pulses, Total",Production,t,1988,433000.0,A
"Roots and Tubers, Total",Area harvested,ha,1988,805000.0,A
"Roots and Tubers, Total",Yield,kg/ha,1988,6431.1,A
"Roots and Tubers, Total",Production,t,1988,5177000.0,A
Sheep and Goat Meat,Yield/Carcass Weight,kg/An,1988,12.0,E
Sheep and Goat Meat,Production,t,1988,19390.0,E
Sheep and Goat Meat,Producing Animals/Slaughtered,An,1988,1575000.0,E
Sheep and Goats,Stocks,An,1988,4870000.0,A
Sugar Crops Primary,Area harvested,ha,1988,31000.0,A
Sugar Crops Primary,Yield,kg/ha,1988,12903.2,E
Sugar Crops Primary,Production,t,1988,400000.0,E
Vegetables Primary,Area harvested,ha,1988,67600.0,E
Vegetables Primary,Yield,kg/ha,1988,5835.8,E
Vegetables Primary,Production,t,1988,394500.0,E
Asses,Stocks,An,1989,16800.0,E
Bananas,Area harvested,ha,1989,111000.0,E
Bananas,Yield,kg/ha,1989,4414.4,E
Bananas,Production,t,1989,490000.0,E
"Beans, dry",Area harvested,ha,1989,480500.0,A
"Beans, dry",Yield,kg/ha,1989,809.2,A
"Beans, dry",Production,t,1989,388816.0,A
"Beer of barley, malted",Production,t,1989,19516.0,A
Bees,Stocks,No,1989,53000.0,E
Beeswax,Production,t,1989,840.0,E
"Cassava, fresh",Area harvested,ha,1989,392096.0,A
"Cassava, fresh",Yield,kg/ha,1989,9100.8,A
"Cassava, fresh",Production,t,1989,3568376.0,A
Castor oil seeds,Area harvested,ha,1989,3000.0,E
Castor oil seeds,Yield,kg/ha,1989,333.3,E
Castor oil seeds,Production,t,1989,1000.0,E
Cattle,Stocks,An,1989,4416500.0,A
"Cattle fat, unrendered",Production,t,1989,1521.88,I
"Cattle fat, unrendered",Producing Animals/Slaughtered,An,1989,487000.0,E
"Chick peas, dry",Area harvested,ha,1989,6000.0,E
"Chick peas, dry",Yield,kg/ha,1989,500.0,E
"Chick peas, dry",Production,t,1989,3000.0,E
Chickens,Stocks,1000 An,1989,17960.0,A
"Chillies and peppers, dry (Capsicum spp., Pimenta spp.), raw",Area harvested,ha,1989,3900.0,E
"Chillies and peppers, dry (Capsicum spp., Pimenta spp.), raw",Yield,kg/ha,1989,897.4,E
"Chillies and peppers, dry (Capsicum spp., Pimenta spp.), raw",Production,t,1989,3500.0,E
Cocoa beans,Area harvested,ha,1989,5000.0,E
Cocoa beans,Yield,kg/ha,1989,92.2,E
Cocoa beans,Production,t,1989,461.0,A
"Coffee, green",Area harvested,ha,1989,237600.0,A
"Coffee, green",Yield,kg/ha,1989,711.5,A
"Coffee, green",Production,t,1989,169042.0,A
"Cotton lint, ginned",Production,t,1989,4800.0,A
Cotton seed,Production,t,1989,10500.0,X
Cottonseed oil,Production,t,1989,1094.4,I
"Cow peas, dry",Area harvested,ha,1989,47000.0,A
"Cow peas, dry",Yield,kg/ha,1989,799.1,A
"Cow peas, dry",Production,t,1989,37557.0,A
"Edible offal of cattle, fresh, chilled or frozen",Production,t,1989,12327.19,I
"Edible offal of cattle, fresh, chilled or frozen",Producing Animals/Slaughtered,An,1989,487000.0,E
"Edible offal of goat, fresh, chilled or frozen",Production,t,1989,5253.06,I
"Edible offal of goat, fresh, chilled or frozen",Producing Animals/Slaughtered,An,1989,1430000.0,E
"Edible offal of pigs, fresh, chilled or frozen",Production,t,1989,3241.13,I
"Edible offal of pigs, fresh, chilled or frozen",Producing Animals/Slaughtered,An,1989,645000.0,E
"Edible offal of sheep, fresh, chilled or frozen",Production,t,1989,817.14,I
"Edible offal of sheep, fresh, chilled or frozen",Producing Animals/Slaughtered,An,1989,260000.0,E
Fat of pigs,Production,t,1989,3241.13,I
Fat of pigs,Producing Animals/Slaughtered,An,1989,645000.0,E
"Ginger, raw",Production,t,1989,0.0,A
"Goat fat, unrendered",Production,t,1989,595.35,I
"Goat fat, unrendered",Producing Animals/Slaughtered,An,1989,1430000.0,E
Goats,Stocks,An,1989,4480000.0,A
Groundnut oil,Production,t,1989,5197.13,I
"Groundnuts, excluding shelled",Area harvested,ha,1989,189377.0,A
"Groundnuts, excluding shelled",Yield,kg/ha,1989,770.0,A
"Groundnuts, excluding shelled",Production,t,1989,145823.0,A
"Hen eggs in shell, fresh",Yield,No/An,1989,45.0,E
"Hen eggs in shell, fresh",Yield/Carcass Weight,g/An,1989,2000.0,E
"Hen eggs in shell, fresh",Production,t,1989,14400.0,E
"Hen eggs in shell, fresh",Production,1000 No,1989,327300.0,E
"Hen eggs in shell, fresh",Laying,1000 An,1989,7200.0,E
Maize (corn),Area harvested,ha,1989,430064.0,A
Maize (corn),Yield,kg/ha,1989,1450.0,A
Maize (corn),Production,t,1989,623585.0,A
"Meat of cattle with the bone, fresh or chilled",Yield/Carcass Weight,kg/An,1989,150.0,E
"Meat of cattle with the bone, fresh or chilled",Production,t,1989,73050.0,E
"Meat of cattle with the bone, fresh or chilled",Producing Animals/Slaughtered,An,1989,487000.0,E
"Meat of chickens, fresh or chilled",Yield/Carcass Weight,g/An,1989,1300.0,E
"Meat of chickens, fresh or chilled",Production,t,1989,28210.0,E
"Meat of chickens, fresh or chilled",Producing Animals/Slaughtered,1000 An,1989,21700.0,E
"Meat of goat, fresh or chilled",Yield/Carcass Weight,kg/An,1989,12.0,E
"Meat of goat, fresh or chilled",Production,t,1989,17160.0,E
"Meat of goat, fresh or chilled",Producing Animals/Slaughtered,An,1989,1430000.0,E
"Meat of pig with the bone, fresh or chilled",Yield/Carcass Weight,kg/An,1989,60.0,E
"Meat of pig with the bone, fresh or chilled",Production,t,1989,38700.0,E
"Meat of pig with the bone, fresh or chilled",Producing Animals/Slaughtered,An,1989,645000.0,E
"Meat of sheep, fresh or chilled",Yield/Carcass Weight,kg/An,1989,14.0,E
"Meat of sheep, fresh or chilled",Production,t,1989,3640.0,E
"Meat of sheep, fresh or chilled",Producing Animals/Slaughtered,An,1989,260000.0,E
Millet,Area harvested,ha,1989,381240.0,A
Millet,Yield,kg/ha,1989,1598.9,A
Millet,Production,t,1989,609578.0,A
Molasses,Production,t,1989,7000.0,X
Natural honey,Production,t,1989,210.0,E
"Onions and shallots, dry (excluding dehydrated)",Area harvested,ha,1989,11000.0,E
"Onions and shallots, dry (excluding dehydrated)",Yield,kg/ha,1989,4545.5,E
"Onions and shallots, dry (excluding dehydrated)",Production,t,1989,50000.0,E
"Other fruits, n.e.c.",Area harvested,ha,1989,7000.0,E
"Other fruits, n.e.c.",Yield,kg/ha,1989,6571.4,E
"Other fruits, n.e.c.",Production,t,1989,46000.0,E
"Other meat of mammals, fresh or chilled",Production,t,1989,16000.0,E
"Other oil seeds, n.e.c.",Production,t,1989,24000.0,E
"Other vegetables, fresh n.e.c.",Area harvested,ha,1989,54000.0,E
"Other vegetables, fresh n.e.c.",Yield,kg/ha,1989,6481.5,E
"Other vegetables, fresh n.e.c.",Production,t,1989,350000.0,E
"Peas, dry",Area harvested,ha,1989,24285.0,A
"Peas, dry",Yield,kg/ha,1989,500.1,A
"Peas, dry",Production,t,1989,12145.0,A
"Pepper (Piper spp.), raw",Area harvested,ha,1989,2500.0,E
"Pepper (Piper spp.), raw",Yield,kg/ha,1989,600.0,E
"Pepper (Piper spp.), raw",Production,t,1989,1500.0,E
"Pigeon peas, dry",Area harvested,ha,1989,68000.0,A
"Pigeon peas, dry",Yield,kg/ha,1989,669.3,A
"Pigeon peas, dry",Production,t,1989,45509.0,A
Pineapples,Area harvested,ha,1989,90.0,E
Pineapples,Yield,kg/ha,1989,7777.8,E
Pineapples,Production,t,1989,700.0,E
Plantains and cooking bananas,Area harvested,ha,1989,1321895.0,A
Plantains and cooking bananas,Yield,kg/ha,1989,5650.0,A
Plantains and cooking bananas,Production,t,1989,7468715.0,A
Potatoes,Area harvested,ha,1989,35799.0,A
Potatoes,Yield,kg/ha,1989,6927.6,A
Potatoes,Production,t,1989,248000.0,A
Raw cane or beet sugar (centrifugal only),Production,t,1989,15859.0,A
Raw hides and skins of cattle,Yield/Carcass Weight,kg/An,1989,21.0,E
Raw hides and skins of cattle,Production,t,1989,10348.75,I
Raw hides and skins of cattle,Producing Animals/Slaughtered,An,1989,487000.0,E
Raw hides and skins of goats or kids,Yield/Carcass Weight,kg/An,1989,2.0,E
Raw hides and skins of goats or kids,Production,t,1989,3502.04,I
Raw hides and skins of goats or kids,Producing Animals/Slaughtered,An,1989,1430000.0,E
Raw hides and skins of sheep or lambs,Yield/Carcass Weight,kg/An,1989,2.0,E
Raw hides and skins of sheep or lambs,Production,t,1989,638.86,I
Raw hides and skins of sheep or lambs,Producing Animals/Slaughtered,An,1989,260000.0,E
Raw milk of cattle,Yield/Carcass Weight,kg/An,1989,350.0,E
Raw milk of cattle,Production,t,1989,386400.0,I
Raw milk of cattle,Milk Animals,An,1989,1104000.0,E
Rice,Area harvested,ha,1989,32000.0,A
Rice,Yield,kg/ha,1989,1406.3,A
Rice,Production,t,1989,45000.0,A
"Seed cotton, unginned",Area harvested,ha,1989,106000.0,A
"Seed cotton, unginned",Yield,kg/ha,1989,146.2,E
"Seed cotton, unginned",Production,t,1989,15500.0,X
Sesame seed,Area harvested,ha,1989,92000.0,A
Sesame seed,Yield,kg/ha,1989,497.8,A
Sesame seed,Production,t,1989,45800.0,A
Sheep,Stocks,An,1989,750000.0,A
"Sheep fat, unrendered",Production,t,1989,81.71,I
"Sheep fat, unrendered",Producing Animals/Slaughtered,An,1989,260000.0,E
"Sisal, raw",Area harvested,ha,1989,0.0,A
"Sisal, raw",Production,t,1989,0.0,A
Sorghum,Area harvested,ha,1989,230888.0,A
Sorghum,Yield,kg/ha,1989,1502.0,A
Sorghum,Production,t,1989,346802.0,A
Soya beans,Area harvested,ha,1989,17638.0,A
Soya beans,Yield,kg/ha,1989,895.1,A
Soya beans,Production,t,1989,15788.0,A
Sugar cane,Area harvested,ha,1989,25000.0,E
Sugar cane,Yield,kg/ha,1989,20400.0,E
Sugar cane,Production,t,1989,510000.0,E
Sunflower seed,Area harvested,ha,1989,5000.0,E
Sunflower seed,Yield,kg/ha,1989,400.0,E
Sunflower seed,Production,t,1989,2000.0,E
Sweet potatoes,Area harvested,ha,1989,404740.0,A
Sweet potatoes,Yield,kg/ha,1989,4096.0,A
Sweet potatoes,Production,t,1989,1657795.0,A
Swine / pigs,Stocks,An,1989,716400.0,A
Tea leaves,Area harvested,ha,1989,8000.0,E
Tea leaves,Yield,kg/ha,1989,582.3,E
Tea leaves,Production,t,1989,4658.0,A
Tomatoes,Area harvested,ha,1989,1700.0,E
Tomatoes,Yield,kg/ha,1989,5882.4,E
Tomatoes,Production,t,1989,10000.0,E
Unmanufactured tobacco,Area harvested,ha,1989,3690.0,A
Unmanufactured tobacco,Yield,kg/ha,1989,936.6,A
Unmanufactured tobacco,Production,t,1989,3456.0,A
"Vanilla, raw",Area harvested,ha,1989,50.0,E
"Vanilla, raw",Yield,kg/ha,1989,200.0,E
"Vanilla, raw",Production,t,1989,10.0,E
Wheat,Area harvested,ha,1989,4891.0,A
Wheat,Yield,kg/ha,1989,2200.2,A
Wheat,Production,t,1989,10761.0,A
"Beef and Buffalo Meat, primary",Yield/Carcass Weight,kg/An,1989,150.0,E
"Beef and Buffalo Meat, primary",Production,t,1989,73050.0,E
"Beef and Buffalo Meat, primary",Producing Animals/Slaughtered,An,1989,487000.0,E
Cattle and Buffaloes,Stocks,An,1989,4416500.0,A
"Cereals, primary",Area harvested,ha,1989,1079083.0,A
"Cereals, primary",Yield,kg/ha,1989,1515.8,A
"Cereals, primary",Production,t,1989,1635726.0,A
Eggs Primary,Yield/Carcass Weight,g/An,1989,2000.0,E
Eggs Primary,Production,t,1989,14400.0,E
Eggs Primary,Laying,1000 An,1989,7200.0,E
"Fibre Crops, Fibre Equivalent",Area harvested,ha,1989,106000.0,E
"Fibre Crops, Fibre Equivalent",Yield,kg/ha,1989,51.2,E
"Fibre Crops, Fibre Equivalent",Production,t,1989,5425.0,E
Fruit Primary,Area harvested,ha,1989,1439985.0,E
Fruit Primary,Yield,kg/ha,1989,5559.4,E
Fruit Primary,Production,t,1989,8005415.0,E
"Meat, Poultry",Yield/Carcass Weight,g/An,1989,1300.0,E
"Meat, Poultry",Production,t,1989,28210.0,E
"Meat, Poultry",Producing Animals/Slaughtered,1000 An,1989,21700.0,E
"Meat, Total",Production,t,1989,176760.0,E
"Milk, Total",Yield/Carcass Weight,kg/An,1989,350.0,E
"Milk, Total",Production,t,1989,386400.0,E
"Milk, Total",Milk Animals,An,1989,1104000.0,E
"Oilcrops, Cake Equivalent",Area harvested,ha,1989,410015.0,E
"Oilcrops, Cake Equivalent",Yield,kg/ha,1989,272.1,E
"Oilcrops, Cake Equivalent",Production,t,1989,111563.41,E
"Oilcrops, Oil Equivalent",Area harvested,ha,1989,413015.0,E
"Oilcrops, Oil Equivalent",Yield,kg/ha,1989,184.7,E
"Oilcrops, Oil Equivalent",Production,t,1989,76265.14,E
Poultry Birds,Stocks,1000 An,1989,17960.0,A
"Pulses, Total",Area harvested,ha,1989,625785.0,A
"Pulses, Total",Yield,kg/ha,1989,778.3,A
"Pulses, Total",Production,t,1989,487027.0,A
"Roots and Tubers, Total",Area harvested,ha,1989,832635.0,A
"Roots and Tubers, Total",Yield,kg/ha,1989,6574.5,A
"Roots and Tubers, Total",Production,t,1989,5474171.0,A
Sheep and Goat Meat,Yield/Carcass Weight,kg/An,1989,12.0,E
Sheep and Goat Meat,Production,t,1989,20800.0,E
Sheep and Goat Meat,Producing Animals/Slaughtered,An,1989,1690000.0,E
Sheep and Goats,Stocks,An,1989,5230000.0,A
Sugar Crops Primary,Area harvested,ha,1989,25000.0,E
Sugar Crops Primary,Yield,kg/ha,1989,20400.0,E
Sugar Crops Primary,Production,t,1989,510000.0,E
Vegetables Primary,Area harvested,ha,1989,66700.0,E
Vegetables Primary,Yield,kg/ha,1989,6146.9,E
Vegetables Primary,Production,t,1989,410000.0,E
Asses,Stocks,An,1990,16900.0,E
Bananas,Area harvested,ha,1990,118000.0,E
Bananas,Yield,kg/ha,1990,4745.8,E
Bananas,Production,t,1990,560000.0,E
"Beans, dry",Area harvested,ha,1990,494915.0,A
"Beans, dry",Yield,kg/ha,1990,800.1,A
"Beans, dry",Production,t,1990,396000.0,A
"Beer of barley, malted",Production,t,1990,19421.0,A
Bees,Stocks,No,1990,55000.0,E
Beeswax,Production,t,1990,880.0,E
"Cassava, fresh",Area harvested,ha,1990,412000.0,A
"Cassava, fresh",Yield,kg/ha,1990,8301.0,A
"Cassava, fresh",Production,t,1990,3420000.0,A
Castor oil seeds,Area harvested,ha,1990,3083.0,E
Castor oil seeds,Yield,kg/ha,1990,401.2,E
Castor oil seeds,Production,t,1990,1237.0,E
Cattle,Stocks,An,1990,4913200.0,A
"Cattle fat, unrendered",Production,t,1990,1690.63,I
"Cattle fat, unrendered",Producing Animals/Slaughtered,An,1990,541000.0,E
"Chick peas, dry",Area harvested,ha,1990,7000.0,E
"Chick peas, dry",Yield,kg/ha,1990,500.0,E
"Chick peas, dry",Production,t,1990,3500.0,E
Chickens,Stocks,1000 An,1990,18960.0,A
"Chillies and peppers, dry (Capsicum spp., Pimenta spp.), raw",Area harvested,ha,1990,3962.0,E
"Chillies and peppers, dry (Capsicum spp., Pimenta spp.), raw",Yield,kg/ha,1990,945.5,E
"Chillies and peppers, dry (Capsicum spp., Pimenta spp.), raw",Production,t,1990,3746.0,E
Cocoa beans,Area harvested,ha,1990,10000.0,A
Cocoa beans,Yield,kg/ha,1990,100.0,A
Cocoa beans,Production,t,1990,1000.0,A
"Coffee, green",Area harvested,ha,1990,270000.0,A
"Coffee, green",Yield,kg/ha,1990,476.8,A
"Coffee, green",Production,t,1990,128747.0,A
"Cotton lint, ginned",Production,t,1990,5900.0,A
Cotton seed,Production,t,1990,12900.0,X
Cottonseed oil,Production,t,1990,1226.4,I
"Cow peas, dry",Area harvested,ha,1990,49000.0,A
"Cow peas, dry",Yield,kg/ha,1990,795.9,A
"Cow peas, dry",Production,t,1990,39000.0,A
"Edible offal of cattle, fresh, chilled or frozen",Production,t,1990,13694.06,I
"Edible offal of cattle, fresh, chilled or frozen",Producing Animals/Slaughtered,An,1990,541000.0,E
"Edible offal of goat, fresh, chilled or frozen",Production,t,1990,5510.2,I
"Edible offal of goat, fresh, chilled or frozen",Producing Animals/Slaughtered,An,1990,1500000.0,E
"Edible offal of pigs, fresh, chilled or frozen",Production,t,1990,4824.0,I
"Edible offal of pigs, fresh, chilled or frozen",Producing Animals/Slaughtered,An,1990,960000.0,E
"Edible offal of sheep, fresh, chilled or frozen",Production,t,1990,858.0,I
"Edible offal of sheep, fresh, chilled or frozen",Producing Animals/Slaughtered,An,1990,273000.0,E
Fat of pigs,Production,t,1990,4824.0,I
Fat of pigs,Producing Animals/Slaughtered,An,1990,960000.0,E
"Ginger, raw",Area harvested,ha,1990,70.0,E
"Ginger, raw",Yield,kg/ha,1990,3000.0,E
"Ginger, raw",Production,t,1990,210.0,E
"Goat fat, unrendered",Production,t,1990,624.49,I
"Goat fat, unrendered",Producing Animals/Slaughtered,An,1990,1500000.0,E
Goats,Stocks,An,1990,4710000.0,A
Groundnut oil,Production,t,1990,5631.12,I
"Groundnuts, excluding shelled",Area harvested,ha,1990,186000.0,A
"Groundnuts, excluding shelled",Yield,kg/ha,1990,849.5,A
"Groundnuts, excluding shelled",Production,t,1990,158000.0,A
"Hen eggs in shell, fresh",Yield,No/An,1990,49.0,E
"Hen eggs in shell, fresh",Yield/Carcass Weight,g/An,1990,2171.0,E
"Hen eggs in shell, fresh",Production,t,1990,15200.0,E
"Hen eggs in shell, fresh",Production,1000 No,1990,345500.0,E
"Hen eggs in shell, fresh",Laying,1000 An,1990,7000.0,E
Maize (corn),Area harvested,ha,1990,401000.0,A
Maize (corn),Yield,kg/ha,1990,1501.2,A
Maize (corn),Production,t,1990,602000.0,A
"Meat of cattle with the bone, fresh or chilled",Yield/Carcass Weight,kg/An,1990,150.0,E
"Meat of cattle with the bone, fresh or chilled",Production,t,1990,81150.0,E
"Meat of cattle with the bone, fresh or chilled",Producing Animals/Slaughtered,An,1990,541000.0,E
"Meat of chickens, fresh or chilled",Yield/Carcass Weight,g/An,1990,1300.0,E
"Meat of chickens, fresh or chilled",Production,t,1990,29640.0,E
"Meat of chickens, fresh or chilled",Producing Animals/Slaughtered,1000 An,1990,22800.0,E
"Meat of goat, fresh or chilled",Yield/Carcass Weight,kg/An,1990,12.0,E
"Meat of goat, fresh or chilled",Production,t,1990,18000.0,E
"Meat of goat, fresh or chilled",Producing Animals/Slaughtered,An,1990,1500000.0,E
"Meat of pig with the bone, fresh or chilled",Yield/Carcass Weight,kg/An,1990,60.0,E
"Meat of pig with the bone, fresh or chilled",Production,t,1990,57600.0,E
"Meat of pig with the bone, fresh or chilled",Producing Animals/Slaughtered,An,1990,960000.0,E
"Meat of sheep, fresh or chilled",Yield/Carcass Weight,kg/An,1990,14.0,E
"Meat of sheep, fresh or chilled",Production,t,1990,3822.0,E
"Meat of sheep, fresh or chilled",Producing Animals/Slaughtered,An,1990,273000.0,E
Millet,Area harvested,ha,1990,373000.0,A
Millet,Yield,kg/ha,1990,1501.3,A
Millet,Production,t,1990,560000.0,A
Molasses,Production,t,1990,9000.0,X
Natural honey,Production,t,1990,220.0,E
Oil of sesame seed,Production,t,1990,11800.0,E
"Onions and shallots, dry (excluding dehydrated)",Area harvested,ha,1990,9672.0,X
"Onions and shallots, dry (excluding dehydrated)",Yield,kg/ha,1990,4652.6,E
"Onions and shallots, dry (excluding dehydrated)",Production,t,1990,45000.0,E
"Other fruits, n.e.c.",Area harvested,ha,1990,7200.0,E
"Other fruits, n.e.c.",Yield,kg/ha,1990,6527.8,E
"Other fruits, n.e.c.",Production,t,1990,47000.0,E
"Other meat of mammals, fresh or chilled",Production,t,1990,17000.0,E
"Other oil seeds, n.e.c.",Production,t,1990,25000.0,E
"Other vegetables, fresh n.e.c.",Area harvested,ha,1990,61204.0,E
"Other vegetables, fresh n.e.c.",Yield,kg/ha,1990,5882.0,E
"Other vegetables, fresh n.e.c.",Production,t,1990,360000.0,E
"Peas, dry",Area harvested,ha,1990,24000.0,A
"Peas, dry",Yield,kg/ha,1990,500.0,A
"Peas, dry",Production,t,1990,12000.0,A
"Pepper (Piper spp.), raw",Area harvested,ha,1990,2628.0,E
"Pepper (Piper spp.), raw",Yield,kg/ha,1990,514.8,E
"Pepper (Piper spp.), raw",Production,t,1990,1353.0,E
"Pigeon peas, dry",Area harvested,ha,1990,62000.0,A
"Pigeon peas, dry",Yield,kg/ha,1990,822.6,A
"Pigeon peas, dry",Production,t,1990,51000.0,A
Pineapples,Area harvested,ha,1990,50.0,E
Pineapples,Yield,kg/ha,1990,8000.0,E
Pineapples,Production,t,1990,400.0,E
Plantains and cooking bananas,Area harvested,ha,1990,1388000.0,A
Plantains and cooking bananas,Yield,kg/ha,1990,5649.9,A
Plantains and cooking bananas,Production,t,1990,7842000.0,A
Potatoes,Area harvested,ha,1990,32000.0,A
Potatoes,Yield,kg/ha,1990,7000.0,A
Potatoes,Production,t,1990,224000.0,A
Raw cane or beet sugar (centrifugal only),Production,t,1990,28913.0,A
Raw hides and skins of cattle,Yield/Carcass Weight,kg/An,1990,21.0,E
Raw hides and skins of cattle,Production,t,1990,11496.25,I
Raw hides and skins of cattle,Producing Animals/Slaughtered,An,1990,541000.0,E
Raw hides and skins of goats or kids,Yield/Carcass Weight,kg/An,1990,2.0,E
Raw hides and skins of goats or kids,Production,t,1990,3673.47,I
Raw hides and skins of goats or kids,Producing Animals/Slaughtered,An,1990,1500000.0,E
Raw hides and skins of sheep or lambs,Yield/Carcass Weight,kg/An,1990,2.0,E
Raw hides and skins of sheep or lambs,Production,t,1990,670.8,I
Raw hides and skins of sheep or lambs,Producing Animals/Slaughtered,An,1990,273000.0,E
Raw milk of cattle,Yield/Carcass Weight,kg/An,1990,350.0,E
Raw milk of cattle,Production,t,1990,429800.0,I
Raw milk of cattle,Milk Animals,An,1990,1228000.0,E
Rice,Area harvested,ha,1990,39000.0,A
Rice,Yield,kg/ha,1990,1384.6,A
Rice,Production,t,1990,54000.0,A
"Seed cotton, unginned",Area harvested,ha,1990,69000.0,A
"Seed cotton, unginned",Yield,kg/ha,1990,276.8,E
"Seed cotton, unginned",Production,t,1990,19100.0,X
Sesame seed,Area harvested,ha,1990,124000.0,A
Sesame seed,Yield,kg/ha,1990,498.6,A
Sesame seed,Production,t,1990,61830.0,A
Sheep,Stocks,An,1990,780000.0,A
"Sheep fat, unrendered",Production,t,1990,85.8,I
"Sheep fat, unrendered",Producing Animals/Slaughtered,An,1990,273000.0,E
"Sisal, raw",Area harvested,ha,1990,0.0,A
"Sisal, raw",Production,t,1990,0.0,A
Sorghum,Area harvested,ha,1990,240000.0,A
Sorghum,Yield,kg/ha,1990,1500.0,A
Sorghum,Production,t,1990,360000.0,A
Soya bean oil,Production,t,1990,3400.0,X
Soya beans,Area harvested,ha,1990,37216.0,A
Soya beans,Yield,kg/ha,1990,992.7,A
Soya beans,Production,t,1990,36944.0,A
Sugar cane,Area harvested,ha,1990,25000.0,E
Sugar cane,Yield,kg/ha,1990,24400.0,E
Sugar cane,Production,t,1990,610000.0,E
Sunflower seed,Area harvested,ha,1990,52500.0,E
Sunflower seed,Yield,kg/ha,1990,819.0,E
Sunflower seed,Production,t,1990,43000.0,E
"Sunflower-seed oil, crude",Production,t,1990,15900.0,E
Sweet potatoes,Area harvested,ha,1990,412835.0,A
Sweet potatoes,Yield,kg/ha,1990,4100.9,A
Sweet potatoes,Production,t,1990,1693000.0,A
Swine / pigs,Stocks,An,1990,1160000.0,A
Tea leaves,Area harvested,ha,1990,11000.0,E
Tea leaves,Yield,kg/ha,1990,609.5,E
Tea leaves,Production,t,1990,6704.0,A
Tomatoes,Area harvested,ha,1990,1800.0,E
Tomatoes,Yield,kg/ha,1990,5833.3,E
Tomatoes,Production,t,1990,10500.0,E
Unmanufactured tobacco,Area harvested,ha,1990,4280.0,A
Unmanufactured tobacco,Yield,kg/ha,1990,776.2,A
Unmanufactured tobacco,Production,t,1990,3322.0,A
"Vanilla, raw",Area harvested,ha,1990,54.0,E
"Vanilla, raw",Yield,kg/ha,1990,129.6,E
"Vanilla, raw",Production,t,1990,7.0,E
Wheat,Area harvested,ha,1990,2000.0,A
Wheat,Yield,kg/ha,1990,2000.0,A
Wheat,Production,t,1990,4000.0,A
"Beef and Buffalo Meat, primary",Yield/Carcass Weight,kg/An,1990,150.0,E
"Beef and Buffalo Meat, primary",Production,t,1990,81150.0,E
"Beef and Buffalo Meat, primary",Producing Animals/Slaughtered,An,1990,541000.0,E
Cattle and Buffaloes,Stocks,An,1990,4913200.0,A
"Cereals, primary",Area harvested,ha,1990,1055000.0,A
"Cereals, primary",Yield,kg/ha,1990,1497.6,A
"Cereals, primary",Production,t,1990,1580000.0,A
Eggs Primary,Yield/Carcass Weight,g/An,1990,2171.0,E
Eggs Primary,Production,t,1990,15200.0,E
Eggs Primary,Laying,1000 An,1990,7000.0,E
"Fibre Crops, Fibre Equivalent",Area harvested,ha,1990,69000.0,E
"Fibre Crops, Fibre Equivalent",Yield,kg/ha,1990,96.9,E
"Fibre Crops, Fibre Equivalent",Production,t,1990,6685.0,E
Fruit Primary,Area harvested,ha,1990,1513250.0,E
Fruit Primary,Yield,kg/ha,1990,5583.6,E
Fruit Primary,Production,t,1990,8449400.0,E
"Meat, Poultry",Yield/Carcass Weight,g/An,1990,1300.0,E
"Meat, Poultry",Production,t,1990,29640.0,E
"Meat, Poultry",Producing Animals/Slaughtered,1000 An,1990,22800.0,E
"Meat, Total",Production,t,1990,207212.0,E
"Milk, Total",Yield/Carcass Weight,kg/An,1990,350.0,E
"Milk, Total",Production,t,1990,429800.0,E
"Milk, Total",Milk Animals,An,1990,1228000.0,E
"Oilcrops, Cake Equivalent",Area harvested,ha,1990,468716.0,E
"Oilcrops, Cake Equivalent",Yield,kg/ha,1990,345.9,E
"Oilcrops, Cake Equivalent",Production,t,1990,162105.89,E
"Oilcrops, Oil Equivalent",Area harvested,ha,1990,471799.0,E
"Oilcrops, Oil Equivalent",Yield,kg/ha,1990,229.3,E
"Oilcrops, Oil Equivalent",Production,t,1990,108186.9,E
Poultry Birds,Stocks,1000 An,1990,18960.0,A
"Pulses, Total",Area harvested,ha,1990,636915.0,A
"Pulses, Total",Yield,kg/ha,1990,787.4,A
"Pulses, Total",Production,t,1990,501500.0,A
"Roots and Tubers, Total",Area harvested,ha,1990,856835.0,A
"Roots and Tubers, Total",Yield,kg/ha,1990,6228.7,A
"Roots and Tubers, Total",Production,t,1990,5337000.0,A
Sheep and Goat Meat,Yield/Carcass Weight,kg/An,1990,12.0,E
Sheep and Goat Meat,Production,t,1990,21822.0,E
Sheep and Goat Meat,Producing Animals/Slaughtered,An,1990,1773000.0,E
Sheep and Goats,Stocks,An,1990,5490000.0,A
Sugar Crops Primary,Area harvested,ha,1990,25000.0,E
Sugar Crops Primary,Yield,kg/ha,1990,24400.0,E
Sugar Crops Primary,Production,t,1990,610000.0,E
Vegetables Primary,Area harvested,ha,1990,72676.0,E
Vegetables Primary,Yield,kg/ha,1990,5717.2,E
Vegetables Primary,Production,t,1990,415500.0,E
Asses,Stocks,An,1991,17000.0,E
"Beans, dry",Area harvested,ha,1991,509762.0,A
"Beans, dry",Yield,kg/ha,1991,751.3,A
"Beans, dry",Production,t,1991,383000.0,A
"Beer of barley, malted",Production,t,1991,19529.0,A
Bees,Stocks,No,1991,57000.0,E
Beeswax,Production,t,1991,920.0,E
"Cassava, fresh",Area harvested,ha,1991,389000.0,A
"Cassava, fresh",Yield,kg/ha,1991,8300.8,A
"Cassava, fresh",Production,t,1991,3229000.0,A
Castor oil seeds,Area harvested,ha,1991,3038.0,I
Castor oil seeds,Yield,kg/ha,1991,282.7,E
Castor oil seeds,Production,t,1991,858.77,I
Cattle,Stocks,An,1991,5121000.0,A
"Cattle fat, unrendered",Production,t,1991,1750.0,I
"Cattle fat, unrendered",Producing Animals/Slaughtered,An,1991,560000.0,E
"Chick peas, dry",Area harvested,ha,1991,5777.0,I
"Chick peas, dry",Yield,kg/ha,1991,494.4,E
"Chick peas, dry",Production,t,1991,2855.94,I
Chickens,Stocks,1000 An,1991,20020.0,A
"Chillies and peppers, dry (Capsicum spp., Pimenta spp.), raw",Area harvested,ha,1991,3500.0,E
"Chillies and peppers, dry (Capsicum spp., Pimenta spp.), raw",Yield,kg/ha,1991,857.1,E
"Chillies and peppers, dry (Capsicum spp., Pimenta spp.), raw",Production,t,1991,3000.0,E
Cocoa beans,Area harvested,ha,1991,10500.0,A
Cocoa beans,Yield,kg/ha,1991,114.3,A
Cocoa beans,Production,t,1991,1200.0,A
"Coffee, green",Area harvested,ha,1991,270000.0,A
"Coffee, green",Yield,kg/ha,1991,545.8,A
"Coffee, green",Production,t,1991,147366.0,A
"Cotton lint, ginned",Production,t,1991,8212.0,A
Cotton seed,Production,t,1991,18000.0,X
Cottonseed oil,Production,t,1991,1742.4,I
"Cow peas, dry",Area harvested,ha,1991,48000.0,A
"Cow peas, dry",Yield,kg/ha,1991,833.3,A
"Cow peas, dry",Production,t,1991,40000.0,A
"Edible offal of cattle, fresh, chilled or frozen",Production,t,1991,14175.0,I
"Edible offal of cattle, fresh, chilled or frozen",Producing Animals/Slaughtered,An,1991,560000.0,E
"Edible offal of goat, fresh, chilled or frozen",Production,t,1991,5804.08,I
"Edible offal of goat, fresh, chilled or frozen",Producing Animals/Slaughtered,An,1991,1580000.0,E
"Edible offal of pigs, fresh, chilled or frozen",Production,t,1991,5025.0,I
"Edible offal of pigs, fresh, chilled or frozen",Producing Animals/Slaughtered,An,1991,1000000.0,E
"Edible offal of sheep, fresh, chilled or frozen",Production,t,1991,895.71,I
"Edible offal of sheep, fresh, chilled or frozen",Producing Animals/Slaughtered,An,1991,285000.0,E
Fat of pigs,Production,t,1991,5025.0,I
Fat of pigs,Producing Animals/Slaughtered,An,1991,1000000.0,E
"Ginger, raw",Area harvested,ha,1991,55.0,E
"Ginger, raw",Yield,kg/ha,1991,2727.3,E
"Ginger, raw",Production,t,1991,150.0,E
"Goat fat, unrendered",Production,t,1991,657.8,I
"Goat fat, unrendered",Producing Animals/Slaughtered,An,1991,1580000.0,E
Goats,Stocks,An,1991,4950000.0,A
Groundnut oil,Production,t,1991,5132.16,I
"Groundnuts, excluding shelled",Area harvested,ha,1991,180000.0,A
"Groundnuts, excluding shelled",Yield,kg/ha,1991,800.0,A
"Groundnuts, excluding shelled",Production,t,1991,144000.0,A
"Hen eggs in shell, fresh",Yield,No/An,1991,51.0,E
"Hen eggs in shell, fresh",Yield/Carcass Weight,g/An,1991,2254.0,E
"Hen eggs in shell, fresh",Production,t,1991,16000.0,E
"Hen eggs in shell, fresh",Production,1000 No,1991,363600.0,E
"Hen eggs in shell, fresh",Laying,1000 An,1991,7100.0,E
Maize (corn),Area harvested,ha,1991,420000.0,A
Maize (corn),Yield,kg/ha,1991,1350.0,A
Maize (corn),Production,t,1991,567000.0,A
"Meat of cattle with the bone, fresh or chilled",Yield/Carcass Weight,kg/An,1991,150.0,E
"Meat of cattle with the bone, fresh or chilled",Production,t,1991,84000.0,E
"Meat of cattle with the bone, fresh or chilled",Producing Animals/Slaughtered,An,1991,560000.0,E
"Meat of chickens, fresh or chilled",Yield/Carcass Weight,g/An,1991,1300.0,E
"Meat of chickens, fresh or chilled",Production,t,1991,31460.0,E
"Meat of chickens, fresh or chilled",Producing Animals/Slaughtered,1000 An,1991,24200.0,E
"Meat of goat, fresh or chilled",Yield/Carcass Weight,kg/An,1991,12.0,E
"Meat of goat, fresh or chilled",Production,t,1991,18960.0,E
"Meat of goat, fresh or chilled",Producing Animals/Slaughtered,An,1991,1580000.0,E
"Meat of pig with the bone, fresh or chilled",Yield/Carcass Weight,kg/An,1991,60.0,E
"Meat of pig with the bone, fresh or chilled",Production,t,1991,60000.0,E
"Meat of pig with the bone, fresh or chilled",Producing Animals/Slaughtered,An,1991,1000000.0,E
"Meat of sheep, fresh or chilled",Yield/Carcass Weight,kg/An,1991,14.0,E
"Meat of sheep, fresh or chilled",Production,t,1991,3990.0,E
"Meat of sheep, fresh or chilled",Producing Animals/Slaughtered,An,1991,285000.0,E
Millet,Area harvested,ha,1991,384000.0,A
Millet,Yield,kg/ha,1991,1500.0,A
Millet,Production,t,1991,576000.0,A
Molasses,Production,t,1991,17000.0,X
Natural honey,Production,t,1991,230.0,E
Oil of sesame seed,Production,t,1991,11700.0,E
"Onions and shallots, dry (excluding dehydrated)",Area harvested,ha,1991,13000.0,E
"Onions and shallots, dry (excluding dehydrated)",Yield,kg/ha,1991,4230.8,E
"Onions and shallots, dry (excluding dehydrated)",Production,t,1991,55000.0,E
"Other fruits, n.e.c.",Area harvested,ha,1991,6955.0,I
"Other fruits, n.e.c.",Yield,kg/ha,1991,6634.2,E
"Other fruits, n.e.c.",Production,t,1991,46143.77,I
"Other meat of mammals, fresh or chilled",Production,t,1991,17100.0,E
"Other oil seeds, n.e.c.",Area harvested,ha,1991,36446.0,I
"Other oil seeds, n.e.c.",Yield,kg/ha,1991,685.9,E
"Other oil seeds, n.e.c.",Production,t,1991,25000.0,E
"Other vegetables, fresh n.e.c.",Area harvested,ha,1991,53000.0,E
"Other vegetables, fresh n.e.c.",Yield,kg/ha,1991,6981.1,E
"Other vegetables, fresh n.e.c.",Production,t,1991,370000.0,E
"Peas, dry",Area harvested,ha,1991,25000.0,A
"Peas, dry",Yield,kg/ha,1991,600.0,A
"Peas, dry",Production,t,1991,15000.0,A
"Pepper (Piper spp.), raw",Area harvested,ha,1991,2200.0,E
"Pepper (Piper spp.), raw",Yield,kg/ha,1991,636.4,E
"Pepper (Piper spp.), raw",Production,t,1991,1400.0,E
"Pigeon peas, dry",Area harvested,ha,1991,60000.0,A
"Pigeon peas, dry",Yield,kg/ha,1991,833.3,A
"Pigeon peas, dry",Production,t,1991,50000.0,A
Pineapples,Area harvested,ha,1991,40.0,E
Pineapples,Yield,kg/ha,1991,7500.0,E
Pineapples,Production,t,1991,300.0,E
Plantains and cooking bananas,Area harvested,ha,1991,1430000.0,A
Plantains and cooking bananas,Yield,kg/ha,1991,5650.3,A
Plantains and cooking bananas,Production,t,1991,8080000.0,A
Potatoes,Area harvested,ha,1991,35334.0,A
Potatoes,Yield,kg/ha,1991,7188.5,A
Potatoes,Production,t,1991,254000.0,A
Raw cane or beet sugar (centrifugal only),Production,t,1991,46000.0,X
Raw hides and skins of cattle,Yield/Carcass Weight,kg/An,1991,21.0,E
Raw hides and skins of cattle,Production,t,1991,11900.0,I
Raw hides and skins of cattle,Producing Animals/Slaughtered,An,1991,560000.0,E
Raw hides and skins of goats or kids,Yield/Carcass Weight,kg/An,1991,2.0,E
Raw hides and skins of goats or kids,Production,t,1991,3869.39,I
Raw hides and skins of goats or kids,Producing Animals/Slaughtered,An,1991,1580000.0,E
Raw hides and skins of sheep or lambs,Yield/Carcass Weight,kg/An,1991,2.0,E
Raw hides and skins of sheep or lambs,Production,t,1991,700.29,I
Raw hides and skins of sheep or lambs,Producing Animals/Slaughtered,An,1991,285000.0,E
Raw milk of cattle,Yield/Carcass Weight,kg/An,1991,474.0,E
Raw milk of cattle,Production,t,1991,606412.27,I
Raw milk of cattle,Milk Animals,An,1991,1280000.0,E
Rice,Area harvested,ha,1991,45000.0,A
Rice,Yield,kg/ha,1991,1355.6,A
Rice,Production,t,1991,61000.0,A
"Seed cotton, unginned",Area harvested,ha,1991,134000.0,X
"Seed cotton, unginned",Yield,kg/ha,1991,198.5,X
"Seed cotton, unginned",Production,t,1991,26600.0,X
Sesame seed,Area harvested,ha,1991,130000.0,A
Sesame seed,Yield,kg/ha,1991,469.2,A
Sesame seed,Production,t,1991,61000.0,A
Sheep,Stocks,An,1991,820000.0,A
"Sheep fat, unrendered",Production,t,1991,89.57,I
"Sheep fat, unrendered",Producing Animals/Slaughtered,An,1991,285000.0,E
"Sisal, raw",Area harvested,ha,1991,0.0,A
"Sisal, raw",Production,t,1991,0.0,A
Sorghum,Area harvested,ha,1991,244949.0,A
Sorghum,Yield,kg/ha,1991,1481.9,A
Sorghum,Production,t,1991,363000.0,A
Soya bean oil,Production,t,1991,7100.0,X
Soya beans,Area harvested,ha,1991,54000.0,A
Soya beans,Yield,kg/ha,1991,1092.6,A
Soya beans,Production,t,1991,59000.0,A
Sugar cane,Area harvested,ha,1991,22000.0,E
Sugar cane,Yield,kg/ha,1991,38409.1,E
Sugar cane,Production,t,1991,845000.0,E
Sunflower seed,Area harvested,ha,1991,52500.0,E
Sunflower seed,Yield,kg/ha,1991,819.0,E
Sunflower seed,Production,t,1991,43000.0,E
"Sunflower-seed oil, crude",Production,t,1991,15900.0,E
Sweet potatoes,Area harvested,ha,1991,425220.0,A
Sweet potatoes,Yield,kg/ha,1991,4197.8,A
Sweet potatoes,Production,t,1991,1785000.0,A
Swine / pigs,Stocks,An,1991,1210000.0,A
Tea leaves,Area harvested,ha,1991,7800.0,E
Tea leaves,Yield,kg/ha,1991,5000.0,E
Tea leaves,Production,t,1991,39000.0,E
Tomatoes,Area harvested,ha,1991,1900.0,E
Tomatoes,Yield,kg/ha,1991,5789.5,E
Tomatoes,Production,t,1991,11000.0,E
Unmanufactured tobacco,Area harvested,ha,1991,7000.0,E
Unmanufactured tobacco,Yield,kg/ha,1991,734.3,E
Unmanufactured tobacco,Production,t,1991,5140.0,A
"Vanilla, raw",Area harvested,ha,1991,60.0,E
"Vanilla, raw",Yield,kg/ha,1991,250.0,E
"Vanilla, raw",Production,t,1991,15.0,E
Wheat,Area harvested,ha,1991,5000.0,A
Wheat,Yield,kg/ha,1991,1800.0,A
Wheat,Production,t,1991,9000.0,A
"Beef and Buffalo Meat, primary",Yield/Carcass Weight,kg/An,1991,150.0,E
"Beef and Buffalo Meat, primary",Production,t,1991,84000.0,E
"Beef and Buffalo Meat, primary",Producing Animals/Slaughtered,An,1991,560000.0,E
Cattle and Buffaloes,Stocks,An,1991,5121000.0,A
"Cereals, primary",Area harvested,ha,1991,1098949.0,A
"Cereals, primary",Yield,kg/ha,1991,1434.1,A
"Cereals, primary",Production,t,1991,1576000.0,A
Eggs Primary,Yield/Carcass Weight,g/An,1991,2254.0,E
Eggs Primary,Production,t,1991,16000.0,E
Eggs Primary,Laying,1000 An,1991,7100.0,E
"Fibre Crops, Fibre Equivalent",Area harvested,ha,1991,134000.0,E
"Fibre Crops, Fibre Equivalent",Yield,kg/ha,1991,69.5,E
"Fibre Crops, Fibre Equivalent",Production,t,1991,9310.0,E
Fruit Primary,Area harvested,ha,1991,1436995.0,A
Fruit Primary,Yield,kg/ha,1991,5655.2,A
Fruit Primary,Production,t,1991,8126443.77,A
"Meat, Poultry",Yield/Carcass Weight,g/An,1991,1300.0,E
"Meat, Poultry",Production,t,1991,31460.0,E
"Meat, Poultry",Producing Animals/Slaughtered,1000 An,1991,24200.0,E
"Meat, Total",Production,t,1991,215510.0,E
"Milk, Total",Yield/Carcass Weight,kg/An,1991,474.0,E
"Milk, Total",Production,t,1991,606412.27,E
"Milk, Total",Milk Animals,An,1991,1280000.0,E
"Oilcrops, Cake Equivalent",Area harvested,ha,1991,586946.0,E
"Oilcrops, Cake Equivalent",Yield,kg/ha,1991,300.2,E
"Oilcrops, Cake Equivalent",Production,t,1991,176196.58,E
"Oilcrops, Oil Equivalent",Area harvested,ha,1991,589984.0,E
"Oilcrops, Oil Equivalent",Yield,kg/ha,1991,183.4,E
"Oilcrops, Oil Equivalent",Production,t,1991,108204.79,E
Poultry Birds,Stocks,1000 An,1991,20020.0,A
"Pulses, Total",Area harvested,ha,1991,648539.0,A
"Pulses, Total",Yield,kg/ha,1991,756.9,A
"Pulses, Total",Production,t,1991,490855.94,A
"Roots and Tubers, Total",Area harvested,ha,1991,849554.0,A
"Roots and Tubers, Total",Yield,kg/ha,1991,6200.9,A
"Roots and Tubers, Total",Production,t,1991,5268000.0,A
Sheep and Goat Meat,Yield/Carcass Weight,kg/An,1991,12.0,E
Sheep and Goat Meat,Production,t,1991,22950.0,E
Sheep and Goat Meat,Producing Animals/Slaughtered,An,1991,1865000.0,E
Sheep and Goats,Stocks,An,1991,5770000.0,A
Sugar Crops Primary,Area harvested,ha,1991,22000.0,E
Sugar Crops Primary,Yield,kg/ha,1991,38409.1,E
Sugar Crops Primary,Production,t,1991,845000.0,E
Vegetables Primary,Area harvested,ha,1991,67900.0,E
Vegetables Primary,Yield,kg/ha,1991,6421.2,E
Vegetables Primary,Production,t,1991,436000.0,E
Asses,Stocks,An,1992,17100.0,E
"Beans, dry",Area harvested,ha,1992,536000.0,A
"Beans, dry",Yield,kg/ha,1992,750.0,A
"Beans, dry",Production,t,1992,402000.0,A
"Beer of barley, malted",Production,t,1992,18718.0,A
Bees,Stocks,No,1992,59000.0,E
Beeswax,Production,t,1992,960.0,E
"Cassava, fresh",Area harvested,ha,1992,362000.0,A
"Cassava, fresh",Yield,kg/ha,1992,8000.0,A
"Cassava, fresh",Production,t,1992,2896000.0,A
Castor oil seeds,Area harvested,ha,1992,2500.0,E
Castor oil seeds,Yield,kg/ha,1992,320.0,E
Castor oil seeds,Production,t,1992,800.0,E
Cattle,Stocks,An,1992,5209000.0,A
"Cattle fat, unrendered",Production,t,1992,1791.67,I
"Cattle fat, unrendered",Producing Animals/Slaughtered,An,1992,573000.0,E
"Chick peas, dry",Area harvested,ha,1992,5000.0,E
"Chick peas, dry",Yield,kg/ha,1992,500.0,E
"Chick peas, dry",Production,t,1992,2500.0,E
Chickens,Stocks,1000 An,1992,20576.0,A
"Chillies and peppers, dry (Capsicum spp., Pimenta spp.), raw",Area harvested,ha,1992,3600.0,E
"Chillies and peppers, dry (Capsicum spp., Pimenta spp.), raw",Yield,kg/ha,1992,888.9,E
"Chillies and peppers, dry (Capsicum spp., Pimenta spp.), raw",Production,t,1992,3200.0,E
Cocoa beans,Area harvested,ha,1992,10500.0,A
Cocoa beans,Yield,kg/ha,1992,114.3,A
Cocoa beans,Production,t,1992,1200.0,A
"Coffee, green",Area harvested,ha,1992,260000.0,E
"Coffee, green",Yield,kg/ha,1992,424.4,E
"Coffee, green",Production,t,1992,110334.0,A
"Cotton lint, ginned",Production,t,1992,6819.0,A
Cotton seed,Production,t,1992,14900.0,X
Cottonseed oil,Production,t,1992,1377.6,I
"Cow peas, dry",Area harvested,ha,1992,49000.0,A
"Cow peas, dry",Yield,kg/ha,1992,836.7,A
"Cow peas, dry",Production,t,1992,41000.0,A
"Edible offal of cattle, fresh, chilled or frozen",Production,t,1992,14512.5,I
"Edible offal of cattle, fresh, chilled or frozen",Producing Animals/Slaughtered,An,1992,573000.0,E
"Edible offal of goat, fresh, chilled or frozen",Production,t,1992,5951.02,I
"Edible offal of goat, fresh, chilled or frozen",Producing Animals/Slaughtered,An,1992,1620000.0,E
"Edible offal of pigs, fresh, chilled or frozen",Production,t,1992,5125.5,I
"Edible offal of pigs, fresh, chilled or frozen",Producing Animals/Slaughtered,An,1992,1020000.0,E
"Edible offal of sheep, fresh, chilled or frozen",Production,t,1992,927.14,I
"Edible offal of sheep, fresh, chilled or frozen",Producing Animals/Slaughtered,An,1992,295000.0,E
Fat of pigs,Production,t,1992,5125.5,I
Fat of pigs,Producing Animals/Slaughtered,An,1992,1020000.0,E
"Ginger, raw",Area harvested,ha,1992,50.0,E
"Ginger, raw",Yield,kg/ha,1992,2400.0,E
"Ginger, raw",Production,t,1992,120.0,E
"Goat fat, unrendered",Production,t,1992,674.45,I
"Goat fat, unrendered",Producing Animals/Slaughtered,An,1992,1620000.0,E
Goats,Stocks,An,1992,5070000.0,A
Groundnut oil,Production,t,1992,5239.08,I
"Groundnuts, excluding shelled",Area harvested,ha,1992,184000.0,A
"Groundnuts, excluding shelled",Yield,kg/ha,1992,798.9,A
"Groundnuts, excluding shelled",Production,t,1992,147000.0,A
"Hen eggs in shell, fresh",Yield,No/An,1992,51.0,E
"Hen eggs in shell, fresh",Yield/Carcass Weight,g/An,1992,2278.0,E
"Hen eggs in shell, fresh",Production,t,1992,16400.0,E
"Hen eggs in shell, fresh",Production,1000 No,1992,368000.0,E
"Hen eggs in shell, fresh",Laying,1000 An,1992,7200.0,E
Maize (corn),Area harvested,ha,1992,438000.0,A
Maize (corn),Yield,kg/ha,1992,1500.0,A
Maize (corn),Production,t,1992,657000.0,A
"Meat of cattle with the bone, fresh or chilled",Yield/Carcass Weight,kg/An,1992,150.0,E
"Meat of cattle with the bone, fresh or chilled",Production,t,1992,86000.0,E
"Meat of cattle with the bone, fresh or chilled",Producing Animals/Slaughtered,An,1992,573000.0,E
"Meat of chickens, fresh or chilled",Yield/Carcass Weight,g/An,1992,1300.0,E
"Meat of chickens, fresh or chilled",Production,t,1992,33020.0,E
"Meat of chickens, fresh or chilled",Producing Animals/Slaughtered,1000 An,1992,25400.0,E
"Meat of goat, fresh or chilled",Yield/Carcass Weight,kg/An,1992,12.0,E
"Meat of goat, fresh or chilled",Production,t,1992,19440.0,E
"Meat of goat, fresh or chilled",Producing Animals/Slaughtered,An,1992,1620000.0,E
"Meat of pig with the bone, fresh or chilled",Yield/Carcass Weight,kg/An,1992,60.0,E
"Meat of pig with the bone, fresh or chilled",Production,t,1992,61200.0,E
"Meat of pig with the bone, fresh or chilled",Producing Animals/Slaughtered,An,1992,1020000.0,E
"Meat of sheep, fresh or chilled",Yield/Carcass Weight,kg/An,1992,14.0,E
"Meat of sheep, fresh or chilled",Production,t,1992,4130.0,E
"Meat of sheep, fresh or chilled",Producing Animals/Slaughtered,An,1992,295000.0,E
Millet,Area harvested,ha,1992,396000.0,A
Millet,Yield,kg/ha,1992,1601.0,A
Millet,Production,t,1992,634000.0,A
Molasses,Production,t,1992,18000.0,X
Natural honey,Production,t,1992,240.0,E
Oil of sesame seed,Production,t,1992,13800.0,E
"Onions and shallots, dry (excluding dehydrated)",Area harvested,ha,1992,15000.0,E
"Onions and shallots, dry (excluding dehydrated)",Yield,kg/ha,1992,4030.6,E
"Onions and shallots, dry (excluding dehydrated)",Production,t,1992,60458.5,I
"Other fruits, n.e.c.",Area harvested,ha,1992,6777.0,I
"Other fruits, n.e.c.",Yield,kg/ha,1992,6640.4,E
"Other fruits, n.e.c.",Production,t,1992,45000.0,E
"Other meat of mammals, fresh or chilled",Production,t,1992,17200.0,E
"Other oil seeds, n.e.c.",Area harvested,ha,1992,33267.0,I
"Other oil seeds, n.e.c.",Yield,kg/ha,1992,691.4,E
"Other oil seeds, n.e.c.",Production,t,1992,23000.0,E
"Other vegetables, fresh n.e.c.",Area harvested,ha,1992,52000.0,E
"Other vegetables, fresh n.e.c.",Yield,kg/ha,1992,6923.1,E
"Other vegetables, fresh n.e.c.",Production,t,1992,360000.0,E
"Peas, dry",Area harvested,ha,1992,26000.0,A
"Peas, dry",Yield,kg/ha,1992,576.9,A
"Peas, dry",Production,t,1992,15000.0,A
"Pepper (Piper spp.), raw",Area harvested,ha,1992,2300.0,E
"Pepper (Piper spp.), raw",Yield,kg/ha,1992,695.7,E
"Pepper (Piper spp.), raw",Production,t,1992,1600.0,E
"Pigeon peas, dry",Area harvested,ha,1992,62000.0,A
"Pigeon peas, dry",Yield,kg/ha,1992,822.6,A
"Pigeon peas, dry",Production,t,1992,51000.0,A
Pineapples,Area harvested,ha,1992,25.0,E
Pineapples,Yield,kg/ha,1992,8000.0,E
Pineapples,Production,t,1992,200.0,E
Plantains and cooking bananas,Area harvested,ha,1992,1459000.0,A
Plantains and cooking bananas,Yield,kg/ha,1992,5350.2,A
Plantains and cooking bananas,Production,t,1992,7806000.0,A
Potatoes,Area harvested,ha,1992,37000.0,A
Potatoes,Yield,kg/ha,1992,7243.2,A
Potatoes,Production,t,1992,268000.0,A
Raw cane or beet sugar (centrifugal only),Production,t,1992,58000.0,X
Raw hides and skins of cattle,Yield/Carcass Weight,kg/An,1992,21.0,E
Raw hides and skins of cattle,Production,t,1992,12183.33,I
Raw hides and skins of cattle,Producing Animals/Slaughtered,An,1992,573000.0,E
Raw hides and skins of goats or kids,Yield/Carcass Weight,kg/An,1992,2.0,E
Raw hides and skins of goats or kids,Production,t,1992,3967.35,I
Raw hides and skins of goats or kids,Producing Animals/Slaughtered,An,1992,1620000.0,E
Raw hides and skins of sheep or lambs,Yield/Carcass Weight,kg/An,1992,2.0,E
Raw hides and skins of sheep or lambs,Production,t,1992,724.86,I
Raw hides and skins of sheep or lambs,Producing Animals/Slaughtered,An,1992,295000.0,E
Raw milk of cattle,Yield/Carcass Weight,kg/An,1992,473.0,E
Raw milk of cattle,Production,t,1992,616156.28,I
Raw milk of cattle,Milk Animals,An,1992,1302000.0,E
Rice,Area harvested,ha,1992,50000.0,A
Rice,Yield,kg/ha,1992,1360.0,A
Rice,Production,t,1992,68000.0,A
"Seed cotton, unginned",Area harvested,ha,1992,174000.0,X
"Seed cotton, unginned",Yield,kg/ha,1992,127.0,X
"Seed cotton, unginned",Production,t,1992,22100.0,X
Sesame seed,Area harvested,ha,1992,143000.0,A
Sesame seed,Yield,kg/ha,1992,503.5,A
Sesame seed,Production,t,1992,72000.0,A
Sheep,Stocks,An,1992,845000.0,A
"Sheep fat, unrendered",Production,t,1992,92.71,I
"Sheep fat, unrendered",Producing Animals/Slaughtered,An,1992,295000.0,E
"Sisal, raw",Area harvested,ha,1992,0.0,A
"Sisal, raw",Production,t,1992,0.0,A
Sorghum,Area harvested,ha,1992,250000.0,A
Sorghum,Yield,kg/ha,1992,1500.0,A
Sorghum,Production,t,1992,375000.0,A
Soya bean oil,Production,t,1992,9500.0,X
Soya beans,Area harvested,ha,1992,59000.0,A
Soya beans,Yield,kg/ha,1992,1000.0,E
Soya beans,Production,t,1992,59000.0,E
Sugar cane,Area harvested,ha,1992,18000.0,E
Sugar cane,Yield,kg/ha,1992,53333.3,E
Sugar cane,Production,t,1992,960000.0,E
Sunflower seed,Area harvested,ha,1992,52500.0,E
Sunflower seed,Yield,kg/ha,1992,819.0,E
Sunflower seed,Production,t,1992,43000.0,E
"Sunflower-seed oil, crude",Production,t,1992,15900.0,E
Sweet potatoes,Area harvested,ha,1992,442000.0,A
Sweet potatoes,Yield,kg/ha,1992,4310.0,A
Sweet potatoes,Production,t,1992,1905000.0,A
Swine / pigs,Stocks,An,1992,1228000.0,A
Tea leaves,Area harvested,ha,1992,8218.0,I
Tea leaves,Yield,kg/ha,1992,4989.1,E
Tea leaves,Production,t,1992,41000.0,E
Tomatoes,Area harvested,ha,1992,1800.0,E
Tomatoes,Yield,kg/ha,1992,5555.6,E
Tomatoes,Production,t,1992,10000.0,E
Unmanufactured tobacco,Area harvested,ha,1992,8500.0,E
Unmanufactured tobacco,Yield,kg/ha,1992,786.6,E
Unmanufactured tobacco,Production,t,1992,6686.0,A
"Vanilla, raw",Area harvested,ha,1992,50.0,E
"Vanilla, raw",Yield,kg/ha,1992,200.0,E
"Vanilla, raw",Production,t,1992,10.0,E
Wheat,Area harvested,ha,1992,5000.0,A
Wheat,Yield,kg/ha,1992,1760.0,A
Wheat,Production,t,1992,8800.0,A
"Beef and Buffalo Meat, primary",Yield/Carcass Weight,kg/An,1992,150.0,E
"Beef and Buffalo Meat, primary",Production,t,1992,86000.0,E
"Beef and Buffalo Meat, primary",Producing Animals/Slaughtered,An,1992,573000.0,E
Cattle and Buffaloes,Stocks,An,1992,5209000.0,A
"Cereals, primary",Area harvested,ha,1992,1139000.0,A
"Cereals, primary",Yield,kg/ha,1992,1530.1,A
"Cereals, primary",Production,t,1992,1742800.0,A
Eggs Primary,Yield/Carcass Weight,g/An,1992,2278.0,E
Eggs Primary,Production,t,1992,16400.0,E
Eggs Primary,Laying,1000 An,1992,7200.0,E
"Fibre Crops, Fibre Equivalent",Area harvested,ha,1992,174000.0,E
"Fibre Crops, Fibre Equivalent",Yield,kg/ha,1992,44.5,E
"Fibre Crops, Fibre Equivalent",Production,t,1992,7735.0,E
Fruit Primary,Area harvested,ha,1992,1465802.0,A
Fruit Primary,Yield,kg/ha,1992,5356.2,A
Fruit Primary,Production,t,1992,7851200.0,A
"Meat, Poultry",Yield/Carcass Weight,g/An,1992,1300.0,E
"Meat, Poultry",Production,t,1992,33020.0,E
"Meat, Poultry",Producing Animals/Slaughtered,1000 An,1992,25400.0,E
"Meat, Total",Production,t,1992,220990.0,E
"Milk, Total",Yield/Carcass Weight,kg/An,1992,473.0,E
"Milk, Total",Production,t,1992,616156.28,E
"Milk, Total",Milk Animals,An,1992,1302000.0,E
"Oilcrops, Cake Equivalent",Area harvested,ha,1992,645767.0,E
"Oilcrops, Cake Equivalent",Yield,kg/ha,1992,279.2,E
"Oilcrops, Cake Equivalent",Production,t,1992,180300.73,E
"Oilcrops, Oil Equivalent",Area harvested,ha,1992,648267.0,E
"Oilcrops, Oil Equivalent",Yield,kg/ha,1992,173.9,E
"Oilcrops, Oil Equivalent",Production,t,1992,112757.68,E
Poultry Birds,Stocks,1000 An,1992,20576.0,A
"Pulses, Total",Area harvested,ha,1992,678000.0,A
"Pulses, Total",Yield,kg/ha,1992,754.4,A
"Pulses, Total",Production,t,1992,511500.0,A
"Roots and Tubers, Total",Area harvested,ha,1992,841000.0,A
"Roots and Tubers, Total",Yield,kg/ha,1992,6027.3,A
"Roots and Tubers, Total",Production,t,1992,5069000.0,A
Sheep and Goat Meat,Yield/Carcass Weight,kg/An,1992,12.0,E
Sheep and Goat Meat,Production,t,1992,23570.0,E
Sheep and Goat Meat,Producing Animals/Slaughtered,An,1992,1915000.0,E
Sheep and Goats,Stocks,An,1992,5915000.0,A
Sugar Crops Primary,Area harvested,ha,1992,18000.0,E
Sugar Crops Primary,Yield,kg/ha,1992,53333.3,E
Sugar Crops Primary,Production,t,1992,960000.0,E
Vegetables Primary,Area harvested,ha,1992,68800.0,E
Vegetables Primary,Yield,kg/ha,1992,6256.7,E
Vegetables Primary,Production,t,1992,430458.5,E
Asses,Stocks,An,1993,17200.0,E
"Beans, dry",Area harvested,ha,1993,552000.0,A
"Beans, dry",Yield,kg/ha,1993,775.4,A
"Beans, dry",Production,t,1993,428000.0,A
"Beer of barley, malted",Production,t,1993,23881.0,A
Bees,Stocks,No,1993,61000.0,E
Beeswax,Production,t,1993,1000.0,E
"Cassava, fresh",Area harvested,ha,1993,369000.0,A
"Cassava, fresh",Yield,kg/ha,1993,8506.8,A
"Cassava, fresh",Production,t,1993,3139000.0,A
Castor oil seeds,Area harvested,ha,1993,3000.0,E
Castor oil seeds,Yield,kg/ha,1993,333.3,E
Castor oil seeds,Production,t,1993,1000.0,E
Cattle,Stocks,An,1993,5370000.0,A
"Cattle fat, unrendered",Production,t,1993,1906.25,I
"Cattle fat, unrendered",Producing Animals/Slaughtered,An,1993,610000.0,E
"Chick peas, dry",Area harvested,ha,1993,6000.0,E
"Chick peas, dry",Yield,kg/ha,1993,500.0,E
"Chick peas, dry",Production,t,1993,3000.0,E
Chickens,Stocks,1000 An,1993,21214.0,A
"Chillies and peppers, dry (Capsicum spp., Pimenta spp.), raw",Area harvested,ha,1993,3800.0,E
"Chillies and peppers, dry (Capsicum spp., Pimenta spp.), raw",Yield,kg/ha,1993,894.7,E
"Chillies and peppers, dry (Capsicum spp., Pimenta spp.), raw",Production,t,1993,3400.0,E
Cocoa beans,Area harvested,ha,1993,10500.0,E
Cocoa beans,Yield,kg/ha,1993,142.9,E
Cocoa beans,Production,t,1993,1500.0,E
"Coffee, green",Area harvested,ha,1993,265000.0,E
"Coffee, green",Yield,kg/ha,1993,545.5,E
"Coffee, green",Production,t,1993,144551.0,A
"Cotton lint, ginned",Production,t,1993,11111.0,X
Cotton seed,Production,t,1993,24300.0,X
Cottonseed oil,Production,t,1993,2639.64,I
"Cow peas, dry",Area harvested,ha,1993,51000.0,A
"Cow peas, dry",Yield,kg/ha,1993,843.1,A
"Cow peas, dry",Production,t,1993,43000.0,A
"Edible offal of cattle, fresh, chilled or frozen",Production,t,1993,15440.63,I
"Edible offal of cattle, fresh, chilled or frozen",Producing Animals/Slaughtered,An,1993,610000.0,E
"Edible offal of goat, fresh, chilled or frozen",Production,t,1993,6122.45,I
"Edible offal of goat, fresh, chilled or frozen",Producing Animals/Slaughtered,An,1993,1670000.0,E
"Edible offal of pigs, fresh, chilled or frozen",Production,t,1993,5276.25,I
"Edible offal of pigs, fresh, chilled or frozen",Producing Animals/Slaughtered,An,1993,1050000.0,E
"Edible offal of sheep, fresh, chilled or frozen",Production,t,1993,942.86,I
"Edible offal of sheep, fresh, chilled or frozen",Producing Animals/Slaughtered,An,1993,300000.0,E
Fat of pigs,Production,t,1993,5276.25,I
Fat of pigs,Producing Animals/Slaughtered,An,1993,1050000.0,E
"Ginger, raw",Area harvested,ha,1993,90.0,E
"Ginger, raw",Yield,kg/ha,1993,3333.3,E
"Ginger, raw",Production,t,1993,300.0,E
"Goat fat, unrendered",Production,t,1993,693.88,I
"Goat fat, unrendered",Producing Animals/Slaughtered,An,1993,1670000.0,E
Goats,Stocks,An,1993,5227000.0,A
Groundnut oil,Production,t,1993,5452.92,I
"Groundnuts, excluding shelled",Area harvested,ha,1993,187000.0,A
"Groundnuts, excluding shelled",Yield,kg/ha,1993,818.2,A
"Groundnuts, excluding shelled",Production,t,1993,153000.0,A
"Hen eggs in shell, fresh",Yield,No/An,1993,51.0,E
"Hen eggs in shell, fresh",Yield/Carcass Weight,g/An,1993,2237.0,E
"Hen eggs in shell, fresh",Production,t,1993,17000.0,E
"Hen eggs in shell, fresh",Production,1000 No,1993,386400.0,E
"Hen eggs in shell, fresh",Laying,1000 An,1993,7600.0,E
Maize (corn),Area harvested,ha,1993,503000.0,A
Maize (corn),Yield,kg/ha,1993,1598.4,A
Maize (corn),Production,t,1993,804000.0,A
"Meat of cattle with the bone, fresh or chilled",Yield/Carcass Weight,kg/An,1993,150.0,E
"Meat of cattle with the bone, fresh or chilled",Production,t,1993,91500.0,E
"Meat of cattle with the bone, fresh or chilled",Producing Animals/Slaughtered,An,1993,610000.0,E
"Meat of chickens, fresh or chilled",Yield/Carcass Weight,g/An,1993,1300.0,E
"Meat of chickens, fresh or chilled",Production,t,1993,34710.0,E
"Meat of chickens, fresh or chilled",Producing Animals/Slaughtered,1000 An,1993,26700.0,E
"Meat of goat, fresh or chilled",Yield/Carcass Weight,kg/An,1993,12.0,E
"Meat of goat, fresh or chilled",Production,t,1993,20000.0,E
"Meat of goat, fresh or chilled",Producing Animals/Slaughtered,An,1993,1670000.0,E
"Meat of pig with the bone, fresh or chilled",Yield/Carcass Weight,kg/An,1993,60.0,E
"Meat of pig with the bone, fresh or chilled",Production,t,1993,63000.0,E
"Meat of pig with the bone, fresh or chilled",Producing Animals/Slaughtered,An,1993,1050000.0,E
"Meat of sheep, fresh or chilled",Yield/Carcass Weight,kg/An,1993,14.0,E
"Meat of sheep, fresh or chilled",Production,t,1993,4200.0,E
"Meat of sheep, fresh or chilled",Producing Animals/Slaughtered,An,1993,300000.0,E
Millet,Area harvested,ha,1993,404000.0,A
Millet,Yield,kg/ha,1993,1509.9,A
Millet,Production,t,1993,610000.0,A
Molasses,Production,t,1993,14000.0,X
Natural honey,Production,t,1993,250.0,E
Oil of sesame seed,Production,t,1993,14300.0,E
"Onions and shallots, dry (excluding dehydrated)",Area harvested,ha,1993,18000.0,E
"Onions and shallots, dry (excluding dehydrated)",Yield,kg/ha,1993,3888.9,E
"Onions and shallots, dry (excluding dehydrated)",Production,t,1993,70000.0,E
"Other fruits, n.e.c.",Area harvested,ha,1993,6921.0,I
"Other fruits, n.e.c.",Yield,kg/ha,1993,6646.9,E
"Other fruits, n.e.c.",Production,t,1993,46000.0,E
"Other meat of mammals, fresh or chilled",Production,t,1993,17300.0,E
"Other oil seeds, n.e.c.",Area harvested,ha,1993,35877.0,I
"Other oil seeds, n.e.c.",Yield,kg/ha,1993,696.8,E
"Other oil seeds, n.e.c.",Production,t,1993,25000.0,E
"Other vegetables, fresh n.e.c.",Area harvested,ha,1993,53218.0,I
"Other vegetables, fresh n.e.c.",Yield,kg/ha,1993,6952.5,E
"Other vegetables, fresh n.e.c.",Production,t,1993,370000.0,E
"Peas, dry",Area harvested,ha,1993,27000.0,A
"Peas, dry",Yield,kg/ha,1993,592.6,A
"Peas, dry",Production,t,1993,16000.0,A
"Pepper (Piper spp.), raw",Area harvested,ha,1993,2600.0,E
"Pepper (Piper spp.), raw",Yield,kg/ha,1993,692.3,E
"Pepper (Piper spp.), raw",Production,t,1993,1800.0,E
"Pigeon peas, dry",Area harvested,ha,1993,64000.0,A
"Pigeon peas, dry",Yield,kg/ha,1993,828.1,A
"Pigeon peas, dry",Production,t,1993,53000.0,A
Pineapples,Area harvested,ha,1993,40.0,E
Pineapples,Yield,kg/ha,1993,7500.0,E
Pineapples,Production,t,1993,300.0,E
Plantains and cooking bananas,Area harvested,ha,1993,1488000.0,A
Plantains and cooking bananas,Yield,kg/ha,1993,5525.5,A
Plantains and cooking bananas,Production,t,1993,8222000.0,A
Potatoes,Area harvested,ha,1993,40000.0,A
Potatoes,Yield,kg/ha,1993,8000.0,A
Potatoes,Production,t,1993,320000.0,A
Raw cane or beet sugar (centrifugal only),Production,t,1993,54000.0,X
Raw hides and skins of cattle,Yield/Carcass Weight,kg/An,1993,21.0,E
Raw hides and skins of cattle,Production,t,1993,12962.5,I
Raw hides and skins of cattle,Producing Animals/Slaughtered,An,1993,610000.0,E
Raw hides and skins of goats or kids,Yield/Carcass Weight,kg/An,1993,2.0,E
Raw hides and skins of goats or kids,Production,t,1993,4081.63,I
Raw hides and skins of goats or kids,Producing Animals/Slaughtered,An,1993,1670000.0,E
Raw hides and skins of sheep or lambs,Yield/Carcass Weight,kg/An,1993,2.0,E
Raw hides and skins of sheep or lambs,Production,t,1993,737.14,I
Raw hides and skins of sheep or lambs,Producing Animals/Slaughtered,An,1993,300000.0,E
Raw milk of cattle,Yield/Carcass Weight,kg/An,1993,472.0,E
Raw milk of cattle,Production,t,1993,634215.42,I
Raw milk of cattle,Milk Animals,An,1993,1343000.0,E
Rice,Area harvested,ha,1993,53000.0,A
Rice,Yield,kg/ha,1993,1396.2,A
Rice,Production,t,1993,74000.0,A
"Seed cotton, unginned",Area harvested,ha,1993,121000.0,X
"Seed cotton, unginned",Yield,kg/ha,1993,297.5,X
"Seed cotton, unginned",Production,t,1993,36000.0,X
Sesame seed,Area harvested,ha,1993,150000.0,A
Sesame seed,Yield,kg/ha,1993,500.0,A
Sesame seed,Production,t,1993,75000.0,A
Sheep,Stocks,An,1993,871000.0,A
"Sheep fat, unrendered",Production,t,1993,94.29,I
"Sheep fat, unrendered",Producing Animals/Slaughtered,An,1993,300000.0,E
"Sisal, raw",Area harvested,ha,1993,0.0,A
"Sisal, raw",Production,t,1993,0.0,A
Sorghum,Area harvested,ha,1993,255000.0,A
Sorghum,Yield,kg/ha,1993,1502.0,A
Sorghum,Production,t,1993,383000.0,A
Soya bean oil,Production,t,1993,9500.0,X
Soya beans,Area harvested,ha,1993,65000.0,A
Soya beans,Yield,kg/ha,1993,1030.8,A
Soya beans,Production,t,1993,67000.0,A
Sugar cane,Area harvested,ha,1993,16000.0,E
Sugar cane,Yield,kg/ha,1993,59375.0,E
Sugar cane,Production,t,1993,950000.0,E
Sunflower seed,Area harvested,ha,1993,53000.0,E
Sunflower seed,Yield,kg/ha,1993,830.2,E
Sunflower seed,Production,t,1993,44000.0,E
"Sunflower-seed oil, crude",Production,t,1993,16300.0,E
Sweet potatoes,Area harvested,ha,1993,460000.0,A
Sweet potatoes,Yield,kg/ha,1993,4256.5,A
Sweet potatoes,Production,t,1993,1958000.0,A
Swine / pigs,Stocks,An,1993,1266000.0,A
Tea leaves,Area harvested,ha,1993,10657.0,I
Tea leaves,Yield,kg/ha,1993,4973.4,E
Tea leaves,Production,t,1993,53000.0,E
Tomatoes,Area harvested,ha,1993,1830.0,I
Tomatoes,Yield,kg/ha,1993,5738.5,E
Tomatoes,Production,t,1993,10500.0,E
Unmanufactured tobacco,Area harvested,ha,1993,7000.0,E
Unmanufactured tobacco,Yield,kg/ha,1993,740.4,E
Unmanufactured tobacco,Production,t,1993,5183.0,A
"Vanilla, raw",Area harvested,ha,1993,60.0,E
"Vanilla, raw",Yield,kg/ha,1993,250.0,E
"Vanilla, raw",Production,t,1993,15.0,E
Wheat,Area harvested,ha,1993,5000.0,A
Wheat,Yield,kg/ha,1993,1800.0,A
Wheat,Production,t,1993,9000.0,A
"Beef and Buffalo Meat, primary",Yield/Carcass Weight,kg/An,1993,150.0,E
"Beef and Buffalo Meat, primary",Production,t,1993,91500.0,E
"Beef and Buffalo Meat, primary",Producing Animals/Slaughtered,An,1993,610000.0,E
Cattle and Buffaloes,Stocks,An,1993,5370000.0,A
"Cereals, primary",Area harvested,ha,1993,1220000.0,A
"Cereals, primary",Yield,kg/ha,1993,1541.0,A
"Cereals, primary",Production,t,1993,1880000.0,A
Eggs Primary,Yield/Carcass Weight,g/An,1993,2237.0,E
Eggs Primary,Production,t,1993,17000.0,E
Eggs Primary,Laying,1000 An,1993,7600.0,E
"Fibre Crops, Fibre Equivalent",Area harvested,ha,1993,121000.0,E
"Fibre Crops, Fibre Equivalent",Yield,kg/ha,1993,104.1,E
"Fibre Crops, Fibre Equivalent",Production,t,1993,12600.0,E
Fruit Primary,Area harvested,ha,1993,1494961.0,A
Fruit Primary,Yield,kg/ha,1993,5530.8,A
Fruit Primary,Production,t,1993,8268300.0,A
"Meat, Poultry",Yield/Carcass Weight,g/An,1993,1300.0,E
"Meat, Poultry",Production,t,1993,34710.0,E
"Meat, Poultry",Producing Animals/Slaughtered,1000 An,1993,26700.0,E
"Meat, Total",Production,t,1993,230710.0,E
"Milk, Total",Yield/Carcass Weight,kg/An,1993,472.0,E
"Milk, Total",Production,t,1993,634215.42,E
"Milk, Total",Milk Animals,An,1993,1343000.0,E
"Oilcrops, Cake Equivalent",Area harvested,ha,1993,611877.0,E
"Oilcrops, Cake Equivalent",Yield,kg/ha,1993,321.3,E
"Oilcrops, Cake Equivalent",Production,t,1993,196566.8,E
"Oilcrops, Oil Equivalent",Area harvested,ha,1993,614877.0,E
"Oilcrops, Oil Equivalent",Yield,kg/ha,1993,194.8,E
"Oilcrops, Oil Equivalent",Production,t,1993,119778.8,E
Poultry Birds,Stocks,1000 An,1993,21214.0,A
"Pulses, Total",Area harvested,ha,1993,700000.0,A
"Pulses, Total",Yield,kg/ha,1993,775.7,A
"Pulses, Total",Production,t,1993,543000.0,A
"Roots and Tubers, Total",Area harvested,ha,1993,869000.0,A
"Roots and Tubers, Total",Yield,kg/ha,1993,6233.6,A
"Roots and Tubers, Total",Production,t,1993,5417000.0,A
Sheep and Goat Meat,Yield/Carcass Weight,kg/An,1993,12.0,E
Sheep and Goat Meat,Production,t,1993,24200.0,E
Sheep and Goat Meat,Producing Animals/Slaughtered,An,1993,1970000.0,E
Sheep and Goats,Stocks,An,1993,6098000.0,A
Sugar Crops Primary,Area harvested,ha,1993,16000.0,E
Sugar Crops Primary,Yield,kg/ha,1993,59375.0,E
Sugar Crops Primary,Production,t,1993,950000.0,E
Vegetables Primary,Area harvested,ha,1993,73048.0,E
Vegetables Primary,Yield,kg/ha,1993,6167.2,E
Vegetables Primary,Production,t,1993,450500.0,E
Asses,Stocks,An,1994,17300.0,E
"Beans, dry",Area harvested,ha,1994,574000.0,A
"Beans, dry",Yield,kg/ha,1994,658.5,A
"Beans, dry",Production,t,1994,378000.0,A
"Beer of barley, malted",Production,t,1994,30806.0,A
Bees,Stocks,No,1994,63000.0,E
Beeswax,Production,t,1994,1040.0,E
"Cassava, fresh",Area harvested,ha,1994,320000.0,A
"Cassava, fresh",Yield,kg/ha,1994,6500.0,A
"Cassava, fresh",Production,t,1994,2080000.0,A
Castor oil seeds,Area harvested,ha,1994,2710.0,I
Castor oil seeds,Yield,kg/ha,1994,330.9,E
Castor oil seeds,Production,t,1994,896.92,I
Cattle,Stocks,An,1994,5106000.0,A
"Cattle fat, unrendered",Production,t,1994,1756.25,I
"Cattle fat, unrendered",Producing Animals/Slaughtered,An,1994,562000.0,E
"Chick peas, dry",Area harvested,ha,1994,5804.0,I
"Chick peas, dry",Yield,kg/ha,1994,501.2,E
"Chick peas, dry",Production,t,1994,2909.18,I
Chickens,Stocks,1000 An,1994,21404.0,A
"Chillies and peppers, dry (Capsicum spp., Pimenta spp.), raw",Area harvested,ha,1994,4000.0,E
"Chillies and peppers, dry (Capsicum spp., Pimenta spp.), raw",Yield,kg/ha,1994,900.0,E
"Chillies and peppers, dry (Capsicum spp., Pimenta spp.), raw",Production,t,1994,3600.0,E
Cocoa beans,Area harvested,ha,1994,10500.0,E
Cocoa beans,Yield,kg/ha,1994,161.9,E
Cocoa beans,Production,t,1994,1700.0,E
"Coffee, green",Area harvested,ha,1994,263000.0,A
"Coffee, green",Yield,kg/ha,1994,754.3,A
"Coffee, green",Production,t,1994,198371.0,A
"Cotton lint, ginned",Production,t,1994,11563.0,A
Cotton seed,Production,t,1994,25300.0,X
Cottonseed oil,Production,t,1994,3012.83,I
"Cow peas, dry",Area harvested,ha,1994,53000.0,A
"Cow peas, dry",Yield,kg/ha,1994,849.1,A
"Cow peas, dry",Production,t,1994,45000.0,A
"Edible offal of cattle, fresh, chilled or frozen",Production,t,1994,14225.63,I
"Edible offal of cattle, fresh, chilled or frozen",Producing Animals/Slaughtered,An,1994,562000.0,E
"Edible offal of goat, fresh, chilled or frozen",Production,t,1994,6321.43,I
"Edible offal of goat, fresh, chilled or frozen",Producing Animals/Slaughtered,An,1994,1720000.0,E
"Edible offal of pigs, fresh, chilled or frozen",Production,t,1994,5427.0,I
"Edible offal of pigs, fresh, chilled or frozen",Producing Animals/Slaughtered,An,1994,1080000.0,E
"Edible offal of sheep, fresh, chilled or frozen",Production,t,1994,933.91,I
"Edible offal of sheep, fresh, chilled or frozen",Producing Animals/Slaughtered,An,1994,297152.0,I
Fat of pigs,Production,t,1994,5427.0,I
Fat of pigs,Producing Animals/Slaughtered,An,1994,1080000.0,E
"Ginger, raw",Area harvested,ha,1994,30.0,E
"Ginger, raw",Yield,kg/ha,1994,2333.3,E
"Ginger, raw",Production,t,1994,70.0,E
"Goat fat, unrendered",Production,t,1994,716.43,I
"Goat fat, unrendered",Producing Animals/Slaughtered,An,1994,1720000.0,E
Goats,Stocks,An,1994,5383000.0,A
Groundnut oil,Production,t,1994,4980.29,I
"Groundnuts, excluding shelled",Area harvested,ha,1994,189000.0,A
"Groundnuts, excluding shelled",Yield,kg/ha,1994,751.3,A
"Groundnuts, excluding shelled",Production,t,1994,142000.0,A
"Hen eggs in shell, fresh",Yield,No/An,1994,50.0,E
"Hen eggs in shell, fresh",Yield/Carcass Weight,g/An,1994,2205.0,E
"Hen eggs in shell, fresh",Production,t,1994,17200.0,E
"Hen eggs in shell, fresh",Production,1000 No,1994,390900.0,E
"Hen eggs in shell, fresh",Laying,1000 An,1994,7800.0,E
Maize (corn),Area harvested,ha,1994,563000.0,A
Maize (corn),Yield,kg/ha,1994,1509.8,A
Maize (corn),Production,t,1994,850000.0,A
"Meat of cattle with the bone, fresh or chilled",Yield/Carcass Weight,kg/An,1994,150.0,E
"Meat of cattle with the bone, fresh or chilled",Production,t,1994,84300.0,E
"Meat of cattle with the bone, fresh or chilled",Producing Animals/Slaughtered,An,1994,562000.0,E
"Meat of chickens, fresh or chilled",Yield/Carcass Weight,g/An,1994,1300.0,E
"Meat of chickens, fresh or chilled",Production,t,1994,36010.0,E
"Meat of chickens, fresh or chilled",Producing Animals/Slaughtered,1000 An,1994,27700.0,E
"Meat of goat, fresh or chilled",Yield/Carcass Weight,kg/An,1994,12.0,E
"Meat of goat, fresh or chilled",Production,t,1994,20650.0,E
"Meat of goat, fresh or chilled",Producing Animals/Slaughtered,An,1994,1720000.0,E
"Meat of pig with the bone, fresh or chilled",Yield/Carcass Weight,kg/An,1994,60.0,E
"Meat of pig with the bone, fresh or chilled",Production,t,1994,64800.0,E
"Meat of pig with the bone, fresh or chilled",Producing Animals/Slaughtered,An,1994,1080000.0,E
"Meat of sheep, fresh or chilled",Yield/Carcass Weight,kg/An,1994,14.0,E
"Meat of sheep, fresh or chilled",Production,t,1994,4160.13,I
"Meat of sheep, fresh or chilled",Producing Animals/Slaughtered,An,1994,297152.0,I
Millet,Area harvested,ha,1994,412000.0,A
Millet,Yield,kg/ha,1994,1480.6,A
Millet,Production,t,1994,610000.0,A
Molasses,Production,t,1994,10000.0,X
Natural honey,Production,t,1994,260.0,E
Oil of sesame seed,Production,t,1994,13400.0,E
"Onions and shallots, dry (excluding dehydrated)",Area harvested,ha,1994,19627.0,A
"Onions and shallots, dry (excluding dehydrated)",Yield,kg/ha,1994,4024.6,A
"Onions and shallots, dry (excluding dehydrated)",Production,t,1994,78991.0,A
"Other fruits, n.e.c.",Area harvested,ha,1994,7064.0,I
"Other fruits, n.e.c.",Yield,kg/ha,1994,6653.9,E
"Other fruits, n.e.c.",Production,t,1994,47000.0,E
"Other meat of mammals, fresh or chilled",Production,t,1994,17400.0,E
"Other oil seeds, n.e.c.",Area harvested,ha,1994,35599.0,I
"Other oil seeds, n.e.c.",Yield,kg/ha,1994,702.3,E
"Other oil seeds, n.e.c.",Production,t,1994,25000.0,E
"Other vegetables, fresh n.e.c.",Area harvested,ha,1994,53782.0,I
"Other vegetables, fresh n.e.c.",Yield,kg/ha,1994,6972.6,E
"Other vegetables, fresh n.e.c.",Production,t,1994,375000.0,E
"Peas, dry",Area harvested,ha,1994,28000.0,A
"Peas, dry",Yield,kg/ha,1994,607.1,A
"Peas, dry",Production,t,1994,17000.0,A
"Pepper (Piper spp.), raw",Area harvested,ha,1994,2700.0,E
"Pepper (Piper spp.), raw",Yield,kg/ha,1994,703.7,E
"Pepper (Piper spp.), raw",Production,t,1994,1900.0,E
"Pigeon peas, dry",Area harvested,ha,1994,67000.0,A
"Pigeon peas, dry",Yield,kg/ha,1994,820.9,A
"Pigeon peas, dry",Production,t,1994,55000.0,A
Pineapples,Area harvested,ha,1994,45.0,E
Pineapples,Yield,kg/ha,1994,7777.8,E
Pineapples,Production,t,1994,350.0,E
Plantains and cooking bananas,Area harvested,ha,1994,1499999.0,A
Plantains and cooking bananas,Yield,kg/ha,1994,5666.7,A
Plantains and cooking bananas,Production,t,1994,8500000.0,A
Potatoes,Area harvested,ha,1994,44000.0,A
Potatoes,Yield,kg/ha,1994,8363.6,A
Potatoes,Production,t,1994,368000.0,A
Raw cane or beet sugar (centrifugal only),Production,t,1994,48000.0,X
Raw hides and skins of cattle,Yield/Carcass Weight,kg/An,1994,21.0,E
Raw hides and skins of cattle,Production,t,1994,11942.5,I
Raw hides and skins of cattle,Producing Animals/Slaughtered,An,1994,562000.0,E
Raw hides and skins of goats or kids,Yield/Carcass Weight,kg/An,1994,2.0,E
Raw hides and skins of goats or kids,Production,t,1994,4214.29,I
Raw hides and skins of goats or kids,Producing Animals/Slaughtered,An,1994,1720000.0,E
Raw hides and skins of sheep or lambs,Yield/Carcass Weight,kg/An,1994,2.0,E
Raw hides and skins of sheep or lambs,Production,t,1994,730.15,I
Raw hides and skins of sheep or lambs,Producing Animals/Slaughtered,An,1994,297152.0,I
Raw milk of cattle,Yield/Carcass Weight,kg/An,1994,474.0,E
Raw milk of cattle,Production,t,1994,605345.59,I
Raw milk of cattle,Milk Animals,An,1994,1277000.0,E
Rice,Area harvested,ha,1994,55000.0,A
Rice,Yield,kg/ha,1994,1400.0,A
Rice,Production,t,1994,77000.0,A
"Seed cotton, unginned",Area harvested,ha,1994,114000.0,A
"Seed cotton, unginned",Yield,kg/ha,1994,328.9,E
"Seed cotton, unginned",Production,t,1994,37500.0,X
Sesame seed,Area harvested,ha,1994,158000.0,A
Sesame seed,Yield,kg/ha,1994,443.0,A
Sesame seed,Production,t,1994,70000.0,A
Sheep,Stocks,An,1994,897000.0,A
"Sheep fat, unrendered",Production,t,1994,93.39,I
"Sheep fat, unrendered",Producing Animals/Slaughtered,An,1994,297152.0,I
"Sisal, raw",Area harvested,ha,1994,0.0,A
"Sisal, raw",Production,t,1994,0.0,A
Sorghum,Area harvested,ha,1994,260000.0,A
Sorghum,Yield,kg/ha,1994,1500.0,A
Sorghum,Production,t,1994,390000.0,A
Soya bean oil,Production,t,1994,11400.0,X
Soya beans,Area harvested,ha,1994,68000.0,A
Soya beans,Yield,kg/ha,1994,1102.9,A
Soya beans,Production,t,1994,75000.0,A
Sugar cane,Area harvested,ha,1994,14000.0,E
Sugar cane,Yield,kg/ha,1994,67857.1,E
Sugar cane,Production,t,1994,950000.0,E
Sunflower seed,Area harvested,ha,1994,53000.0,E
Sunflower seed,Yield,kg/ha,1994,830.2,E
Sunflower seed,Production,t,1994,44000.0,E
"Sunflower-seed oil, crude",Production,t,1994,16300.0,E
Sweet potatoes,Area harvested,ha,1994,473000.0,A
Sweet potatoes,Yield,kg/ha,1994,4501.1,A
Sweet potatoes,Production,t,1994,2129000.0,A
Swine / pigs,Stocks,An,1994,1304000.0,A
Tea leaves,Area harvested,ha,1994,11897.0,I
Tea leaves,Yield,kg/ha,1994,4959.3,E
Tea leaves,Production,t,1994,59000.0,E
Tomatoes,Area harvested,ha,1994,1834.0,I
Tomatoes,Yield,kg/ha,1994,5833.1,E
Tomatoes,Production,t,1994,10700.0,E
Unmanufactured tobacco,Area harvested,ha,1994,7500.0,E
Unmanufactured tobacco,Yield,kg/ha,1994,873.1,E
Unmanufactured tobacco,Production,t,1994,6548.0,A
"Vanilla, raw",Area harvested,ha,1994,65.0,E
"Vanilla, raw",Yield,kg/ha,1994,307.7,E
"Vanilla, raw",Production,t,1994,20.0,E
Wheat,Area harvested,ha,1994,5000.0,A
Wheat,Yield,kg/ha,1994,1800.0,A
Wheat,Production,t,1994,9000.0,A
"Beef and Buffalo Meat, primary",Yield/Carcass Weight,kg/An,1994,150.0,E
"Beef and Buffalo Meat, primary",Production,t,1994,84300.0,E
"Beef and Buffalo Meat, primary",Producing Animals/Slaughtered,An,1994,562000.0,E
Cattle and Buffaloes,Stocks,An,1994,5106000.0,A
"Cereals, primary",Area harvested,ha,1994,1295000.0,A
"Cereals, primary",Yield,kg/ha,1994,1495.0,A
"Cereals, primary",Production,t,1994,1936000.0,A
Eggs Primary,Yield/Carcass Weight,g/An,1994,2205.0,E
Eggs Primary,Production,t,1994,17200.0,E
Eggs Primary,Laying,1000 An,1994,7800.0,E
"Fibre Crops, Fibre Equivalent",Area harvested,ha,1994,114000.0,E
"Fibre Crops, Fibre Equivalent",Yield,kg/ha,1994,115.1,E
"Fibre Crops, Fibre Equivalent",Production,t,1994,13125.0,E
Fruit Primary,Area harvested,ha,1994,1507108.0,A
Fruit Primary,Yield,kg/ha,1994,5671.4,A
Fruit Primary,Production,t,1994,8547350.0,A
"Meat, Poultry",Yield/Carcass Weight,g/An,1994,1300.0,E
"Meat, Poultry",Production,t,1994,36010.0,E
"Meat, Poultry",Producing Animals/Slaughtered,1000 An,1994,27700.0,E
"Meat, Total",Production,t,1994,227320.13,E
"Milk, Total",Yield/Carcass Weight,kg/An,1994,474.0,E
"Milk, Total",Production,t,1994,605345.59,E
"Milk, Total",Milk Animals,An,1994,1277000.0,E
"Oilcrops, Cake Equivalent",Area harvested,ha,1994,617599.0,E
"Oilcrops, Cake Equivalent",Yield,kg/ha,1994,318.4,E
"Oilcrops, Cake Equivalent",Production,t,1994,196638.75,E
"Oilcrops, Oil Equivalent",Area harvested,ha,1994,620310.0,E
"Oilcrops, Oil Equivalent",Yield,kg/ha,1994,186.8,E
"Oilcrops, Oil Equivalent",Production,t,1994,115878.77,E
Poultry Birds,Stocks,1000 An,1994,21404.0,A
"Pulses, Total",Area harvested,ha,1994,727804.0,A
"Pulses, Total",Yield,kg/ha,1994,684.1,A
"Pulses, Total",Production,t,1994,497909.18,A
"Roots and Tubers, Total",Area harvested,ha,1994,837000.0,A
"Roots and Tubers, Total",Yield,kg/ha,1994,5468.3,A
"Roots and Tubers, Total",Production,t,1994,4577000.0,A
Sheep and Goat Meat,Yield/Carcass Weight,kg/An,1994,12.0,E
Sheep and Goat Meat,Production,t,1994,24810.13,E
Sheep and Goat Meat,Producing Animals/Slaughtered,An,1994,2017152.0,E
Sheep and Goats,Stocks,An,1994,6280000.0,A
Sugar Crops Primary,Area harvested,ha,1994,14000.0,E
Sugar Crops Primary,Yield,kg/ha,1994,67857.1,E
Sugar Crops Primary,Production,t,1994,950000.0,E
Vegetables Primary,Area harvested,ha,1994,75243.0,E
Vegetables Primary,Yield,kg/ha,1994,6175.9,E
Vegetables Primary,Production,t,1994,464691.0,E
Asses,Stocks,An,1995,17400.0,E
"Beans, dry",Area harvested,ha,1995,600000.0,A
"Beans, dry",Yield,kg/ha,1995,650.0,A
"Beans, dry",Production,t,1995,390000.0,A
"Beer of barley, malted",Production,t,1995,51238.0,A
Bees,Stocks,No,1995,65000.0,E
Beeswax,Production,t,1995,1080.0,E
Butter of cow milk,Production,t,1995,123.5,I
"Cassava, fresh",Area harvested,ha,1995,332000.0,A
"Cassava, fresh",Yield,kg/ha,1995,6698.8,A
"Cassava, fresh",Production,t,1995,2224000.0,A
Castor oil seeds,Area harvested,ha,1995,2410.0,I
Castor oil seeds,Yield,kg/ha,1995,331.9,E
Castor oil seeds,Production,t,1995,800.0,E
Cattle,Stocks,An,1995,5233000.0,A
"Cattle fat, unrendered",Production,t,1995,1800.0,I
"Cattle fat, unrendered",Producing Animals/Slaughtered,An,1995,576000.0,E
"Chick peas, dry",Area harvested,ha,1995,5800.0,I
"Chick peas, dry",Yield,kg/ha,1995,503.5,E
"Chick peas, dry",Production,t,1995,2919.9,I
Chickens,Stocks,1000 An,1995,21832.0,A
"Chillies and peppers, dry (Capsicum spp., Pimenta spp.), raw",Area harvested,ha,1995,4200.0,E
"Chillies and peppers, dry (Capsicum spp., Pimenta spp.), raw",Yield,kg/ha,1995,904.8,E
"Chillies and peppers, dry (Capsicum spp., Pimenta spp.), raw",Production,t,1995,3800.0,E
Cocoa beans,Area harvested,ha,1995,11000.0,E
Cocoa beans,Yield,kg/ha,1995,181.8,E
Cocoa beans,Production,t,1995,2000.0,E
"Coffee, green",Area harvested,ha,1995,263000.0,A
"Coffee, green",Yield,kg/ha,1995,690.0,A
"Coffee, green",Production,t,1995,181465.0,A
"Cotton lint, ginned",Production,t,1995,11870.0,A
Cotton seed,Production,t,1995,26000.0,X
Cottonseed oil,Production,t,1995,3011.48,I
"Cow peas, dry",Area harvested,ha,1995,54000.0,A
"Cow peas, dry",Yield,kg/ha,1995,833.3,A
"Cow peas, dry",Production,t,1995,45000.0,A
"Edible offal of cattle, fresh, chilled or frozen",Production,t,1995,14580.0,I
"Edible offal of cattle, fresh, chilled or frozen",Producing Animals/Slaughtered,An,1995,576000.0,E
"Edible offal of goat, fresh, chilled or frozen",Production,t,1995,6505.1,I
"Edible offal of goat, fresh, chilled or frozen",Producing Animals/Slaughtered,An,1995,1770000.0,E
"Edible offal of pigs, fresh, chilled or frozen",Production,t,1995,5527.5,I
"Edible offal of pigs, fresh, chilled or frozen",Producing Animals/Slaughtered,An,1995,1100000.0,E
"Edible offal of sheep, fresh, chilled or frozen",Production,t,1995,946.98,I
"Edible offal of sheep, fresh, chilled or frozen",Producing Animals/Slaughtered,An,1995,301312.0,I
Fat of pigs,Production,t,1995,5527.5,I
Fat of pigs,Producing Animals/Slaughtered,An,1995,1100000.0,E
"Ginger, raw",Area harvested,ha,1995,23.0,I
"Ginger, raw",Yield,kg/ha,1995,2623.8,E
"Ginger, raw",Production,t,1995,60.0,E
"Goat fat, unrendered",Production,t,1995,737.24,I
"Goat fat, unrendered",Producing Animals/Slaughtered,An,1995,1770000.0,E
Goats,Stocks,An,1995,5545000.0,A
Groundnut oil,Production,t,1995,5067.66,I
"Groundnuts, excluding shelled",Area harvested,ha,1995,192000.0,A
"Groundnuts, excluding shelled",Yield,kg/ha,1995,750.0,A
"Groundnuts, excluding shelled",Production,t,1995,144000.0,A
"Hen eggs in shell, fresh",Yield,No/An,1995,50.0,E
"Hen eggs in shell, fresh",Yield/Carcass Weight,g/An,1995,2175.0,E
"Hen eggs in shell, fresh",Production,t,1995,17400.0,E
"Hen eggs in shell, fresh",Production,1000 No,1995,400000.0,E
"Hen eggs in shell, fresh",Laying,1000 An,1995,8000.0,E
Maize (corn),Area harvested,ha,1995,571000.0,A
Maize (corn),Yield,kg/ha,1995,1598.9,A
Maize (corn),Production,t,1995,913000.0,A
"Meat of cattle with the bone, fresh or chilled",Yield/Carcass Weight,kg/An,1995,150.0,E
"Meat of cattle with the bone, fresh or chilled",Production,t,1995,86400.0,E
"Meat of cattle with the bone, fresh or chilled",Producing Animals/Slaughtered,An,1995,576000.0,E
"Meat of chickens, fresh or chilled",Yield/Carcass Weight,g/An,1995,1300.0,E
"Meat of chickens, fresh or chilled",Production,t,1995,36400.0,E
"Meat of chickens, fresh or chilled",Producing Animals/Slaughtered,1000 An,1995,28000.0,E
"Meat of goat, fresh or chilled",Yield/Carcass Weight,kg/An,1995,12.0,E
"Meat of goat, fresh or chilled",Production,t,1995,21250.0,E
"Meat of goat, fresh or chilled",Producing Animals/Slaughtered,An,1995,1770000.0,E
"Meat of pig with the bone, fresh or chilled",Yield/Carcass Weight,kg/An,1995,60.0,E
"Meat of pig with the bone, fresh or chilled",Production,t,1995,66000.0,E
"Meat of pig with the bone, fresh or chilled",Producing Animals/Slaughtered,An,1995,1100000.0,E
"Meat of sheep, fresh or chilled",Yield/Carcass Weight,kg/An,1995,14.0,E
"Meat of sheep, fresh or chilled",Production,t,1995,4218.37,I
"Meat of sheep, fresh or chilled",Producing Animals/Slaughtered,An,1995,301312.0,I
Millet,Area harvested,ha,1995,395000.0,A
Millet,Yield,kg/ha,1995,1600.0,A
Millet,Production,t,1995,632000.0,A
Molasses,Production,t,1995,22000.0,X
Natural honey,Production,t,1995,270.0,E
Oil of sesame seed,Production,t,1995,13600.0,X
"Onions and shallots, dry (excluding dehydrated)",Area harvested,ha,1995,21591.0,A
"Onions and shallots, dry (excluding dehydrated)",Yield,kg/ha,1995,3934.0,A
"Onions and shallots, dry (excluding dehydrated)",Production,t,1995,84940.0,A
"Other fruits, n.e.c.",Area harvested,ha,1995,7206.0,I
"Other fruits, n.e.c.",Yield,kg/ha,1995,6661.5,E
"Other fruits, n.e.c.",Production,t,1995,48000.0,E
"Other meat of mammals, fresh or chilled",Production,t,1995,17500.0,E
"Other oil seeds, n.e.c.",Area harvested,ha,1995,32500.0,I
"Other oil seeds, n.e.c.",Yield,kg/ha,1995,707.7,E
"Other oil seeds, n.e.c.",Production,t,1995,23000.0,E
"Other vegetables, fresh n.e.c.",Area harvested,ha,1995,54230.0,I
"Other vegetables, fresh n.e.c.",Yield,kg/ha,1995,7007.1,E
"Other vegetables, fresh n.e.c.",Production,t,1995,380000.0,E
"Peas, dry",Area harvested,ha,1995,28000.0,A
"Peas, dry",Yield,kg/ha,1995,571.4,A
"Peas, dry",Production,t,1995,16000.0,A
"Pepper (Piper spp.), raw",Area harvested,ha,1995,2400.0,E
"Pepper (Piper spp.), raw",Yield,kg/ha,1995,708.3,E
"Pepper (Piper spp.), raw",Production,t,1995,1700.0,E
"Pigeon peas, dry",Area harvested,ha,1995,70000.0,A
"Pigeon peas, dry",Yield,kg/ha,1995,828.6,A
"Pigeon peas, dry",Production,t,1995,58000.0,A
Pineapples,Area harvested,ha,1995,50.0,E
Pineapples,Yield,kg/ha,1995,8000.0,E
Pineapples,Production,t,1995,400.0,E
Plantains and cooking bananas,Area harvested,ha,1995,1512000.0,A
Plantains and cooking bananas,Yield,kg/ha,1995,5960.3,A
Plantains and cooking bananas,Production,t,1995,9012000.0,A
Potatoes,Area harvested,ha,1995,50000.0,A
Potatoes,Yield,kg/ha,1995,8040.0,A
Potatoes,Production,t,1995,402000.0,A
Raw cane or beet sugar (centrifugal only),Production,t,1995,76000.0,X
Raw hides and skins of cattle,Yield/Carcass Weight,kg/An,1995,21.0,E
Raw hides and skins of cattle,Production,t,1995,12240.0,I
Raw hides and skins of cattle,Producing Animals/Slaughtered,An,1995,576000.0,E
Raw hides and skins of goats or kids,Yield/Carcass Weight,kg/An,1995,2.0,E
Raw hides and skins of goats or kids,Production,t,1995,4336.73,I
Raw hides and skins of goats or kids,Producing Animals/Slaughtered,An,1995,1770000.0,E
Raw hides and skins of sheep or lambs,Yield/Carcass Weight,kg/An,1995,2.0,E
Raw hides and skins of sheep or lambs,Production,t,1995,740.37,I
Raw hides and skins of sheep or lambs,Producing Animals/Slaughtered,An,1995,301312.0,I
Raw milk of cattle,Yield/Carcass Weight,kg/An,1995,473.0,E
Raw milk of cattle,Production,t,1995,619045.82,I
Raw milk of cattle,Milk Animals,An,1995,1308000.0,E
Rice,Area harvested,ha,1995,55000.0,A
Rice,Yield,kg/ha,1995,1400.0,A
Rice,Production,t,1995,77000.0,A
"Seed cotton, unginned",Area harvested,ha,1995,117000.0,A
"Seed cotton, unginned",Yield,kg/ha,1995,329.1,E
"Seed cotton, unginned",Production,t,1995,38500.0,X
Sesame seed,Area harvested,ha,1995,166000.0,A
Sesame seed,Yield,kg/ha,1995,427.7,A
Sesame seed,Production,t,1995,71000.0,A
Sheep,Stocks,An,1995,924000.0,A
"Sheep fat, unrendered",Production,t,1995,94.7,I
"Sheep fat, unrendered",Producing Animals/Slaughtered,An,1995,301312.0,I
"Sisal, raw",Area harvested,ha,1995,0.0,A
"Sisal, raw",Production,t,1995,0.0,A
Skim milk of cows,Production,t,1995,2346.5,I
Sorghum,Area harvested,ha,1995,266000.0,A
Sorghum,Yield,kg/ha,1995,1500.0,A
Sorghum,Production,t,1995,399000.0,A
Soya bean oil,Production,t,1995,12400.0,X
Soya beans,Area harvested,ha,1995,72000.0,A
Soya beans,Yield,kg/ha,1995,1097.2,A
Soya beans,Production,t,1995,79000.0,A
Sugar cane,Area harvested,ha,1995,15000.0,E
Sugar cane,Yield,kg/ha,1995,76666.7,E
Sugar cane,Production,t,1995,1150000.0,E
Sunflower seed,Area harvested,ha,1995,53500.0,E
Sunflower seed,Yield,kg/ha,1995,841.1,E
Sunflower seed,Production,t,1995,45000.0,E
"Sunflower-seed oil, crude",Production,t,1995,16600.0,E
Sweet potatoes,Area harvested,ha,1995,494000.0,A
Sweet potatoes,Yield,kg/ha,1995,4500.0,A
Sweet potatoes,Production,t,1995,2223000.0,A
Swine / pigs,Stocks,An,1995,1343000.0,A
Tea leaves,Area harvested,ha,1995,11183.0,I
Tea leaves,Yield,kg/ha,1995,4918.4,E
Tea leaves,Production,t,1995,55000.0,E
Tomatoes,Area harvested,ha,1995,1850.0,E
Tomatoes,Yield,kg/ha,1995,5945.9,E
Tomatoes,Production,t,1995,11000.0,E
Unmanufactured tobacco,Area harvested,ha,1995,7525.0,X
Unmanufactured tobacco,Yield,kg/ha,1995,910.4,E
Unmanufactured tobacco,Production,t,1995,6851.0,A
"Vanilla, raw",Area harvested,ha,1995,50.0,E
"Vanilla, raw",Yield,kg/ha,1995,300.0,E
"Vanilla, raw",Production,t,1995,15.0,E
Wheat,Area harvested,ha,1995,5000.0,A
Wheat,Yield,kg/ha,1995,1800.0,A
Wheat,Production,t,1995,9000.0,A
"Whole milk, condensed",Production,t,1995,19.5,I
"Beef and Buffalo Meat, primary",Yield/Carcass Weight,kg/An,1995,150.0,E
"Beef and Buffalo Meat, primary",Production,t,1995,86400.0,E
"Beef and Buffalo Meat, primary",Producing Animals/Slaughtered,An,1995,576000.0,E
Butter and Ghee,Production,t,1995,123.5,E
Cattle and Buffaloes,Stocks,An,1995,5233000.0,A
"Cereals, primary",Area harvested,ha,1995,1292000.0,A
"Cereals, primary",Yield,kg/ha,1995,1571.2,A
"Cereals, primary",Production,t,1995,2030000.0,A
Eggs Primary,Yield/Carcass Weight,g/An,1995,2175.0,E
Eggs Primary,Production,t,1995,17400.0,E
Eggs Primary,Laying,1000 An,1995,8000.0,E
Evaporated & Condensed Milk,Production,t,1995,19.5,E
"Fibre Crops, Fibre Equivalent",Area harvested,ha,1995,117000.0,E
"Fibre Crops, Fibre Equivalent",Yield,kg/ha,1995,115.2,E
"Fibre Crops, Fibre Equivalent",Production,t,1995,13475.0,E
Fruit Primary,Area harvested,ha,1995,1519256.0,A
Fruit Primary,Yield,kg/ha,1995,5963.7,A
Fruit Primary,Production,t,1995,9060400.0,A
"Meat, Poultry",Yield/Carcass Weight,g/An,1995,1300.0,E
"Meat, Poultry",Production,t,1995,36400.0,E
"Meat, Poultry",Producing Animals/Slaughtered,1000 An,1995,28000.0,E
"Meat, Total",Production,t,1995,231768.37,E
"Milk, Total",Yield/Carcass Weight,kg/An,1995,473.0,E
"Milk, Total",Production,t,1995,619045.82,E
"Milk, Total",Milk Animals,An,1995,1308000.0,E
"Oilcrops, Cake Equivalent",Area harvested,ha,1995,633000.0,E
"Oilcrops, Cake Equivalent",Yield,kg/ha,1995,317.0,E
"Oilcrops, Cake Equivalent",Production,t,1995,200660.05,E
"Oilcrops, Oil Equivalent",Area harvested,ha,1995,635410.0,E
"Oilcrops, Oil Equivalent",Yield,kg/ha,1995,184.9,E
"Oilcrops, Oil Equivalent",Production,t,1995,117500.8,E
Poultry Birds,Stocks,1000 An,1995,21832.0,A
"Pulses, Total",Area harvested,ha,1995,757800.0,A
"Pulses, Total",Yield,kg/ha,1995,675.5,A
"Pulses, Total",Production,t,1995,511919.9,A
"Roots and Tubers, Total",Area harvested,ha,1995,876000.0,A
"Roots and Tubers, Total",Yield,kg/ha,1995,5535.4,A
"Roots and Tubers, Total",Production,t,1995,4849000.0,A
Sheep and Goat Meat,Yield/Carcass Weight,kg/An,1995,12.0,E
Sheep and Goat Meat,Production,t,1995,25468.37,E
Sheep and Goat Meat,Producing Animals/Slaughtered,An,1995,2071312.0,E
Sheep and Goats,Stocks,An,1995,6469000.0,A
Sugar Crops Primary,Area harvested,ha,1995,15000.0,E
Sugar Crops Primary,Yield,kg/ha,1995,76666.7,E
Sugar Crops Primary,Production,t,1995,1150000.0,E
Vegetables Primary,Area harvested,ha,1995,77671.0,E
Vegetables Primary,Yield,kg/ha,1995,6127.6,E
Vegetables Primary,Production,t,1995,475940.0,E
Asses,Stocks,An,1996,17500.0,E
"Beans, dry",Area harvested,ha,1996,615000.0,A
"Beans, dry",Yield,kg/ha,1996,380.5,A
"Beans, dry",Production,t,1996,234000.0,A
"Beer of barley, malted",Production,t,1996,64158.0,A
Bees,Stocks,No,1996,67000.0,E
Beeswax,Production,t,1996,1100.0,E
Butter of cow milk,Production,t,1996,23.75,I
"Cassava, fresh",Area harvested,ha,1996,335000.0,A
"Cassava, fresh",Yield,kg/ha,1996,6701.5,A
"Cassava, fresh",Production,t,1996,2245000.0,A
Castor oil seeds,Area harvested,ha,1996,2708.0,I
Castor oil seeds,Yield,kg/ha,1996,332.4,E
Castor oil seeds,Production,t,1996,900.0,E
Cattle,Stocks,An,1996,5301000.0,A
"Cattle fat, unrendered",Production,t,1996,1822.92,I
"Cattle fat, unrendered",Producing Animals/Slaughtered,An,1996,583000.0,E
"Chick peas, dry",Area harvested,ha,1996,5000.0,E
"Chick peas, dry",Yield,kg/ha,1996,500.0,E
"Chick peas, dry",Production,t,1996,2500.0,E
Chickens,Stocks,1000 An,1996,22050.0,A
"Chillies and peppers, dry (Capsicum spp., Pimenta spp.), raw",Area harvested,ha,1996,3800.0,E
"Chillies and peppers, dry (Capsicum spp., Pimenta spp.), raw",Yield,kg/ha,1996,894.7,E
"Chillies and peppers, dry (Capsicum spp., Pimenta spp.), raw",Production,t,1996,3400.0,E
Cocoa beans,Area harvested,ha,1996,12500.0,E
Cocoa beans,Yield,kg/ha,1996,200.0,E
Cocoa beans,Production,t,1996,2500.0,E
"Coffee, green",Area harvested,ha,1996,280000.0,E
"Coffee, green",Yield,kg/ha,1996,1028.3,E
"Coffee, green",Production,t,1996,287925.0,A
"Cotton lint, ginned",Production,t,1996,17418.0,X
Cotton seed,Production,t,1996,36000.0,X
Cottonseed oil,Production,t,1996,4188.02,I
"Cow peas, dry",Area harvested,ha,1996,56000.0,A
"Cow peas, dry",Yield,kg/ha,1996,839.3,A
"Cow peas, dry",Production,t,1996,47000.0,A
"Edible offal of cattle, fresh, chilled or frozen",Production,t,1996,14765.63,I
"Edible offal of cattle, fresh, chilled or frozen",Producing Animals/Slaughtered,An,1996,583000.0,E
"Edible offal of goat, fresh, chilled or frozen",Production,t,1996,6612.24,I
"Edible offal of goat, fresh, chilled or frozen",Producing Animals/Slaughtered,An,1996,1800000.0,E
"Edible offal of pigs, fresh, chilled or frozen",Production,t,1996,5778.75,I
"Edible offal of pigs, fresh, chilled or frozen",Producing Animals/Slaughtered,An,1996,1150000.0,E
"Edible offal of sheep, fresh, chilled or frozen",Production,t,1996,958.87,I
"Edible offal of sheep, fresh, chilled or frozen",Producing Animals/Slaughtered,An,1996,305094.0,I
Fat of pigs,Production,t,1996,5778.75,I
Fat of pigs,Producing Animals/Slaughtered,An,1996,1150000.0,E
"Ginger, raw",Area harvested,ha,1996,50.0,E
"Ginger, raw",Yield,kg/ha,1996,2400.0,E
"Ginger, raw",Production,t,1996,120.0,E
"Goat fat, unrendered",Production,t,1996,749.39,I
"Goat fat, unrendered",Producing Animals/Slaughtered,An,1996,1800000.0,E
Goats,Stocks,An,1996,5684000.0,A
Groundnut oil,Production,t,1996,4453.37,I
"Groundnuts, excluding shelled",Area harvested,ha,1996,195000.0,A
"Groundnuts, excluding shelled",Yield,kg/ha,1996,641.0,A
"Groundnuts, excluding shelled",Production,t,1996,125000.0,A
"Hen eggs in shell, fresh",Yield,No/An,1996,50.0,E
"Hen eggs in shell, fresh",Yield/Carcass Weight,g/An,1996,2200.0,E
"Hen eggs in shell, fresh",Production,t,1996,17600.0,E
"Hen eggs in shell, fresh",Production,1000 No,1996,400000.0,E
"Hen eggs in shell, fresh",Laying,1000 An,1996,8000.0,E
Maize (corn),Area harvested,ha,1996,584000.0,A
Maize (corn),Yield,kg/ha,1996,1299.7,A
Maize (corn),Production,t,1996,759000.0,A
"Meat of cattle with the bone, fresh or chilled",Yield/Carcass Weight,kg/An,1996,150.0,E
"Meat of cattle with the bone, fresh or chilled",Production,t,1996,87500.0,E
"Meat of cattle with the bone, fresh or chilled",Producing Animals/Slaughtered,An,1996,583000.0,E
"Meat of chickens, fresh or chilled",Yield/Carcass Weight,g/An,1996,1300.0,E
"Meat of chickens, fresh or chilled",Production,t,1996,36400.0,E
"Meat of chickens, fresh or chilled",Producing Animals/Slaughtered,1000 An,1996,28000.0,E
"Meat of goat, fresh or chilled",Yield/Carcass Weight,kg/An,1996,12.0,E
"Meat of goat, fresh or chilled",Production,t,1996,21600.0,E
"Meat of goat, fresh or chilled",Producing Animals/Slaughtered,An,1996,1800000.0,E
"Meat of pig with the bone, fresh or chilled",Yield/Carcass Weight,kg/An,1996,60.0,E
"Meat of pig with the bone, fresh or chilled",Production,t,1996,69000.0,E
"Meat of pig with the bone, fresh or chilled",Producing Animals/Slaughtered,An,1996,1150000.0,E
"Meat of sheep, fresh or chilled",Yield/Carcass Weight,kg/An,1996,14.0,E
"Meat of sheep, fresh or chilled",Production,t,1996,4271.32,I
"Meat of sheep, fresh or chilled",Producing Animals/Slaughtered,An,1996,305094.0,I
Millet,Area harvested,ha,1996,400000.0,A
Millet,Yield,kg/ha,1996,1100.0,A
Millet,Production,t,1996,440000.0,A
Molasses,Production,t,1996,36000.0,X
Natural honey,Production,t,1996,280.0,E
Oil of sesame seed,Production,t,1996,13900.0,X
"Onions and shallots, dry (excluding dehydrated)",Area harvested,ha,1996,23754.0,A
"Onions and shallots, dry (excluding dehydrated)",Yield,kg/ha,1996,3826.3,A
"Onions and shallots, dry (excluding dehydrated)",Production,t,1996,90890.0,A
"Other fruits, n.e.c.",Area harvested,ha,1996,7047.0,I
"Other fruits, n.e.c.",Yield,kg/ha,1996,6669.9,E
"Other fruits, n.e.c.",Production,t,1996,47000.0,E
"Other meat of mammals, fresh or chilled",Production,t,1996,17600.0,E
"Other oil seeds, n.e.c.",Area harvested,ha,1996,33654.0,I
"Other oil seeds, n.e.c.",Yield,kg/ha,1996,713.1,E
"Other oil seeds, n.e.c.",Production,t,1996,24000.0,E
"Other vegetables, fresh n.e.c.",Area harvested,ha,1996,53186.0,I
"Other vegetables, fresh n.e.c.",Yield,kg/ha,1996,7050.8,E
"Other vegetables, fresh n.e.c.",Production,t,1996,375000.0,E
"Peas, dry",Area harvested,ha,1996,29000.0,A
"Peas, dry",Yield,kg/ha,1996,586.2,A
"Peas, dry",Production,t,1996,17000.0,A
"Pepper (Piper spp.), raw",Area harvested,ha,1996,2600.0,E
"Pepper (Piper spp.), raw",Yield,kg/ha,1996,692.3,E
"Pepper (Piper spp.), raw",Production,t,1996,1800.0,E
"Pigeon peas, dry",Area harvested,ha,1996,71000.0,A
"Pigeon peas, dry",Yield,kg/ha,1996,816.9,A
"Pigeon peas, dry",Production,t,1996,58000.0,A
Pineapples,Area harvested,ha,1996,55.0,E
Pineapples,Yield,kg/ha,1996,8181.8,E
Pineapples,Production,t,1996,450.0,E
Plantains and cooking bananas,Area harvested,ha,1996,1524000.0,A
Plantains and cooking bananas,Yield,kg/ha,1996,6000.0,A
Plantains and cooking bananas,Production,t,1996,9144000.0,A
Potatoes,Area harvested,ha,1996,53000.0,A
Potatoes,Yield,kg/ha,1996,6000.0,A
Potatoes,Production,t,1996,318000.0,A
Raw cane or beet sugar (centrifugal only),Production,t,1996,109000.0,X
Raw hides and skins of cattle,Yield/Carcass Weight,kg/An,1996,21.0,E
Raw hides and skins of cattle,Production,t,1996,12395.83,I
Raw hides and skins of cattle,Producing Animals/Slaughtered,An,1996,583000.0,E
Raw hides and skins of goats or kids,Yield/Carcass Weight,kg/An,1996,2.0,E
Raw hides and skins of goats or kids,Production,t,1996,4408.16,I
Raw hides and skins of goats or kids,Producing Animals/Slaughtered,An,1996,1800000.0,E
Raw hides and skins of sheep or lambs,Yield/Carcass Weight,kg/An,1996,2.0,E
Raw hides and skins of sheep or lambs,Production,t,1996,749.66,I
Raw hides and skins of sheep or lambs,Producing Animals/Slaughtered,An,1996,305094.0,I
Raw milk of cattle,Yield/Carcass Weight,kg/An,1996,473.0,E
Raw milk of cattle,Production,t,1996,626589.63,I
Raw milk of cattle,Milk Animals,An,1996,1325000.0,E
Rice,Area harvested,ha,1996,58000.0,A
Rice,Yield,kg/ha,1996,1413.8,A
Rice,Production,t,1996,82000.0,A
"Seed cotton, unginned",Area harvested,ha,1996,120000.0,X
"Seed cotton, unginned",Yield,kg/ha,1996,450.0,X
"Seed cotton, unginned",Production,t,1996,54000.0,X
Sesame seed,Area harvested,ha,1996,172000.0,A
Sesame seed,Yield,kg/ha,1996,424.4,A
Sesame seed,Production,t,1996,73000.0,A
Sheep,Stocks,An,1996,951000.0,A
"Sheep fat, unrendered",Production,t,1996,95.89,I
"Sheep fat, unrendered",Producing Animals/Slaughtered,An,1996,305094.0,I
"Sisal, raw",Area harvested,ha,1996,0.0,A
"Sisal, raw",Production,t,1996,0.0,A
Skim milk of cows,Production,t,1996,451.25,I
Sorghum,Area harvested,ha,1996,271000.0,A
Sorghum,Yield,kg/ha,1996,1099.6,A
Sorghum,Production,t,1996,298000.0,A
Soya bean oil,Production,t,1996,12700.0,X
Soya beans,Area harvested,ha,1996,76000.0,A
Soya beans,Yield,kg/ha,1996,1144.7,A
Soya beans,Production,t,1996,87000.0,A
Sugar cane,Area harvested,ha,1996,18000.0,E
Sugar cane,Yield,kg/ha,1996,80555.6,E
Sugar cane,Production,t,1996,1450000.0,E
Sunflower seed,Area harvested,ha,1996,53500.0,E
Sunflower seed,Yield,kg/ha,1996,841.1,E
Sunflower seed,Production,t,1996,45000.0,E
"Sunflower-seed oil, crude",Production,t,1996,16600.0,E
Sweet potatoes,Area harvested,ha,1996,516000.0,A
Sweet potatoes,Yield,kg/ha,1996,3000.0,A
Sweet potatoes,Production,t,1996,1548000.0,A
Swine / pigs,Stocks,An,1996,1383000.0,A
Tea leaves,Area harvested,ha,1996,15439.0,I
Tea leaves,Yield,kg/ha,1996,4922.6,E
Tea leaves,Production,t,1996,76000.0,E
Tomatoes,Area harvested,ha,1996,1700.0,E
Tomatoes,Yield,kg/ha,1996,5882.4,E
Tomatoes,Production,t,1996,10000.0,E
Unmanufactured tobacco,Area harvested,ha,1996,7525.0,X
Unmanufactured tobacco,Yield,kg/ha,1996,843.7,E
Unmanufactured tobacco,Production,t,1996,6349.0,A
"Vanilla, raw",Area harvested,ha,1996,70.0,E
"Vanilla, raw",Yield,kg/ha,1996,357.1,E
"Vanilla, raw",Production,t,1996,25.0,E
Wheat,Area harvested,ha,1996,5000.0,A
Wheat,Yield,kg/ha,1996,1800.0,A
Wheat,Production,t,1996,9000.0,A
"Whole milk, condensed",Production,t,1996,3.75,I
"Beef and Buffalo Meat, primary",Yield/Carcass Weight,kg/An,1996,150.0,E
"Beef and Buffalo Meat, primary",Production,t,1996,87500.0,E
"Beef and Buffalo Meat, primary",Producing Animals/Slaughtered,An,1996,583000.0,E
Butter and Ghee,Production,t,1996,23.75,E
Cattle and Buffaloes,Stocks,An,1996,5301000.0,A
"Cereals, primary",Area harvested,ha,1996,1318000.0,A
"Cereals, primary",Yield,kg/ha,1996,1204.9,A
"Cereals, primary",Production,t,1996,1588000.0,A
Eggs Primary,Yield/Carcass Weight,g/An,1996,2200.0,E
Eggs Primary,Production,t,1996,17600.0,E
Eggs Primary,Laying,1000 An,1996,8000.0,E
Evaporated & Condensed Milk,Production,t,1996,3.75,E
"Fibre Crops, Fibre Equivalent",Area harvested,ha,1996,120000.0,E
"Fibre Crops, Fibre Equivalent",Yield,kg/ha,1996,157.5,E
"Fibre Crops, Fibre Equivalent",Production,t,1996,18900.0,E
Fruit Primary,Area harvested,ha,1996,1531102.0,A
Fruit Primary,Yield,kg/ha,1996,6003.2,A
Fruit Primary,Production,t,1996,9191450.0,A
"Meat, Poultry",Yield/Carcass Weight,g/An,1996,1300.0,E
"Meat, Poultry",Production,t,1996,36400.0,E
"Meat, Poultry",Producing Animals/Slaughtered,1000 An,1996,28000.0,E
"Meat, Total",Production,t,1996,236371.32,E
"Milk, Total",Yield/Carcass Weight,kg/An,1996,473.0,E
"Milk, Total",Production,t,1996,626589.63,E
"Milk, Total",Milk Animals,An,1996,1325000.0,E
"Oilcrops, Cake Equivalent",Area harvested,ha,1996,650154.0,E
"Oilcrops, Cake Equivalent",Yield,kg/ha,1996,317.4,E
"Oilcrops, Cake Equivalent",Production,t,1996,206360.2,E
"Oilcrops, Oil Equivalent",Area harvested,ha,1996,652862.0,E
"Oilcrops, Oil Equivalent",Yield,kg/ha,1996,177.7,E
"Oilcrops, Oil Equivalent",Production,t,1996,116003.2,E
Poultry Birds,Stocks,1000 An,1996,22050.0,A
"Pulses, Total",Area harvested,ha,1996,776000.0,A
"Pulses, Total",Yield,kg/ha,1996,462.0,A
"Pulses, Total",Production,t,1996,358500.0,A
"Roots and Tubers, Total",Area harvested,ha,1996,904000.0,A
"Roots and Tubers, Total",Yield,kg/ha,1996,4547.6,A
"Roots and Tubers, Total",Production,t,1996,4111000.0,A
Sheep and Goat Meat,Yield/Carcass Weight,kg/An,1996,12.0,E
Sheep and Goat Meat,Production,t,1996,25871.32,E
Sheep and Goat Meat,Producing Animals/Slaughtered,An,1996,2105094.0,E
Sheep and Goats,Stocks,An,1996,6635000.0,A
Sugar Crops Primary,Area harvested,ha,1996,18000.0,E
Sugar Crops Primary,Yield,kg/ha,1996,80555.6,E
Sugar Crops Primary,Production,t,1996,1450000.0,E
Vegetables Primary,Area harvested,ha,1996,78640.0,E
Vegetables Primary,Yield,kg/ha,1996,6051.5,E
Vegetables Primary,Production,t,1996,475890.0,E
Asses,Stocks,An,1997,17600.0,E
"Beans, dry",Area harvested,ha,1997,630000.0,A
"Beans, dry",Yield,kg/ha,1997,350.8,A
"Beans, dry",Production,t,1997,221000.0,A
"Beer of barley, malted",Production,t,1997,89639.0,A
Bees,Stocks,No,1997,69000.0,E
Beeswax,Production,t,1997,1120.0,E
Butter of cow milk,Production,t,1997,142.5,I
"Cassava, fresh",Area harvested,ha,1997,342000.0,A
"Cassava, fresh",Yield,kg/ha,1997,6698.8,A
"Cassava, fresh",Production,t,1997,2291000.0,A
Castor oil seeds,Area harvested,ha,1997,2772.0,I
Castor oil seeds,Yield,kg/ha,1997,332.4,E
Castor oil seeds,Production,t,1997,921.46,I
Cattle,Stocks,An,1997,5460000.0,A
"Cattle fat, unrendered",Production,t,1997,1843.75,I
"Cattle fat, unrendered",Producing Animals/Slaughtered,An,1997,590000.0,E
"Chick peas, dry",Area harvested,ha,1997,6000.0,E
"Chick peas, dry",Yield,kg/ha,1997,500.0,E
"Chick peas, dry",Production,t,1997,3000.0,E
Chickens,Stocks,1000 An,1997,22271.0,A
"Chillies and peppers, dry (Capsicum spp., Pimenta spp.), raw",Area harvested,ha,1997,3900.0,E
"Chillies and peppers, dry (Capsicum spp., Pimenta spp.), raw",Yield,kg/ha,1997,897.4,E
"Chillies and peppers, dry (Capsicum spp., Pimenta spp.), raw",Production,t,1997,3500.0,E
Cocoa beans,Area harvested,ha,1997,12767.0,A
Cocoa beans,Yield,kg/ha,1997,211.5,A
Cocoa beans,Production,t,1997,2700.0,A
"Coffee, green",Area harvested,ha,1997,272000.0,A
"Coffee, green",Yield,kg/ha,1997,807.4,A
"Coffee, green",Production,t,1997,219624.0,A
"Cotton lint, ginned",Production,t,1997,11500.0,X
Cotton seed,Production,t,1997,25000.0,X
Cottonseed oil,Production,t,1997,2696.64,I
"Cow peas, dry",Area harvested,ha,1997,58000.0,A
"Cow peas, dry",Yield,kg/ha,1997,793.1,A
"Cow peas, dry",Production,t,1997,46000.0,A
"Edible offal of cattle, fresh, chilled or frozen",Production,t,1997,14934.38,I
"Edible offal of cattle, fresh, chilled or frozen",Producing Animals/Slaughtered,An,1997,590000.0,E
"Edible offal of goat, fresh, chilled or frozen",Production,t,1997,6832.65,I
"Edible offal of goat, fresh, chilled or frozen",Producing Animals/Slaughtered,An,1997,1860000.0,E
"Edible offal of pigs, fresh, chilled or frozen",Production,t,1997,5929.5,I
"Edible offal of pigs, fresh, chilled or frozen",Producing Animals/Slaughtered,An,1997,1180000.0,E
"Edible offal of sheep, fresh, chilled or frozen",Production,t,1997,971.57,I
"Edible offal of sheep, fresh, chilled or frozen",Producing Animals/Slaughtered,An,1997,309137.0,I
Fat of pigs,Production,t,1997,5929.5,I
Fat of pigs,Producing Animals/Slaughtered,An,1997,1180000.0,E
"Ginger, raw",Area harvested,ha,1997,48.0,I
"Ginger, raw",Yield,kg/ha,1997,2664.5,E
"Ginger, raw",Production,t,1997,128.14,I
"Goat fat, unrendered",Production,t,1997,774.37,I
"Goat fat, unrendered",Producing Animals/Slaughtered,An,1997,1860000.0,E
Goats,Stocks,An,1997,5825000.0,A
Groundnut oil,Production,t,1997,4771.8,I
"Groundnuts, excluding shelled",Area harvested,ha,1997,197000.0,A
"Groundnuts, excluding shelled",Yield,kg/ha,1997,680.2,A
"Groundnuts, excluding shelled",Production,t,1997,134000.0,A
"Hen eggs in shell, fresh",Yield,No/An,1997,45.0,E
"Hen eggs in shell, fresh",Yield/Carcass Weight,g/An,1997,1993.0,A
"Hen eggs in shell, fresh",Production,t,1997,18000.0,A
"Hen eggs in shell, fresh",Production,1000 No,1997,409000.0,E
"Hen eggs in shell, fresh",Laying,1000 An,1997,9030.0,A
Maize (corn),Area harvested,ha,1997,598000.0,A
Maize (corn),Yield,kg/ha,1997,1237.5,A
Maize (corn),Production,t,1997,740000.0,A
"Meat of cattle with the bone, fresh or chilled",Yield/Carcass Weight,kg/An,1997,150.0,E
"Meat of cattle with the bone, fresh or chilled",Production,t,1997,88500.0,A
"Meat of cattle with the bone, fresh or chilled",Producing Animals/Slaughtered,An,1997,590000.0,E
"Meat of chickens, fresh or chilled",Yield/Carcass Weight,g/An,1997,1300.0,E
"Meat of chickens, fresh or chilled",Production,t,1997,36050.0,A
"Meat of chickens, fresh or chilled",Producing Animals/Slaughtered,1000 An,1997,27730.0,E
"Meat of goat, fresh or chilled",Yield/Carcass Weight,kg/An,1997,12.0,E
"Meat of goat, fresh or chilled",Production,t,1997,22320.0,A
"Meat of goat, fresh or chilled",Producing Animals/Slaughtered,An,1997,1860000.0,E
"Meat of pig with the bone, fresh or chilled",Yield/Carcass Weight,kg/An,1997,60.0,E
"Meat of pig with the bone, fresh or chilled",Production,t,1997,70800.0,E
"Meat of pig with the bone, fresh or chilled",Producing Animals/Slaughtered,An,1997,1180000.0,E
"Meat of sheep, fresh or chilled",Yield/Carcass Weight,kg/An,1997,14.0,E
"Meat of sheep, fresh or chilled",Production,t,1997,4327.92,I
"Meat of sheep, fresh or chilled",Producing Animals/Slaughtered,An,1997,309137.0,I
Millet,Area harvested,ha,1997,395000.0,A
Millet,Yield,kg/ha,1997,1270.9,A
Millet,Production,t,1997,502000.0,A
Molasses,Production,t,1997,54000.0,X
Natural honey,Production,t,1997,287.0,A
Oil of sesame seed,Production,t,1997,15600.0,X
"Onions and shallots, dry (excluding dehydrated)",Area harvested,ha,1997,26134.0,A
"Onions and shallots, dry (excluding dehydrated)",Yield,kg/ha,1997,3721.5,A
"Onions and shallots, dry (excluding dehydrated)",Production,t,1997,97257.0,A
"Other fruits, n.e.c.",Area harvested,ha,1997,7187.0,I
"Other fruits, n.e.c.",Yield,kg/ha,1997,6679.2,E
"Other fruits, n.e.c.",Production,t,1997,48000.0,E
"Other meat of mammals, fresh or chilled",Production,t,1997,17700.0,E
"Other oil seeds, n.e.c.",Area harvested,ha,1997,35856.0,I
"Other oil seeds, n.e.c.",Yield,kg/ha,1997,697.2,E
"Other oil seeds, n.e.c.",Production,t,1997,25000.0,E
"Other vegetables, fresh n.e.c.",Area harvested,ha,1997,53538.0,I
"Other vegetables, fresh n.e.c.",Yield,kg/ha,1997,7097.7,E
"Other vegetables, fresh n.e.c.",Production,t,1997,380000.0,E
"Peas, dry",Area harvested,ha,1997,30000.0,A
"Peas, dry",Yield,kg/ha,1997,666.7,A
"Peas, dry",Production,t,1997,20000.0,A
"Pepper (Piper spp.), raw",Area harvested,ha,1997,2582.0,I
"Pepper (Piper spp.), raw",Yield,kg/ha,1997,715.2,E
"Pepper (Piper spp.), raw",Production,t,1997,1846.71,I
"Pigeon peas, dry",Area harvested,ha,1997,72000.0,A
"Pigeon peas, dry",Yield,kg/ha,1997,819.4,A
"Pigeon peas, dry",Production,t,1997,59000.0,A
Pineapples,Area harvested,ha,1997,70.0,E
Pineapples,Yield,kg/ha,1997,8571.4,E
Pineapples,Production,t,1997,600.0,E
Plantains and cooking bananas,Area harvested,ha,1997,1538000.0,A
Plantains and cooking bananas,Yield,kg/ha,1997,6048.8,A
Plantains and cooking bananas,Production,t,1997,9303000.0,A
Potatoes,Area harvested,ha,1997,56000.0,A
Potatoes,Yield,kg/ha,1997,6428.6,A
Potatoes,Production,t,1997,360000.0,A
Raw cane or beet sugar (centrifugal only),Production,t,1997,120000.0,X
Raw hides and skins of cattle,Yield/Carcass Weight,kg/An,1997,21.0,E
Raw hides and skins of cattle,Production,t,1997,12537.5,I
Raw hides and skins of cattle,Producing Animals/Slaughtered,An,1997,590000.0,E
Raw hides and skins of goats or kids,Yield/Carcass Weight,kg/An,1997,2.0,E
Raw hides and skins of goats or kids,Production,t,1997,4555.1,I
Raw hides and skins of goats or kids,Producing Animals/Slaughtered,An,1997,1860000.0,E
Raw hides and skins of sheep or lambs,Yield/Carcass Weight,kg/An,1997,2.0,E
Raw hides and skins of sheep or lambs,Production,t,1997,759.59,I
Raw hides and skins of sheep or lambs,Producing Animals/Slaughtered,An,1997,309137.0,I
Raw milk of cattle,Yield/Carcass Weight,kg/An,1997,473.0,E
Raw milk of cattle,Production,t,1997,632813.97,I
Raw milk of cattle,Milk Animals,An,1997,1339000.0,A
Rice,Area harvested,ha,1997,60000.0,A
Rice,Yield,kg/ha,1997,1333.3,A
Rice,Production,t,1997,80000.0,A
"Seed cotton, unginned",Area harvested,ha,1997,130000.0,A
"Seed cotton, unginned",Yield,kg/ha,1997,284.6,E
"Seed cotton, unginned",Production,t,1997,37000.0,X
Sesame seed,Area harvested,ha,1997,172000.0,A
Sesame seed,Yield,kg/ha,1997,424.4,A
Sesame seed,Production,t,1997,73000.0,A
Sheep,Stocks,An,1997,980000.0,A
"Sheep fat, unrendered",Production,t,1997,97.16,I
"Sheep fat, unrendered",Producing Animals/Slaughtered,An,1997,309137.0,I
"Sisal, raw",Area harvested,ha,1997,0.0,A
"Sisal, raw",Production,t,1997,0.0,A
Skim milk of cows,Production,t,1997,2707.5,I
Sorghum,Area harvested,ha,1997,276000.0,A
Sorghum,Yield,kg/ha,1997,1065.2,A
Sorghum,Production,t,1997,294000.0,A
Soya bean oil,Production,t,1997,12200.0,X
Soya beans,Area harvested,ha,1997,76000.0,A
Soya beans,Yield,kg/ha,1997,1105.3,A
Soya beans,Production,t,1997,84000.0,A
Sugar cane,Area harvested,ha,1997,19500.0,E
Sugar cane,Yield,kg/ha,1997,82051.3,E
Sugar cane,Production,t,1997,1600000.0,E
Sunflower seed,Area harvested,ha,1997,54000.0,X
Sunflower seed,Yield,kg/ha,1997,851.9,X
Sunflower seed,Production,t,1997,46000.0,X
"Sunflower-seed oil, crude",Production,t,1997,17000.0,E
Sweet potatoes,Area harvested,ha,1997,529000.0,A
Sweet potatoes,Yield,kg/ha,1997,3580.3,A
Sweet potatoes,Production,t,1997,1894000.0,A
Swine / pigs,Stocks,An,1997,1425000.0,A
Tea leaves,Area harvested,ha,1997,20500.0,A
Tea leaves,Yield,kg/ha,1997,4487.8,E
Tea leaves,Production,t,1997,92000.0,E
Tomatoes,Area harvested,ha,1997,1800.0,E
Tomatoes,Yield,kg/ha,1997,6111.1,E
Tomatoes,Production,t,1997,11000.0,E
Unmanufactured tobacco,Area harvested,ha,1997,7525.0,X
Unmanufactured tobacco,Yield,kg/ha,1997,1089.0,E
Unmanufactured tobacco,Production,t,1997,8195.0,A
"Vanilla, raw",Area harvested,ha,1997,74.0,I
"Vanilla, raw",Yield,kg/ha,1997,402.8,E
"Vanilla, raw",Production,t,1997,30.0,E
Wheat,Area harvested,ha,1997,5000.0,A
Wheat,Yield,kg/ha,1997,1800.0,A
Wheat,Production,t,1997,9000.0,A
"Whole milk, condensed",Production,t,1997,22.5,I
"Beef and Buffalo Meat, primary",Yield/Carcass Weight,kg/An,1997,150.0,E
"Beef and Buffalo Meat, primary",Production,t,1997,88500.0,A
"Beef and Buffalo Meat, primary",Producing Animals/Slaughtered,An,1997,590000.0,E
Butter and Ghee,Production,t,1997,142.5,E
Cattle and Buffaloes,Stocks,An,1997,5460000.0,A
"Cereals, primary",Area harvested,ha,1997,1334000.0,A
"Cereals, primary",Yield,kg/ha,1997,1218.1,A
"Cereals, primary",Production,t,1997,1625000.0,A
Eggs Primary,Yield/Carcass Weight,g/An,1997,1993.0,A
Eggs Primary,Production,t,1997,18000.0,A
Eggs Primary,Laying,1000 An,1997,9030.0,A
Evaporated & Condensed Milk,Production,t,1997,22.5,E
"Fibre Crops, Fibre Equivalent",Area harvested,ha,1997,130000.0,E
"Fibre Crops, Fibre Equivalent",Yield,kg/ha,1997,99.6,E
"Fibre Crops, Fibre Equivalent",Production,t,1997,12950.0,E
Fruit Primary,Area harvested,ha,1997,1545257.0,A
Fruit Primary,Yield,kg/ha,1997,6051.8,A
Fruit Primary,Production,t,1997,9351600.0,A
"Meat, Poultry",Yield/Carcass Weight,g/An,1997,1300.0,E
"Meat, Poultry",Production,t,1997,36050.0,A
"Meat, Poultry",Producing Animals/Slaughtered,1000 An,1997,27730.0,E
"Meat, Total",Production,t,1997,239697.92,E
"Milk, Total",Yield/Carcass Weight,kg/An,1997,473.0,E
"Milk, Total",Production,t,1997,632813.97,E
"Milk, Total",Milk Animals,An,1997,1339000.0,A
"Oilcrops, Cake Equivalent",Area harvested,ha,1997,664856.0,E
"Oilcrops, Cake Equivalent",Yield,kg/ha,1997,305.4,E
"Oilcrops, Cake Equivalent",Production,t,1997,203018.1,E
"Oilcrops, Oil Equivalent",Area harvested,ha,1997,667627.0,E
"Oilcrops, Oil Equivalent",Yield,kg/ha,1997,175.5,E
"Oilcrops, Oil Equivalent",Production,t,1997,117168.19,E
Poultry Birds,Stocks,1000 An,1997,22271.0,A
"Pulses, Total",Area harvested,ha,1997,796000.0,A
"Pulses, Total",Yield,kg/ha,1997,438.4,A
"Pulses, Total",Production,t,1997,349000.0,A
"Roots and Tubers, Total",Area harvested,ha,1997,927000.0,A
"Roots and Tubers, Total",Yield,kg/ha,1997,4902.9,A
"Roots and Tubers, Total",Production,t,1997,4545000.0,A
Sheep and Goat Meat,Yield/Carcass Weight,kg/An,1997,12.0,E
Sheep and Goat Meat,Production,t,1997,26647.92,A
Sheep and Goat Meat,Producing Animals/Slaughtered,An,1997,2169137.0,E
Sheep and Goats,Stocks,An,1997,6805000.0,A
Sugar Crops Primary,Area harvested,ha,1997,19500.0,E
Sugar Crops Primary,Yield,kg/ha,1997,82051.3,E
Sugar Crops Primary,Production,t,1997,1600000.0,E
Vegetables Primary,Area harvested,ha,1997,81472.0,E
Vegetables Primary,Yield,kg/ha,1997,5992.9,E
Vegetables Primary,Production,t,1997,488257.0,E
Asses,Stocks,An,1998,17700.0,E
"Beans, dry",Area harvested,ha,1998,645000.0,A
"Beans, dry",Yield,kg/ha,1998,600.0,A
"Beans, dry",Production,t,1998,387000.0,A
"Beer of barley, malted",Production,t,1998,110469.0,A
Bees,Stocks,No,1998,71000.0,E
Beeswax,Production,t,1998,1140.0,E
Butter of cow milk,Production,t,1998,142.5,I
"Cassava, fresh",Area harvested,ha,1998,356000.0,A
"Cassava, fresh",Yield,kg/ha,1998,9000.0,A
"Cassava, fresh",Production,t,1998,3204000.0,A
Castor oil seeds,Area harvested,ha,1998,2840.0,I
Castor oil seeds,Yield,kg/ha,1998,332.5,E
Castor oil seeds,Production,t,1998,944.19,I
Cattle,Stocks,An,1998,5651000.0,A
"Cattle fat, unrendered",Production,t,1998,1937.5,I
"Cattle fat, unrendered",Producing Animals/Slaughtered,An,1998,620000.0,E
"Chick peas, dry",Area harvested,ha,1998,6100.0,E
"Chick peas, dry",Yield,kg/ha,1998,508.2,E
"Chick peas, dry",Production,t,1998,3100.0,E
Chickens,Stocks,1000 An,1998,22293.0,A
"Chillies and peppers, dry (Capsicum spp., Pimenta spp.), raw",Area harvested,ha,1998,4000.0,E
"Chillies and peppers, dry (Capsicum spp., Pimenta spp.), raw",Yield,kg/ha,1998,900.0,E
"Chillies and peppers, dry (Capsicum spp., Pimenta spp.), raw",Production,t,1998,3600.0,E
Cocoa beans,Area harvested,ha,1998,12800.0,E
Cocoa beans,Yield,kg/ha,1998,218.8,E
Cocoa beans,Production,t,1998,2800.0,E
"Coffee, green",Area harvested,ha,1998,265000.0,E
"Coffee, green",Yield,kg/ha,1998,773.8,E
"Coffee, green",Production,t,1998,205056.0,A
"Cotton lint, ginned",Production,t,1998,15170.0,A
Cotton seed,Production,t,1998,29315.0,A
Cottonseed oil,Production,t,1998,2910.24,I
"Cow peas, dry",Area harvested,ha,1998,60000.0,A
"Cow peas, dry",Yield,kg/ha,1998,833.3,A
"Cow peas, dry",Production,t,1998,50000.0,A
"Edible offal of cattle, fresh, chilled or frozen",Production,t,1998,15693.75,I
"Edible offal of cattle, fresh, chilled or frozen",Producing Animals/Slaughtered,An,1998,620000.0,E
"Edible offal of goat, fresh, chilled or frozen",Production,t,1998,7053.06,I
"Edible offal of goat, fresh, chilled or frozen",Producing Animals/Slaughtered,An,1998,1920000.0,E
"Edible offal of pigs, fresh, chilled or frozen",Production,t,1998,6075.23,I
"Edible offal of pigs, fresh, chilled or frozen",Producing Animals/Slaughtered,An,1998,1209000.0,E
"Edible offal of sheep, fresh, chilled or frozen",Production,t,1998,987.93,I
"Edible offal of sheep, fresh, chilled or frozen",Producing Animals/Slaughtered,An,1998,314342.0,I
Fat of pigs,Production,t,1998,6075.23,I
Fat of pigs,Producing Animals/Slaughtered,An,1998,1209000.0,E
"Ginger, raw",Area harvested,ha,1998,40.0,E
"Ginger, raw",Yield,kg/ha,1998,2500.0,E
"Ginger, raw",Production,t,1998,100.0,E
"Goat fat, unrendered",Production,t,1998,799.35,I
"Goat fat, unrendered",Producing Animals/Slaughtered,An,1998,1920000.0,E
Goats,Stocks,An,1998,5999000.0,A
Groundnut oil,Production,t,1998,4972.68,I
"Groundnuts, excluding shelled",Area harvested,ha,1998,200000.0,A
"Groundnuts, excluding shelled",Yield,kg/ha,1998,700.0,A
"Groundnuts, excluding shelled",Production,t,1998,140000.0,A
"Hen eggs in shell, fresh",Yield,No/An,1998,52.0,E
"Hen eggs in shell, fresh",Yield/Carcass Weight,g/An,1998,2278.0,E
"Hen eggs in shell, fresh",Production,t,1998,18000.0,E
"Hen eggs in shell, fresh",Production,1000 No,1998,409000.0,E
"Hen eggs in shell, fresh",Laying,1000 An,1998,7900.0,E
Maize (corn),Area harvested,ha,1998,616000.0,A
Maize (corn),Yield,kg/ha,1998,1500.0,A
Maize (corn),Production,t,1998,924000.0,A
"Meat of cattle with the bone, fresh or chilled",Yield/Carcass Weight,kg/An,1998,150.0,E
"Meat of cattle with the bone, fresh or chilled",Production,t,1998,93000.0,E
"Meat of cattle with the bone, fresh or chilled",Producing Animals/Slaughtered,An,1998,620000.0,E
"Meat of chickens, fresh or chilled",Yield/Carcass Weight,g/An,1998,1300.0,E
"Meat of chickens, fresh or chilled",Production,t,1998,36010.0,E
"Meat of chickens, fresh or chilled",Producing Animals/Slaughtered,1000 An,1998,27700.0,E
"Meat of goat, fresh or chilled",Yield/Carcass Weight,kg/An,1998,12.0,E
"Meat of goat, fresh or chilled",Production,t,1998,23040.0,E
"Meat of goat, fresh or chilled",Producing Animals/Slaughtered,An,1998,1920000.0,E
"Meat of pig with the bone, fresh or chilled",Yield/Carcass Weight,kg/An,1998,60.0,E
"Meat of pig with the bone, fresh or chilled",Production,t,1998,72540.0,E
"Meat of pig with the bone, fresh or chilled",Producing Animals/Slaughtered,An,1998,1209000.0,E
"Meat of sheep, fresh or chilled",Yield/Carcass Weight,kg/An,1998,14.0,E
"Meat of sheep, fresh or chilled",Production,t,1998,4400.79,I
"Meat of sheep, fresh or chilled",Producing Animals/Slaughtered,An,1998,314342.0,I
Millet,Area harvested,ha,1998,401000.0,A
Millet,Yield,kg/ha,1998,1601.0,A
Millet,Production,t,1998,642000.0,A
Molasses,Production,t,1998,45000.0,X
Natural honey,Production,t,1998,290.0,E
Oil of sesame seed,Production,t,1998,15800.0,X
"Onions and shallots, dry (excluding dehydrated)",Area harvested,ha,1998,28000.0,A
"Onions and shallots, dry (excluding dehydrated)",Yield,kg/ha,1998,4000.0,A
"Onions and shallots, dry (excluding dehydrated)",Production,t,1998,112000.0,A
"Other fruits, n.e.c.",Area harvested,ha,1998,7300.0,E
"Other fruits, n.e.c.",Yield,kg/ha,1998,6712.3,E
"Other fruits, n.e.c.",Production,t,1998,49000.0,E
"Other meat of mammals, fresh or chilled",Production,t,1998,17800.0,E
"Other oil seeds, n.e.c.",Area harvested,ha,1998,37601.0,I
"Other oil seeds, n.e.c.",Yield,kg/ha,1998,691.5,E
"Other oil seeds, n.e.c.",Production,t,1998,26000.0,E
"Other vegetables, fresh n.e.c.",Area harvested,ha,1998,53000.0,E
"Other vegetables, fresh n.e.c.",Yield,kg/ha,1998,7264.2,E
"Other vegetables, fresh n.e.c.",Production,t,1998,385000.0,E
"Peas, dry",Area harvested,ha,1998,31000.0,A
"Peas, dry",Yield,kg/ha,1998,612.9,A
"Peas, dry",Production,t,1998,19000.0,A
"Pepper (Piper spp.), raw",Area harvested,ha,1998,2700.0,E
"Pepper (Piper spp.), raw",Yield,kg/ha,1998,703.7,E
"Pepper (Piper spp.), raw",Production,t,1998,1900.0,E
"Pigeon peas, dry",Area harvested,ha,1998,74000.0,A
"Pigeon peas, dry",Yield,kg/ha,1998,824.3,A
"Pigeon peas, dry",Production,t,1998,61000.0,A
Pineapples,Area harvested,ha,1998,60.0,E
Pineapples,Yield,kg/ha,1998,8333.3,E
Pineapples,Production,t,1998,500.0,E
Plantains and cooking bananas,Area harvested,ha,1998,1553000.0,A
Plantains and cooking bananas,Yield,kg/ha,1998,6000.0,A
Plantains and cooking bananas,Production,t,1998,9318000.0,A
Potatoes,Area harvested,ha,1998,60000.0,A
Potatoes,Yield,kg/ha,1998,6400.0,A
Potatoes,Production,t,1998,384000.0,A
Raw cane or beet sugar (centrifugal only),Production,t,1998,102527.0,X
Raw hides and skins of cattle,Yield/Carcass Weight,kg/An,1998,21.0,E
Raw hides and skins of cattle,Production,t,1998,13175.0,I
Raw hides and skins of cattle,Producing Animals/Slaughtered,An,1998,620000.0,E
Raw hides and skins of goats or kids,Yield/Carcass Weight,kg/An,1998,2.0,E
Raw hides and skins of goats or kids,Production,t,1998,4702.04,I
Raw hides and skins of goats or kids,Producing Animals/Slaughtered,An,1998,1920000.0,E
Raw hides and skins of sheep or lambs,Yield/Carcass Weight,kg/An,1998,2.0,E
Raw hides and skins of sheep or lambs,Production,t,1998,772.38,I
Raw hides and skins of sheep or lambs,Producing Animals/Slaughtered,An,1998,314342.0,I
Raw milk of cattle,Yield/Carcass Weight,kg/An,1998,471.0,E
Raw milk of cattle,Production,t,1998,663961.47,I
Raw milk of cattle,Milk Animals,An,1998,1410000.0,E
Rice,Area harvested,ha,1998,64000.0,A
Rice,Yield,kg/ha,1998,1406.3,A
Rice,Production,t,1998,90000.0,A
"Seed cotton, unginned",Area harvested,ha,1998,175000.0,A
"Seed cotton, unginned",Yield,kg/ha,1998,257.7,A
"Seed cotton, unginned",Production,t,1998,45100.0,A
Sesame seed,Area harvested,ha,1998,179000.0,A
Sesame seed,Yield,kg/ha,1998,430.2,A
Sesame seed,Production,t,1998,77000.0,A
Sheep,Stocks,An,1998,1014000.0,A
"Sheep fat, unrendered",Production,t,1998,98.79,I
"Sheep fat, unrendered",Producing Animals/Slaughtered,An,1998,314342.0,I
"Sisal, raw",Area harvested,ha,1998,0.0,E
"Sisal, raw",Production,t,1998,0.0,E
Skim milk of cows,Production,t,1998,2707.5,I
Sorghum,Area harvested,ha,1998,280000.0,A
Sorghum,Yield,kg/ha,1998,1500.0,A
Sorghum,Production,t,1998,420000.0,A
Soya bean oil,Production,t,1998,11700.0,X
Soya beans,Area harvested,ha,1998,80000.0,A
Soya beans,Yield,kg/ha,1998,1150.0,A
Soya beans,Production,t,1998,92000.0,A
Sugar cane,Area harvested,ha,1998,19500.0,E
Sugar cane,Yield,kg/ha,1998,79487.2,E
Sugar cane,Production,t,1998,1550000.0,E
Sunflower seed,Area harvested,ha,1998,66000.0,X
Sunflower seed,Yield,kg/ha,1998,863.6,X
Sunflower seed,Production,t,1998,57000.0,X
"Sunflower-seed oil, crude",Production,t,1998,21000.0,E
Sweet potatoes,Area harvested,ha,1998,544000.0,A
Sweet potatoes,Yield,kg/ha,1998,4000.0,A
Sweet potatoes,Production,t,1998,2176000.0,A
Swine / pigs,Stocks,An,1998,1475000.0,A
Tea leaves,Area harvested,ha,1998,20000.0,E
Tea leaves,Yield,kg/ha,1998,5650.0,E
Tea leaves,Production,t,1998,113000.0,E
Tomatoes,Area harvested,ha,1998,1900.0,E
Tomatoes,Yield,kg/ha,1998,6315.8,E
Tomatoes,Production,t,1998,12000.0,E
Unmanufactured tobacco,Area harvested,ha,1998,7525.0,X
Unmanufactured tobacco,Yield,kg/ha,1998,1506.0,E
Unmanufactured tobacco,Production,t,1998,11333.0,A
"Vanilla, raw",Area harvested,ha,1998,120.0,E
"Vanilla, raw",Yield,kg/ha,1998,500.0,E
"Vanilla, raw",Production,t,1998,60.0,E
Wheat,Area harvested,ha,1998,5000.0,A
Wheat,Yield,kg/ha,1998,1800.0,A
Wheat,Production,t,1998,9000.0,A
"Whole milk, condensed",Production,t,1998,22.5,I
"Beef and Buffalo Meat, primary",Yield/Carcass Weight,kg/An,1998,150.0,E
"Beef and Buffalo Meat, primary",Production,t,1998,93000.0,E
"Beef and Buffalo Meat, primary",Producing Animals/Slaughtered,An,1998,620000.0,E
Butter and Ghee,Production,t,1998,142.5,E
Cattle and Buffaloes,Stocks,An,1998,5651000.0,A
"Cereals, primary",Area harvested,ha,1998,1366000.0,A
"Cereals, primary",Yield,kg/ha,1998,1526.4,A
"Cereals, primary",Production,t,1998,2085000.0,A
Eggs Primary,Yield/Carcass Weight,g/An,1998,2278.0,E
Eggs Primary,Production,t,1998,18000.0,E
Eggs Primary,Laying,1000 An,1998,7900.0,E
Evaporated & Condensed Milk,Production,t,1998,22.5,E
"Fibre Crops, Fibre Equivalent",Area harvested,ha,1998,175000.0,E
"Fibre Crops, Fibre Equivalent",Yield,kg/ha,1998,90.2,E
"Fibre Crops, Fibre Equivalent",Production,t,1998,15785.0,E
Fruit Primary,Area harvested,ha,1998,1560360.0,A
Fruit Primary,Yield,kg/ha,1998,6003.4,A
Fruit Primary,Production,t,1998,9367500.0,A
"Meat, Poultry",Yield/Carcass Weight,g/An,1998,1300.0,E
"Meat, Poultry",Production,t,1998,36010.0,E
"Meat, Poultry",Producing Animals/Slaughtered,1000 An,1998,27700.0,E
"Meat, Total",Production,t,1998,246790.79,E
"Milk, Total",Yield/Carcass Weight,kg/An,1998,471.0,E
"Milk, Total",Production,t,1998,663961.47,E
"Milk, Total",Milk Animals,An,1998,1410000.0,E
"Oilcrops, Cake Equivalent",Area harvested,ha,1998,737601.0,E
"Oilcrops, Cake Equivalent",Yield,kg/ha,1998,301.0,E
"Oilcrops, Cake Equivalent",Production,t,1998,222030.63,E
"Oilcrops, Oil Equivalent",Area harvested,ha,1998,740441.0,E
"Oilcrops, Oil Equivalent",Yield,kg/ha,1998,172.6,E
"Oilcrops, Oil Equivalent",Production,t,1998,127763.75,E
Poultry Birds,Stocks,1000 An,1998,22293.0,A
"Pulses, Total",Area harvested,ha,1998,816100.0,A
"Pulses, Total",Yield,kg/ha,1998,637.3,A
"Pulses, Total",Production,t,1998,520100.0,A
"Roots and Tubers, Total",Area harvested,ha,1998,960000.0,A
"Roots and Tubers, Total",Yield,kg/ha,1998,6004.2,A
"Roots and Tubers, Total",Production,t,1998,5764000.0,A
Sheep and Goat Meat,Yield/Carcass Weight,kg/An,1998,12.0,E
Sheep and Goat Meat,Production,t,1998,27440.79,E
Sheep and Goat Meat,Producing Animals/Slaughtered,An,1998,2234342.0,E
Sheep and Goats,Stocks,An,1998,7013000.0,A
Sugar Crops Primary,Area harvested,ha,1998,19500.0,E
Sugar Crops Primary,Yield,kg/ha,1998,79487.2,E
Sugar Crops Primary,Production,t,1998,1550000.0,E
Vegetables Primary,Area harvested,ha,1998,82900.0,E
Vegetables Primary,Yield,kg/ha,1998,6139.9,E
Vegetables Primary,Production,t,1998,509000.0,E
Asses,Stocks,An,1999,17800.0,E
"Beans, dry",Area harvested,ha,1999,669000.0,A
"Beans, dry",Yield,kg/ha,1999,599.4,A
"Beans, dry",Production,t,1999,401000.0,A
"Beer of barley, malted",Production,t,1999,117845.0,A
Bees,Stocks,No,1999,73000.0,E
Beeswax,Production,t,1999,1170.0,E
Butter of cow milk,Production,t,1999,38.0,I
"Cassava, fresh",Area harvested,ha,1999,375000.0,A
"Cassava, fresh",Yield,kg/ha,1999,13000.0,A
"Cassava, fresh",Production,t,1999,4875000.0,A
Castor oil seeds,Area harvested,ha,1999,2830.0,I
Castor oil seeds,Yield,kg/ha,1999,332.3,E
Castor oil seeds,Production,t,1999,940.21,I
Cattle,Stocks,An,1999,5820000.0,A
"Cattle fat, unrendered",Production,t,1999,2000.0,I
"Cattle fat, unrendered",Producing Animals/Slaughtered,An,1999,640000.0,E
"Chick peas, dry",Area harvested,ha,1999,6200.0,E
"Chick peas, dry",Yield,kg/ha,1999,516.1,E
"Chick peas, dry",Production,t,1999,3200.0,E
Chickens,Stocks,1000 An,1999,22622.0,A
"Chillies and peppers, dry (Capsicum spp., Pimenta spp.), raw",Area harvested,ha,1999,4100.0,E
"Chillies and peppers, dry (Capsicum spp., Pimenta spp.), raw",Yield,kg/ha,1999,902.4,E
"Chillies and peppers, dry (Capsicum spp., Pimenta spp.), raw",Production,t,1999,3700.0,E
Cocoa beans,Area harvested,ha,1999,13098.0,A
Cocoa beans,Yield,kg/ha,1999,267.2,A
Cocoa beans,Production,t,1999,3500.0,A
"Coffee, green",Area harvested,ha,1999,275000.0,A
"Coffee, green",Yield,kg/ha,1999,915.9,A
"Coffee, green",Production,t,1999,251881.0,A
"Cotton lint, ginned",Production,t,1999,14482.0,A
Cotton seed,Production,t,1999,43500.0,X
Cottonseed oil,Production,t,1999,4596.84,I
"Cow peas, dry",Area harvested,ha,1999,62000.0,A
"Cow peas, dry",Yield,kg/ha,1999,1000.0,A
"Cow peas, dry",Production,t,1999,62000.0,A
"Edible offal of cattle, fresh, chilled or frozen",Production,t,1999,16200.0,I
"Edible offal of cattle, fresh, chilled or frozen",Producing Animals/Slaughtered,An,1999,640000.0,E
"Edible offal of goat, fresh, chilled or frozen",Production,t,1999,7273.47,I
"Edible offal of goat, fresh, chilled or frozen",Producing Animals/Slaughtered,An,1999,1980000.0,E
"Edible offal of pigs, fresh, chilled or frozen",Production,t,1999,6281.25,I
"Edible offal of pigs, fresh, chilled or frozen",Producing Animals/Slaughtered,An,1999,1250000.0,E
"Edible offal of sheep, fresh, chilled or frozen",Production,t,1999,999.08,I
"Edible offal of sheep, fresh, chilled or frozen",Producing Animals/Slaughtered,An,1999,317889.0,I
Fat of pigs,Production,t,1999,6281.25,I
Fat of pigs,Producing Animals/Slaughtered,An,1999,1250000.0,E
"Ginger, raw",Area harvested,ha,1999,50.0,E
"Ginger, raw",Yield,kg/ha,1999,2400.0,E
"Ginger, raw",Production,t,1999,120.0,E
"Goat fat, unrendered",Production,t,1999,824.33,I
"Goat fat, unrendered",Producing Animals/Slaughtered,An,1999,1980000.0,E
Goats,Stocks,An,1999,6180000.0,A
Groundnut oil,Production,t,1999,4834.8,I
"Groundnuts, excluding shelled",Area harvested,ha,1999,196000.0,A
"Groundnuts, excluding shelled",Yield,kg/ha,1999,699.0,A
"Groundnuts, excluding shelled",Production,t,1999,137000.0,A
"Hen eggs in shell, fresh",Yield,No/An,1999,98.0,E
"Hen eggs in shell, fresh",Yield/Carcass Weight,g/An,1999,4558.0,E
"Hen eggs in shell, fresh",Production,t,1999,19600.0,E
"Hen eggs in shell, fresh",Production,1000 No,1999,420000.0,E
"Hen eggs in shell, fresh",Laying,1000 An,1999,4300.0,E
Maize (corn),Area harvested,ha,1999,608000.0,A
Maize (corn),Yield,kg/ha,1999,1731.9,A
Maize (corn),Production,t,1999,1053000.0,A
"Meat of cattle with the bone, fresh or chilled",Yield/Carcass Weight,kg/An,1999,150.0,E
"Meat of cattle with the bone, fresh or chilled",Production,t,1999,96000.0,E
"Meat of cattle with the bone, fresh or chilled",Producing Animals/Slaughtered,An,1999,640000.0,E
"Meat of chickens, fresh or chilled",Yield/Carcass Weight,g/An,1999,1300.0,E
"Meat of chickens, fresh or chilled",Production,t,1999,37180.0,E
"Meat of chickens, fresh or chilled",Producing Animals/Slaughtered,1000 An,1999,28600.0,E
"Meat of goat, fresh or chilled",Yield/Carcass Weight,kg/An,1999,12.0,E
"Meat of goat, fresh or chilled",Production,t,1999,23760.0,E
"Meat of goat, fresh or chilled",Producing Animals/Slaughtered,An,1999,1980000.0,E
"Meat of pig with the bone, fresh or chilled",Yield/Carcass Weight,kg/An,1999,60.0,E
"Meat of pig with the bone, fresh or chilled",Production,t,1999,75000.0,E
"Meat of pig with the bone, fresh or chilled",Producing Animals/Slaughtered,An,1999,1250000.0,E
"Meat of sheep, fresh or chilled",Yield/Carcass Weight,kg/An,1999,14.0,E
"Meat of sheep, fresh or chilled",Production,t,1999,4450.44,I
"Meat of sheep, fresh or chilled",Producing Animals/Slaughtered,An,1999,317889.0,I
Millet,Area harvested,ha,1999,376000.0,A
Millet,Yield,kg/ha,1999,1611.7,A
Millet,Production,t,1999,606000.0,A
Molasses,Production,t,1999,52000.0,X
Natural honey,Production,t,1999,295.0,E
Oil of sesame seed,Production,t,1999,15400.0,X
"Onions and shallots, dry (excluding dehydrated)",Area harvested,ha,1999,31000.0,A
"Onions and shallots, dry (excluding dehydrated)",Yield,kg/ha,1999,4000.0,A
"Onions and shallots, dry (excluding dehydrated)",Production,t,1999,124000.0,A
"Other fruits, n.e.c.",Area harvested,ha,1999,7443.0,I
"Other fruits, n.e.c.",Yield,kg/ha,1999,6717.8,E
"Other fruits, n.e.c.",Production,t,1999,50000.0,E
"Other meat of mammals, fresh or chilled",Production,t,1999,17900.0,E
"Other oil seeds, n.e.c.",Area harvested,ha,1999,39700.0,E
"Other oil seeds, n.e.c.",Yield,kg/ha,1999,680.1,E
"Other oil seeds, n.e.c.",Production,t,1999,27000.0,E
"Other vegetables, fresh n.e.c.",Area harvested,ha,1999,54421.0,I
"Other vegetables, fresh n.e.c.",Yield,kg/ha,1999,7166.3,E
"Other vegetables, fresh n.e.c.",Production,t,1999,390000.0,E
"Peas, dry",Area harvested,ha,1999,28000.0,A
"Peas, dry",Yield,kg/ha,1999,678.6,A
"Peas, dry",Production,t,1999,19000.0,A
"Pepper (Piper spp.), raw",Area harvested,ha,1999,2800.0,E
"Pepper (Piper spp.), raw",Yield,kg/ha,1999,714.3,E
"Pepper (Piper spp.), raw",Production,t,1999,2000.0,E
"Pigeon peas, dry",Area harvested,ha,1999,76000.0,A
"Pigeon peas, dry",Yield,kg/ha,1999,1000.0,A
"Pigeon peas, dry",Production,t,1999,76000.0,A
Pineapples,Area harvested,ha,1999,82.0,E
Pineapples,Yield,kg/ha,1999,8536.6,E
Pineapples,Production,t,1999,700.0,E
Plantains and cooking bananas,Area harvested,ha,1999,1570000.0,A
Plantains and cooking bananas,Yield,kg/ha,1999,5700.0,A
Plantains and cooking bananas,Production,t,1999,8949000.0,A
Potatoes,Area harvested,ha,1999,64000.0,A
Potatoes,Yield,kg/ha,1999,7015.6,A
Potatoes,Production,t,1999,449000.0,A
Raw cane or beet sugar (centrifugal only),Production,t,1999,126182.0,X
Raw hides and skins of cattle,Yield/Carcass Weight,kg/An,1999,21.0,E
Raw hides and skins of cattle,Production,t,1999,13600.0,I
Raw hides and skins of cattle,Producing Animals/Slaughtered,An,1999,640000.0,E
Raw hides and skins of goats or kids,Yield/Carcass Weight,kg/An,1999,2.0,E
Raw hides and skins of goats or kids,Production,t,1999,4848.98,I
Raw hides and skins of goats or kids,Producing Animals/Slaughtered,An,1999,1980000.0,E
Raw hides and skins of sheep or lambs,Yield/Carcass Weight,kg/An,1999,2.0,E
Raw hides and skins of sheep or lambs,Production,t,1999,781.1,I
Raw hides and skins of sheep or lambs,Producing Animals/Slaughtered,An,1999,317889.0,I
Raw milk of cattle,Yield/Carcass Weight,kg/An,1999,470.0,E
Raw milk of cattle,Production,t,1999,683682.78,I
Raw milk of cattle,Milk Animals,An,1999,1455000.0,E
Rice,Area harvested,ha,1999,68000.0,A
Rice,Yield,kg/ha,1999,1397.1,A
Rice,Production,t,1999,95000.0,A
"Seed cotton, unginned",Area harvested,ha,1999,250000.0,X
"Seed cotton, unginned",Yield,kg/ha,1999,264.0,X
"Seed cotton, unginned",Production,t,1999,66000.0,X
Sesame seed,Area harvested,ha,1999,186000.0,A
Sesame seed,Yield,kg/ha,1999,500.0,A
Sesame seed,Production,t,1999,93000.0,A
Sheep,Stocks,An,1999,1044000.0,A
"Sheep fat, unrendered",Production,t,1999,99.91,I
"Sheep fat, unrendered",Producing Animals/Slaughtered,An,1999,317889.0,I
"Sisal, raw",Area harvested,ha,1999,0.0,E
"Sisal, raw",Production,t,1999,0.0,E
Skim milk of cows,Production,t,1999,722.0,I
Sorghum,Area harvested,ha,1999,275000.0,A
Sorghum,Yield,kg/ha,1999,1501.8,A
Sorghum,Production,t,1999,413000.0,A
Soya bean oil,Production,t,1999,11900.0,X
Soya beans,Area harvested,ha,1999,84000.0,A
Soya beans,Yield,kg/ha,1999,1202.4,A
Soya beans,Production,t,1999,101000.0,A
Sugar cane,Area harvested,ha,1999,20000.0,E
Sugar cane,Yield,kg/ha,1999,71007.5,E
Sugar cane,Production,t,1999,1420150.0,X
Sunflower seed,Area harvested,ha,1999,72000.0,X
Sunflower seed,Yield,kg/ha,1999,902.8,X
Sunflower seed,Production,t,1999,65000.0,X
"Sunflower-seed oil, crude",Production,t,1999,24000.0,E
Sweet potatoes,Area harvested,ha,1999,539000.0,A
Sweet potatoes,Yield,kg/ha,1999,4367.3,A
Sweet potatoes,Production,t,1999,2354000.0,A
Swine / pigs,Stocks,An,1999,1520000.0,A
Tea leaves,Area harvested,ha,1999,15213.0,A
Tea leaves,Yield,kg/ha,1999,7099.2,E
Tea leaves,Production,t,1999,108000.0,E
Tomatoes,Area harvested,ha,1999,2000.0,E
Tomatoes,Yield,kg/ha,1999,6500.0,E
Tomatoes,Production,t,1999,13000.0,E
Unmanufactured tobacco,Area harvested,ha,1999,13500.0,E
Unmanufactured tobacco,Yield,kg/ha,1999,1545.5,E
Unmanufactured tobacco,Production,t,1999,20864.0,A
"Vanilla, raw",Area harvested,ha,1999,80.0,E
"Vanilla, raw",Yield,kg/ha,1999,500.0,E
"Vanilla, raw",Production,t,1999,40.0,E
Wheat,Area harvested,ha,1999,6000.0,A
Wheat,Yield,kg/ha,1999,1833.3,A
Wheat,Production,t,1999,11000.0,A
"Whole milk, condensed",Production,t,1999,6.0,I
"Beef and Buffalo Meat, primary",Yield/Carcass Weight,kg/An,1999,150.0,E
"Beef and Buffalo Meat, primary",Production,t,1999,96000.0,E
"Beef and Buffalo Meat, primary",Producing Animals/Slaughtered,An,1999,640000.0,E
Butter and Ghee,Production,t,1999,38.0,E
Cattle and Buffaloes,Stocks,An,1999,5820000.0,A
"Cereals, primary",Area harvested,ha,1999,1333000.0,A
"Cereals, primary",Yield,kg/ha,1999,1633.9,A
"Cereals, primary",Production,t,1999,2178000.0,A
Eggs Primary,Yield/Carcass Weight,g/An,1999,4558.0,E
Eggs Primary,Production,t,1999,19600.0,E
Eggs Primary,Laying,1000 An,1999,4300.0,E
Evaporated & Condensed Milk,Production,t,1999,6.0,E
"Fibre Crops, Fibre Equivalent",Area harvested,ha,1999,250000.0,E
"Fibre Crops, Fibre Equivalent",Yield,kg/ha,1999,92.4,E
"Fibre Crops, Fibre Equivalent",Production,t,1999,23100.0,E
Fruit Primary,Area harvested,ha,1999,1577525.0,A
Fruit Primary,Yield,kg/ha,1999,5704.9,A
Fruit Primary,Production,t,1999,8999700.0,A
"Meat, Poultry",Yield/Carcass Weight,g/An,1999,1300.0,E
"Meat, Poultry",Production,t,1999,37180.0,E
"Meat, Poultry",Producing Animals/Slaughtered,1000 An,1999,28600.0,E
"Meat, Total",Production,t,1999,254290.44,E
"Milk, Total",Yield/Carcass Weight,kg/An,1999,470.0,E
"Milk, Total",Production,t,1999,683682.78,E
"Milk, Total",Milk Animals,An,1999,1455000.0,E
"Oilcrops, Cake Equivalent",Area harvested,ha,1999,827700.0,E
"Oilcrops, Cake Equivalent",Yield,kg/ha,1999,298.7,E
"Oilcrops, Cake Equivalent",Production,t,1999,247235.8,E
"Oilcrops, Oil Equivalent",Area harvested,ha,1999,830530.0,E
"Oilcrops, Oil Equivalent",Yield,kg/ha,1999,169.8,E
"Oilcrops, Oil Equivalent",Production,t,1999,141048.88,E
Poultry Birds,Stocks,1000 An,1999,22622.0,A
"Pulses, Total",Area harvested,ha,1999,841200.0,A
"Pulses, Total",Yield,kg/ha,1999,667.1,A
"Pulses, Total",Production,t,1999,561200.0,A
"Roots and Tubers, Total",Area harvested,ha,1999,978000.0,A
"Roots and Tubers, Total",Yield,kg/ha,1999,7850.7,A
"Roots and Tubers, Total",Production,t,1999,7678000.0,A
Sheep and Goat Meat,Yield/Carcass Weight,kg/An,1999,12.0,E
Sheep and Goat Meat,Production,t,1999,28210.44,E
Sheep and Goat Meat,Producing Animals/Slaughtered,An,1999,2297889.0,E
Sheep and Goats,Stocks,An,1999,7224000.0,A
Sugar Crops Primary,Area harvested,ha,1999,20000.0,E
Sugar Crops Primary,Yield,kg/ha,1999,71007.5,E
Sugar Crops Primary,Production,t,1999,1420150.0,X
Vegetables Primary,Area harvested,ha,1999,87421.0,E
Vegetables Primary,Yield,kg/ha,1999,6028.3,E
Vegetables Primary,Production,t,1999,527000.0,E
Asses,Stocks,An,2000,17900.0,E
"Beans, dry",Area harvested,ha,2000,699000.0,A
"Beans, dry",Yield,kg/ha,2000,600.9,A
"Beans, dry",Production,t,2000,420000.0,A
"Beer of barley, malted",Production,t,2000,108000.0,E
Bees,Stocks,No,2000,75000.0,E
Beeswax,Production,t,2000,1200.0,E
Butter of cow milk,Production,t,2000,38.0,I
"Cassava, fresh",Area harvested,ha,2000,401000.0,A
"Cassava, fresh",Yield,kg/ha,2000,12384.0,A
"Cassava, fresh",Production,t,2000,4966000.0,A
Castor oil seeds,Area harvested,ha,2000,2854.0,I
Castor oil seeds,Yield,kg/ha,2000,332.0,E
Castor oil seeds,Production,t,2000,947.35,I
Cattle,Stocks,An,2000,5965500.0,A
"Cattle fat, unrendered",Production,t,2000,2015.63,I
"Cattle fat, unrendered",Producing Animals/Slaughtered,An,2000,645000.0,E
"Chick peas, dry",Area harvested,ha,2000,6300.0,E
"Chick peas, dry",Yield,kg/ha,2000,523.8,E
"Chick peas, dry",Production,t,2000,3300.0,E
Chickens,Stocks,1000 An,2000,26974.0,A
"Chillies and peppers, dry (Capsicum spp., Pimenta spp.), raw",Area harvested,ha,2000,4200.0,E
"Chillies and peppers, dry (Capsicum spp., Pimenta spp.), raw",Yield,kg/ha,2000,904.8,E
"Chillies and peppers, dry (Capsicum spp., Pimenta spp.), raw",Production,t,2000,3800.0,E
Cocoa beans,Area harvested,ha,2000,13717.0,A
Cocoa beans,Yield,kg/ha,2000,288.0,A
Cocoa beans,Production,t,2000,3950.0,A
"Coffee, green",Area harvested,ha,2000,300991.0,A
"Coffee, green",Yield,kg/ha,2000,476.7,A
"Coffee, green",Production,t,2000,143475.0,A
"Cotton lint, ginned",Production,t,2000,21290.0,A
Cotton seed,Production,t,2000,50000.0,X
Cottonseed oil,Production,t,2000,5410.76,I
"Cow peas, dry",Area harvested,ha,2000,64000.0,A
"Cow peas, dry",Yield,kg/ha,2000,937.5,A
"Cow peas, dry",Production,t,2000,60000.0,A
"Edible offal of cattle, fresh, chilled or frozen",Production,t,2000,16326.56,I
"Edible offal of cattle, fresh, chilled or frozen",Producing Animals/Slaughtered,An,2000,645000.0,E
"Edible offal of goat, fresh, chilled or frozen",Production,t,2000,7530.61,I
"Edible offal of goat, fresh, chilled or frozen",Producing Animals/Slaughtered,An,2000,2050000.0,E
"Edible offal of pigs, fresh, chilled or frozen",Production,t,2000,6482.25,I
"Edible offal of pigs, fresh, chilled or frozen",Producing Animals/Slaughtered,An,2000,1290000.0,E
"Edible offal of sheep, fresh, chilled or frozen",Production,t,2000,1015.56,I
"Edible offal of sheep, fresh, chilled or frozen",Producing Animals/Slaughtered,An,2000,323132.0,I
Fat of pigs,Production,t,2000,6482.25,I
Fat of pigs,Producing Animals/Slaughtered,An,2000,1290000.0,E
"Ginger, raw",Area harvested,ha,2000,50.0,I
"Ginger, raw",Yield,kg/ha,2000,2672.7,E
"Ginger, raw",Production,t,2000,134.62,I
"Goat fat, unrendered",Production,t,2000,853.47,I
"Goat fat, unrendered",Producing Animals/Slaughtered,An,2000,2050000.0,E
Goats,Stocks,An,2000,6396000.0,A
Groundnut oil,Production,t,2000,4950.42,I
"Groundnuts, excluding shelled",Area harvested,ha,2000,199000.0,A
"Groundnuts, excluding shelled",Yield,kg/ha,2000,698.5,A
"Groundnuts, excluding shelled",Production,t,2000,139000.0,A
"Hen eggs in shell, fresh",Yield,No/An,2000,101.0,E
"Hen eggs in shell, fresh",Yield/Carcass Weight,g/An,2000,4744.0,E
"Hen eggs in shell, fresh",Production,t,2000,20400.0,E
"Hen eggs in shell, fresh",Production,1000 No,2000,434000.0,E
"Hen eggs in shell, fresh",Laying,1000 An,2000,4300.0,E
Maize (corn),Area harvested,ha,2000,629000.0,A
Maize (corn),Yield,kg/ha,2000,1742.4,A
Maize (corn),Production,t,2000,1096000.0,A
"Meat of cattle with the bone, fresh or chilled",Yield/Carcass Weight,kg/An,2000,150.0,E
"Meat of cattle with the bone, fresh or chilled",Production,t,2000,96750.0,E
"Meat of cattle with the bone, fresh or chilled",Producing Animals/Slaughtered,An,2000,645000.0,E
"Meat of chickens, fresh or chilled",Yield/Carcass Weight,g/An,2000,1300.0,E
"Meat of chickens, fresh or chilled",Production,t,2000,44090.0,E
"Meat of chickens, fresh or chilled",Producing Animals/Slaughtered,1000 An,2000,33915.0,E
"Meat of goat, fresh or chilled",Yield/Carcass Weight,kg/An,2000,12.0,E
"Meat of goat, fresh or chilled",Production,t,2000,24600.0,E
"Meat of goat, fresh or chilled",Producing Animals/Slaughtered,An,2000,2050000.0,E
"Meat of pig with the bone, fresh or chilled",Yield/Carcass Weight,kg/An,2000,60.0,E
"Meat of pig with the bone, fresh or chilled",Production,t,2000,77400.0,E
"Meat of pig with the bone, fresh or chilled",Producing Animals/Slaughtered,An,2000,1290000.0,E
"Meat of sheep, fresh or chilled",Yield/Carcass Weight,kg/An,2000,14.0,E
"Meat of sheep, fresh or chilled",Production,t,2000,4523.84,I
"Meat of sheep, fresh or chilled",Producing Animals/Slaughtered,An,2000,323132.0,I
Millet,Area harvested,ha,2000,384000.0,A
Millet,Yield,kg/ha,2000,1390.6,A
Millet,Production,t,2000,534000.0,A
Molasses,Production,t,2000,55000.0,X
Natural honey,Production,t,2000,300.0,E
Oil of sesame seed,Production,t,2000,19400.0,X
"Onions and shallots, dry (excluding dehydrated)",Area harvested,ha,2000,34340.0,A
"Onions and shallots, dry (excluding dehydrated)",Yield,kg/ha,2000,3997.8,A
"Onions and shallots, dry (excluding dehydrated)",Production,t,2000,137286.0,A
"Other fruits, n.e.c.",Area harvested,ha,2000,7400.0,E
"Other fruits, n.e.c.",Yield,kg/ha,2000,6891.9,E
"Other fruits, n.e.c.",Production,t,2000,51000.0,E
"Other meat of mammals, fresh or chilled",Production,t,2000,18000.0,E
"Other oil seeds, n.e.c.",Area harvested,ha,2000,41000.0,E
"Other oil seeds, n.e.c.",Yield,kg/ha,2000,682.9,E
"Other oil seeds, n.e.c.",Production,t,2000,28000.0,E
"Other vegetables, fresh n.e.c.",Area harvested,ha,2000,54000.0,E
"Other vegetables, fresh n.e.c.",Yield,kg/ha,2000,7314.8,E
"Other vegetables, fresh n.e.c.",Production,t,2000,395000.0,E
"Peas, dry",Area harvested,ha,2000,29000.0,A
"Peas, dry",Yield,kg/ha,2000,689.7,A
"Peas, dry",Production,t,2000,20000.0,A
"Pepper (Piper spp.), raw",Area harvested,ha,2000,2900.0,E
"Pepper (Piper spp.), raw",Yield,kg/ha,2000,724.1,E
"Pepper (Piper spp.), raw",Production,t,2000,2100.0,E
"Pigeon peas, dry",Area harvested,ha,2000,78000.0,A
"Pigeon peas, dry",Yield,kg/ha,2000,1000.0,A
"Pigeon peas, dry",Production,t,2000,78000.0,A
Pineapples,Area harvested,ha,2000,194.0,E
Pineapples,Yield,kg/ha,2000,8505.2,E
Pineapples,Production,t,2000,1650.0,E
Plantains and cooking bananas,Area harvested,ha,2000,1598000.0,A
Plantains and cooking bananas,Yield,kg/ha,2000,5899.9,A
Plantains and cooking bananas,Production,t,2000,9428000.0,A
Potatoes,Area harvested,ha,2000,68000.0,A
Potatoes,Yield,kg/ha,2000,7029.4,A
Potatoes,Production,t,2000,478000.0,A
Raw cane or beet sugar (centrifugal only),Production,t,2000,136950.0,X
Raw hides and skins of cattle,Yield/Carcass Weight,kg/An,2000,21.0,E
Raw hides and skins of cattle,Production,t,2000,13706.25,I
Raw hides and skins of cattle,Producing Animals/Slaughtered,An,2000,645000.0,E
Raw hides and skins of goats or kids,Yield/Carcass Weight,kg/An,2000,2.0,E
Raw hides and skins of goats or kids,Production,t,2000,5020.41,I
Raw hides and skins of goats or kids,Producing Animals/Slaughtered,An,2000,2050000.0,E
Raw hides and skins of sheep or lambs,Yield/Carcass Weight,kg/An,2000,2.0,E
Raw hides and skins of sheep or lambs,Production,t,2000,793.98,I
Raw hides and skins of sheep or lambs,Producing Animals/Slaughtered,An,2000,323132.0,I
Raw milk of cattle,Yield/Carcass Weight,kg/An,2000,470.0,E
Raw milk of cattle,Production,t,2000,685956.02,I
Raw milk of cattle,Milk Animals,An,2000,1460000.0,E
Rice,Area harvested,ha,2000,72000.0,A
Rice,Yield,kg/ha,2000,1513.9,A
Rice,Production,t,2000,109000.0,A
"Seed cotton, unginned",Area harvested,ha,2000,250000.0,X
"Seed cotton, unginned",Yield,kg/ha,2000,304.0,E
"Seed cotton, unginned",Production,t,2000,76000.0,E
Sesame seed,Area harvested,ha,2000,194000.0,A
Sesame seed,Yield,kg/ha,2000,500.0,A
Sesame seed,Production,t,2000,97000.0,A
Sheep,Stocks,An,2000,1081000.0,A
"Sheep fat, unrendered",Production,t,2000,101.56,I
"Sheep fat, unrendered",Producing Animals/Slaughtered,An,2000,323132.0,I
"Sisal, raw",Area harvested,ha,2000,0.0,E
"Sisal, raw",Production,t,2000,0.0,E
Skim milk of cows,Production,t,2000,722.0,I
Sorghum,Area harvested,ha,2000,280000.0,A
Sorghum,Yield,kg/ha,2000,1289.3,A
Sorghum,Production,t,2000,361000.0,A
Soya bean oil,Production,t,2000,13300.0,X
Soya beans,Area harvested,ha,2000,106000.0,A
Soya beans,Yield,kg/ha,2000,1207.5,A
Soya beans,Production,t,2000,128000.0,A
Sugar cane,Area harvested,ha,2000,20000.0,E
Sugar cane,Yield,kg/ha,2000,73810.8,E
Sugar cane,Production,t,2000,1476215.0,X
Sunflower seed,Area harvested,ha,2000,79000.0,X
Sunflower seed,Yield,kg/ha,2000,1000.0,E
Sunflower seed,Production,t,2000,79000.0,A
"Sunflower-seed oil, crude",Production,t,2000,29200.0,E
Sweet potatoes,Area harvested,ha,2000,555000.0,A
Sweet potatoes,Yield,kg/ha,2000,4320.7,A
Sweet potatoes,Production,t,2000,2398000.0,A
Swine / pigs,Stocks,An,2000,1573000.0,A
Tea leaves,Area harvested,ha,2000,15701.0,A
Tea leaves,Yield,kg/ha,2000,8088.7,E
Tea leaves,Production,t,2000,127000.0,E
Tomatoes,Area harvested,ha,2000,2100.0,E
Tomatoes,Yield,kg/ha,2000,6666.7,E
Tomatoes,Production,t,2000,14000.0,E
Unmanufactured tobacco,Area harvested,ha,2000,14092.0,I
Unmanufactured tobacco,Yield,kg/ha,2000,1620.6,E
Unmanufactured tobacco,Production,t,2000,22837.0,A
"Vanilla, raw",Area harvested,ha,2000,93.0,I
"Vanilla, raw",Yield,kg/ha,2000,481.0,E
"Vanilla, raw",Production,t,2000,44.54,I
Wheat,Area harvested,ha,2000,7000.0,A
Wheat,Yield,kg/ha,2000,1714.3,A
Wheat,Production,t,2000,12000.0,A
"Whole milk, condensed",Production,t,2000,6.0,I
"Beef and Buffalo Meat, primary",Yield/Carcass Weight,kg/An,2000,150.0,E
"Beef and Buffalo Meat, primary",Production,t,2000,96750.0,E
"Beef and Buffalo Meat, primary",Producing Animals/Slaughtered,An,2000,645000.0,E
Butter and Ghee,Production,t,2000,38.0,E
Cattle and Buffaloes,Stocks,An,2000,5965500.0,A
"Cereals, primary",Area harvested,ha,2000,1372000.0,A
"Cereals, primary",Yield,kg/ha,2000,1539.4,A
"Cereals, primary",Production,t,2000,2112000.0,A
Eggs Primary,Yield/Carcass Weight,g/An,2000,4744.0,E
Eggs Primary,Production,t,2000,20400.0,E
Eggs Primary,Laying,1000 An,2000,4300.0,E
Evaporated & Condensed Milk,Production,t,2000,6.0,E
"Fibre Crops, Fibre Equivalent",Area harvested,ha,2000,250000.0,E
"Fibre Crops, Fibre Equivalent",Yield,kg/ha,2000,106.4,E
"Fibre Crops, Fibre Equivalent",Production,t,2000,26600.0,E
Fruit Primary,Area harvested,ha,2000,1605594.0,A
Fruit Primary,Yield,kg/ha,2000,5904.8,A
Fruit Primary,Production,t,2000,9480650.0,A
"Meat, Poultry",Yield/Carcass Weight,g/An,2000,1300.0,E
"Meat, Poultry",Production,t,2000,44090.0,E
"Meat, Poultry",Producing Animals/Slaughtered,1000 An,2000,33915.0,E
"Meat, Total",Production,t,2000,265363.84,E
"Milk, Total",Yield/Carcass Weight,kg/An,2000,470.0,E
"Milk, Total",Production,t,2000,685956.02,E
"Milk, Total",Milk Animals,An,2000,1460000.0,E
"Oilcrops, Cake Equivalent",Area harvested,ha,2000,869000.0,E
"Oilcrops, Cake Equivalent",Yield,kg/ha,2000,324.2,E
"Oilcrops, Cake Equivalent",Production,t,2000,281758.8,E
"Oilcrops, Oil Equivalent",Area harvested,ha,2000,871854.0,E
"Oilcrops, Oil Equivalent",Yield,kg/ha,2000,178.1,E
"Oilcrops, Oil Equivalent",Production,t,2000,155279.74,E
Poultry Birds,Stocks,1000 An,2000,26974.0,A
"Pulses, Total",Area harvested,ha,2000,876300.0,A
"Pulses, Total",Yield,kg/ha,2000,663.4,A
"Pulses, Total",Production,t,2000,581300.0,A
"Roots and Tubers, Total",Area harvested,ha,2000,1024000.0,A
"Roots and Tubers, Total",Yield,kg/ha,2000,7658.2,A
"Roots and Tubers, Total",Production,t,2000,7842000.0,A
Sheep and Goat Meat,Yield/Carcass Weight,kg/An,2000,12.0,E
Sheep and Goat Meat,Production,t,2000,29123.84,E
Sheep and Goat Meat,Producing Animals/Slaughtered,An,2000,2373132.0,E
Sheep and Goats,Stocks,An,2000,7477000.0,A
Sugar Crops Primary,Area harvested,ha,2000,20000.0,E
Sugar Crops Primary,Yield,kg/ha,2000,73810.8,E
Sugar Crops Primary,Production,t,2000,1476215.0,X
Vegetables Primary,Area harvested,ha,2000,90440.0,E
Vegetables Primary,Yield,kg/ha,2000,6040.3,E
Vegetables Primary,Production,t,2000,546286.0,E
Asses,Stocks,An,2001,17900.0,E
"Beans, dry",Area harvested,ha,2001,731000.0,A
"Beans, dry",Yield,kg/ha,2001,699.0,A
"Beans, dry",Production,t,2001,511000.0,A
"Beer of barley, malted",Production,t,2001,125000.0,X
Bees,Stocks,No,2001,75000.0,E
Beeswax,Production,t,2001,1200.0,E
Butter of cow milk,Production,t,2001,38.0,I
"Cassava, fresh",Area harvested,ha,2001,390000.0,A
"Cassava, fresh",Yield,kg/ha,2001,13500.0,A
"Cassava, fresh",Production,t,2001,5265000.0,A
Castor oil seeds,Area harvested,ha,2001,2881.0,I
Castor oil seeds,Yield,kg/ha,2001,331.7,E
Castor oil seeds,Production,t,2001,955.61,I
Cattle,Stocks,An,2001,6144000.0,A
"Cattle fat, unrendered",Production,t,2001,2112.5,I
"Cattle fat, unrendered",Producing Animals/Slaughtered,An,2001,676000.0,E
"Chick peas, dry",Area harvested,ha,2001,6627.0,I
"Chick peas, dry",Yield,kg/ha,2001,528.4,E
"Chick peas, dry",Production,t,2001,3501.59,I
Chickens,Stocks,1000 An,2001,29671.0,A
"Chillies and peppers, dry (Capsicum spp., Pimenta spp.), raw",Area harvested,ha,2001,3989.0,I
"Chillies and peppers, dry (Capsicum spp., Pimenta spp.), raw",Yield,kg/ha,2001,914.7,E
"Chillies and peppers, dry (Capsicum spp., Pimenta spp.), raw",Production,t,2001,3648.45,I
Cocoa beans,Area harvested,ha,2001,14200.0,A
Cocoa beans,Yield,kg/ha,2001,278.2,A
Cocoa beans,Production,t,2001,3950.0,A
"Coffee, green",Area harvested,ha,2001,264000.0,A
"Coffee, green",Yield,kg/ha,2001,747.8,A
"Coffee, green",Production,t,2001,197410.0,A
"Cotton lint, ginned",Production,t,2001,12767.0,A
Cotton seed,Production,t,2001,40000.0,X
Cottonseed oil,Production,t,2001,6600.0,X
"Cow peas, dry",Area harvested,ha,2001,65000.0,A
"Cow peas, dry",Yield,kg/ha,2001,907.7,A
"Cow peas, dry",Production,t,2001,59000.0,A
"Edible offal of cattle, fresh, chilled or frozen",Production,t,2001,17111.25,I
"Edible offal of cattle, fresh, chilled or frozen",Producing Animals/Slaughtered,An,2001,676000.0,E
"Edible offal of goat, fresh, chilled or frozen",Production,t,2001,7787.76,I
"Edible offal of goat, fresh, chilled or frozen",Producing Animals/Slaughtered,An,2001,2120000.0,E
"Edible offal of pigs, fresh, chilled or frozen",Production,t,2001,6773.7,I
"Edible offal of pigs, fresh, chilled or frozen",Producing Animals/Slaughtered,An,2001,1348000.0,E
"Edible offal of sheep, fresh, chilled or frozen",Production,t,2001,1087.7,I
"Edible offal of sheep, fresh, chilled or frozen",Producing Animals/Slaughtered,An,2001,346085.0,I
Fat of pigs,Production,t,2001,6773.7,I
Fat of pigs,Producing Animals/Slaughtered,An,2001,1348000.0,E
"Ginger, raw",Area harvested,ha,2001,51.0,I
"Ginger, raw",Yield,kg/ha,2001,2688.6,E
"Ginger, raw",Production,t,2001,136.35,I
"Goat fat, unrendered",Production,t,2001,882.61,I
"Goat fat, unrendered",Producing Animals/Slaughtered,An,2001,2120000.0,E
Goats,Stocks,An,2001,6620000.0,A
Groundnut oil,Production,t,2001,1900.0,X
"Groundnuts, excluding shelled",Area harvested,ha,2001,208000.0,A
"Groundnuts, excluding shelled",Yield,kg/ha,2001,701.9,A
"Groundnuts, excluding shelled",Production,t,2001,146000.0,A
"Hen eggs in shell, fresh",Yield,No/An,2001,71.0,E
"Hen eggs in shell, fresh",Yield/Carcass Weight,g/An,2001,3538.0,E
"Hen eggs in shell, fresh",Production,t,2001,15390.82,I
"Hen eggs in shell, fresh",Production,1000 No,2001,307000.0,E
"Hen eggs in shell, fresh",Laying,1000 An,2001,4350.0,E
Maize (corn),Area harvested,ha,2001,652000.0,A
Maize (corn),Yield,kg/ha,2001,1800.6,A
Maize (corn),Production,t,2001,1174000.0,A
"Meat of cattle with the bone, fresh or chilled",Yield/Carcass Weight,kg/An,2001,150.0,E
"Meat of cattle with the bone, fresh or chilled",Production,t,2001,101400.0,E
"Meat of cattle with the bone, fresh or chilled",Producing Animals/Slaughtered,An,2001,676000.0,E
"Meat of chickens, fresh or chilled",Yield/Carcass Weight,g/An,2001,1300.0,E
"Meat of chickens, fresh or chilled",Production,t,2001,48822.0,E
"Meat of chickens, fresh or chilled",Producing Animals/Slaughtered,1000 An,2001,37555.0,E
"Meat of goat, fresh or chilled",Yield/Carcass Weight,kg/An,2001,12.0,E
"Meat of goat, fresh or chilled",Production,t,2001,25440.0,E
"Meat of goat, fresh or chilled",Producing Animals/Slaughtered,An,2001,2120000.0,E
"Meat of pig with the bone, fresh or chilled",Yield/Carcass Weight,kg/An,2001,60.0,E
"Meat of pig with the bone, fresh or chilled",Production,t,2001,80880.0,E
"Meat of pig with the bone, fresh or chilled",Producing Animals/Slaughtered,An,2001,1348000.0,E
"Meat of sheep, fresh or chilled",Yield/Carcass Weight,kg/An,2001,14.0,E
"Meat of sheep, fresh or chilled",Production,t,2001,4845.19,I
"Meat of sheep, fresh or chilled",Producing Animals/Slaughtered,An,2001,346085.0,I
Millet,Area harvested,ha,2001,389000.0,A
Millet,Yield,kg/ha,2001,1501.3,A
Millet,Production,t,2001,584000.0,A
Molasses,Production,t,2001,53000.0,X
Oil of sesame seed,Production,t,2001,21000.0,X
"Onions and shallots, dry (excluding dehydrated)",Area harvested,ha,2001,36768.0,A
"Onions and shallots, dry (excluding dehydrated)",Yield,kg/ha,2001,3999.9,A
"Onions and shallots, dry (excluding dehydrated)",Production,t,2001,147070.0,A
"Other fruits, n.e.c.",Area harvested,ha,2001,7637.0,I
"Other fruits, n.e.c.",Yield,kg/ha,2001,6743.9,E
"Other fruits, n.e.c.",Production,t,2001,51500.0,E
"Other meat of mammals, fresh or chilled",Production,t,2001,19616.18,I
"Other oil seeds, n.e.c.",Area harvested,ha,2001,41062.0,I
"Other oil seeds, n.e.c.",Yield,kg/ha,2001,717.7,E
"Other oil seeds, n.e.c.",Production,t,2001,29470.83,I
"Other vegetables, fresh n.e.c.",Area harvested,ha,2001,57723.0,I
"Other vegetables, fresh n.e.c.",Yield,kg/ha,2001,7026.8,E
"Other vegetables, fresh n.e.c.",Production,t,2001,405608.56,I
"Peas, dry",Area harvested,ha,2001,26000.0,A
"Peas, dry",Yield,kg/ha,2001,576.9,A
"Peas, dry",Production,t,2001,15000.0,A
"Pepper (Piper spp.), raw",Area harvested,ha,2001,2611.0,I
"Pepper (Piper spp.), raw",Yield,kg/ha,2001,775.6,E
"Pepper (Piper spp.), raw",Production,t,2001,2025.19,I
"Pigeon peas, dry",Area harvested,ha,2001,80000.0,A
"Pigeon peas, dry",Yield,kg/ha,2001,1000.0,A
"Pigeon peas, dry",Production,t,2001,80000.0,A
Pineapples,Area harvested,ha,2001,187.0,I
Pineapples,Yield,kg/ha,2001,8351.5,E
Pineapples,Production,t,2001,1563.08,I
Plantains and cooking bananas,Area harvested,ha,2001,1622000.0,A
Plantains and cooking bananas,Yield,kg/ha,2001,6000.0,A
Plantains and cooking bananas,Production,t,2001,9732000.0,A
Potatoes,Area harvested,ha,2001,73000.0,A
Potatoes,Yield,kg/ha,2001,6958.9,A
Potatoes,Production,t,2001,508000.0,A
Raw cane or beet sugar (centrifugal only),Production,t,2001,133980.0,X
Raw hides and skins of cattle,Yield/Carcass Weight,kg/An,2001,21.0,E
Raw hides and skins of cattle,Production,t,2001,14365.0,I
Raw hides and skins of cattle,Producing Animals/Slaughtered,An,2001,676000.0,E
Raw hides and skins of goats or kids,Yield/Carcass Weight,kg/An,2001,2.0,E
Raw hides and skins of goats or kids,Production,t,2001,5191.84,I
Raw hides and skins of goats or kids,Producing Animals/Slaughtered,An,2001,2120000.0,E
Raw hides and skins of sheep or lambs,Yield/Carcass Weight,kg/An,2001,2.0,E
Raw hides and skins of sheep or lambs,Production,t,2001,850.38,I
Raw hides and skins of sheep or lambs,Producing Animals/Slaughtered,An,2001,346085.0,I
Raw milk of cattle,Yield/Carcass Weight,kg/An,2001,469.0,E
Raw milk of cattle,Production,t,2001,703462.79,I
Raw milk of cattle,Milk Animals,An,2001,1500000.0,E
Rice,Area harvested,ha,2001,76000.0,A
Rice,Yield,kg/ha,2001,1500.0,A
Rice,Production,t,2001,114000.0,A
"Seed cotton, unginned",Area harvested,ha,2001,250000.0,X
"Seed cotton, unginned",Yield,kg/ha,2001,240.0,E
"Seed cotton, unginned",Production,t,2001,60000.0,E
Sesame seed,Area harvested,ha,2001,203000.0,A
Sesame seed,Yield,kg/ha,2001,502.5,A
Sesame seed,Production,t,2001,102000.0,A
Sheep,Stocks,An,2001,1180000.0,A
"Sheep fat, unrendered",Production,t,2001,108.77,I
"Sheep fat, unrendered",Producing Animals/Slaughtered,An,2001,346085.0,I
"Sisal, raw",Area harvested,ha,2001,0.0,E
"Sisal, raw",Production,t,2001,0.0,E
Skim milk of cows,Production,t,2001,722.0,I
Sorghum,Area harvested,ha,2001,282000.0,A
Sorghum,Yield,kg/ha,2001,1500.0,A
Sorghum,Production,t,2001,423000.0,A
Soya bean oil,Production,t,2001,16400.0,X
Soya beans,Area harvested,ha,2001,127000.0,A
Soya beans,Yield,kg/ha,2001,1133.9,A
Soya beans,Production,t,2001,144000.0,A
Sugar cane,Area harvested,ha,2001,19705.0,X
Sugar cane,Yield,kg/ha,2001,78284.6,X
Sugar cane,Production,t,2001,1542599.0,X
Sunflower seed,Area harvested,ha,2001,78000.0,X
Sunflower seed,Yield,kg/ha,2001,1269.2,E
Sunflower seed,Production,t,2001,99000.0,A
"Sunflower-seed oil, crude",Production,t,2001,28900.0,X
Sweet potatoes,Area harvested,ha,2001,572000.0,A
Sweet potatoes,Yield,kg/ha,2001,4396.9,A
Sweet potatoes,Production,t,2001,2515000.0,A
Swine / pigs,Stocks,An,2001,1644000.0,A
Tea leaves,Area harvested,ha,2001,15761.0,A
Tea leaves,Yield,kg/ha,2001,9073.0,E
Tea leaves,Production,t,2001,143000.0,E
Tomatoes,Area harvested,ha,2001,2410.0,I
Tomatoes,Yield,kg/ha,2001,6571.1,E
Tomatoes,Production,t,2001,15833.72,I
Unmanufactured tobacco,Area harvested,ha,2001,12804.0,I
Unmanufactured tobacco,Yield,kg/ha,2001,1763.0,E
Unmanufactured tobacco,Production,t,2001,22572.0,A
"Vanilla, raw",Area harvested,ha,2001,100.0,E
"Vanilla, raw",Yield,kg/ha,2001,500.0,E
"Vanilla, raw",Production,t,2001,50.0,E
Wheat,Area harvested,ha,2001,8000.0,A
Wheat,Yield,kg/ha,2001,1750.0,A
Wheat,Production,t,2001,14000.0,A
"Whole milk, condensed",Production,t,2001,6.0,I
"Beef and Buffalo Meat, primary",Yield/Carcass Weight,kg/An,2001,150.0,E
"Beef and Buffalo Meat, primary",Production,t,2001,101400.0,E
"Beef and Buffalo Meat, primary",Producing Animals/Slaughtered,An,2001,676000.0,E
Butter and Ghee,Production,t,2001,38.0,E
Cattle and Buffaloes,Stocks,An,2001,6144000.0,A
"Cereals, primary",Area harvested,ha,2001,1407000.0,A
"Cereals, primary",Yield,kg/ha,2001,1641.1,A
"Cereals, primary",Production,t,2001,2309000.0,A
Eggs Primary,Yield/Carcass Weight,g/An,2001,3538.0,E
Eggs Primary,Production,t,2001,15390.82,E
Eggs Primary,Laying,1000 An,2001,4350.0,E
Evaporated & Condensed Milk,Production,t,2001,6.0,E
"Fibre Crops, Fibre Equivalent",Area harvested,ha,2001,250000.0,E
"Fibre Crops, Fibre Equivalent",Yield,kg/ha,2001,84.0,E
"Fibre Crops, Fibre Equivalent",Production,t,2001,21000.0,E
Fruit Primary,Area harvested,ha,2001,1629824.0,A
Fruit Primary,Yield,kg/ha,2001,6003.8,A
Fruit Primary,Production,t,2001,9785063.08,A
"Meat, Poultry",Yield/Carcass Weight,g/An,2001,1300.0,E
"Meat, Poultry",Production,t,2001,48822.0,E
"Meat, Poultry",Producing Animals/Slaughtered,1000 An,2001,37555.0,E
"Meat, Total",Production,t,2001,281003.37,E
"Milk, Total",Yield/Carcass Weight,kg/An,2001,469.0,E
"Milk, Total",Production,t,2001,703462.79,E
"Milk, Total",Milk Animals,An,2001,1500000.0,E
"Oilcrops, Cake Equivalent",Area harvested,ha,2001,907062.0,E
"Oilcrops, Cake Equivalent",Yield,kg/ha,2001,336.0,E
"Oilcrops, Cake Equivalent",Production,t,2001,304750.5,E
"Oilcrops, Oil Equivalent",Area harvested,ha,2001,909943.0,E
"Oilcrops, Oil Equivalent",Yield,kg/ha,2001,186.2,E
"Oilcrops, Oil Equivalent",Production,t,2001,169441.49,E
Poultry Birds,Stocks,1000 An,2001,29671.0,A
"Pulses, Total",Area harvested,ha,2001,908627.0,A
"Pulses, Total",Yield,kg/ha,2001,735.7,A
"Pulses, Total",Production,t,2001,668501.59,A
"Roots and Tubers, Total",Area harvested,ha,2001,1035000.0,A
"Roots and Tubers, Total",Yield,kg/ha,2001,8007.7,A
"Roots and Tubers, Total",Production,t,2001,8288000.0,A
Sheep and Goat Meat,Yield/Carcass Weight,kg/An,2001,12.0,E
Sheep and Goat Meat,Production,t,2001,30285.19,E
Sheep and Goat Meat,Producing Animals/Slaughtered,An,2001,2466085.0,E
Sheep and Goats,Stocks,An,2001,7800000.0,A
Sugar Crops Primary,Area harvested,ha,2001,19705.0,X
Sugar Crops Primary,Yield,kg/ha,2001,78284.6,X
Sugar Crops Primary,Production,t,2001,1542599.0,X
Vegetables Primary,Area harvested,ha,2001,96900.0,E
Vegetables Primary,Yield,kg/ha,2001,5867.0,E
Vegetables Primary,Production,t,2001,568512.28,E
Asses,Stocks,An,2002,17900.0,E
"Beans, dry",Area harvested,ha,2002,765000.0,A
"Beans, dry",Yield,kg/ha,2002,699.3,A
"Beans, dry",Production,t,2002,535000.0,A
"Beer of barley, malted",Production,t,2002,113700.0,X
Bees,Stocks,No,2002,75000.0,E
Beeswax,Production,t,2002,1200.0,E
Butter of cow milk,Production,t,2002,38.0,I
"Cassava, fresh",Area harvested,ha,2002,398000.0,A
"Cassava, fresh",Yield,kg/ha,2002,13500.0,A
"Cassava, fresh",Production,t,2002,5373000.0,A
Castor oil seeds,Area harvested,ha,2002,2898.0,I
Castor oil seeds,Yield,kg/ha,2002,331.5,E
Castor oil seeds,Production,t,2002,960.8,I
Cattle,Stocks,An,2002,6328000.0,A
"Cattle fat, unrendered",Production,t,2002,2395.83,I
"Cattle fat, unrendered",Producing Animals/Slaughtered,An,2002,767000.0,E
"Chick peas, dry",Area harvested,ha,2002,6820.0,I
"Chick peas, dry",Yield,kg/ha,2002,531.7,E
"Chick peas, dry",Production,t,2002,3625.93,I
Chickens,Stocks,1000 An,2002,32638.0,A
"Chillies and peppers, dry (Capsicum spp., Pimenta spp.), raw",Area harvested,ha,2002,3999.0,I
"Chillies and peppers, dry (Capsicum spp., Pimenta spp.), raw",Yield,kg/ha,2002,919.2,E
"Chillies and peppers, dry (Capsicum spp., Pimenta spp.), raw",Production,t,2002,3675.97,I
Cocoa beans,Area harvested,ha,2002,14200.0,E
Cocoa beans,Yield,kg/ha,2002,246.5,E
Cocoa beans,Production,t,2002,3500.0,X
"Coffee, green",Area harvested,ha,2002,217504.0,A
"Coffee, green",Yield,kg/ha,2002,963.4,A
"Coffee, green",Production,t,2002,209547.0,A
"Cotton lint, ginned",Production,t,2002,22200.0,A
Cotton seed,Production,t,2002,38000.0,X
Cottonseed oil,Production,t,2002,5500.0,X
"Cow peas, dry",Area harvested,ha,2002,66000.0,A
"Cow peas, dry",Yield,kg/ha,2002,900.0,A
"Cow peas, dry",Production,t,2002,59400.0,A
"Edible offal of cattle, fresh, chilled or frozen",Production,t,2002,19406.25,I
"Edible offal of cattle, fresh, chilled or frozen",Producing Animals/Slaughtered,An,2002,767000.0,E
"Edible offal of goat, fresh, chilled or frozen",Production,t,2002,7758.37,I
"Edible offal of goat, fresh, chilled or frozen",Producing Animals/Slaughtered,An,2002,2112000.0,E
"Edible offal of pigs, fresh, chilled or frozen",Production,t,2002,7035.0,I
"Edible offal of pigs, fresh, chilled or frozen",Producing Animals/Slaughtered,An,2002,1400000.0,E
"Edible offal of sheep, fresh, chilled or frozen",Production,t,2002,1031.21,I
"Edible offal of sheep, fresh, chilled or frozen",Producing Animals/Slaughtered,An,2002,328111.0,I
Fat of pigs,Production,t,2002,7035.0,I
Fat of pigs,Producing Animals/Slaughtered,An,2002,1400000.0,E
"Ginger, raw",Area harvested,ha,2002,51.0,I
"Ginger, raw",Yield,kg/ha,2002,2704.7,E
"Ginger, raw",Production,t,2002,137.08,I
"Goat fat, unrendered",Production,t,2002,879.28,I
"Goat fat, unrendered",Producing Animals/Slaughtered,An,2002,2112000.0,E
Goats,Stocks,An,2002,6851800.0,A
Groundnut oil,Production,t,2002,1900.0,X
"Groundnuts, excluding shelled",Area harvested,ha,2002,211000.0,A
"Groundnuts, excluding shelled",Yield,kg/ha,2002,701.4,A
"Groundnuts, excluding shelled",Production,t,2002,148000.0,A
"Hen eggs in shell, fresh",Yield,No/An,2002,71.0,E
"Hen eggs in shell, fresh",Yield/Carcass Weight,g/An,2002,3541.0,E
"Hen eggs in shell, fresh",Production,t,2002,15404.97,I
"Hen eggs in shell, fresh",Production,1000 No,2002,308000.0,E
"Hen eggs in shell, fresh",Laying,1000 An,2002,4350.0,E
Maize (corn),Area harvested,ha,2002,676000.0,A
Maize (corn),Yield,kg/ha,2002,1800.3,A
Maize (corn),Production,t,2002,1217000.0,A
"Meat of cattle with the bone, fresh or chilled",Yield/Carcass Weight,kg/An,2002,150.0,E
"Meat of cattle with the bone, fresh or chilled",Production,t,2002,115000.0,E
"Meat of cattle with the bone, fresh or chilled",Producing Animals/Slaughtered,An,2002,767000.0,E
"Meat of chickens, fresh or chilled",Yield/Carcass Weight,g/An,2002,1300.0,E
"Meat of chickens, fresh or chilled",Production,t,2002,53625.0,E
"Meat of chickens, fresh or chilled",Producing Animals/Slaughtered,1000 An,2002,41250.0,E
"Meat of goat, fresh or chilled",Yield/Carcass Weight,kg/An,2002,12.0,E
"Meat of goat, fresh or chilled",Production,t,2002,25344.0,E
"Meat of goat, fresh or chilled",Producing Animals/Slaughtered,An,2002,2112000.0,E
"Meat of pig with the bone, fresh or chilled",Yield/Carcass Weight,kg/An,2002,60.0,E
"Meat of pig with the bone, fresh or chilled",Production,t,2002,84000.0,E
"Meat of pig with the bone, fresh or chilled",Producing Animals/Slaughtered,An,2002,1400000.0,E
"Meat of sheep, fresh or chilled",Yield/Carcass Weight,kg/An,2002,14.0,E
"Meat of sheep, fresh or chilled",Production,t,2002,4593.56,I
"Meat of sheep, fresh or chilled",Producing Animals/Slaughtered,An,2002,328111.0,I
Millet,Area harvested,ha,2002,396000.0,A
Millet,Yield,kg/ha,2002,1489.9,A
Millet,Production,t,2002,590000.0,A
Molasses,Production,t,2002,65000.0,X
Oil of sesame seed,Production,t,2002,21900.0,X
"Onions and shallots, dry (excluding dehydrated)",Area harvested,ha,2002,37000.0,E
"Onions and shallots, dry (excluding dehydrated)",Yield,kg/ha,2002,3973.0,E
"Onions and shallots, dry (excluding dehydrated)",Production,t,2002,147000.0,E
"Other fruits, n.e.c.",Area harvested,ha,2002,7789.0,I
"Other fruits, n.e.c.",Yield,kg/ha,2002,6740.6,E
"Other fruits, n.e.c.",Production,t,2002,52500.0,E
"Other meat of mammals, fresh or chilled",Production,t,2002,20167.09,I
"Other oil seeds, n.e.c.",Area harvested,ha,2002,41847.0,I
"Other oil seeds, n.e.c.",Yield,kg/ha,2002,730.4,E
"Other oil seeds, n.e.c.",Production,t,2002,30563.37,I
"Other vegetables, fresh n.e.c.",Area harvested,ha,2002,61230.0,I
"Other vegetables, fresh n.e.c.",Yield,kg/ha,2002,6868.4,E
"Other vegetables, fresh n.e.c.",Production,t,2002,420554.38,I
"Peas, dry",Area harvested,ha,2002,27000.0,A
"Peas, dry",Yield,kg/ha,2002,592.6,A
"Peas, dry",Production,t,2002,16000.0,A
"Pepper (Piper spp.), raw",Area harvested,ha,2002,2599.0,I
"Pepper (Piper spp.), raw",Yield,kg/ha,2002,794.5,E
"Pepper (Piper spp.), raw",Production,t,2002,2065.18,I
"Pigeon peas, dry",Area harvested,ha,2002,82000.0,A
"Pigeon peas, dry",Yield,kg/ha,2002,1000.0,A
"Pigeon peas, dry",Production,t,2002,82000.0,A
Pineapples,Area harvested,ha,2002,192.0,I
Pineapples,Yield,kg/ha,2002,8343.4,E
Pineapples,Production,t,2002,1597.9,I
Plantains and cooking bananas,Area harvested,ha,2002,1648000.0,A
Plantains and cooking bananas,Yield,kg/ha,2002,6000.0,A
Plantains and cooking bananas,Production,t,2002,9888000.0,A
Potatoes,Area harvested,ha,2002,78000.0,A
Potatoes,Yield,kg/ha,2002,7000.0,A
Potatoes,Production,t,2002,546000.0,A
Raw cane or beet sugar (centrifugal only),Production,t,2002,165963.0,X
Raw hides and skins of cattle,Yield/Carcass Weight,kg/An,2002,21.0,E
Raw hides and skins of cattle,Production,t,2002,16291.67,I
Raw hides and skins of cattle,Producing Animals/Slaughtered,An,2002,767000.0,E
Raw hides and skins of goats or kids,Yield/Carcass Weight,kg/An,2002,2.0,E
Raw hides and skins of goats or kids,Production,t,2002,5172.24,I
Raw hides and skins of goats or kids,Producing Animals/Slaughtered,An,2002,2112000.0,E
Raw hides and skins of sheep or lambs,Yield/Carcass Weight,kg/An,2002,2.0,E
Raw hides and skins of sheep or lambs,Production,t,2002,806.22,I
Raw hides and skins of sheep or lambs,Producing Animals/Slaughtered,An,2002,328111.0,I
Raw milk of cattle,Yield/Carcass Weight,kg/An,2002,459.0,E
Raw milk of cattle,Production,t,2002,918658.03,I
Raw milk of cattle,Milk Animals,An,2002,2000000.0,E
Rice,Area harvested,ha,2002,80000.0,A
Rice,Yield,kg/ha,2002,1500.0,A
Rice,Production,t,2002,120000.0,A
"Seed cotton, unginned",Area harvested,ha,2002,180000.0,X
"Seed cotton, unginned",Yield,kg/ha,2002,361.1,E
"Seed cotton, unginned",Production,t,2002,65000.0,E
Sesame seed,Area harvested,ha,2002,211000.0,A
Sesame seed,Yield,kg/ha,2002,502.4,A
Sesame seed,Production,t,2002,106000.0,A
Sheep,Stocks,An,2002,1140800.0,A
"Sheep fat, unrendered",Production,t,2002,103.12,I
"Sheep fat, unrendered",Producing Animals/Slaughtered,An,2002,328111.0,I
"Sisal, raw",Area harvested,ha,2002,0.0,E
"Sisal, raw",Production,t,2002,0.0,E
Skim milk of cows,Production,t,2002,722.0,I
Sorghum,Area harvested,ha,2002,285000.0,A
Sorghum,Yield,kg/ha,2002,1498.2,A
Sorghum,Production,t,2002,427000.0,A
Soya bean oil,Production,t,2002,20200.0,X
Soya beans,Area harvested,ha,2002,151000.0,A
Soya beans,Yield,kg/ha,2002,1099.3,A
Soya beans,Production,t,2002,166000.0,A
Sugar cane,Area harvested,ha,2002,26500.0,E
Sugar cane,Yield,kg/ha,2002,69811.3,E
Sugar cane,Production,t,2002,1850000.0,E
Sunflower seed,Area harvested,ha,2002,124000.0,X
Sunflower seed,Yield,kg/ha,2002,1000.0,E
Sunflower seed,Production,t,2002,124000.0,A
"Sunflower-seed oil, crude",Production,t,2002,39100.0,X
Sweet potatoes,Area harvested,ha,2002,589000.0,A
Sweet potatoes,Yield,kg/ha,2002,4400.7,A
Sweet potatoes,Production,t,2002,2592000.0,A
Swine / pigs,Stocks,An,2002,1709800.0,A
Tea leaves,Area harvested,ha,2002,22000.0,A
Tea leaves,Yield,kg/ha,2002,7818.2,E
Tea leaves,Production,t,2002,172000.0,E
Tomatoes,Area harvested,ha,2002,2615.0,I
Tomatoes,Yield,kg/ha,2002,6569.9,E
Tomatoes,Production,t,2002,17182.13,I
Unmanufactured tobacco,Area harvested,ha,2002,18000.0,E
Unmanufactured tobacco,Yield,kg/ha,2002,2017.2,E
Unmanufactured tobacco,Production,t,2002,36310.0,A
"Vanilla, raw",Area harvested,ha,2002,140.0,E
"Vanilla, raw",Yield,kg/ha,2002,500.0,E
"Vanilla, raw",Production,t,2002,70.0,E
Wheat,Area harvested,ha,2002,8000.0,A
Wheat,Yield,kg/ha,2002,1750.0,A
Wheat,Production,t,2002,14000.0,A
"Whole milk, condensed",Production,t,2002,6.0,I
"Beef and Buffalo Meat, primary",Yield/Carcass Weight,kg/An,2002,150.0,E
"Beef and Buffalo Meat, primary",Production,t,2002,115000.0,E
"Beef and Buffalo Meat, primary",Producing Animals/Slaughtered,An,2002,767000.0,E
Butter and Ghee,Production,t,2002,38.0,E
Cattle and Buffaloes,Stocks,An,2002,6328000.0,A
"Cereals, primary",Area harvested,ha,2002,1445000.0,A
"Cereals, primary",Yield,kg/ha,2002,1638.8,A
"Cereals, primary",Production,t,2002,2368000.0,A
Eggs Primary,Yield/Carcass Weight,g/An,2002,3541.0,E
Eggs Primary,Production,t,2002,15404.97,E
Eggs Primary,Laying,1000 An,2002,4350.0,E
Evaporated & Condensed Milk,Production,t,2002,6.0,E
"Fibre Crops, Fibre Equivalent",Area harvested,ha,2002,180000.0,E
"Fibre Crops, Fibre Equivalent",Yield,kg/ha,2002,126.4,E
"Fibre Crops, Fibre Equivalent",Production,t,2002,22750.0,E
Fruit Primary,Area harvested,ha,2002,1655980.0,A
Fruit Primary,Yield,kg/ha,2002,6003.8,A
Fruit Primary,Production,t,2002,9942097.9,A
"Meat, Poultry",Yield/Carcass Weight,g/An,2002,1300.0,E
"Meat, Poultry",Production,t,2002,53625.0,E
"Meat, Poultry",Producing Animals/Slaughtered,1000 An,2002,41250.0,E
"Meat, Total",Production,t,2002,302729.64,E
"Milk, Total",Yield/Carcass Weight,kg/An,2002,459.0,E
"Milk, Total",Production,t,2002,918658.03,E
"Milk, Total",Milk Animals,An,2002,2000000.0,E
"Oilcrops, Cake Equivalent",Area harvested,ha,2002,918847.0,E
"Oilcrops, Cake Equivalent",Yield,kg/ha,2002,368.9,E
"Oilcrops, Cake Equivalent",Production,t,2002,338942.52,E
"Oilcrops, Oil Equivalent",Area harvested,ha,2002,921745.0,E
"Oilcrops, Oil Equivalent",Yield,kg/ha,2002,202.7,E
"Oilcrops, Oil Equivalent",Production,t,2002,186805.33,E
Poultry Birds,Stocks,1000 An,2002,32638.0,A
"Pulses, Total",Area harvested,ha,2002,946820.0,A
"Pulses, Total",Yield,kg/ha,2002,735.1,A
"Pulses, Total",Production,t,2002,696025.93,A
"Roots and Tubers, Total",Area harvested,ha,2002,1065000.0,A
"Roots and Tubers, Total",Yield,kg/ha,2002,7991.5,A
"Roots and Tubers, Total",Production,t,2002,8511000.0,A
Sheep and Goat Meat,Yield/Carcass Weight,kg/An,2002,12.0,E
Sheep and Goat Meat,Production,t,2002,29937.56,E
Sheep and Goat Meat,Producing Animals/Slaughtered,An,2002,2440111.0,E
Sheep and Goats,Stocks,An,2002,7992600.0,A
Sugar Crops Primary,Area harvested,ha,2002,26500.0,E
Sugar Crops Primary,Yield,kg/ha,2002,69811.3,E
Sugar Crops Primary,Production,t,2002,1850000.0,E
Vegetables Primary,Area harvested,ha,2002,100845.0,E
Vegetables Primary,Yield,kg/ha,2002,5798.3,E
Vegetables Primary,Production,t,2002,584736.52,E
Asses,Stocks,An,2003,17900.0,E
"Beans, dry",Area harvested,ha,2003,780000.0,A
"Beans, dry",Yield,kg/ha,2003,673.1,A
"Beans, dry",Production,t,2003,525000.0,A
"Beer of barley, malted",Production,t,2003,109800.0,X
Bees,Stocks,No,2003,75000.0,E
Beeswax,Production,t,2003,1200.0,E
Butter of cow milk,Production,t,2003,38.0,I
"Cassava, fresh",Area harvested,ha,2003,405000.0,A
"Cassava, fresh",Yield,kg/ha,2003,13456.8,A
"Cassava, fresh",Production,t,2003,5450000.0,A
Castor oil seeds,Area harvested,ha,2003,3000.0,X
Castor oil seeds,Yield,kg/ha,2003,333.3,X
Castor oil seeds,Production,t,2003,1000.0,X
Cattle,Stocks,An,2003,6519000.0,A
"Cattle fat, unrendered",Production,t,2003,2604.17,I
"Cattle fat, unrendered",Producing Animals/Slaughtered,An,2003,835000.0,E
"Chick peas, dry",Area harvested,ha,2003,7025.0,I
"Chick peas, dry",Yield,kg/ha,2003,534.5,E
"Chick peas, dry",Production,t,2003,3755.05,I
Chickens,Stocks,1000 An,2003,35903.0,A
"Chillies and peppers, dry (Capsicum spp., Pimenta spp.), raw",Area harvested,ha,2003,3986.0,I
"Chillies and peppers, dry (Capsicum spp., Pimenta spp.), raw",Yield,kg/ha,2003,923.8,E
"Chillies and peppers, dry (Capsicum spp., Pimenta spp.), raw",Production,t,2003,3682.41,I
Cocoa beans,Area harvested,ha,2003,14200.0,E
Cocoa beans,Yield,kg/ha,2003,267.6,E
Cocoa beans,Production,t,2003,3800.0,X
"Coffee, green",Area harvested,ha,2003,264000.0,E
"Coffee, green",Yield,kg/ha,2003,571.5,E
"Coffee, green",Production,t,2003,150871.0,A
"Cotton lint, ginned",Production,t,2003,20000.0,X
Cotton seed,Production,t,2003,54000.0,X
Cottonseed oil,Production,t,2003,5700.0,X
"Cow peas, dry",Area harvested,ha,2003,67000.0,A
"Cow peas, dry",Yield,kg/ha,2003,1000.0,A
"Cow peas, dry",Production,t,2003,67000.0,A
"Edible offal of cattle, fresh, chilled or frozen",Production,t,2003,21093.75,I
"Edible offal of cattle, fresh, chilled or frozen",Producing Animals/Slaughtered,An,2003,835000.0,E
"Edible offal of goat, fresh, chilled or frozen",Production,t,2003,8816.33,I
"Edible offal of goat, fresh, chilled or frozen",Producing Animals/Slaughtered,An,2003,2400000.0,E
"Edible offal of pigs, fresh, chilled or frozen",Production,t,2003,7286.25,I
"Edible offal of pigs, fresh, chilled or frozen",Producing Animals/Slaughtered,An,2003,1450000.0,E
"Edible offal of sheep, fresh, chilled or frozen",Production,t,2003,1040.98,I
"Edible offal of sheep, fresh, chilled or frozen",Producing Animals/Slaughtered,An,2003,331222.0,I
Fat of pigs,Production,t,2003,7286.25,I
Fat of pigs,Producing Animals/Slaughtered,An,2003,1450000.0,E
"Ginger, raw",Area harvested,ha,2003,51.0,I
"Ginger, raw",Yield,kg/ha,2003,2704.3,E
"Ginger, raw",Production,t,2003,137.95,I
"Goat fat, unrendered",Production,t,2003,999.18,I
"Goat fat, unrendered",Producing Animals/Slaughtered,An,2003,2400000.0,E
Goats,Stocks,An,2003,7092000.0,A
Groundnut oil,Production,t,2003,1900.0,X
"Groundnuts, excluding shelled",Area harvested,ha,2003,216000.0,A
"Groundnuts, excluding shelled",Yield,kg/ha,2003,1018.5,A
"Groundnuts, excluding shelled",Production,t,2003,220000.0,A
"Hen eggs in shell, fresh",Yield,No/An,2003,71.0,E
"Hen eggs in shell, fresh",Yield/Carcass Weight,g/An,2003,3542.0,E
"Hen eggs in shell, fresh",Production,t,2003,15584.14,I
"Hen eggs in shell, fresh",Production,1000 No,2003,312000.0,E
"Hen eggs in shell, fresh",Laying,1000 An,2003,4400.0,E
Maize (corn),Area harvested,ha,2003,710000.0,A
Maize (corn),Yield,kg/ha,2003,1831.0,A
Maize (corn),Production,t,2003,1300000.0,A
"Meat of cattle with the bone, fresh or chilled",Yield/Carcass Weight,kg/An,2003,150.0,E
"Meat of cattle with the bone, fresh or chilled",Production,t,2003,125000.0,E
"Meat of cattle with the bone, fresh or chilled",Producing Animals/Slaughtered,An,2003,835000.0,E
"Meat of chickens, fresh or chilled",Yield/Carcass Weight,g/An,2003,1300.0,E
"Meat of chickens, fresh or chilled",Production,t,2003,58500.0,E
"Meat of chickens, fresh or chilled",Producing Animals/Slaughtered,1000 An,2003,45000.0,E
"Meat of goat, fresh or chilled",Yield/Carcass Weight,kg/An,2003,12.0,E
"Meat of goat, fresh or chilled",Production,t,2003,28800.0,E
"Meat of goat, fresh or chilled",Producing Animals/Slaughtered,An,2003,2400000.0,E
"Meat of pig with the bone, fresh or chilled",Yield/Carcass Weight,kg/An,2003,60.0,E
"Meat of pig with the bone, fresh or chilled",Production,t,2003,87000.0,E
"Meat of pig with the bone, fresh or chilled",Producing Animals/Slaughtered,An,2003,1450000.0,E
"Meat of sheep, fresh or chilled",Yield/Carcass Weight,kg/An,2003,14.0,E
"Meat of sheep, fresh or chilled",Production,t,2003,4637.11,I
"Meat of sheep, fresh or chilled",Producing Animals/Slaughtered,An,2003,331222.0,I
Millet,Area harvested,ha,2003,400000.0,A
Millet,Yield,kg/ha,2003,1600.0,A
Millet,Production,t,2003,640000.0,A
Molasses,Production,t,2003,65000.0,X
Oil of sesame seed,Production,t,2003,22800.0,X
"Onions and shallots, dry (excluding dehydrated)",Area harvested,ha,2003,44067.0,I
"Onions and shallots, dry (excluding dehydrated)",Yield,kg/ha,2003,3930.3,E
"Onions and shallots, dry (excluding dehydrated)",Production,t,2003,173196.68,I
"Other fruits, n.e.c.",Area harvested,ha,2003,7762.0,I
"Other fruits, n.e.c.",Yield,kg/ha,2003,6735.9,E
"Other fruits, n.e.c.",Production,t,2003,52284.65,I
"Other meat of mammals, fresh or chilled",Production,t,2003,20745.07,I
"Other oil seeds, n.e.c.",Area harvested,ha,2003,42582.0,I
"Other oil seeds, n.e.c.",Yield,kg/ha,2003,743.2,E
"Other oil seeds, n.e.c.",Production,t,2003,31649.13,I
"Other vegetables, fresh n.e.c.",Area harvested,ha,2003,70152.0,I
"Other vegetables, fresh n.e.c.",Yield,kg/ha,2003,6682.3,E
"Other vegetables, fresh n.e.c.",Production,t,2003,468774.71,I
"Peas, dry",Area harvested,ha,2003,27000.0,A
"Peas, dry",Yield,kg/ha,2003,518.5,A
"Peas, dry",Production,t,2003,14000.0,A
"Pepper (Piper spp.), raw",Area harvested,ha,2003,2582.0,I
"Pepper (Piper spp.), raw",Yield,kg/ha,2003,814.8,E
"Pepper (Piper spp.), raw",Production,t,2003,2103.65,I
"Pigeon peas, dry",Area harvested,ha,2003,84000.0,A
"Pigeon peas, dry",Yield,kg/ha,2003,1000.0,A
"Pigeon peas, dry",Production,t,2003,84000.0,A
Pineapples,Area harvested,ha,2003,203.0,I
Pineapples,Yield,kg/ha,2003,8354.5,E
Pineapples,Production,t,2003,1697.36,I
Plantains and cooking bananas,Area harvested,ha,2003,1661000.0,A
Plantains and cooking bananas,Yield,kg/ha,2003,5839.9,A
Plantains and cooking bananas,Production,t,2003,9700000.0,A
Potatoes,Area harvested,ha,2003,80000.0,A
Potatoes,Yield,kg/ha,2003,6962.5,A
Potatoes,Production,t,2003,557000.0,A
Raw cane or beet sugar (centrifugal only),Production,t,2003,176674.0,X
Raw hides and skins of cattle,Yield/Carcass Weight,kg/An,2003,21.0,E
Raw hides and skins of cattle,Production,t,2003,17708.33,I
Raw hides and skins of cattle,Producing Animals/Slaughtered,An,2003,835000.0,E
Raw hides and skins of goats or kids,Yield/Carcass Weight,kg/An,2003,2.0,E
Raw hides and skins of goats or kids,Production,t,2003,5877.55,I
Raw hides and skins of goats or kids,Producing Animals/Slaughtered,An,2003,2400000.0,E
Raw hides and skins of sheep or lambs,Yield/Carcass Weight,kg/An,2003,2.0,E
Raw hides and skins of sheep or lambs,Production,t,2003,813.86,I
Raw hides and skins of sheep or lambs,Producing Animals/Slaughtered,An,2003,331222.0,I
Raw milk of cattle,Yield/Carcass Weight,kg/An,2003,450.0,E
Raw milk of cattle,Production,t,2003,1208163.32,I
Raw milk of cattle,Milk Animals,An,2003,2687000.0,E
Rice,Area harvested,ha,2003,86000.0,A
Rice,Yield,kg/ha,2003,1534.9,A
Rice,Production,t,2003,132000.0,A
"Seed cotton, unginned",Area harvested,ha,2003,220000.0,X
"Seed cotton, unginned",Yield,kg/ha,2003,354.5,E
"Seed cotton, unginned",Production,t,2003,78000.0,E
Sesame seed,Area harvested,ha,2003,240000.0,X
Sesame seed,Yield,kg/ha,2003,500.0,E
Sesame seed,Production,t,2003,120000.0,A
Sheep,Stocks,An,2003,1175000.0,A
"Sheep fat, unrendered",Production,t,2003,104.1,I
"Sheep fat, unrendered",Producing Animals/Slaughtered,An,2003,331222.0,I
"Sisal, raw",Area harvested,ha,2003,0.0,E
"Sisal, raw",Production,t,2003,0.0,E
Skim milk of cows,Production,t,2003,722.0,I
Sorghum,Area harvested,ha,2003,290000.0,A
Sorghum,Yield,kg/ha,2003,1451.7,A
Sorghum,Production,t,2003,421000.0,A
Soya bean oil,Production,t,2003,23800.0,X
Soya beans,Area harvested,ha,2003,165000.0,A
Soya beans,Yield,kg/ha,2003,1133.3,A
Soya beans,Production,t,2003,187000.0,A
Sugar cane,Area harvested,ha,2003,33000.0,E
Sugar cane,Yield,kg/ha,2003,65151.5,E
Sugar cane,Production,t,2003,2150000.0,E
Sunflower seed,Area harvested,ha,2003,145000.0,X
Sunflower seed,Yield,kg/ha,2003,1103.4,E
Sunflower seed,Production,t,2003,160000.0,A
"Sunflower-seed oil, crude",Production,t,2003,50100.0,X
Sweet potatoes,Area harvested,ha,2003,595000.0,A
Sweet potatoes,Yield,kg/ha,2003,4386.6,A
Sweet potatoes,Production,t,2003,2610000.0,A
Swine / pigs,Stocks,An,2003,1778000.0,A
Tea leaves,Area harvested,ha,2003,20000.0,E
Tea leaves,Yield,kg/ha,2003,8000.0,E
Tea leaves,Production,t,2003,160000.0,E
Tomatoes,Area harvested,ha,2003,2876.0,I
Tomatoes,Yield,kg/ha,2003,6562.5,E
Tomatoes,Production,t,2003,18876.27,I
Unmanufactured tobacco,Area harvested,ha,2003,17257.0,I
Unmanufactured tobacco,Yield,kg/ha,2003,1984.7,E
Unmanufactured tobacco,Production,t,2003,34250.0,A
"Vanilla, raw",Area harvested,ha,2003,200.0,E
"Vanilla, raw",Yield,kg/ha,2003,500.0,E
"Vanilla, raw",Production,t,2003,100.0,E
Wheat,Area harvested,ha,2003,9000.0,A
Wheat,Yield,kg/ha,2003,1666.7,A
Wheat,Production,t,2003,15000.0,A
"Whole milk, condensed",Production,t,2003,6.0,I
"Beef and Buffalo Meat, primary",Yield/Carcass Weight,kg/An,2003,150.0,E
"Beef and Buffalo Meat, primary",Production,t,2003,125000.0,E
"Beef and Buffalo Meat, primary",Producing Animals/Slaughtered,An,2003,835000.0,E
Butter and Ghee,Production,t,2003,38.0,E
Cattle and Buffaloes,Stocks,An,2003,6519000.0,A
"Cereals, primary",Area harvested,ha,2003,1495000.0,A
"Cereals, primary",Yield,kg/ha,2003,1677.6,A
"Cereals, primary",Production,t,2003,2508000.0,A
Eggs Primary,Yield/Carcass Weight,g/An,2003,3542.0,E
Eggs Primary,Production,t,2003,15584.14,E
Eggs Primary,Laying,1000 An,2003,4400.0,E
Evaporated & Condensed Milk,Production,t,2003,6.0,E
"Fibre Crops, Fibre Equivalent",Area harvested,ha,2003,220000.0,E
"Fibre Crops, Fibre Equivalent",Yield,kg/ha,2003,124.1,E
"Fibre Crops, Fibre Equivalent",Production,t,2003,27300.0,E
Fruit Primary,Area harvested,ha,2003,1668965.0,A
Fruit Primary,Yield,kg/ha,2003,5844.3,A
Fruit Primary,Production,t,2003,9753982.02,A
"Meat, Poultry",Yield/Carcass Weight,g/An,2003,1300.0,E
"Meat, Poultry",Production,t,2003,58500.0,E
"Meat, Poultry",Producing Animals/Slaughtered,1000 An,2003,45000.0,E
"Meat, Total",Production,t,2003,324682.18,E
"Milk, Total",Yield/Carcass Weight,kg/An,2003,450.0,E
"Milk, Total",Production,t,2003,1208163.32,E
"Milk, Total",Milk Animals,An,2003,2687000.0,E
"Oilcrops, Cake Equivalent",Area harvested,ha,2003,1028582.0,E
"Oilcrops, Cake Equivalent",Yield,kg/ha,2003,400.3,E
"Oilcrops, Cake Equivalent",Production,t,2003,411780.88,E
"Oilcrops, Oil Equivalent",Area harvested,ha,2003,1031582.0,E
"Oilcrops, Oil Equivalent",Yield,kg/ha,2003,227.4,E
"Oilcrops, Oil Equivalent",Production,t,2003,234617.14,E
Poultry Birds,Stocks,1000 An,2003,35903.0,A
"Pulses, Total",Area harvested,ha,2003,965025.0,A
"Pulses, Total",Yield,kg/ha,2003,718.9,A
"Pulses, Total",Production,t,2003,693755.05,A
"Roots and Tubers, Total",Area harvested,ha,2003,1080000.0,A
"Roots and Tubers, Total",Yield,kg/ha,2003,7978.7,A
"Roots and Tubers, Total",Production,t,2003,8617000.0,A
Sheep and Goat Meat,Yield/Carcass Weight,kg/An,2003,12.0,E
Sheep and Goat Meat,Production,t,2003,33437.11,E
Sheep and Goat Meat,Producing Animals/Slaughtered,An,2003,2731222.0,E
Sheep and Goats,Stocks,An,2003,8267000.0,A
Sugar Crops Primary,Area harvested,ha,2003,33000.0,E
Sugar Crops Primary,Yield,kg/ha,2003,65151.5,E
Sugar Crops Primary,Production,t,2003,2150000.0,E
Vegetables Primary,Area harvested,ha,2003,117095.0,E
Vegetables Primary,Yield,kg/ha,2003,5643.7,E
Vegetables Primary,Production,t,2003,660847.66,E
Asses,Stocks,An,2004,18000.0,E
"Beans, dry",Area harvested,ha,2004,812000.0,A
"Beans, dry",Yield,kg/ha,2004,560.3,A
"Beans, dry",Production,t,2004,455000.0,A
"Beer of barley, malted",Production,t,2004,120000.0,X
Bees,Stocks,No,2004,75000.0,E
Beeswax,Production,t,2004,1200.0,E
Butter of cow milk,Production,t,2004,38.0,I
"Cassava, fresh",Area harvested,ha,2004,407000.0,A
"Cassava, fresh",Yield,kg/ha,2004,13513.5,A
"Cassava, fresh",Production,t,2004,5500000.0,A
Castor oil seeds,Area harvested,ha,2004,3000.0,X
Castor oil seeds,Yield,kg/ha,2004,333.3,X
Castor oil seeds,Production,t,2004,1000.0,X
Cattle,Stocks,An,2004,6567000.0,A
"Cattle fat, unrendered",Production,t,2004,2812.5,I
"Cattle fat, unrendered",Producing Animals/Slaughtered,An,2004,900000.0,E
"Chick peas, dry",Area harvested,ha,2004,7440.0,I
"Chick peas, dry",Yield,kg/ha,2004,537.6,E
"Chick peas, dry",Production,t,2004,4000.0,E
Chickens,Stocks,1000 An,2004,31622.0,A
"Chillies and peppers, dry (Capsicum spp., Pimenta spp.), raw",Area harvested,ha,2004,3979.0,I
"Chillies and peppers, dry (Capsicum spp., Pimenta spp.), raw",Yield,kg/ha,2004,928.8,E
"Chillies and peppers, dry (Capsicum spp., Pimenta spp.), raw",Production,t,2004,3695.95,I
Cocoa beans,Area harvested,ha,2004,14200.0,E
Cocoa beans,Yield,kg/ha,2004,316.9,E
Cocoa beans,Production,t,2004,4500.0,X
"Coffee, green",Area harvested,ha,2004,264000.0,E
"Coffee, green",Yield,kg/ha,2004,644.2,E
"Coffee, green",Production,t,2004,170081.0,A
"Cotton lint, ginned",Production,t,2004,25000.0,E
Cotton seed,Production,t,2004,48000.0,X
Cottonseed oil,Production,t,2004,7700.0,X
"Cow peas, dry",Area harvested,ha,2004,70000.0,A
"Cow peas, dry",Yield,kg/ha,2004,985.7,A
"Cow peas, dry",Production,t,2004,69000.0,A
"Edible offal of cattle, fresh, chilled or frozen",Production,t,2004,22781.25,I
"Edible offal of cattle, fresh, chilled or frozen",Producing Animals/Slaughtered,An,2004,900000.0,E
"Edible offal of goat, fresh, chilled or frozen",Production,t,2004,8816.33,I
"Edible offal of goat, fresh, chilled or frozen",Producing Animals/Slaughtered,An,2004,2400000.0,E
"Edible offal of pigs, fresh, chilled or frozen",Production,t,2004,7989.75,I
"Edible offal of pigs, fresh, chilled or frozen",Producing Animals/Slaughtered,An,2004,1590000.0,E
"Edible offal of sheep, fresh, chilled or frozen",Production,t,2004,1346.85,I
"Edible offal of sheep, fresh, chilled or frozen",Producing Animals/Slaughtered,An,2004,428543.0,I
Fat of pigs,Production,t,2004,7989.75,I
Fat of pigs,Producing Animals/Slaughtered,An,2004,1590000.0,E
"Ginger, raw",Area harvested,ha,2004,50.0,I
"Ginger, raw",Yield,kg/ha,2004,2798.0,E
"Ginger, raw",Production,t,2004,139.86,I
"Goat fat, unrendered",Production,t,2004,999.18,I
"Goat fat, unrendered",Producing Animals/Slaughtered,An,2004,2400000.0,E
Goats,Stocks,An,2004,7566000.0,A
Groundnut oil,Production,t,2004,1700.0,X
"Groundnuts, excluding shelled",Area harvested,ha,2004,221000.0,A
"Groundnuts, excluding shelled",Yield,kg/ha,2004,1000.0,A
"Groundnuts, excluding shelled",Production,t,2004,221000.0,A
"Hen eggs in shell, fresh",Yield,No/An,2004,67.0,E
"Hen eggs in shell, fresh",Yield/Carcass Weight,g/An,2004,3540.0,E
"Hen eggs in shell, fresh",Production,t,2004,15928.4,I
"Hen eggs in shell, fresh",Production,1000 No,2004,300000.0,E
"Hen eggs in shell, fresh",Laying,1000 An,2004,4500.0,E
Maize (corn),Area harvested,ha,2004,750000.0,A
Maize (corn),Yield,kg/ha,2004,1440.0,A
Maize (corn),Production,t,2004,1080000.0,A
"Meat of cattle with the bone, fresh or chilled",Yield/Carcass Weight,kg/An,2004,150.0,E
"Meat of cattle with the bone, fresh or chilled",Production,t,2004,135000.0,E
"Meat of cattle with the bone, fresh or chilled",Producing Animals/Slaughtered,An,2004,900000.0,E
"Meat of chickens, fresh or chilled",Yield/Carcass Weight,g/An,2004,1300.0,E
"Meat of chickens, fresh or chilled",Production,t,2004,51350.0,E
"Meat of chickens, fresh or chilled",Producing Animals/Slaughtered,1000 An,2004,39500.0,E
"Meat of goat, fresh or chilled",Yield/Carcass Weight,kg/An,2004,12.0,E
"Meat of goat, fresh or chilled",Production,t,2004,28800.0,E
"Meat of goat, fresh or chilled",Producing Animals/Slaughtered,An,2004,2400000.0,E
"Meat of pig with the bone, fresh or chilled",Yield/Carcass Weight,kg/An,2004,60.0,E
"Meat of pig with the bone, fresh or chilled",Production,t,2004,95400.0,E
"Meat of pig with the bone, fresh or chilled",Producing Animals/Slaughtered,An,2004,1590000.0,E
"Meat of sheep, fresh or chilled",Yield/Carcass Weight,kg/An,2004,14.0,E
"Meat of sheep, fresh or chilled",Production,t,2004,5999.6,I
"Meat of sheep, fresh or chilled",Producing Animals/Slaughtered,An,2004,428543.0,I
Millet,Area harvested,ha,2004,412000.0,A
Millet,Yield,kg/ha,2004,1599.5,A
Millet,Production,t,2004,659000.0,A
Molasses,Production,t,2004,74000.0,X
Oil of sesame seed,Production,t,2004,24200.0,X
"Onions and shallots, dry (excluding dehydrated)",Area harvested,ha,2004,48027.0,I
"Onions and shallots, dry (excluding dehydrated)",Yield,kg/ha,2004,3900.2,E
"Onions and shallots, dry (excluding dehydrated)",Production,t,2004,187315.01,I
"Other fruits, n.e.c.",Area harvested,ha,2004,7786.0,I
"Other fruits, n.e.c.",Yield,kg/ha,2004,6729.7,E
"Other fruits, n.e.c.",Production,t,2004,52394.66,I
"Other meat of mammals, fresh or chilled",Production,t,2004,21347.21,I
"Other oil seeds, n.e.c.",Area harvested,ha,2004,43246.0,I
"Other oil seeds, n.e.c.",Yield,kg/ha,2004,756.9,E
"Other oil seeds, n.e.c.",Production,t,2004,32734.4,I
"Other vegetables, fresh n.e.c.",Area harvested,ha,2004,77309.0,I
"Other vegetables, fresh n.e.c.",Yield,kg/ha,2004,6480.0,E
"Other vegetables, fresh n.e.c.",Production,t,2004,500964.04,I
"Peas, dry",Area harvested,ha,2004,25000.0,A
"Peas, dry",Yield,kg/ha,2004,600.0,A
"Peas, dry",Production,t,2004,15000.0,A
"Pepper (Piper spp.), raw",Area harvested,ha,2004,2559.0,I
"Pepper (Piper spp.), raw",Yield,kg/ha,2004,837.0,E
"Pepper (Piper spp.), raw",Production,t,2004,2142.16,I
"Pigeon peas, dry",Area harvested,ha,2004,84000.0,A
"Pigeon peas, dry",Yield,kg/ha,2004,1000.0,A
"Pigeon peas, dry",Production,t,2004,84000.0,A
Pineapples,Area harvested,ha,2004,207.0,I
Pineapples,Yield,kg/ha,2004,8322.2,E
Pineapples,Production,t,2004,1719.68,I
Plantains and cooking bananas,Area harvested,ha,2004,1670000.0,A
Plantains and cooking bananas,Yield,kg/ha,2004,5800.0,A
Plantains and cooking bananas,Production,t,2004,9686000.0,A
Potatoes,Area harvested,ha,2004,83000.0,A
Potatoes,Yield,kg/ha,2004,6903.6,A
Potatoes,Production,t,2004,573000.0,A
Raw cane or beet sugar (centrifugal only),Production,t,2004,213178.0,X
Raw hides and skins of cattle,Yield/Carcass Weight,kg/An,2004,21.0,E
Raw hides and skins of cattle,Production,t,2004,19125.0,I
Raw hides and skins of cattle,Producing Animals/Slaughtered,An,2004,900000.0,E
Raw hides and skins of goats or kids,Yield/Carcass Weight,kg/An,2004,2.0,E
Raw hides and skins of goats or kids,Production,t,2004,5877.55,I
Raw hides and skins of goats or kids,Producing Animals/Slaughtered,An,2004,2400000.0,E
Raw hides and skins of sheep or lambs,Yield/Carcass Weight,kg/An,2004,2.0,E
Raw hides and skins of sheep or lambs,Production,t,2004,1052.99,I
Raw hides and skins of sheep or lambs,Producing Animals/Slaughtered,An,2004,428543.0,I
Raw milk of cattle,Yield/Carcass Weight,kg/An,2004,448.0,E
Raw milk of cattle,Production,t,2004,1274077.19,I
Raw milk of cattle,Milk Animals,An,2004,2845000.0,E
Rice,Area harvested,ha,2004,93000.0,A
Rice,Yield,kg/ha,2004,1301.1,A
Rice,Production,t,2004,121000.0,A
"Seed cotton, unginned",Area harvested,ha,2004,180000.0,X
"Seed cotton, unginned",Yield,kg/ha,2004,433.3,E
"Seed cotton, unginned",Production,t,2004,78000.0,E
Sesame seed,Area harvested,ha,2004,255000.0,A
Sesame seed,Yield,kg/ha,2004,490.2,A
Sesame seed,Production,t,2004,125000.0,A
Sheep,Stocks,An,2004,1552000.0,A
"Sheep fat, unrendered",Production,t,2004,134.68,I
"Sheep fat, unrendered",Producing Animals/Slaughtered,An,2004,428543.0,I
"Sisal, raw",Area harvested,ha,2004,0.0,E
"Sisal, raw",Production,t,2004,0.0,E
Skim milk of cows,Production,t,2004,722.0,I
Sorghum,Area harvested,ha,2004,285000.0,A
Sorghum,Yield,kg/ha,2004,1400.0,A
Sorghum,Production,t,2004,399000.0,A
Soya bean oil,Production,t,2004,24600.0,X
Soya beans,Area harvested,ha,2004,144000.0,A
Soya beans,Yield,kg/ha,2004,1097.2,A
Soya beans,Production,t,2004,158000.0,A
Sugar cane,Area harvested,ha,2004,34500.0,E
Sugar cane,Yield,kg/ha,2004,68115.9,E
Sugar cane,Production,t,2004,2350000.0,E
Sunflower seed,Area harvested,ha,2004,149000.0,A
Sunflower seed,Yield,kg/ha,2004,1100.0,A
Sunflower seed,Production,t,2004,163900.0,A
"Sunflower-seed oil, crude",Production,t,2004,59500.0,X
Sweet potatoes,Area harvested,ha,2004,602000.0,A
Sweet potatoes,Yield,kg/ha,2004,4402.0,A
Sweet potatoes,Production,t,2004,2650000.0,A
Swine / pigs,Stocks,An,2004,1940000.0,A
Tea leaves,Area harvested,ha,2004,19180.0,I
Tea leaves,Yield,kg/ha,2004,8081.2,E
Tea leaves,Production,t,2004,155000.0,E
Tomatoes,Area harvested,ha,2004,3111.0,I
Tomatoes,Yield,kg/ha,2004,6545.1,E
Tomatoes,Production,t,2004,20363.59,I
Unmanufactured tobacco,Area harvested,ha,2004,17856.0,I
Unmanufactured tobacco,Yield,kg/ha,2004,1821.2,E
Unmanufactured tobacco,Production,t,2004,32520.0,A
"Vanilla, raw",Area harvested,ha,2004,340.0,E
"Vanilla, raw",Yield,kg/ha,2004,500.0,E
"Vanilla, raw",Production,t,2004,170.0,E
Wheat,Area harvested,ha,2004,9000.0,A
Wheat,Yield,kg/ha,2004,1666.7,A
Wheat,Production,t,2004,15000.0,A
"Whole milk, condensed",Production,t,2004,6.0,I
"Beef and Buffalo Meat, primary",Yield/Carcass Weight,kg/An,2004,150.0,E
"Beef and Buffalo Meat, primary",Production,t,2004,135000.0,E
"Beef and Buffalo Meat, primary",Producing Animals/Slaughtered,An,2004,900000.0,E
Butter and Ghee,Production,t,2004,38.0,E
Cattle and Buffaloes,Stocks,An,2004,6567000.0,A
"Cereals, primary",Area harvested,ha,2004,1549000.0,A
"Cereals, primary",Yield,kg/ha,2004,1468.0,A
"Cereals, primary",Production,t,2004,2274000.0,A
Eggs Primary,Yield/Carcass Weight,g/An,2004,3540.0,E
Eggs Primary,Production,t,2004,15928.4,E
Eggs Primary,Laying,1000 An,2004,4500.0,E
Evaporated & Condensed Milk,Production,t,2004,6.0,E
"Fibre Crops, Fibre Equivalent",Area harvested,ha,2004,180000.0,E
"Fibre Crops, Fibre Equivalent",Yield,kg/ha,2004,151.7,E
"Fibre Crops, Fibre Equivalent",Production,t,2004,27300.0,E
Fruit Primary,Area harvested,ha,2004,1677992.0,A
Fruit Primary,Yield,kg/ha,2004,5804.6,A
Fruit Primary,Production,t,2004,9740114.34,A
"Meat, Poultry",Yield/Carcass Weight,g/An,2004,1300.0,E
"Meat, Poultry",Production,t,2004,51350.0,E
"Meat, Poultry",Producing Animals/Slaughtered,1000 An,2004,39500.0,E
"Meat, Total",Production,t,2004,337896.81,E
"Milk, Total",Yield/Carcass Weight,kg/An,2004,448.0,E
"Milk, Total",Production,t,2004,1274077.19,E
"Milk, Total",Milk Animals,An,2004,2845000.0,E
"Oilcrops, Cake Equivalent",Area harvested,ha,2004,992246.0,E
"Oilcrops, Cake Equivalent",Yield,kg/ha,2004,397.4,E
"Oilcrops, Cake Equivalent",Production,t,2004,394285.04,E
"Oilcrops, Oil Equivalent",Area harvested,ha,2004,995246.0,E
"Oilcrops, Oil Equivalent",Yield,kg/ha,2004,234.9,E
"Oilcrops, Oil Equivalent",Production,t,2004,233771.72,E
Poultry Birds,Stocks,1000 An,2004,31622.0,A
"Pulses, Total",Area harvested,ha,2004,998440.0,A
"Pulses, Total",Yield,kg/ha,2004,628.0,A
"Pulses, Total",Production,t,2004,627000.0,A
"Roots and Tubers, Total",Area harvested,ha,2004,1092000.0,A
"Roots and Tubers, Total",Yield,kg/ha,2004,7988.1,A
"Roots and Tubers, Total",Production,t,2004,8723000.0,A
Sheep and Goat Meat,Yield/Carcass Weight,kg/An,2004,12.0,E
Sheep and Goat Meat,Production,t,2004,34799.6,E
Sheep and Goat Meat,Producing Animals/Slaughtered,An,2004,2828543.0,E
Sheep and Goats,Stocks,An,2004,9118000.0,A
Sugar Crops Primary,Area harvested,ha,2004,34500.0,E
Sugar Crops Primary,Yield,kg/ha,2004,68115.9,E
Sugar Crops Primary,Production,t,2004,2350000.0,E
Vegetables Primary,Area harvested,ha,2004,128448.0,E
Vegetables Primary,Yield,kg/ha,2004,5517.0,E
Vegetables Primary,Production,t,2004,708642.64,E
Asses,Stocks,An,2005,18200.0,E
"Beans, dry",Area harvested,ha,2005,828000.0,A
"Beans, dry",Yield,kg/ha,2005,577.3,A
"Beans, dry",Production,t,2005,478000.0,A
"Beer of barley, malted",Production,t,2005,144400.0,X
Bees,Stocks,No,2005,75000.0,E
Beeswax,Production,t,2005,1200.0,E
Butter of cow milk,Production,t,2005,38.0,I
"Cassava, fresh",Area harvested,ha,2005,387000.0,A
"Cassava, fresh",Yield,kg/ha,2005,14408.3,A
"Cassava, fresh",Production,t,2005,5576000.0,A
Castor oil seeds,Area harvested,ha,2005,3000.0,X
Castor oil seeds,Yield,kg/ha,2005,333.3,X
Castor oil seeds,Production,t,2005,1000.0,X
Cattle,Stocks,An,2005,6770000.0,A
"Cattle fat, unrendered",Production,t,2005,3062.5,I
"Cattle fat, unrendered",Producing Animals/Slaughtered,An,2005,980000.0,E
"Chick peas, dry",Area harvested,ha,2005,7521.0,I
"Chick peas, dry",Yield,kg/ha,2005,538.5,E
"Chick peas, dry",Production,t,2005,4050.0,E
Chickens,Stocks,1000 An,2005,32600.0,A
"Chillies and peppers, dry (Capsicum spp., Pimenta spp.), raw",Area harvested,ha,2005,3963.0,I
"Chillies and peppers, dry (Capsicum spp., Pimenta spp.), raw",Yield,kg/ha,2005,934.2,E
"Chillies and peppers, dry (Capsicum spp., Pimenta spp.), raw",Production,t,2005,3702.37,I
Cocoa beans,Area harvested,ha,2005,14200.0,E
Cocoa beans,Yield,kg/ha,2005,352.1,E
Cocoa beans,Production,t,2005,5000.0,X
"Coffee, green",Area harvested,ha,2005,263000.0,E
"Coffee, green",Yield,kg/ha,2005,601.1,E
"Coffee, green",Production,t,2005,158100.0,A
"Cotton lint, ginned",Production,t,2005,20000.0,E
Cotton seed,Production,t,2005,38000.0,X
Cottonseed oil,Production,t,2005,5400.0,E
"Cow peas, dry",Area harvested,ha,2005,71000.0,A
"Cow peas, dry",Yield,kg/ha,2005,985.9,A
"Cow peas, dry",Production,t,2005,70000.0,A
"Edible offal of cattle, fresh, chilled or frozen",Production,t,2005,24806.25,I
"Edible offal of cattle, fresh, chilled or frozen",Producing Animals/Slaughtered,An,2005,980000.0,E
"Edible offal of goat, fresh, chilled or frozen",Production,t,2005,8877.55,I
"Edible offal of goat, fresh, chilled or frozen",Producing Animals/Slaughtered,An,2005,2500000.0,E
"Edible offal of pigs, fresh, chilled or frozen",Production,t,2005,8241.0,I
"Edible offal of pigs, fresh, chilled or frozen",Producing Animals/Slaughtered,An,2005,1640000.0,E
"Edible offal of sheep, fresh, chilled or frozen",Production,t,2005,1331.81,I
"Edible offal of sheep, fresh, chilled or frozen",Producing Animals/Slaughtered,An,2005,423758.0,I
Fat of pigs,Production,t,2005,8241.0,I
Fat of pigs,Producing Animals/Slaughtered,An,2005,1640000.0,E
"Ginger, raw",Area harvested,ha,2005,49.0,I
"Ginger, raw",Yield,kg/ha,2005,2835.7,E
"Ginger, raw",Production,t,2005,140.07,I
"Goat fat, unrendered",Production,t,2005,1006.12,I
"Goat fat, unrendered",Producing Animals/Slaughtered,An,2005,2500000.0,E
Goats,Stocks,An,2005,7800000.0,A
Groundnut oil,Production,t,2005,3400.0,X
"Groundnuts, excluding shelled",Area harvested,ha,2005,225000.0,A
"Groundnuts, excluding shelled",Yield,kg/ha,2005,1000.0,A
"Groundnuts, excluding shelled",Production,t,2005,225000.0,A
"Hen eggs in shell, fresh",Yield,No/An,2005,94.0,E
"Hen eggs in shell, fresh",Yield/Carcass Weight,g/An,2005,5000.0,E
"Hen eggs in shell, fresh",Production,t,2005,22000.0,A
"Hen eggs in shell, fresh",Production,1000 No,2005,415000.0,E
"Hen eggs in shell, fresh",Laying,1000 An,2005,4400.0,E
Maize (corn),Area harvested,ha,2005,780000.0,A
Maize (corn),Yield,kg/ha,2005,1585.9,A
Maize (corn),Production,t,2005,1237000.0,A
"Meat of cattle with the bone, fresh or chilled",Yield/Carcass Weight,kg/An,2005,150.0,E
"Meat of cattle with the bone, fresh or chilled",Production,t,2005,147000.0,A
"Meat of cattle with the bone, fresh or chilled",Producing Animals/Slaughtered,An,2005,980000.0,E
"Meat of chickens, fresh or chilled",Yield/Carcass Weight,g/An,2005,1300.0,E
"Meat of chickens, fresh or chilled",Production,t,2005,52650.0,E
"Meat of chickens, fresh or chilled",Producing Animals/Slaughtered,1000 An,2005,40500.0,E
"Meat of goat, fresh or chilled",Yield/Carcass Weight,kg/An,2005,12.0,E
"Meat of goat, fresh or chilled",Production,t,2005,29000.0,A
"Meat of goat, fresh or chilled",Producing Animals/Slaughtered,An,2005,2500000.0,E
"Meat of pig with the bone, fresh or chilled",Yield/Carcass Weight,kg/An,2005,60.0,E
"Meat of pig with the bone, fresh or chilled",Production,t,2005,98400.0,E
"Meat of pig with the bone, fresh or chilled",Producing Animals/Slaughtered,An,2005,1640000.0,E
"Meat of sheep, fresh or chilled",Yield/Carcass Weight,kg/An,2005,14.0,E
"Meat of sheep, fresh or chilled",Production,t,2005,5932.62,I
"Meat of sheep, fresh or chilled",Producing Animals/Slaughtered,An,2005,423758.0,I
Millet,Area harvested,ha,2005,420000.0,A
Millet,Yield,kg/ha,2005,1600.0,A
Millet,Production,t,2005,672000.0,A
Molasses,Production,t,2005,82000.0,X
Oil of sesame seed,Production,t,2005,24100.0,X
"Onions and shallots, dry (excluding dehydrated)",Area harvested,ha,2005,51781.0,I
"Onions and shallots, dry (excluding dehydrated)",Yield,kg/ha,2005,3928.3,E
"Onions and shallots, dry (excluding dehydrated)",Production,t,2005,203411.29,I
"Other fruits, n.e.c.",Area harvested,ha,2005,7814.0,I
"Other fruits, n.e.c.",Yield,kg/ha,2005,6722.2,E
"Other fruits, n.e.c.",Production,t,2005,52527.96,I
"Other meat of mammals, fresh or chilled",Production,t,2005,22618.22,I
"Other oil seeds, n.e.c.",Area harvested,ha,2005,44175.0,I
"Other oil seeds, n.e.c.",Yield,kg/ha,2005,771.3,E
"Other oil seeds, n.e.c.",Production,t,2005,34073.5,I
"Other vegetables, fresh n.e.c.",Area harvested,ha,2005,85219.0,I
"Other vegetables, fresh n.e.c.",Yield,kg/ha,2005,6273.2,E
"Other vegetables, fresh n.e.c.",Production,t,2005,534596.35,I
"Peas, dry",Area harvested,ha,2005,25000.0,A
"Peas, dry",Yield,kg/ha,2005,600.0,A
"Peas, dry",Production,t,2005,15000.0,A
"Pepper (Piper spp.), raw",Area harvested,ha,2005,2531.0,I
"Pepper (Piper spp.), raw",Yield,kg/ha,2005,860.8,E
"Pepper (Piper spp.), raw",Production,t,2005,2178.77,I
"Pigeon peas, dry",Area harvested,ha,2005,85000.0,A
"Pigeon peas, dry",Yield,kg/ha,2005,1000.0,A
"Pigeon peas, dry",Production,t,2005,85000.0,A
Pineapples,Area harvested,ha,2005,203.0,I
Pineapples,Yield,kg/ha,2005,8356.3,E
Pineapples,Production,t,2005,1700.0,E
Plantains and cooking bananas,Area harvested,ha,2005,1675000.0,A
Plantains and cooking bananas,Yield,kg/ha,2005,5400.0,A
Plantains and cooking bananas,Production,t,2005,9045000.0,A
Potatoes,Area harvested,ha,2005,86000.0,A
Potatoes,Yield,kg/ha,2005,6802.3,A
Potatoes,Production,t,2005,585000.0,A
Raw cane or beet sugar (centrifugal only),Production,t,2005,210582.0,X
Raw hides and skins of cattle,Yield/Carcass Weight,kg/An,2005,21.0,E
Raw hides and skins of cattle,Production,t,2005,20825.0,I
Raw hides and skins of cattle,Producing Animals/Slaughtered,An,2005,980000.0,E
Raw hides and skins of goats or kids,Yield/Carcass Weight,kg/An,2005,2.0,E
Raw hides and skins of goats or kids,Production,t,2005,5918.37,I
Raw hides and skins of goats or kids,Producing Animals/Slaughtered,An,2005,2500000.0,E
Raw hides and skins of sheep or lambs,Yield/Carcass Weight,kg/An,2005,2.0,E
Raw hides and skins of sheep or lambs,Production,t,2005,1041.23,I
Raw hides and skins of sheep or lambs,Producing Animals/Slaughtered,An,2005,423758.0,I
Raw milk of cattle,Yield/Carcass Weight,kg/An,2005,447.0,E
Raw milk of cattle,Production,t,2005,1317804.37,I
Raw milk of cattle,Milk Animals,An,2005,2950000.0,E
Rice,Area harvested,ha,2005,102000.0,A
Rice,Yield,kg/ha,2005,1500.0,A
Rice,Production,t,2005,153000.0,A
"Seed cotton, unginned",Area harvested,ha,2005,110000.0,X
"Seed cotton, unginned",Yield,kg/ha,2005,572.7,E
"Seed cotton, unginned",Production,t,2005,63000.0,E
Sesame seed,Area harvested,ha,2005,268000.0,A
Sesame seed,Yield,kg/ha,2005,600.7,A
Sesame seed,Production,t,2005,161000.0,A
Sheep,Stocks,An,2005,1600000.0,A
"Sheep fat, unrendered",Production,t,2005,133.18,I
"Sheep fat, unrendered",Producing Animals/Slaughtered,An,2005,423758.0,I
"Sisal, raw",Area harvested,ha,2005,0.0,E
"Sisal, raw",Production,t,2005,0.0,E
Skim milk of cows,Production,t,2005,722.0,I
Sorghum,Area harvested,ha,2005,294000.0,A
Sorghum,Yield,kg/ha,2005,1527.2,A
Sorghum,Production,t,2005,449000.0,A
Soya bean oil,Production,t,2005,21700.0,X
Soya beans,Area harvested,ha,2005,144000.0,A
Soya beans,Yield,kg/ha,2005,1097.2,A
Soya beans,Production,t,2005,158000.0,A
Sugar cane,Area harvested,ha,2005,34000.0,E
Sugar cane,Yield,kg/ha,2005,69117.6,E
Sugar cane,Production,t,2005,2350000.0,E
Sunflower seed,Area harvested,ha,2005,157000.0,A
Sunflower seed,Yield,kg/ha,2005,1100.0,A
Sunflower seed,Production,t,2005,172700.0,A
"Sunflower-seed oil, crude",Production,t,2005,61100.0,X
Sweet potatoes,Area harvested,ha,2005,590000.0,A
Sweet potatoes,Yield,kg/ha,2005,4413.6,A
Sweet potatoes,Production,t,2005,2604000.0,A
Swine / pigs,Stocks,An,2005,2000000.0,A
Tea leaves,Area harvested,ha,2005,20100.0,E
Tea leaves,Yield,kg/ha,2005,8159.2,E
Tea leaves,Production,t,2005,164000.0,E
Tomatoes,Area harvested,ha,2005,3704.0,I
Tomatoes,Yield,kg/ha,2005,6146.8,E
Tomatoes,Production,t,2005,22769.81,I
Unmanufactured tobacco,Area harvested,ha,2005,18048.0,I
Unmanufactured tobacco,Yield,kg/ha,2005,1740.5,E
Unmanufactured tobacco,Production,t,2005,31413.0,A
"Vanilla, raw",Area harvested,ha,2005,400.0,E
"Vanilla, raw",Yield,kg/ha,2005,625.0,E
"Vanilla, raw",Production,t,2005,250.0,E
Wheat,Area harvested,ha,2005,9000.0,A
Wheat,Yield,kg/ha,2005,1666.7,A
Wheat,Production,t,2005,15000.0,A
"Whole milk, condensed",Production,t,2005,6.0,I
"Beef and Buffalo Meat, primary",Yield/Carcass Weight,kg/An,2005,150.0,E
"Beef and Buffalo Meat, primary",Production,t,2005,147000.0,A
"Beef and Buffalo Meat, primary",Producing Animals/Slaughtered,An,2005,980000.0,E
Butter and Ghee,Production,t,2005,38.0,E
Cattle and Buffaloes,Stocks,An,2005,6770000.0,A
"Cereals, primary",Area harvested,ha,2005,1605000.0,A
"Cereals, primary",Yield,kg/ha,2005,1573.8,A
"Cereals, primary",Production,t,2005,2526000.0,A
Eggs Primary,Yield/Carcass Weight,g/An,2005,5000.0,E
Eggs Primary,Production,t,2005,22000.0,A
Eggs Primary,Laying,1000 An,2005,4400.0,E
Evaporated & Condensed Milk,Production,t,2005,6.0,E
"Fibre Crops, Fibre Equivalent",Area harvested,ha,2005,110000.0,E
"Fibre Crops, Fibre Equivalent",Yield,kg/ha,2005,200.5,E
"Fibre Crops, Fibre Equivalent",Production,t,2005,22050.0,E
Fruit Primary,Area harvested,ha,2005,1683018.0,A
Fruit Primary,Yield,kg/ha,2005,5406.5,A
Fruit Primary,Production,t,2005,9099227.96,A
"Meat, Poultry",Yield/Carcass Weight,g/An,2005,1300.0,E
"Meat, Poultry",Production,t,2005,52650.0,E
"Meat, Poultry",Producing Animals/Slaughtered,1000 An,2005,40500.0,E
"Meat, Total",Production,t,2005,355600.84,E
"Milk, Total",Yield/Carcass Weight,kg/An,2005,447.0,E
"Milk, Total",Production,t,2005,1317804.37,E
"Milk, Total",Milk Animals,An,2005,2950000.0,E
"Oilcrops, Cake Equivalent",Area harvested,ha,2005,948175.0,E
"Oilcrops, Cake Equivalent",Yield,kg/ha,2005,436.9,E
"Oilcrops, Cake Equivalent",Production,t,2005,414285.0,E
"Oilcrops, Oil Equivalent",Area harvested,ha,2005,951175.0,E
"Oilcrops, Oil Equivalent",Yield,kg/ha,2005,265.9,E
"Oilcrops, Oil Equivalent",Production,t,2005,252949.45,E
Poultry Birds,Stocks,1000 An,2005,32600.0,A
"Pulses, Total",Area harvested,ha,2005,1016521.0,A
"Pulses, Total",Yield,kg/ha,2005,641.5,A
"Pulses, Total",Production,t,2005,652050.0,A
"Roots and Tubers, Total",Area harvested,ha,2005,1063000.0,A
"Roots and Tubers, Total",Yield,kg/ha,2005,8245.5,A
"Roots and Tubers, Total",Production,t,2005,8765000.0,A
Sheep and Goat Meat,Yield/Carcass Weight,kg/An,2005,12.0,E
Sheep and Goat Meat,Production,t,2005,34932.62,A
Sheep and Goat Meat,Producing Animals/Slaughtered,An,2005,2923758.0,E
Sheep and Goats,Stocks,An,2005,9400000.0,A
Sugar Crops Primary,Area harvested,ha,2005,34000.0,E
Sugar Crops Primary,Yield,kg/ha,2005,69117.6,E
Sugar Crops Primary,Production,t,2005,2350000.0,E
Vegetables Primary,Area harvested,ha,2005,140705.0,E
Vegetables Primary,Yield,kg/ha,2005,5406.9,E
Vegetables Primary,Production,t,2005,760777.46,E
Asses,Stocks,An,2006,18500.0,E
"Beans, dry",Area harvested,ha,2006,849000.0,A
"Beans, dry",Yield,kg/ha,2006,499.4,A
"Beans, dry",Production,t,2006,424000.0,A
"Beer of barley, malted",Production,t,2006,155100.0,X
Bees,Stocks,No,2006,75000.0,E
Beeswax,Production,t,2006,1200.0,E
Butter of cow milk,Production,t,2006,47.5,I
"Cassava, fresh",Area harvested,ha,2006,379000.0,A
"Cassava, fresh",Yield,kg/ha,2006,12997.4,A
"Cassava, fresh",Production,t,2006,4926000.0,A
Castor oil seeds,Area harvested,ha,2006,3000.0,X
Castor oil seeds,Yield,kg/ha,2006,333.3,X
Castor oil seeds,Production,t,2006,1000.0,X
Cattle,Stocks,An,2006,6973100.0,A
"Cattle fat, unrendered",Production,t,2006,3333.33,I
"Cattle fat, unrendered",Producing Animals/Slaughtered,An,2006,1065000.0,E
"Chick peas, dry",Area harvested,ha,2006,7566.0,I
"Chick peas, dry",Yield,kg/ha,2006,541.9,E
"Chick peas, dry",Production,t,2006,4100.0,E
Chickens,Stocks,1000 An,2006,22849.0,A
"Chillies and peppers, dry (Capsicum spp., Pimenta spp.), raw",Area harvested,ha,2006,3926.0,I
"Chillies and peppers, dry (Capsicum spp., Pimenta spp.), raw",Yield,kg/ha,2006,942.8,E
"Chillies and peppers, dry (Capsicum spp., Pimenta spp.), raw",Production,t,2006,3701.38,I
Cocoa beans,Area harvested,ha,2006,24000.0,E
Cocoa beans,Yield,kg/ha,2006,354.2,E
Cocoa beans,Production,t,2006,8500.0,E
"Coffee, green",Area harvested,ha,2006,220000.0,E
"Coffee, green",Yield,kg/ha,2006,606.0,E
"Coffee, green",Production,t,2006,133310.0,A
"Cotton lint, ginned",Production,t,2006,25500.0,E
Cotton seed,Production,t,2006,48000.0,X
Cottonseed oil,Production,t,2006,7850.0,E
"Cow peas, dry",Area harvested,ha,2006,71000.0,A
"Cow peas, dry",Yield,kg/ha,2006,1000.0,A
"Cow peas, dry",Production,t,2006,71000.0,A
"Edible offal of cattle, fresh, chilled or frozen",Production,t,2006,27000.0,I
"Edible offal of cattle, fresh, chilled or frozen",Producing Animals/Slaughtered,An,2006,1065000.0,E
"Edible offal of goat, fresh, chilled or frozen",Production,t,2006,9143.88,I
"Edible offal of goat, fresh, chilled or frozen",Producing Animals/Slaughtered,An,2006,2600000.0,E
"Edible offal of pigs, fresh, chilled or frozen",Production,t,2006,8542.5,I
"Edible offal of pigs, fresh, chilled or frozen",Producing Animals/Slaughtered,An,2006,1700000.0,E
"Edible offal of sheep, fresh, chilled or frozen",Production,t,2006,1339.63,I
"Edible offal of sheep, fresh, chilled or frozen",Producing Animals/Slaughtered,An,2006,426247.0,I
Fat of pigs,Production,t,2006,8542.5,I
Fat of pigs,Producing Animals/Slaughtered,An,2006,1700000.0,E
"Ginger, raw",Area harvested,ha,2006,49.0,I
"Ginger, raw",Yield,kg/ha,2006,2875.3,E
"Ginger, raw",Production,t,2006,140.1,I
"Goat fat, unrendered",Production,t,2006,1036.31,I
"Goat fat, unrendered",Producing Animals/Slaughtered,An,2006,2600000.0,E
Goats,Stocks,An,2006,8034000.0,A
Groundnut oil,Production,t,2006,3700.0,X
"Groundnuts, excluding shelled",Area harvested,ha,2006,230000.0,A
"Groundnuts, excluding shelled",Yield,kg/ha,2006,1000.0,A
"Groundnuts, excluding shelled",Production,t,2006,230000.0,A
"Hen eggs in shell, fresh",Yield,No/An,2006,89.0,E
"Hen eggs in shell, fresh",Yield/Carcass Weight,g/An,2006,4980.0,E
"Hen eggs in shell, fresh",Production,t,2006,22660.0,A
"Hen eggs in shell, fresh",Production,1000 No,2006,405000.0,E
"Hen eggs in shell, fresh",Laying,1000 An,2006,4550.0,E
Maize (corn),Area harvested,ha,2006,819000.0,A
Maize (corn),Yield,kg/ha,2006,1536.1,A
Maize (corn),Production,t,2006,1258029.0,A
"Meat of cattle with the bone, fresh or chilled",Yield/Carcass Weight,kg/An,2006,150.0,E
"Meat of cattle with the bone, fresh or chilled",Production,t,2006,160000.0,A
"Meat of cattle with the bone, fresh or chilled",Producing Animals/Slaughtered,An,2006,1065000.0,E
"Meat of chickens, fresh or chilled",Yield/Carcass Weight,g/An,2006,1300.0,E
"Meat of chickens, fresh or chilled",Production,t,2006,37050.0,E
"Meat of chickens, fresh or chilled",Producing Animals/Slaughtered,1000 An,2006,28500.0,E
"Meat of goat, fresh or chilled",Yield/Carcass Weight,kg/An,2006,11.0,E
"Meat of goat, fresh or chilled",Production,t,2006,29870.0,A
"Meat of goat, fresh or chilled",Producing Animals/Slaughtered,An,2006,2600000.0,E
"Meat of pig with the bone, fresh or chilled",Yield/Carcass Weight,kg/An,2006,60.0,E
"Meat of pig with the bone, fresh or chilled",Production,t,2006,102000.0,E
"Meat of pig with the bone, fresh or chilled",Producing Animals/Slaughtered,An,2006,1700000.0,E
"Meat of sheep, fresh or chilled",Yield/Carcass Weight,kg/An,2006,14.0,E
"Meat of sheep, fresh or chilled",Production,t,2006,5967.46,I
"Meat of sheep, fresh or chilled",Producing Animals/Slaughtered,An,2006,426247.0,I
Millet,Area harvested,ha,2006,429000.0,A
Millet,Yield,kg/ha,2006,1601.4,A
Millet,Production,t,2006,687000.0,A
Molasses,Production,t,2006,93000.0,X
Oil of sesame seed,Production,t,2006,24600.0,X
"Onions and shallots, dry (excluding dehydrated)",Area harvested,ha,2006,55869.0,I
"Onions and shallots, dry (excluding dehydrated)",Yield,kg/ha,2006,3932.8,E
"Onions and shallots, dry (excluding dehydrated)",Production,t,2006,219720.82,I
"Other fruits, n.e.c.",Area harvested,ha,2006,7772.0,I
"Other fruits, n.e.c.",Yield,kg/ha,2006,6713.9,E
"Other fruits, n.e.c.",Production,t,2006,52179.47,I
"Other meat of mammals, fresh or chilled",Production,t,2006,23389.33,I
"Other oil seeds, n.e.c.",Area harvested,ha,2006,44895.0,I
"Other oil seeds, n.e.c.",Yield,kg/ha,2006,785.7,E
"Other oil seeds, n.e.c.",Production,t,2006,35274.04,I
"Other vegetables, fresh n.e.c.",Area harvested,ha,2006,93495.0,I
"Other vegetables, fresh n.e.c.",Yield,kg/ha,2006,6043.3,E
"Other vegetables, fresh n.e.c.",Production,t,2006,565013.69,I
"Peas, dry",Area harvested,ha,2006,26000.0,A
"Peas, dry",Yield,kg/ha,2006,615.4,A
"Peas, dry",Production,t,2006,16000.0,A
"Pepper (Piper spp.), raw",Area harvested,ha,2006,2434.0,I
"Pepper (Piper spp.), raw",Yield,kg/ha,2006,909.5,E
"Pepper (Piper spp.), raw",Production,t,2006,2213.54,I
"Pigeon peas, dry",Area harvested,ha,2006,86000.0,A
"Pigeon peas, dry",Yield,kg/ha,2006,1000.0,A
"Pigeon peas, dry",Production,t,2006,86000.0,A
Pineapples,Area harvested,ha,2006,190.0,E
Pineapples,Yield,kg/ha,2006,8421.1,E
Pineapples,Production,t,2006,1600.0,E
Plantains and cooking bananas,Area harvested,ha,2006,1677000.0,A
Plantains and cooking bananas,Yield,kg/ha,2006,5398.9,A
Plantains and cooking bananas,Production,t,2006,9054000.0,A
Potatoes,Area harvested,ha,2006,90000.0,A
Potatoes,Yield,kg/ha,2006,6977.8,A
Potatoes,Production,t,2006,628000.0,A
Raw cane or beet sugar (centrifugal only),Production,t,2006,207894.0,X
Raw hides and skins of cattle,Yield/Carcass Weight,kg/An,2006,21.0,E
Raw hides and skins of cattle,Production,t,2006,22666.67,I
Raw hides and skins of cattle,Producing Animals/Slaughtered,An,2006,1065000.0,E
Raw hides and skins of goats or kids,Yield/Carcass Weight,kg/An,2006,2.0,E
Raw hides and skins of goats or kids,Production,t,2006,6095.92,I
Raw hides and skins of goats or kids,Producing Animals/Slaughtered,An,2006,2600000.0,E
Raw hides and skins of sheep or lambs,Yield/Carcass Weight,kg/An,2006,2.0,E
Raw hides and skins of sheep or lambs,Production,t,2006,1047.35,I
Raw hides and skins of sheep or lambs,Producing Animals/Slaughtered,An,2006,426247.0,I
Raw milk of cattle,Yield/Carcass Weight,kg/An,2006,446.0,E
Raw milk of cattle,Production,t,2006,1338688.31,I
Raw milk of cattle,Milk Animals,An,2006,3000000.0,E
Rice,Area harvested,ha,2006,113000.0,A
Rice,Yield,kg/ha,2006,1362.8,A
Rice,Production,t,2006,154000.0,A
"Seed cotton, unginned",Area harvested,ha,2006,91000.0,X
"Seed cotton, unginned",Yield,kg/ha,2006,879.1,E
"Seed cotton, unginned",Production,t,2006,80000.0,E
Sesame seed,Area harvested,ha,2006,276000.0,A
Sesame seed,Yield,kg/ha,2006,601.4,A
Sesame seed,Production,t,2006,166000.0,A
Sheep,Stocks,An,2006,1648000.0,A
"Sheep fat, unrendered",Production,t,2006,133.96,I
"Sheep fat, unrendered",Producing Animals/Slaughtered,An,2006,426247.0,I
"Sisal, raw",Area harvested,ha,2006,3.0,E
"Sisal, raw",Yield,kg/ha,2006,1666.7,E
"Sisal, raw",Production,t,2006,5.0,E
Skim milk of cows,Production,t,2006,902.5,I
Sorghum,Area harvested,ha,2006,308000.0,A
Sorghum,Yield,kg/ha,2006,1428.6,A
Sorghum,Production,t,2006,440000.0,A
Soya bean oil,Production,t,2006,22900.0,X
Soya beans,Area harvested,ha,2006,145000.0,A
Soya beans,Yield,kg/ha,2006,1206.9,A
Soya beans,Production,t,2006,175000.0,A
Sugar cane,Area harvested,ha,2006,35000.0,E
Sugar cane,Yield,kg/ha,2006,70000.0,E
Sugar cane,Production,t,2006,2450000.0,E
Sunflower seed,Area harvested,ha,2006,165000.0,A
Sunflower seed,Yield,kg/ha,2006,1046.7,A
Sunflower seed,Production,t,2006,172700.0,A
"Sunflower-seed oil, crude",Production,t,2006,63700.0,X
Sweet potatoes,Area harvested,ha,2006,584000.0,A
Sweet potatoes,Yield,kg/ha,2006,4500.0,A
Sweet potatoes,Production,t,2006,2628000.0,A
Swine / pigs,Stocks,An,2006,2060000.0,A
Tea leaves,Area harvested,ha,2006,19100.0,E
Tea leaves,Yield,kg/ha,2006,7801.0,E
Tea leaves,Production,t,2006,149000.0,E
Tomatoes,Area harvested,ha,2006,3876.0,I
Tomatoes,Yield,kg/ha,2006,6059.7,E
Tomatoes,Production,t,2006,23486.64,I
Unmanufactured tobacco,Area harvested,ha,2006,9552.0,I
Unmanufactured tobacco,Yield,kg/ha,2006,1653.3,E
Unmanufactured tobacco,Production,t,2006,15793.0,A
"Vanilla, raw",Area harvested,ha,2006,560.0,E
"Vanilla, raw",Yield,kg/ha,2006,500.0,E
"Vanilla, raw",Production,t,2006,280.0,E
Wheat,Area harvested,ha,2006,10000.0,A
Wheat,Yield,kg/ha,2006,1800.0,A
Wheat,Production,t,2006,18000.0,A
"Whole milk, condensed",Production,t,2006,7.5,I
"Beef and Buffalo Meat, primary",Yield/Carcass Weight,kg/An,2006,150.0,E
"Beef and Buffalo Meat, primary",Production,t,2006,160000.0,A
"Beef and Buffalo Meat, primary",Producing Animals/Slaughtered,An,2006,1065000.0,E
Butter and Ghee,Production,t,2006,47.5,E
Cattle and Buffaloes,Stocks,An,2006,6973100.0,A
"Cereals, primary",Area harvested,ha,2006,1679000.0,A
"Cereals, primary",Yield,kg/ha,2006,1522.9,A
"Cereals, primary",Production,t,2006,2557029.0,A
Eggs Primary,Yield/Carcass Weight,g/An,2006,4980.0,E
Eggs Primary,Production,t,2006,22660.0,A
Eggs Primary,Laying,1000 An,2006,4550.0,E
Evaporated & Condensed Milk,Production,t,2006,7.5,E
"Fibre Crops, Fibre Equivalent",Area harvested,ha,2006,91003.0,E
"Fibre Crops, Fibre Equivalent",Yield,kg/ha,2006,307.7,E
"Fibre Crops, Fibre Equivalent",Production,t,2006,28005.0,E
Fruit Primary,Area harvested,ha,2006,1684962.0,A
Fruit Primary,Yield,kg/ha,2006,5405.3,A
Fruit Primary,Production,t,2006,9107779.47,A
"Meat, Poultry",Yield/Carcass Weight,g/An,2006,1300.0,E
"Meat, Poultry",Production,t,2006,37050.0,E
"Meat, Poultry",Producing Animals/Slaughtered,1000 An,2006,28500.0,E
"Meat, Total",Production,t,2006,358276.79,E
"Milk, Total",Yield/Carcass Weight,kg/An,2006,446.0,E
"Milk, Total",Production,t,2006,1338688.31,E
"Milk, Total",Milk Animals,An,2006,3000000.0,E
"Oilcrops, Cake Equivalent",Area harvested,ha,2006,951895.0,E
"Oilcrops, Cake Equivalent",Yield,kg/ha,2006,460.5,E
"Oilcrops, Cake Equivalent",Production,t,2006,438347.42,E
"Oilcrops, Oil Equivalent",Area harvested,ha,2006,954895.0,E
"Oilcrops, Oil Equivalent",Yield,kg/ha,2006,274.1,E
"Oilcrops, Oil Equivalent",Production,t,2006,261733.21,E
Poultry Birds,Stocks,1000 An,2006,22849.0,A
"Pulses, Total",Area harvested,ha,2006,1039566.0,A
"Pulses, Total",Yield,kg/ha,2006,578.2,A
"Pulses, Total",Production,t,2006,601100.0,A
"Roots and Tubers, Total",Area harvested,ha,2006,1053000.0,A
"Roots and Tubers, Total",Yield,kg/ha,2006,7770.2,A
"Roots and Tubers, Total",Production,t,2006,8182000.0,A
Sheep and Goat Meat,Yield/Carcass Weight,kg/An,2006,12.0,E
Sheep and Goat Meat,Production,t,2006,35837.46,A
Sheep and Goat Meat,Producing Animals/Slaughtered,An,2006,3026247.0,E
Sheep and Goats,Stocks,An,2006,9682000.0,A
Sugar Crops Primary,Area harvested,ha,2006,35000.0,E
Sugar Crops Primary,Yield,kg/ha,2006,70000.0,E
Sugar Crops Primary,Production,t,2006,2450000.0,E
Vegetables Primary,Area harvested,ha,2006,153240.0,E
Vegetables Primary,Yield,kg/ha,2006,5274.2,E
Vegetables Primary,Production,t,2006,808221.14,E
Asses,Stocks,An,2007,18700.0,E
"Beans, dry",Area harvested,ha,2007,870000.0,A
"Beans, dry",Yield,kg/ha,2007,500.0,A
"Beans, dry",Production,t,2007,435000.0,A
"Beer of barley, malted",Production,t,2007,172500.0,X
Bees,Stocks,No,2007,76000.0,E
Beeswax,Production,t,2007,1220.0,E
Butter of cow milk,Production,t,2007,47.5,I
"Cassava, fresh",Area harvested,ha,2007,386000.0,A
"Cassava, fresh",Yield,kg/ha,2007,12883.4,A
"Cassava, fresh",Production,t,2007,4973000.0,A
Castor oil seeds,Area harvested,ha,2007,3000.0,X
Castor oil seeds,Yield,kg/ha,2007,333.3,X
Castor oil seeds,Production,t,2007,1000.0,X
Cattle,Stocks,An,2007,7182293.0,A
"Cattle fat, unrendered",Production,t,2007,3628.13,I
"Cattle fat, unrendered",Producing Animals/Slaughtered,An,2007,1161000.0,E
"Chick peas, dry",Area harvested,ha,2007,7834.0,I
"Chick peas, dry",Yield,kg/ha,2007,536.1,E
"Chick peas, dry",Production,t,2007,4200.0,E
Chickens,Stocks,1000 An,2007,26950.0,A
"Chillies and peppers, dry (Capsicum spp., Pimenta spp.), raw",Area harvested,ha,2007,4200.0,E
"Chillies and peppers, dry (Capsicum spp., Pimenta spp.), raw",Yield,kg/ha,2007,948.8,E
"Chillies and peppers, dry (Capsicum spp., Pimenta spp.), raw",Production,t,2007,3984.92,I
Cocoa beans,Area harvested,ha,2007,30300.0,E
Cocoa beans,Yield,kg/ha,2007,330.2,E
Cocoa beans,Production,t,2007,10006.0,A
"Coffee, green",Area harvested,ha,2007,285000.0,E
"Coffee, green",Yield,kg/ha,2007,615.2,E
"Coffee, green",Production,t,2007,175346.0,A
"Cotton lint, ginned",Production,t,2007,12800.0,E
Cotton seed,Production,t,2007,24000.0,X
Cottonseed oil,Production,t,2007,3030.0,E
"Cow peas, dry",Area harvested,ha,2007,72000.0,A
"Cow peas, dry",Yield,kg/ha,2007,986.1,A
"Cow peas, dry",Production,t,2007,71000.0,A
"Edible offal of cattle, fresh, chilled or frozen",Production,t,2007,29387.81,I
"Edible offal of cattle, fresh, chilled or frozen",Producing Animals/Slaughtered,An,2007,1161000.0,E
"Edible offal of goat, fresh, chilled or frozen",Production,t,2007,9418.16,I
"Edible offal of goat, fresh, chilled or frozen",Producing Animals/Slaughtered,An,2007,2650000.0,E
"Edible offal of pigs, fresh, chilled or frozen",Production,t,2007,8793.75,I
"Edible offal of pigs, fresh, chilled or frozen",Producing Animals/Slaughtered,An,2007,1750000.0,E
"Edible offal of sheep, fresh, chilled or frozen",Production,t,2007,1282.36,I
"Edible offal of sheep, fresh, chilled or frozen",Producing Animals/Slaughtered,An,2007,408023.0,I
Fat of pigs,Production,t,2007,8793.75,I
Fat of pigs,Producing Animals/Slaughtered,An,2007,1750000.0,E
"Ginger, raw",Area harvested,ha,2007,50.0,E
"Ginger, raw",Yield,kg/ha,2007,2914.5,E
"Ginger, raw",Production,t,2007,145.73,I
"Goat fat, unrendered",Production,t,2007,1067.39,I
"Goat fat, unrendered",Producing Animals/Slaughtered,An,2007,2650000.0,E
Goats,Stocks,An,2007,8275020.0,A
Groundnut oil,Production,t,2007,3900.0,X
"Groundnuts, excluding shelled",Area harvested,ha,2007,235000.0,A
"Groundnuts, excluding shelled",Yield,kg/ha,2007,1000.0,A
"Groundnuts, excluding shelled",Production,t,2007,235000.0,A
"Hen eggs in shell, fresh",Yield,No/An,2007,83.0,E
"Hen eggs in shell, fresh",Yield/Carcass Weight,g/An,2007,4966.0,E
"Hen eggs in shell, fresh",Production,t,2007,23339.0,A
"Hen eggs in shell, fresh",Production,1000 No,2007,390000.0,E
"Hen eggs in shell, fresh",Laying,1000 An,2007,4700.0,E
Maize (corn),Area harvested,ha,2007,844000.0,A
Maize (corn),Yield,kg/ha,2007,1495.0,A
Maize (corn),Production,t,2007,1261803.0,A
"Meat of cattle with the bone, fresh or chilled",Yield/Carcass Weight,kg/An,2007,150.0,E
"Meat of cattle with the bone, fresh or chilled",Production,t,2007,174150.0,A
"Meat of cattle with the bone, fresh or chilled",Producing Animals/Slaughtered,An,2007,1161000.0,E
"Meat of chickens, fresh or chilled",Yield/Carcass Weight,g/An,2007,1300.0,E
"Meat of chickens, fresh or chilled",Production,t,2007,43550.0,E
"Meat of chickens, fresh or chilled",Producing Animals/Slaughtered,1000 An,2007,33500.0,E
"Meat of goat, fresh or chilled",Yield/Carcass Weight,kg/An,2007,12.0,E
"Meat of goat, fresh or chilled",Production,t,2007,30766.0,A
"Meat of goat, fresh or chilled",Producing Animals/Slaughtered,An,2007,2650000.0,E
"Meat of pig with the bone, fresh or chilled",Yield/Carcass Weight,kg/An,2007,60.0,E
"Meat of pig with the bone, fresh or chilled",Production,t,2007,105000.0,E
"Meat of pig with the bone, fresh or chilled",Producing Animals/Slaughtered,An,2007,1750000.0,E
"Meat of sheep, fresh or chilled",Yield/Carcass Weight,kg/An,2007,14.0,E
"Meat of sheep, fresh or chilled",Production,t,2007,5712.32,I
"Meat of sheep, fresh or chilled",Producing Animals/Slaughtered,An,2007,408023.0,I
Millet,Area harvested,ha,2007,437000.0,A
Millet,Yield,kg/ha,2007,1675.1,A
Millet,Production,t,2007,732000.0,A
Molasses,Production,t,2007,92000.0,X
Oil of sesame seed,Production,t,2007,25800.0,X
"Onions and shallots, dry (excluding dehydrated)",Area harvested,ha,2007,60195.0,I
"Onions and shallots, dry (excluding dehydrated)",Yield,kg/ha,2007,3937.2,E
"Onions and shallots, dry (excluding dehydrated)",Production,t,2007,237001.8,I
"Other fruits, n.e.c.",Area harvested,ha,2007,7779.0,I
"Other fruits, n.e.c.",Yield,kg/ha,2007,6705.2,E
"Other fruits, n.e.c.",Production,t,2007,52159.46,I
"Other meat of mammals, fresh or chilled",Production,t,2007,24172.58,I
"Other oil seeds, n.e.c.",Area harvested,ha,2007,42898.0,I
"Other oil seeds, n.e.c.",Yield,kg/ha,2007,799.9,E
"Other oil seeds, n.e.c.",Production,t,2007,34314.66,I
"Other vegetables, fresh n.e.c.",Area harvested,ha,2007,108000.0,E
"Other vegetables, fresh n.e.c.",Yield,kg/ha,2007,5648.1,E
"Other vegetables, fresh n.e.c.",Production,t,2007,610000.0,E
"Peas, dry",Area harvested,ha,2007,26000.0,A
"Peas, dry",Yield,kg/ha,2007,615.4,A
"Peas, dry",Production,t,2007,16000.0,A
"Pepper (Piper spp.), raw",Area harvested,ha,2007,2900.0,E
"Pepper (Piper spp.), raw",Yield,kg/ha,2007,938.7,E
"Pepper (Piper spp.), raw",Production,t,2007,2722.27,I
"Pigeon peas, dry",Area harvested,ha,2007,87000.0,A
"Pigeon peas, dry",Yield,kg/ha,2007,1000.0,A
"Pigeon peas, dry",Production,t,2007,87000.0,A
Pineapples,Area harvested,ha,2007,350.0,E
Pineapples,Yield,kg/ha,2007,8571.4,E
Pineapples,Production,t,2007,3000.0,E
Plantains and cooking bananas,Area harvested,ha,2007,1678000.0,A
Plantains and cooking bananas,Yield,kg/ha,2007,5501.2,A
Plantains and cooking bananas,Production,t,2007,9231000.0,A
Potatoes,Area harvested,ha,2007,93000.0,A
Potatoes,Yield,kg/ha,2007,6989.2,A
Potatoes,Production,t,2007,650000.0,A
Raw cane or beet sugar (centrifugal only),Production,t,2007,197293.0,X
Raw hides and skins of cattle,Yield/Carcass Weight,kg/An,2007,21.0,E
Raw hides and skins of cattle,Production,t,2007,24671.25,I
Raw hides and skins of cattle,Producing Animals/Slaughtered,An,2007,1161000.0,E
Raw hides and skins of goats or kids,Yield/Carcass Weight,kg/An,2007,2.0,E
Raw hides and skins of goats or kids,Production,t,2007,6278.78,I
Raw hides and skins of goats or kids,Producing Animals/Slaughtered,An,2007,2650000.0,E
Raw hides and skins of sheep or lambs,Yield/Carcass Weight,kg/An,2007,2.0,E
Raw hides and skins of sheep or lambs,Production,t,2007,1002.57,I
Raw hides and skins of sheep or lambs,Producing Animals/Slaughtered,An,2007,408023.0,I
Raw milk of cattle,Yield/Carcass Weight,kg/An,2007,445.0,E
Raw milk of cattle,Production,t,2007,1380207.56,I
Raw milk of cattle,Milk Animals,An,2007,3100000.0,E
Rice,Area harvested,ha,2007,119000.0,A
Rice,Yield,kg/ha,2007,1361.3,A
Rice,Production,t,2007,162000.0,A
"Seed cotton, unginned",Area harvested,ha,2007,100000.0,X
"Seed cotton, unginned",Yield,kg/ha,2007,400.0,E
"Seed cotton, unginned",Production,t,2007,40000.0,E
Sesame seed,Area harvested,ha,2007,280000.0,A
Sesame seed,Yield,kg/ha,2007,600.0,A
Sesame seed,Production,t,2007,168000.0,A
Sheep,Stocks,An,2007,1697440.0,A
"Sheep fat, unrendered",Production,t,2007,128.24,I
"Sheep fat, unrendered",Producing Animals/Slaughtered,An,2007,408023.0,I
"Sisal, raw",Area harvested,ha,2007,3.0,E
"Sisal, raw",Yield,kg/ha,2007,1666.7,E
"Sisal, raw",Production,t,2007,5.0,E
Skim milk of cows,Production,t,2007,902.5,I
Sorghum,Area harvested,ha,2007,314000.0,A
Sorghum,Yield,kg/ha,2007,1457.3,A
Sorghum,Production,t,2007,457578.0,A
Soya bean oil,Production,t,2007,21300.0,X
Soya beans,Area harvested,ha,2007,147000.0,A
Soya beans,Yield,kg/ha,2007,1197.3,A
Soya beans,Production,t,2007,176000.0,A
Sugar cane,Area harvested,ha,2007,35000.0,E
Sugar cane,Yield,kg/ha,2007,67142.9,E
Sugar cane,Production,t,2007,2350000.0,E
Sunflower seed,Area harvested,ha,2007,173000.0,A
Sunflower seed,Yield,kg/ha,2007,998.3,A
Sunflower seed,Production,t,2007,172700.0,A
"Sunflower-seed oil, crude",Production,t,2007,66400.0,X
Sweet potatoes,Area harvested,ha,2007,578000.0,A
Sweet potatoes,Yield,kg/ha,2007,4591.2,A
Sweet potatoes,Production,t,2007,2653710.0,A
Swine / pigs,Stocks,An,2007,2122000.0,A
Tea leaves,Area harvested,ha,2007,22000.0,E
Tea leaves,Yield,kg/ha,2007,8863.6,E
Tea leaves,Production,t,2007,195000.0,E
Tomatoes,Area harvested,ha,2007,4300.0,E
Tomatoes,Yield,kg/ha,2007,5954.9,E
Tomatoes,Production,t,2007,25606.12,I
Unmanufactured tobacco,Area harvested,ha,2007,16864.0,I
Unmanufactured tobacco,Yield,kg/ha,2007,1564.5,E
Unmanufactured tobacco,Production,t,2007,26383.0,A
"Vanilla, raw",Area harvested,ha,2007,600.0,E
"Vanilla, raw",Yield,kg/ha,2007,750.0,E
"Vanilla, raw",Production,t,2007,450.0,E
Wheat,Area harvested,ha,2007,11000.0,A
Wheat,Yield,kg/ha,2007,1727.3,A
Wheat,Production,t,2007,19000.0,A
"Whole milk, condensed",Production,t,2007,7.5,I
"Beef and Buffalo Meat, primary",Yield/Carcass Weight,kg/An,2007,150.0,E
"Beef and Buffalo Meat, primary",Production,t,2007,174150.0,A
"Beef and Buffalo Meat, primary",Producing Animals/Slaughtered,An,2007,1161000.0,E
Butter and Ghee,Production,t,2007,47.5,E
Cattle and Buffaloes,Stocks,An,2007,7182293.0,A
"Cereals, primary",Area harvested,ha,2007,1725000.0,A
"Cereals, primary",Yield,kg/ha,2007,1526.0,A
"Cereals, primary",Production,t,2007,2632381.0,A
Eggs Primary,Yield/Carcass Weight,g/An,2007,4966.0,E
Eggs Primary,Production,t,2007,23339.0,A
Eggs Primary,Laying,1000 An,2007,4700.0,E
Evaporated & Condensed Milk,Production,t,2007,7.5,E
"Fibre Crops, Fibre Equivalent",Area harvested,ha,2007,100003.0,E
"Fibre Crops, Fibre Equivalent",Yield,kg/ha,2007,140.0,E
"Fibre Crops, Fibre Equivalent",Production,t,2007,14005.0,E
Fruit Primary,Area harvested,ha,2007,1686129.0,A
Fruit Primary,Yield,kg/ha,2007,5507.4,A
Fruit Primary,Production,t,2007,9286159.46,A
"Meat, Poultry",Yield/Carcass Weight,g/An,2007,1300.0,E
"Meat, Poultry",Production,t,2007,43550.0,E
"Meat, Poultry",Producing Animals/Slaughtered,1000 An,2007,33500.0,E
"Meat, Total",Production,t,2007,383350.9,E
"Milk, Total",Yield/Carcass Weight,kg/An,2007,445.0,E
"Milk, Total",Production,t,2007,1380207.56,E
"Milk, Total",Milk Animals,An,2007,3100000.0,E
"Oilcrops, Cake Equivalent",Area harvested,ha,2007,977898.0,E
"Oilcrops, Cake Equivalent",Yield,kg/ha,2007,438.3,E
"Oilcrops, Cake Equivalent",Production,t,2007,428629.8,E
"Oilcrops, Oil Equivalent",Area harvested,ha,2007,980898.0,E
"Oilcrops, Oil Equivalent",Yield,kg/ha,2007,265.0,E
"Oilcrops, Oil Equivalent",Production,t,2007,259953.4,E
Poultry Birds,Stocks,1000 An,2007,26950.0,A
"Pulses, Total",Area harvested,ha,2007,1062834.0,A
"Pulses, Total",Yield,kg/ha,2007,576.9,A
"Pulses, Total",Production,t,2007,613200.0,A
"Roots and Tubers, Total",Area harvested,ha,2007,1057000.0,A
"Roots and Tubers, Total",Yield,kg/ha,2007,7830.4,A
"Roots and Tubers, Total",Production,t,2007,8276710.0,A
Sheep and Goat Meat,Yield/Carcass Weight,kg/An,2007,12.0,E
Sheep and Goat Meat,Production,t,2007,36478.32,A
Sheep and Goat Meat,Producing Animals/Slaughtered,An,2007,3058023.0,E
Sheep and Goats,Stocks,An,2007,9972460.0,A
Sugar Crops Primary,Area harvested,ha,2007,35000.0,E
Sugar Crops Primary,Yield,kg/ha,2007,67142.9,E
Sugar Crops Primary,Production,t,2007,2350000.0,E
Vegetables Primary,Area harvested,ha,2007,172495.0,E
Vegetables Primary,Yield,kg/ha,2007,5058.7,E
Vegetables Primary,Production,t,2007,872607.93,E
Asses,Stocks,An,2008,19000.0,E
"Beans, dry",Area harvested,ha,2008,651000.0,A
"Beans, dry",Yield,kg/ha,2008,1400.9,A
"Beans, dry",Production,t,2008,912000.0,A
"Beer of barley, malted",Production,t,2008,190400.0,X
Bees,Stocks,No,2008,76500.0,E
Beeswax,Production,t,2008,1220.0,E
Butter of cow milk,Production,t,2008,48.25,I
"Cassava, fresh",Area harvested,ha,2008,398000.0,A
"Cassava, fresh",Yield,kg/ha,2008,7225.2,A
"Cassava, fresh",Production,t,2008,2875619.0,A
Castor oil seeds,Area harvested,ha,2008,3000.0,X
Castor oil seeds,Yield,kg/ha,2008,333.3,X
Castor oil seeds,Production,t,2008,1000.0,X
Cattle,Stocks,An,2008,11408740.0,A
"Cattle fat, unrendered",Production,t,2008,3540.63,I
"Cattle fat, unrendered",Producing Animals/Slaughtered,An,2008,1133000.0,E
"Chick peas, dry",Area harvested,ha,2008,7881.0,I
"Chick peas, dry",Yield,kg/ha,2008,545.6,E
"Chick peas, dry",Production,t,2008,4300.0,E
Chickens,Stocks,1000 An,2008,27508.0,A
"Chillies and peppers, dry (Capsicum spp., Pimenta spp.), raw",Area harvested,ha,2008,3787.0,I
"Chillies and peppers, dry (Capsicum spp., Pimenta spp.), raw",Yield,kg/ha,2008,954.8,E
"Chillies and peppers, dry (Capsicum spp., Pimenta spp.), raw",Production,t,2008,3615.48,I
Cocoa beans,Area harvested,ha,2008,37000.0,E
Cocoa beans,Yield,kg/ha,2008,351.4,E
Cocoa beans,Production,t,2008,13000.0,A
"Coffee, green",Area harvested,ha,2008,345000.0,E
"Coffee, green",Yield,kg/ha,2008,613.7,E
"Coffee, green",Production,t,2008,211726.0,A
"Cotton lint, ginned",Production,t,2008,23182.0,A
Cotton seed,Production,t,2008,45000.0,X
Cottonseed oil,Production,t,2008,7300.0,E
"Cow peas, dry",Area harvested,ha,2008,17000.0,A
"Cow peas, dry",Yield,kg/ha,2008,529.4,A
"Cow peas, dry",Production,t,2008,9000.0,A
"Edible offal of cattle, fresh, chilled or frozen",Production,t,2008,28679.06,I
"Edible offal of cattle, fresh, chilled or frozen",Producing Animals/Slaughtered,An,2008,1133000.0,E
"Edible offal of goat, fresh, chilled or frozen",Production,t,2008,9700.71,I
"Edible offal of goat, fresh, chilled or frozen",Producing Animals/Slaughtered,An,2008,2700000.0,E
"Edible offal of pigs, fresh, chilled or frozen",Production,t,2008,9045.0,I
"Edible offal of pigs, fresh, chilled or frozen",Producing Animals/Slaughtered,An,2008,1800000.0,E
"Edible offal of sheep, fresh, chilled or frozen",Production,t,2008,1293.64,I
"Edible offal of sheep, fresh, chilled or frozen",Producing Animals/Slaughtered,An,2008,411613.0,I
Fat of pigs,Production,t,2008,9045.0,I
Fat of pigs,Producing Animals/Slaughtered,An,2008,1800000.0,E
"Ginger, raw",Area harvested,ha,2008,48.0,E
"Ginger, raw",Yield,kg/ha,2008,2954.0,E
"Ginger, raw",Production,t,2008,141.79,I
"Goat fat, unrendered",Production,t,2008,1099.41,I
"Goat fat, unrendered",Producing Animals/Slaughtered,An,2008,2700000.0,E
Goats,Stocks,An,2008,12449656.0,A
Groundnut oil,Production,t,2008,5900.0,X
"Groundnuts, excluding shelled",Area harvested,ha,2008,280000.0,E
"Groundnuts, excluding shelled",Yield,kg/ha,2008,820.1,E
"Groundnuts, excluding shelled",Production,t,2008,229636.0,A
"Hen eggs in shell, fresh",Yield,No/An,2008,84.0,E
"Hen eggs in shell, fresh",Yield/Carcass Weight,g/An,2008,5017.0,E
"Hen eggs in shell, fresh",Production,t,2008,30856.0,A
"Hen eggs in shell, fresh",Production,1000 No,2008,515000.0,E
"Hen eggs in shell, fresh",Laying,1000 An,2008,6150.0,E
Maize (corn),Area harvested,ha,2008,1052000.0,A
Maize (corn),Yield,kg/ha,2008,2200.5,A
Maize (corn),Production,t,2008,2314909.0,A
"Meat of cattle with the bone, fresh or chilled",Yield/Carcass Weight,kg/An,2008,150.0,E
"Meat of cattle with the bone, fresh or chilled",Production,t,2008,169950.0,A
"Meat of cattle with the bone, fresh or chilled",Producing Animals/Slaughtered,An,2008,1133000.0,E
"Meat of chickens, fresh or chilled",Yield/Carcass Weight,g/An,2008,1300.0,E
"Meat of chickens, fresh or chilled",Production,t,2008,44850.0,E
"Meat of chickens, fresh or chilled",Producing Animals/Slaughtered,1000 An,2008,34500.0,E
"Meat of goat, fresh or chilled",Yield/Carcass Weight,kg/An,2008,12.0,E
"Meat of goat, fresh or chilled",Production,t,2008,31689.0,A
"Meat of goat, fresh or chilled",Producing Animals/Slaughtered,An,2008,2700000.0,E
"Meat of pig with the bone, fresh or chilled",Yield/Carcass Weight,kg/An,2008,60.0,E
"Meat of pig with the bone, fresh or chilled",Production,t,2008,108000.0,E
"Meat of pig with the bone, fresh or chilled",Producing Animals/Slaughtered,An,2008,1800000.0,E
"Meat of sheep, fresh or chilled",Yield/Carcass Weight,kg/An,2008,14.0,E
"Meat of sheep, fresh or chilled",Production,t,2008,5762.58,I
"Meat of sheep, fresh or chilled",Producing Animals/Slaughtered,An,2008,411613.0,I
Millet,Area harvested,ha,2008,200000.0,E
Millet,Yield,kg/ha,2008,1375.0,E
Millet,Production,t,2008,275000.0,A
Molasses,Production,t,2008,98000.0,X
Oil of sesame seed,Production,t,2008,25800.0,X
"Onions and shallots, dry (excluding dehydrated)",Area harvested,ha,2008,65000.0,E
"Onions and shallots, dry (excluding dehydrated)",Yield,kg/ha,2008,3941.7,E
"Onions and shallots, dry (excluding dehydrated)",Production,t,2008,256209.91,I
"Other fruits, n.e.c.",Area harvested,ha,2008,7785.0,I
"Other fruits, n.e.c.",Yield,kg/ha,2008,6696.2,E
"Other fruits, n.e.c.",Production,t,2008,52127.39,I
"Other meat of mammals, fresh or chilled",Production,t,2008,24968.49,I
"Other oil seeds, n.e.c.",Area harvested,ha,2008,45176.0,I
"Other oil seeds, n.e.c.",Yield,kg/ha,2008,813.8,E
"Other oil seeds, n.e.c.",Production,t,2008,36764.35,I
"Other vegetables, fresh n.e.c.",Area harvested,ha,2008,113837.0,I
"Other vegetables, fresh n.e.c.",Yield,kg/ha,2008,5772.6,E
"Other vegetables, fresh n.e.c.",Production,t,2008,657135.64,I
"Peas, dry",Area harvested,ha,2008,30000.0,A
"Peas, dry",Yield,kg/ha,2008,500.0,A
"Peas, dry",Production,t,2008,15000.0,A
"Pepper (Piper spp.), raw",Area harvested,ha,2008,2350.0,I
"Pepper (Piper spp.), raw",Yield,kg/ha,2008,968.1,E
"Pepper (Piper spp.), raw",Production,t,2008,2274.72,I
"Pigeon peas, dry",Area harvested,ha,2008,26000.0,A
"Pigeon peas, dry",Yield,kg/ha,2008,384.6,A
"Pigeon peas, dry",Production,t,2008,10000.0,A
Pineapples,Area harvested,ha,2008,340.0,E
Pineapples,Yield,kg/ha,2008,8529.4,E
Pineapples,Production,t,2008,2900.0,E
Plantains and cooking bananas,Area harvested,ha,2008,919000.0,A
Plantains and cooking bananas,Yield,kg/ha,2008,4601.7,A
Plantains and cooking bananas,Production,t,2008,4229000.0,A
Potatoes,Area harvested,ha,2008,31000.0,A
Potatoes,Yield,kg/ha,2008,4741.9,A
Potatoes,Production,t,2008,147000.0,A
Raw cane or beet sugar (centrifugal only),Production,t,2008,238322.0,X
Raw hides and skins of cattle,Yield/Carcass Weight,kg/An,2008,21.0,E
Raw hides and skins of cattle,Production,t,2008,24076.25,I
Raw hides and skins of cattle,Producing Animals/Slaughtered,An,2008,1133000.0,E
Raw hides and skins of goats or kids,Yield/Carcass Weight,kg/An,2008,2.0,E
Raw hides and skins of goats or kids,Production,t,2008,6467.14,I
Raw hides and skins of goats or kids,Producing Animals/Slaughtered,An,2008,2700000.0,E
Raw hides and skins of sheep or lambs,Yield/Carcass Weight,kg/An,2008,2.0,E
Raw hides and skins of sheep or lambs,Production,t,2008,1011.39,I
Raw hides and skins of sheep or lambs,Producing Animals/Slaughtered,An,2008,411613.0,I
Raw milk of cattle,Yield/Carcass Weight,kg/An,2008,444.0,E
Raw milk of cattle,Production,t,2008,1421641.4,I
Raw milk of cattle,Milk Animals,An,2008,3200000.0,E
Rice,Area harvested,ha,2008,128000.0,A
Rice,Yield,kg/ha,2008,1389.5,A
Rice,Production,t,2008,177857.0,A
"Seed cotton, unginned",Area harvested,ha,2008,125000.0,X
"Seed cotton, unginned",Yield,kg/ha,2008,600.0,E
"Seed cotton, unginned",Production,t,2008,75000.0,E
Sesame seed,Area harvested,ha,2008,165000.0,A
Sesame seed,Yield,kg/ha,2008,600.0,A
Sesame seed,Production,t,2008,99000.0,A
Sheep,Stocks,An,2008,1748000.0,A
"Sheep fat, unrendered",Production,t,2008,129.36,I
"Sheep fat, unrendered",Producing Animals/Slaughtered,An,2008,411613.0,I
"Sisal, raw",Area harvested,ha,2008,3.0,I
"Sisal, raw",Yield,kg/ha,2008,1663.0,E
"Sisal, raw",Production,t,2008,4.85,I
Skim milk of cows,Production,t,2008,916.75,I
Sorghum,Area harvested,ha,2008,321000.0,A
Sorghum,Yield,kg/ha,2008,1066.3,A
Sorghum,Production,t,2008,342286.0,A
Soya bean oil,Production,t,2008,23600.0,X
Soya beans,Area harvested,ha,2008,31000.0,A
Soya beans,Yield,kg/ha,2008,709.7,A
Soya beans,Production,t,2008,22000.0,A
Sugar cane,Area harvested,ha,2008,39300.0,E
Sugar cane,Yield,kg/ha,2008,69974.6,E
Sugar cane,Production,t,2008,2750000.0,E
Sunflower seed,Area harvested,ha,2008,173000.0,A
Sunflower seed,Yield,kg/ha,2008,1098.3,A
Sunflower seed,Production,t,2008,190000.0,A
"Sunflower-seed oil, crude",Production,t,2008,71300.0,X
Sweet potatoes,Area harvested,ha,2008,427000.0,A
Sweet potatoes,Yield,kg/ha,2008,4201.4,A
Sweet potatoes,Production,t,2008,1794000.0,A
Swine / pigs,Stocks,An,2008,2186000.0,A
Tea leaves,Area harvested,ha,2008,21000.0,E
Tea leaves,Yield,kg/ha,2008,8857.1,E
Tea leaves,Production,t,2008,186000.0,E
Tomatoes,Area harvested,ha,2008,4175.0,I
Tomatoes,Yield,kg/ha,2008,5868.0,E
Tomatoes,Production,t,2008,24500.0,E
Unmanufactured tobacco,Area harvested,ha,2008,20000.0,E
Unmanufactured tobacco,Yield,kg/ha,2008,1452.0,E
Unmanufactured tobacco,Production,t,2008,29040.0,A
"Vanilla, raw",Area harvested,ha,2008,550.0,E
"Vanilla, raw",Yield,kg/ha,2008,545.5,E
"Vanilla, raw",Production,t,2008,300.0,E
Wheat,Area harvested,ha,2008,11000.0,A
Wheat,Yield,kg/ha,2008,1727.3,A
Wheat,Production,t,2008,19000.0,A
Whole milk powder,Production,t,2008,2200.0,E
"Whole milk, condensed",Production,t,2008,4.83,I
"Beef and Buffalo Meat, primary",Yield/Carcass Weight,kg/An,2008,150.0,E
"Beef and Buffalo Meat, primary",Production,t,2008,169950.0,A
"Beef and Buffalo Meat, primary",Producing Animals/Slaughtered,An,2008,1133000.0,E
Butter and Ghee,Production,t,2008,48.25,E
Cattle and Buffaloes,Stocks,An,2008,11408740.0,A
"Cereals, primary",Area harvested,ha,2008,1712000.0,A
"Cereals, primary",Yield,kg/ha,2008,1827.7,A
"Cereals, primary",Production,t,2008,3129052.0,A
Eggs Primary,Yield/Carcass Weight,g/An,2008,5017.0,E
Eggs Primary,Production,t,2008,30856.0,A
Eggs Primary,Laying,1000 An,2008,6150.0,E
Evaporated & Condensed Milk,Production,t,2008,4.83,E
"Fibre Crops, Fibre Equivalent",Area harvested,ha,2008,125003.0,E
"Fibre Crops, Fibre Equivalent",Yield,kg/ha,2008,210.0,E
"Fibre Crops, Fibre Equivalent",Production,t,2008,26254.85,E
Fruit Primary,Area harvested,ha,2008,927125.0,A
Fruit Primary,Yield,kg/ha,2008,4620.8,A
Fruit Primary,Production,t,2008,4284027.39,A
"Meat, Poultry",Yield/Carcass Weight,g/An,2008,1300.0,E
"Meat, Poultry",Production,t,2008,44850.0,E
"Meat, Poultry",Producing Animals/Slaughtered,1000 An,2008,34500.0,E
"Meat, Total",Production,t,2008,385220.08,E
"Milk, Total",Yield/Carcass Weight,kg/An,2008,444.0,E
"Milk, Total",Production,t,2008,1421641.4,E
"Milk, Total",Milk Animals,An,2008,3200000.0,E
"Oilcrops, Cake Equivalent",Area harvested,ha,2008,819176.0,E
"Oilcrops, Cake Equivalent",Yield,kg/ha,2008,354.7,E
"Oilcrops, Cake Equivalent",Production,t,2008,290587.79,E
"Oilcrops, Oil Equivalent",Area harvested,ha,2008,822176.0,E
"Oilcrops, Oil Equivalent",Yield,kg/ha,2008,258.2,E
"Oilcrops, Oil Equivalent",Production,t,2008,212310.11,E
Poultry Birds,Stocks,1000 An,2008,27508.0,A
"Pulses, Total",Area harvested,ha,2008,731881.0,A
"Pulses, Total",Yield,kg/ha,2008,1298.4,A
"Pulses, Total",Production,t,2008,950300.0,A
"Roots and Tubers, Total",Area harvested,ha,2008,856000.0,A
"Roots and Tubers, Total",Yield,kg/ha,2008,5626.9,A
"Roots and Tubers, Total",Production,t,2008,4816619.0,A
Sheep and Goat Meat,Yield/Carcass Weight,kg/An,2008,12.0,E
Sheep and Goat Meat,Production,t,2008,37451.58,A
Sheep and Goat Meat,Producing Animals/Slaughtered,An,2008,3111613.0,E
Sheep and Goats,Stocks,An,2008,14197656.0,A
Sugar Crops Primary,Area harvested,ha,2008,39300.0,E
Sugar Crops Primary,Yield,kg/ha,2008,69974.6,E
Sugar Crops Primary,Production,t,2008,2750000.0,E
Vegetables Primary,Area harvested,ha,2008,183012.0,E
Vegetables Primary,Yield,kg/ha,2008,5124.5,E
Vegetables Primary,Production,t,2008,937845.55,E
Asses,Stocks,An,2009,19100.0,E
"Beans, dry",Area harvested,ha,2009,616000.0,A
"Beans, dry",Yield,kg/ha,2009,1501.6,A
"Beans, dry",Production,t,2009,925000.0,A
"Beer of barley, malted",Production,t,2009,191000.0,X
Bees,Stocks,No,2009,77000.0,E
Beeswax,Production,t,2009,1220.0,E
Butter of cow milk,Production,t,2009,303.75,I
"Cassava, fresh",Area harvested,ha,2009,411000.0,A
"Cassava, fresh",Yield,kg/ha,2009,7182.9,A
"Cassava, fresh",Production,t,2009,2952171.0,A
Castor oil seeds,Area harvested,ha,2009,3000.0,X
Castor oil seeds,Yield,kg/ha,2009,333.3,X
Castor oil seeds,Production,t,2009,1000.0,X
Cattle,Stocks,An,2009,11751002.0,A
"Cattle fat, unrendered",Production,t,2009,3646.85,I
"Cattle fat, unrendered",Producing Animals/Slaughtered,An,2009,1170000.0,E
"Chick peas, dry",Area harvested,ha,2009,7931.0,I
"Chick peas, dry",Yield,kg/ha,2009,554.8,E
"Chick peas, dry",Production,t,2009,4400.0,E
Chickens,Stocks,1000 An,2009,31500.0,X
"Chillies and peppers, dry (Capsicum spp., Pimenta spp.), raw",Area harvested,ha,2009,3668.0,I
"Chillies and peppers, dry (Capsicum spp., Pimenta spp.), raw",Yield,kg/ha,2009,960.8,E
"Chillies and peppers, dry (Capsicum spp., Pimenta spp.), raw",Production,t,2009,3524.12,I
Cocoa beans,Area harvested,ha,2009,43000.0,E
Cocoa beans,Yield,kg/ha,2009,348.8,E
Cocoa beans,Production,t,2009,15000.0,A
"Coffee, green",Area harvested,ha,2009,320000.0,E
"Coffee, green",Yield,kg/ha,2009,612.1,E
"Coffee, green",Production,t,2009,195871.0,A
"Cotton lint, ginned",Production,t,2009,12950.0,A
Cotton seed,Production,t,2009,32000.0,X
Cottonseed oil,Production,t,2009,6400.0,X
"Cow peas, dry",Area harvested,ha,2009,28000.0,A
"Cow peas, dry",Yield,kg/ha,2009,392.9,A
"Cow peas, dry",Production,t,2009,11000.0,A
"Edible offal of cattle, fresh, chilled or frozen",Production,t,2009,29539.52,I
"Edible offal of cattle, fresh, chilled or frozen",Producing Animals/Slaughtered,An,2009,1170000.0,E
"Edible offal of goat, fresh, chilled or frozen",Production,t,2009,9991.84,I
"Edible offal of goat, fresh, chilled or frozen",Producing Animals/Slaughtered,An,2009,2800000.0,E
"Edible offal of pigs, fresh, chilled or frozen",Production,t,2009,9296.25,I
"Edible offal of pigs, fresh, chilled or frozen",Producing Animals/Slaughtered,An,2009,1850000.0,E
"Edible offal of sheep, fresh, chilled or frozen",Production,t,2009,1262.83,I
"Edible offal of sheep, fresh, chilled or frozen",Producing Animals/Slaughtered,An,2009,414599.0,I
Fat of pigs,Production,t,2009,9296.25,I
Fat of pigs,Producing Animals/Slaughtered,An,2009,1850000.0,E
"Ginger, raw",Area harvested,ha,2009,45.0,E
"Ginger, raw",Yield,kg/ha,2009,2993.7,E
"Ginger, raw",Production,t,2009,134.72,I
"Goat fat, unrendered",Production,t,2009,1132.41,I
"Goat fat, unrendered",Producing Animals/Slaughtered,An,2009,2800000.0,E
Goats,Stocks,An,2009,12823146.0,A
Groundnut oil,Production,t,2009,7500.0,X
"Groundnuts, excluding shelled",Area harvested,ha,2009,369000.0,A
"Groundnuts, excluding shelled",Yield,kg/ha,2009,699.1,A
"Groundnuts, excluding shelled",Production,t,2009,257967.0,A
"Hen eggs in shell, fresh",Yield,No/An,2009,83.0,E
"Hen eggs in shell, fresh",Yield/Carcass Weight,g/An,2009,4986.0,E
"Hen eggs in shell, fresh",Production,t,2009,42129.0,A
"Hen eggs in shell, fresh",Production,1000 No,2009,702000.0,E
"Hen eggs in shell, fresh",Laying,1000 An,2009,8450.0,E
Maize (corn),Area harvested,ha,2009,942000.0,A
Maize (corn),Yield,kg/ha,2009,2499.6,A
Maize (corn),Production,t,2009,2354664.0,A
"Meat of cattle with the bone, fresh or chilled",Yield/Carcass Weight,kg/An,2009,150.0,E
"Meat of cattle with the bone, fresh or chilled",Production,t,2009,175049.0,A
"Meat of cattle with the bone, fresh or chilled",Producing Animals/Slaughtered,An,2009,1170000.0,E
"Meat of chickens, fresh or chilled",Yield/Carcass Weight,g/An,2009,1300.0,E
"Meat of chickens, fresh or chilled",Production,t,2009,51750.0,E
"Meat of chickens, fresh or chilled",Producing Animals/Slaughtered,1000 An,2009,39800.0,E
"Meat of goat, fresh or chilled",Yield/Carcass Weight,kg/An,2009,12.0,E
"Meat of goat, fresh or chilled",Production,t,2009,32640.0,A
"Meat of goat, fresh or chilled",Producing Animals/Slaughtered,An,2009,2800000.0,E
"Meat of pig with the bone, fresh or chilled",Yield/Carcass Weight,kg/An,2009,60.0,E
"Meat of pig with the bone, fresh or chilled",Production,t,2009,111000.0,E
"Meat of pig with the bone, fresh or chilled",Producing Animals/Slaughtered,An,2009,1850000.0,E
"Meat of sheep, fresh or chilled",Yield/Carcass Weight,kg/An,2009,14.0,E
"Meat of sheep, fresh or chilled",Production,t,2009,5625.34,I
"Meat of sheep, fresh or chilled",Producing Animals/Slaughtered,An,2009,414599.0,I
Millet,Area harvested,ha,2009,192000.0,A
Millet,Yield,kg/ha,2009,1302.1,A
Millet,Production,t,2009,250000.0,A
Molasses,Production,t,2009,100000.0,X
Oil of sesame seed,Production,t,2009,26500.0,X
"Onions and shallots, dry (excluding dehydrated)",Area harvested,ha,2009,69661.0,I
"Onions and shallots, dry (excluding dehydrated)",Yield,kg/ha,2009,3946.2,E
"Onions and shallots, dry (excluding dehydrated)",Production,t,2009,274892.95,I
"Other fruits, n.e.c.",Area harvested,ha,2009,7793.0,I
"Other fruits, n.e.c.",Yield,kg/ha,2009,6687.1,E
"Other fruits, n.e.c.",Production,t,2009,52110.28,I
"Other meat of mammals, fresh or chilled",Production,t,2009,25774.3,I
"Other oil seeds, n.e.c.",Area harvested,ha,2009,46465.0,I
"Other oil seeds, n.e.c.",Yield,kg/ha,2009,827.2,E
"Other oil seeds, n.e.c.",Production,t,2009,38436.47,I
"Other vegetables, fresh n.e.c.",Area harvested,ha,2009,123052.0,I
"Other vegetables, fresh n.e.c.",Yield,kg/ha,2009,5760.7,E
"Other vegetables, fresh n.e.c.",Production,t,2009,708864.6,I
"Peas, dry",Area harvested,ha,2009,42000.0,A
"Peas, dry",Yield,kg/ha,2009,404.8,A
"Peas, dry",Production,t,2009,17000.0,A
"Pepper (Piper spp.), raw",Area harvested,ha,2009,2230.0,I
"Pepper (Piper spp.), raw",Yield,kg/ha,2009,997.5,E
"Pepper (Piper spp.), raw",Production,t,2009,2224.23,I
"Pigeon peas, dry",Area harvested,ha,2009,31000.0,A
"Pigeon peas, dry",Yield,kg/ha,2009,419.4,A
"Pigeon peas, dry",Production,t,2009,13000.0,A
Pineapples,Area harvested,ha,2009,340.0,E
Pineapples,Yield,kg/ha,2009,7352.9,E
Pineapples,Production,t,2009,2500.0,E
Plantains and cooking bananas,Area harvested,ha,2009,942000.0,A
Plantains and cooking bananas,Yield,kg/ha,2009,4800.4,A
Plantains and cooking bananas,Production,t,2009,4522000.0,A
Potatoes,Area harvested,ha,2009,35000.0,A
Potatoes,Yield,kg/ha,2009,4628.6,A
Potatoes,Production,t,2009,162000.0,A
Raw cane or beet sugar (centrifugal only),Production,t,2009,287390.0,X
Raw hides and skins of cattle,Yield/Carcass Weight,kg/An,2009,21.0,E
Raw hides and skins of cattle,Production,t,2009,24798.61,I
Raw hides and skins of cattle,Producing Animals/Slaughtered,An,2009,1170000.0,E
Raw hides and skins of goats or kids,Yield/Carcass Weight,kg/An,2009,2.0,E
Raw hides and skins of goats or kids,Production,t,2009,6661.22,I
Raw hides and skins of goats or kids,Producing Animals/Slaughtered,An,2009,2800000.0,E
Raw hides and skins of sheep or lambs,Yield/Carcass Weight,kg/An,2009,2.0,E
Raw hides and skins of sheep or lambs,Production,t,2009,987.3,I
Raw hides and skins of sheep or lambs,Producing Animals/Slaughtered,An,2009,414599.0,I
Raw milk of cattle,Yield/Carcass Weight,kg/An,2009,417.0,E
Raw milk of cattle,Production,t,2009,1377000.0,A
Raw milk of cattle,Milk Animals,An,2009,3300000.0,E
Rice,Area harvested,ha,2009,86000.0,A
Rice,Yield,kg/ha,2009,2392.6,A
Rice,Production,t,2009,205765.0,A
"Seed cotton, unginned",Area harvested,ha,2009,70000.0,X
"Seed cotton, unginned",Yield,kg/ha,2009,757.1,E
"Seed cotton, unginned",Production,t,2009,53000.0,E
Sesame seed,Area harvested,ha,2009,192000.0,A
Sesame seed,Yield,kg/ha,2009,599.0,A
Sesame seed,Production,t,2009,115000.0,A
Sheep,Stocks,An,2009,1810785.0,I
"Sheep fat, unrendered",Production,t,2009,126.28,I
"Sheep fat, unrendered",Producing Animals/Slaughtered,An,2009,414599.0,I
"Sisal, raw",Area harvested,ha,2009,2.0,I
"Sisal, raw",Yield,kg/ha,2009,1664.2,E
"Sisal, raw",Production,t,2009,2.91,I
Skim milk of cows,Production,t,2009,5771.25,I
Sorghum,Area harvested,ha,2009,340000.0,A
Sorghum,Yield,kg/ha,2009,1100.9,A
Sorghum,Production,t,2009,374309.0,A
Soya bean oil,Production,t,2009,25400.0,X
Soya beans,Area harvested,ha,2009,45000.0,A
Soya beans,Yield,kg/ha,2009,600.0,A
Soya beans,Production,t,2009,27000.0,A
Sugar cane,Area harvested,ha,2009,47200.0,E
Sugar cane,Yield,kg/ha,2009,69915.3,E
Sugar cane,Production,t,2009,3300000.0,E
Sunflower seed,Area harvested,ha,2009,195000.0,A
Sunflower seed,Yield,kg/ha,2009,1200.0,A
Sunflower seed,Production,t,2009,234000.0,A
"Sunflower-seed oil, crude",Production,t,2009,75800.0,X
Sweet potatoes,Area harvested,ha,2009,463000.0,A
Sweet potatoes,Yield,kg/ha,2009,4196.5,A
Sweet potatoes,Production,t,2009,1943000.0,A
Swine / pigs,Stocks,An,2009,2229000.0,X
Tea leaves,Area harvested,ha,2009,25000.0,E
Tea leaves,Yield,kg/ha,2009,8480.0,E
Tea leaves,Production,t,2009,212000.0,E
Tomatoes,Area harvested,ha,2009,4828.0,I
Tomatoes,Yield,kg/ha,2009,5800.0,E
Tomatoes,Production,t,2009,28005.43,I
Unmanufactured tobacco,Area harvested,ha,2009,14000.0,E
Unmanufactured tobacco,Yield,kg/ha,2009,1346.1,E
Unmanufactured tobacco,Production,t,2009,18846.0,A
"Vanilla, raw",Area harvested,ha,2009,500.0,E
"Vanilla, raw",Yield,kg/ha,2009,500.0,E
"Vanilla, raw",Production,t,2009,250.0,E
Wheat,Area harvested,ha,2009,12000.0,A
Wheat,Yield,kg/ha,2009,1666.7,A
Wheat,Production,t,2009,20000.0,A
Whole milk powder,Production,t,2009,2200.0,E
"Whole milk, condensed",Production,t,2009,6.08,I
"Beef and Buffalo Meat, primary",Yield/Carcass Weight,kg/An,2009,150.0,E
"Beef and Buffalo Meat, primary",Production,t,2009,175049.0,A
"Beef and Buffalo Meat, primary",Producing Animals/Slaughtered,An,2009,1170000.0,E
Butter and Ghee,Production,t,2009,303.75,E
Cattle and Buffaloes,Stocks,An,2009,11751002.0,A
"Cereals, primary",Area harvested,ha,2009,1572000.0,A
"Cereals, primary",Yield,kg/ha,2009,2038.6,A
"Cereals, primary",Production,t,2009,3204738.0,A
Eggs Primary,Yield/Carcass Weight,g/An,2009,4986.0,E
Eggs Primary,Production,t,2009,42129.0,A
Eggs Primary,Laying,1000 An,2009,8450.0,E
Evaporated & Condensed Milk,Production,t,2009,6.08,E
"Fibre Crops, Fibre Equivalent",Area harvested,ha,2009,70002.0,E
"Fibre Crops, Fibre Equivalent",Yield,kg/ha,2009,265.0,E
"Fibre Crops, Fibre Equivalent",Production,t,2009,18552.91,E
Fruit Primary,Area harvested,ha,2009,950133.0,A
Fruit Primary,Yield,kg/ha,2009,4816.8,A
Fruit Primary,Production,t,2009,4576610.28,A
"Meat, Poultry",Yield/Carcass Weight,g/An,2009,1300.0,E
"Meat, Poultry",Production,t,2009,51750.0,E
"Meat, Poultry",Producing Animals/Slaughtered,1000 An,2009,39800.0,E
"Meat, Total",Production,t,2009,401838.64,E
"Milk, Total",Yield/Carcass Weight,kg/An,2009,417.0,E
"Milk, Total",Production,t,2009,1377000.0,A
"Milk, Total",Milk Animals,An,2009,3300000.0,E
"Oilcrops, Cake Equivalent",Area harvested,ha,2009,917465.0,E
"Oilcrops, Cake Equivalent",Yield,kg/ha,2009,357.6,E
"Oilcrops, Cake Equivalent",Production,t,2009,328078.24,E
"Oilcrops, Oil Equivalent",Area harvested,ha,2009,920465.0,E
"Oilcrops, Oil Equivalent",Yield,kg/ha,2009,266.1,E
"Oilcrops, Oil Equivalent",Production,t,2009,244913.44,E
Poultry Birds,Stocks,1000 An,2009,31500.0,X
"Pulses, Total",Area harvested,ha,2009,724931.0,A
"Pulses, Total",Yield,kg/ha,2009,1338.6,A
"Pulses, Total",Production,t,2009,970400.0,A
"Roots and Tubers, Total",Area harvested,ha,2009,909000.0,A
"Roots and Tubers, Total",Yield,kg/ha,2009,5563.4,A
"Roots and Tubers, Total",Production,t,2009,5057171.0,A
Sheep and Goat Meat,Yield/Carcass Weight,kg/An,2009,12.0,E
Sheep and Goat Meat,Production,t,2009,38265.34,A
Sheep and Goat Meat,Producing Animals/Slaughtered,An,2009,3214599.0,E
Sheep and Goats,Stocks,An,2009,14633931.0,A
Sugar Crops Primary,Area harvested,ha,2009,47200.0,E
Sugar Crops Primary,Yield,kg/ha,2009,69915.3,E
Sugar Crops Primary,Production,t,2009,3300000.0,E
Vegetables Primary,Area harvested,ha,2009,197542.0,E
Vegetables Primary,Yield,kg/ha,2009,5121.8,E
Vegetables Primary,Production,t,2009,1011762.98,E
Asses,Stocks,An,2010,19000.0,E
"Beans, dry",Area harvested,ha,2010,633000.0,A
"Beans, dry",Yield,kg/ha,2010,1499.2,A
"Beans, dry",Production,t,2010,949000.0,A
"Beer of barley, malted",Production,t,2010,263500.0,A
Bees,Stocks,No,2010,77800.0,E
Beeswax,Production,t,2010,1250.0,E
Butter of cow milk,Production,t,2010,735.32,I
"Buttermilk, dry",Production,t,2010,0.0,I
"Cassava, fresh",Area harvested,ha,2010,490819.0,I
"Cassava, fresh",Yield,kg/ha,2010,6147.1,E
"Cassava, fresh",Production,t,2010,3017118.0,A
Castor oil seeds,Area harvested,ha,2010,3000.0,X
Castor oil seeds,Yield,kg/ha,2010,333.3,X
Castor oil seeds,Production,t,2010,1000.0,X
Cattle,Stocks,An,2010,12103532.0,A
"Cattle fat, unrendered",Production,t,2010,3756.25,I
"Cattle fat, unrendered",Producing Animals/Slaughtered,An,2010,1202000.0,E
"Chick peas, dry",Area harvested,ha,2010,8200.0,E
"Chick peas, dry",Yield,kg/ha,2010,548.8,E
"Chick peas, dry",Production,t,2010,4500.0,E
Chickens,Stocks,1000 An,2010,34680.0,X
"Chillies and peppers, dry (Capsicum spp., Pimenta spp.), raw",Area harvested,ha,2010,3541.0,I
"Chillies and peppers, dry (Capsicum spp., Pimenta spp.), raw",Yield,kg/ha,2010,966.9,E
"Chillies and peppers, dry (Capsicum spp., Pimenta spp.), raw",Production,t,2010,3423.4,I
Cocoa beans,Area harvested,ha,2010,41841.0,I
Cocoa beans,Yield,kg/ha,2010,358.5,E
Cocoa beans,Production,t,2010,15000.0,X
"Coffee, green",Area harvested,ha,2010,272593.0,I
"Coffee, green",Yield,kg/ha,2010,612.5,E
"Coffee, green",Production,t,2010,166968.0,A
"Cotton lint, ginned",Production,t,2010,25768.0,A
Cotton seed,Production,t,2010,50091.0,A
Cottonseed oil,Production,t,2010,5000.0,X
"Cow peas, dry",Area harvested,ha,2010,24000.0,A
"Cow peas, dry",Yield,kg/ha,2010,500.0,A
"Cow peas, dry",Production,t,2010,12000.0,A
"Edible offal of cattle, fresh, chilled or frozen",Production,t,2010,30425.63,I
"Edible offal of cattle, fresh, chilled or frozen",Producing Animals/Slaughtered,An,2010,1202000.0,E
"Edible offal of goat, fresh, chilled or frozen",Production,t,2010,10291.53,I
"Edible offal of goat, fresh, chilled or frozen",Producing Animals/Slaughtered,An,2010,2900000.0,E
"Edible offal of pigs, fresh, chilled or frozen",Production,t,2010,9472.13,I
"Edible offal of pigs, fresh, chilled or frozen",Producing Animals/Slaughtered,An,2010,1885000.0,E
"Edible offal of sheep, fresh, chilled or frozen",Production,t,2010,1228.46,I
"Edible offal of sheep, fresh, chilled or frozen",Producing Animals/Slaughtered,An,2010,417731.0,I
Fat of pigs,Production,t,2010,9472.13,I
Fat of pigs,Producing Animals/Slaughtered,An,2010,1885000.0,E
"Ginger, raw",Area harvested,ha,2010,48.0,E
"Ginger, raw",Yield,kg/ha,2010,3033.5,E
"Ginger, raw",Production,t,2010,145.61,I
"Goat fat, unrendered",Production,t,2010,1166.37,I
"Goat fat, unrendered",Producing Animals/Slaughtered,An,2010,2900000.0,E
Goats,Stocks,An,2010,13207840.0,A
"Green tea (not fermented), black tea (fermented) and partly fermented tea, in immediate packings of a content not exceeding 3 kg",Production,t,2010,49182.0,A
Groundnut oil,Production,t,2010,5600.0,X
"Groundnuts, excluding shelled",Area harvested,ha,2010,394000.0,A
"Groundnuts, excluding shelled",Yield,kg/ha,2010,699.9,A
"Groundnuts, excluding shelled",Production,t,2010,275767.0,A
"Hen eggs in shell, fresh",Yield,No/An,2010,83.0,E
"Hen eggs in shell, fresh",Yield/Carcass Weight,g/An,2010,4988.0,E
"Hen eggs in shell, fresh",Production,t,2010,43393.0,A
"Hen eggs in shell, fresh",Production,1000 No,2010,725000.0,E
"Hen eggs in shell, fresh",Laying,1000 An,2010,8700.0,E
Maize (corn),Area harvested,ha,2010,1032000.0,A
Maize (corn),Yield,kg/ha,2010,2299.9,A
Maize (corn),Production,t,2010,2373501.0,A
"Meat of cattle with the bone, fresh or chilled",Yield/Carcass Weight,kg/An,2010,150.0,E
"Meat of cattle with the bone, fresh or chilled",Production,t,2010,180300.0,A
"Meat of cattle with the bone, fresh or chilled",Producing Animals/Slaughtered,An,2010,1202000.0,E
"Meat of chickens, fresh or chilled",Yield/Carcass Weight,g/An,2010,1301.0,E
"Meat of chickens, fresh or chilled",Production,t,2010,62300.0,E
"Meat of chickens, fresh or chilled",Producing Animals/Slaughtered,1000 An,2010,47900.0,E
"Meat of goat, fresh or chilled",Yield/Carcass Weight,kg/An,2010,12.0,E
"Meat of goat, fresh or chilled",Production,t,2010,33619.0,A
"Meat of goat, fresh or chilled",Producing Animals/Slaughtered,An,2010,2900000.0,E
"Meat of pig with the bone, fresh or chilled",Yield/Carcass Weight,kg/An,2010,60.0,E
"Meat of pig with the bone, fresh or chilled",Production,t,2010,113100.0,E
"Meat of pig with the bone, fresh or chilled",Producing Animals/Slaughtered,An,2010,1885000.0,E
"Meat of sheep, fresh or chilled",Yield/Carcass Weight,kg/An,2010,13.0,E
"Meat of sheep, fresh or chilled",Production,t,2010,5472.23,I
"Meat of sheep, fresh or chilled",Producing Animals/Slaughtered,An,2010,417731.0,I
Millet,Area harvested,ha,2010,167000.0,A
Millet,Yield,kg/ha,2010,1604.8,A
Millet,Production,t,2010,268000.0,A
Molasses,Production,t,2010,112000.0,X
Oil of sesame seed,Production,t,2010,27700.0,X
"Onions and shallots, dry (excluding dehydrated)",Area harvested,ha,2010,74933.0,I
"Onions and shallots, dry (excluding dehydrated)",Yield,kg/ha,2010,3950.6,E
"Onions and shallots, dry (excluding dehydrated)",Production,t,2010,296032.33,I
"Other fruits, n.e.c.",Area harvested,ha,2010,7800.0,E
"Other fruits, n.e.c.",Yield,kg/ha,2010,6666.7,E
"Other fruits, n.e.c.",Production,t,2010,52000.0,E
"Other meat of mammals, fresh or chilled",Production,t,2010,26587.13,I
"Other oil seeds, n.e.c.",Area harvested,ha,2010,47626.0,I
"Other oil seeds, n.e.c.",Yield,kg/ha,2010,840.0,E
"Other oil seeds, n.e.c.",Production,t,2010,40003.83,I
"Other vegetables, fresh n.e.c.",Area harvested,ha,2010,135000.0,E
"Other vegetables, fresh n.e.c.",Yield,kg/ha,2010,5629.6,E
"Other vegetables, fresh n.e.c.",Production,t,2010,760000.0,E
"Peas, dry",Area harvested,ha,2010,28000.0,A
"Peas, dry",Yield,kg/ha,2010,606.8,A
"Peas, dry",Production,t,2010,16990.0,A
"Pepper (Piper spp.), raw",Area harvested,ha,2010,2115.0,I
"Pepper (Piper spp.), raw",Yield,kg/ha,2010,1026.3,E
"Pepper (Piper spp.), raw",Production,t,2010,2170.35,I
"Pigeon peas, dry",Area harvested,ha,2010,32000.0,A
"Pigeon peas, dry",Yield,kg/ha,2010,406.3,A
"Pigeon peas, dry",Production,t,2010,13000.0,A
Pineapples,Area harvested,ha,2010,350.0,E
Pineapples,Yield,kg/ha,2010,8000.0,E
Pineapples,Production,t,2010,2800.0,E
Plantains and cooking bananas,Area harvested,ha,2010,978000.0,A
Plantains and cooking bananas,Yield,kg/ha,2010,4800.0,A
Plantains and cooking bananas,Production,t,2010,4694400.0,A
Potatoes,Area harvested,ha,2010,35000.0,A
Potatoes,Yield,kg/ha,2010,4771.4,A
Potatoes,Production,t,2010,167000.0,A
Raw cane or beet sugar (centrifugal only),Production,t,2010,269000.0,X
Raw hides and skins of cattle,Yield/Carcass Weight,kg/An,2010,21.0,E
Raw hides and skins of cattle,Production,t,2010,25542.5,I
Raw hides and skins of cattle,Producing Animals/Slaughtered,An,2010,1202000.0,E
Raw hides and skins of goats or kids,Yield/Carcass Weight,kg/An,2010,2.0,E
Raw hides and skins of goats or kids,Production,t,2010,6861.02,I
Raw hides and skins of goats or kids,Producing Animals/Slaughtered,An,2010,2900000.0,E
Raw hides and skins of sheep or lambs,Yield/Carcass Weight,kg/An,2010,2.0,E
Raw hides and skins of sheep or lambs,Production,t,2010,960.43,I
Raw hides and skins of sheep or lambs,Producing Animals/Slaughtered,An,2010,417731.0,I
Raw milk of cattle,Yield/Carcass Weight,kg/An,2010,417.0,E
Raw milk of cattle,Production,t,2010,1418000.0,A
Raw milk of cattle,Milk Animals,An,2010,3400000.0,E
Rice,Area harvested,ha,2010,87000.0,A
Rice,Yield,kg/ha,2010,2507.0,A
Rice,Production,t,2010,218111.0,A
"Seed cotton, unginned",Area harvested,ha,2010,80000.0,X
"Seed cotton, unginned",Yield,kg/ha,2010,1043.8,E
"Seed cotton, unginned",Production,t,2010,83500.0,E
Sesame seed,Area harvested,ha,2010,198000.0,A
Sesame seed,Yield,kg/ha,2010,601.0,A
Sesame seed,Production,t,2010,119000.0,A
Sheep,Stocks,An,2010,1893578.0,I
"Sheep fat, unrendered",Production,t,2010,122.85,I
"Sheep fat, unrendered",Producing Animals/Slaughtered,An,2010,417731.0,I
"Sisal, raw",Area harvested,ha,2010,2.0,I
"Sisal, raw",Yield,kg/ha,2010,1667.6,E
"Sisal, raw",Production,t,2010,3.29,I
Skim milk and whey powder,Production,t,2010,1220.85,I
Skim milk of cows,Production,t,2010,13971.15,I
Sorghum,Area harvested,ha,2010,355000.0,A
Sorghum,Yield,kg/ha,2010,1100.8,A
Sorghum,Production,t,2010,390779.0,A
Soya bean oil,Production,t,2010,25200.0,X
Soya beans,Area harvested,ha,2010,45000.0,A
Soya beans,Yield,kg/ha,2010,600.0,A
Soya beans,Production,t,2010,27000.0,A
Sugar cane,Area harvested,ha,2010,47589.0,I
Sugar cane,Yield,kg/ha,2010,69764.0,E
Sugar cane,Production,t,2010,3320000.0,E
Sunflower seed,Area harvested,ha,2010,207000.0,A
Sunflower seed,Yield,kg/ha,2010,1332.2,A
Sunflower seed,Production,t,2010,275767.0,A
"Sunflower-seed oil, crude",Production,t,2010,83400.0,X
Sweet potatoes,Area harvested,ha,2010,442000.0,A
Sweet potatoes,Yield,kg/ha,2010,4495.5,A
Sweet potatoes,Production,t,2010,1987000.0,A
Swine / pigs,Stocks,An,2010,2297000.0,X
Tea leaves,Area harvested,ha,2010,25000.0,I
Tea leaves,Yield,kg/ha,2010,8559.9,E
Tea leaves,Production,t,2010,214000.0,E
Tomatoes,Area harvested,ha,2010,5500.0,E
Tomatoes,Yield,kg/ha,2010,5636.4,E
Tomatoes,Production,t,2010,31000.0,E
Unmanufactured tobacco,Area harvested,ha,2010,20359.0,I
Unmanufactured tobacco,Yield,kg/ha,2010,1333.0,E
Unmanufactured tobacco,Production,t,2010,27138.0,A
"Vanilla, raw",Area harvested,ha,2010,500.0,E
"Vanilla, raw",Yield,kg/ha,2010,500.0,E
"Vanilla, raw",Production,t,2010,250.0,E
Wheat,Area harvested,ha,2010,12000.0,A
Wheat,Yield,kg/ha,2010,1666.7,A
Wheat,Production,t,2010,20000.0,A
Whole milk powder,Production,t,2010,2200.0,E
"Whole milk, condensed",Production,t,2010,160.29,I
"Beef and Buffalo Meat, primary",Yield/Carcass Weight,kg/An,2010,150.0,E
"Beef and Buffalo Meat, primary",Production,t,2010,180300.0,A
"Beef and Buffalo Meat, primary",Producing Animals/Slaughtered,An,2010,1202000.0,E
Butter and Ghee,Production,t,2010,735.32,E
Cattle and Buffaloes,Stocks,An,2010,12103532.0,A
"Cereals, primary",Area harvested,ha,2010,1653000.0,A
"Cereals, primary",Yield,kg/ha,2010,1978.5,A
"Cereals, primary",Production,t,2010,3270391.0,A
Eggs Primary,Yield/Carcass Weight,g/An,2010,4988.0,E
Eggs Primary,Production,t,2010,43393.0,A
Eggs Primary,Laying,1000 An,2010,8700.0,E
Evaporated & Condensed Milk,Production,t,2010,160.29,E
"Fibre Crops, Fibre Equivalent",Area harvested,ha,2010,80002.0,E
"Fibre Crops, Fibre Equivalent",Yield,kg/ha,2010,365.3,E
"Fibre Crops, Fibre Equivalent",Production,t,2010,29228.29,E
Fruit Primary,Area harvested,ha,2010,986150.0,A
Fruit Primary,Yield,kg/ha,2010,4815.9,A
Fruit Primary,Production,t,2010,4749200.0,A
"Meat, Poultry",Yield/Carcass Weight,g/An,2010,1301.0,E
"Meat, Poultry",Production,t,2010,62300.0,E
"Meat, Poultry",Producing Animals/Slaughtered,1000 An,2010,47900.0,E
"Meat, Total",Production,t,2010,421378.36,E
"Milk, Total",Yield/Carcass Weight,kg/An,2010,417.0,E
"Milk, Total",Production,t,2010,1418000.0,A
"Milk, Total",Milk Animals,An,2010,3400000.0,E
"Oilcrops, Cake Equivalent",Area harvested,ha,2010,971626.0,E
"Oilcrops, Cake Equivalent",Yield,kg/ha,2010,378.0,E
"Oilcrops, Cake Equivalent",Production,t,2010,367252.8,E
"Oilcrops, Oil Equivalent",Area harvested,ha,2010,974626.0,E
"Oilcrops, Oil Equivalent",Yield,kg/ha,2010,279.7,E
"Oilcrops, Oil Equivalent",Production,t,2010,272642.52,E
Poultry Birds,Stocks,1000 An,2010,34680.0,X
"Pulses, Total",Area harvested,ha,2010,725200.0,A
"Pulses, Total",Yield,kg/ha,2010,1372.7,A
"Pulses, Total",Production,t,2010,995490.0,A
"Roots and Tubers, Total",Area harvested,ha,2010,967819.0,E
"Roots and Tubers, Total",Yield,kg/ha,2010,5343.1,E
"Roots and Tubers, Total",Production,t,2010,5171118.0,A
Sheep and Goat Meat,Yield/Carcass Weight,kg/An,2010,12.0,E
Sheep and Goat Meat,Production,t,2010,39091.23,A
Sheep and Goat Meat,Producing Animals/Slaughtered,An,2010,3317731.0,E
Sheep and Goats,Stocks,An,2010,15101418.0,A
"Skim Milk & Buttermilk, Dry",Production,t,2010,1220.85,E
Sugar Crops Primary,Area harvested,ha,2010,47589.0,E
Sugar Crops Primary,Yield,kg/ha,2010,69764.0,E
Sugar Crops Primary,Production,t,2010,3320000.0,E
Vegetables Primary,Area harvested,ha,2010,215433.0,E
Vegetables Primary,Yield,kg/ha,2010,5045.8,E
Vegetables Primary,Production,t,2010,1087032.33,E
Asses,Stocks,An,2011,19200.0,E
"Beans, dry",Area harvested,ha,2011,653889.0,A
"Beans, dry",Yield,kg/ha,2011,1400.0,A
"Beans, dry",Production,t,2011,915445.0,A
"Beer of barley, malted",Production,t,2011,302000.0,X
Bees,Stocks,No,2011,78000.0,E
Beeswax,Production,t,2011,1300.0,E
Butter of cow milk,Production,t,2011,579.84,I
"Buttermilk, dry",Production,t,2011,0.0,I
"Cassava, fresh",Area harvested,ha,2011,552214.0,I
"Cassava, fresh",Yield,kg/ha,2011,4911.1,E
"Cassava, fresh",Production,t,2011,2712000.0,A
Castor oil seeds,Area harvested,ha,2011,3000.0,X
Castor oil seeds,Yield,kg/ha,2011,333.3,X
Castor oil seeds,Production,t,2011,1000.0,X
Cattle,Stocks,An,2011,12466638.0,A
"Cattle fat, unrendered",Production,t,2011,3868.94,I
"Cattle fat, unrendered",Producing Animals/Slaughtered,An,2011,1240000.0,E
"Chick peas, dry",Area harvested,ha,2011,7945.0,I
"Chick peas, dry",Yield,kg/ha,2011,581.1,E
"Chick peas, dry",Production,t,2011,4617.46,I
Chickens,Stocks,1000 An,2011,34660.0,X
"Chillies and peppers, dry (Capsicum spp., Pimenta spp.), raw",Area harvested,ha,2011,3409.0,I
"Chillies and peppers, dry (Capsicum spp., Pimenta spp.), raw",Yield,kg/ha,2011,972.9,E
"Chillies and peppers, dry (Capsicum spp., Pimenta spp.), raw",Production,t,2011,3316.48,I
Cocoa beans,Area harvested,ha,2011,49472.0,I
Cocoa beans,Yield,kg/ha,2011,363.8,E
Cocoa beans,Production,t,2011,18000.0,X
"Coffee, green",Area harvested,ha,2011,317080.0,I
"Coffee, green",Yield,kg/ha,2011,603.5,E
"Coffee, green",Production,t,2011,191371.0,A
"Cotton lint, ginned",Production,t,2011,47577.0,A
Cotton seed,Production,t,2011,86626.0,A
Cottonseed oil,Production,t,2011,8100.0,X
"Cow peas, dry",Area harvested,ha,2011,24720.0,A
"Cow peas, dry",Yield,kg/ha,2011,500.0,A
"Cow peas, dry",Production,t,2011,12360.0,A
"Edible offal of cattle, fresh, chilled or frozen",Production,t,2011,31338.39,I
"Edible offal of cattle, fresh, chilled or frozen",Producing Animals/Slaughtered,An,2011,1240000.0,E
"Edible offal of goat, fresh, chilled or frozen",Production,t,2011,10600.1,I
"Edible offal of goat, fresh, chilled or frozen",Producing Animals/Slaughtered,An,2011,2950000.0,E
"Edible offal of pigs, fresh, chilled or frozen",Production,t,2011,9798.75,I
"Edible offal of pigs, fresh, chilled or frozen",Producing Animals/Slaughtered,An,2011,1950000.0,E
"Edible offal of sheep, fresh, chilled or frozen",Production,t,2011,1199.19,I
"Edible offal of sheep, fresh, chilled or frozen",Producing Animals/Slaughtered,An,2011,418605.0,I
Fat of pigs,Production,t,2011,9798.75,I
Fat of pigs,Producing Animals/Slaughtered,An,2011,1950000.0,E
"Ginger, raw",Area harvested,ha,2011,50.0,E
"Ginger, raw",Yield,kg/ha,2011,3300.0,E
"Ginger, raw",Production,t,2011,165.0,E
"Goat fat, unrendered",Production,t,2011,1201.34,I
"Goat fat, unrendered",Producing Animals/Slaughtered,An,2011,2950000.0,E
Goats,Stocks,An,2011,13604075.0,A
"Green tea (not fermented), black tea (fermented) and partly fermented tea, in immediate packings of a content not exceeding 3 kg",Production,t,2011,35194.0,A
Groundnut oil,Production,t,2011,5000.0,X
"Groundnuts, excluding shelled",Area harvested,ha,2011,409000.0,A
"Groundnuts, excluding shelled",Yield,kg/ha,2011,799.5,A
"Groundnuts, excluding shelled",Production,t,2011,327000.0,A
"Hen eggs in shell, fresh",Yield,No/An,2011,83.0,E
"Hen eggs in shell, fresh",Yield/Carcass Weight,g/An,2011,4994.0,E
"Hen eggs in shell, fresh",Production,t,2011,44694.0,A
"Hen eggs in shell, fresh",Production,1000 No,2011,745000.0,E
"Hen eggs in shell, fresh",Laying,1000 An,2011,8950.0,E
Maize (corn),Area harvested,ha,2011,1062960.0,A
Maize (corn),Yield,kg/ha,2011,2399.9,A
Maize (corn),Production,t,2011,2551000.0,A
"Meat of cattle with the bone, fresh or chilled",Yield/Carcass Weight,kg/An,2011,150.0,E
"Meat of cattle with the bone, fresh or chilled",Production,t,2011,185709.0,A
"Meat of cattle with the bone, fresh or chilled",Producing Animals/Slaughtered,An,2011,1240000.0,E
"Meat of chickens, fresh or chilled",Yield/Carcass Weight,g/An,2011,1300.0,E
"Meat of chickens, fresh or chilled",Production,t,2011,62150.0,E
"Meat of chickens, fresh or chilled",Producing Animals/Slaughtered,1000 An,2011,47800.0,E
"Meat of goat, fresh or chilled",Yield/Carcass Weight,kg/An,2011,12.0,E
"Meat of goat, fresh or chilled",Production,t,2011,34627.0,A
"Meat of goat, fresh or chilled",Producing Animals/Slaughtered,An,2011,2950000.0,E
"Meat of pig with the bone, fresh or chilled",Yield/Carcass Weight,kg/An,2011,60.0,E
"Meat of pig with the bone, fresh or chilled",Production,t,2011,117000.0,E
"Meat of pig with the bone, fresh or chilled",Producing Animals/Slaughtered,An,2011,1950000.0,E
"Meat of sheep, fresh or chilled",Yield/Carcass Weight,kg/An,2011,13.0,E
"Meat of sheep, fresh or chilled",Production,t,2011,5341.86,I
"Meat of sheep, fresh or chilled",Producing Animals/Slaughtered,An,2011,418605.0,I
Millet,Area harvested,ha,2011,172000.0,A
Millet,Yield,kg/ha,2011,1492.8,A
Millet,Production,t,2011,256763.0,A
Molasses,Production,t,2011,102000.0,X
Oil of sesame seed,Production,t,2011,28800.0,X
"Onions and shallots, dry (excluding dehydrated)",Area harvested,ha,2011,69000.0,I
"Onions and shallots, dry (excluding dehydrated)",Yield,kg/ha,2011,3955.1,E
"Onions and shallots, dry (excluding dehydrated)",Production,t,2011,272900.82,I
"Other fruits, n.e.c.",Area harvested,ha,2011,7843.0,I
"Other fruits, n.e.c.",Yield,kg/ha,2011,6670.6,E
"Other fruits, n.e.c.",Production,t,2011,52316.53,I
"Other meat of mammals, fresh or chilled",Production,t,2011,30500.0,E
"Other oil seeds, n.e.c.",Area harvested,ha,2011,48000.0,E
"Other oil seeds, n.e.c.",Yield,kg/ha,2011,851.8,E
"Other oil seeds, n.e.c.",Production,t,2011,40888.68,I
"Other vegetables, fresh n.e.c.",Area harvested,ha,2011,135551.0,I
"Other vegetables, fresh n.e.c.",Yield,kg/ha,2011,6115.4,E
"Other vegetables, fresh n.e.c.",Production,t,2011,828947.13,I
"Peas, dry",Area harvested,ha,2011,28420.0,A
"Peas, dry",Yield,kg/ha,2011,600.0,A
"Peas, dry",Production,t,2011,17052.0,A
"Pepper (Piper spp.), raw",Area harvested,ha,2011,2006.0,I
"Pepper (Piper spp.), raw",Yield,kg/ha,2011,1054.2,E
"Pepper (Piper spp.), raw",Production,t,2011,2114.2,I
"Pigeon peas, dry",Area harvested,ha,2011,32768.0,A
"Pigeon peas, dry",Yield,kg/ha,2011,400.0,A
"Pigeon peas, dry",Production,t,2011,13107.0,A
Pineapples,Area harvested,ha,2011,350.0,E
Pineapples,Yield,kg/ha,2011,8571.4,E
Pineapples,Production,t,2011,3000.0,E
Plantains and cooking bananas,Area harvested,ha,2011,978976.0,A
Plantains and cooking bananas,Yield,kg/ha,2011,4800.0,A
Plantains and cooking bananas,Production,t,2011,4699094.0,A
Potatoes,Area harvested,ha,2011,36000.0,A
Potatoes,Yield,kg/ha,2011,4992.0,A
Potatoes,Production,t,2011,179712.0,A
Raw cane or beet sugar (centrifugal only),Production,t,2011,300000.0,X
Raw hides and skins of cattle,Yield/Carcass Weight,kg/An,2011,21.0,E
Raw hides and skins of cattle,Production,t,2011,26308.78,I
Raw hides and skins of cattle,Producing Animals/Slaughtered,An,2011,1240000.0,E
Raw hides and skins of goats or kids,Yield/Carcass Weight,kg/An,2011,2.0,E
Raw hides and skins of goats or kids,Production,t,2011,7066.73,I
Raw hides and skins of goats or kids,Producing Animals/Slaughtered,An,2011,2950000.0,E
Raw hides and skins of sheep or lambs,Yield/Carcass Weight,kg/An,2011,2.0,E
Raw hides and skins of sheep or lambs,Production,t,2011,937.55,I
Raw hides and skins of sheep or lambs,Producing Animals/Slaughtered,An,2011,418605.0,I
Raw milk of cattle,Yield/Carcass Weight,kg/An,2011,429.0,E
Raw milk of cattle,Production,t,2011,1460000.0,A
Raw milk of cattle,Milk Animals,An,2011,3400000.0,E
Rice,Area harvested,ha,2011,90000.0,A
Rice,Yield,kg/ha,2011,2588.9,A
Rice,Production,t,2011,233000.0,A
"Seed cotton, unginned",Area harvested,ha,2011,160000.0,X
"Seed cotton, unginned",Yield,kg/ha,2011,902.5,E
"Seed cotton, unginned",Production,t,2011,144400.0,E
Sesame seed,Area harvested,ha,2011,202752.0,A
Sesame seed,Yield,kg/ha,2011,700.0,A
Sesame seed,Production,t,2011,141926.0,A
Sheep,Stocks,An,2011,1974278.0,I
"Sheep fat, unrendered",Production,t,2011,119.92,I
"Sheep fat, unrendered",Producing Animals/Slaughtered,An,2011,418605.0,I
"Sisal, raw",Area harvested,ha,2011,2.0,I
"Sisal, raw",Yield,kg/ha,2011,1671.8,E
"Sisal, raw",Production,t,2011,3.43,I
Skim milk and whey powder,Production,t,2011,953.5,I
Skim milk of cows,Production,t,2011,11016.87,I
Sorghum,Area harvested,ha,2011,364000.0,A
Sorghum,Yield,kg/ha,2011,1200.5,A
Sorghum,Production,t,2011,437000.0,A
Soya bean oil,Production,t,2011,25000.0,X
Soya beans,Area harvested,ha,2011,45495.0,A
Soya beans,Yield,kg/ha,2011,700.0,A
Soya beans,Production,t,2011,31847.0,A
Sugar cane,Area harvested,ha,2011,52879.0,I
Sugar cane,Yield,kg/ha,2011,69025.5,E
Sugar cane,Production,t,2011,3650000.0,E
Sunflower seed,Area harvested,ha,2011,221000.0,A
Sunflower seed,Yield,kg/ha,2011,1199.1,A
Sunflower seed,Production,t,2011,265000.0,A
"Sunflower-seed oil, crude",Production,t,2011,92200.0,X
Sweet potatoes,Area harvested,ha,2011,449514.0,A
Sweet potatoes,Yield,kg/ha,2011,4000.0,A
Sweet potatoes,Production,t,2011,1798056.0,A
Swine / pigs,Stocks,An,2011,2377280.0,X
Tea leaves,Area harvested,ha,2011,17738.0,I
Tea leaves,Yield,kg/ha,2011,8625.4,E
Tea leaves,Production,t,2011,153000.0,E
Tomatoes,Area harvested,ha,2011,5178.0,I
Tomatoes,Yield,kg/ha,2011,5794.1,E
Tomatoes,Production,t,2011,30000.0,E
Unmanufactured tobacco,Area harvested,ha,2011,19289.0,I
Unmanufactured tobacco,Yield,kg/ha,2011,1474.6,E
Unmanufactured tobacco,Production,t,2011,28444.0,A
"Vanilla, raw",Area harvested,ha,2011,360.0,E
"Vanilla, raw",Yield,kg/ha,2011,500.0,E
"Vanilla, raw",Production,t,2011,180.0,E
Wheat,Area harvested,ha,2011,13000.0,A
Wheat,Yield,kg/ha,2011,1769.2,A
Wheat,Production,t,2011,23000.0,A
Whole milk powder,Production,t,2011,2200.0,E
"Whole milk, condensed",Production,t,2011,171.69,I
"Beef and Buffalo Meat, primary",Yield/Carcass Weight,kg/An,2011,150.0,E
"Beef and Buffalo Meat, primary",Production,t,2011,185709.0,A
"Beef and Buffalo Meat, primary",Producing Animals/Slaughtered,An,2011,1240000.0,E
Butter and Ghee,Production,t,2011,579.84,E
Cattle and Buffaloes,Stocks,An,2011,12466638.0,A
"Cereals, primary",Area harvested,ha,2011,1701960.0,A
"Cereals, primary",Yield,kg/ha,2011,2056.9,A
"Cereals, primary",Production,t,2011,3500763.0,A
Eggs Primary,Yield/Carcass Weight,g/An,2011,4994.0,E
Eggs Primary,Production,t,2011,44694.0,A
Eggs Primary,Laying,1000 An,2011,8950.0,E
Evaporated & Condensed Milk,Production,t,2011,171.69,E
"Fibre Crops, Fibre Equivalent",Area harvested,ha,2011,160002.0,E
"Fibre Crops, Fibre Equivalent",Yield,kg/ha,2011,315.9,E
"Fibre Crops, Fibre Equivalent",Production,t,2011,50543.43,E
Fruit Primary,Area harvested,ha,2011,987169.0,A
Fruit Primary,Yield,kg/ha,2011,4816.2,A
Fruit Primary,Production,t,2011,4754410.53,A
"Meat, Poultry",Yield/Carcass Weight,g/An,2011,1300.0,E
"Meat, Poultry",Production,t,2011,62150.0,E
"Meat, Poultry",Producing Animals/Slaughtered,1000 An,2011,47800.0,E
"Meat, Total",Production,t,2011,435327.86,E
"Milk, Total",Yield/Carcass Weight,kg/An,2011,429.0,E
"Milk, Total",Production,t,2011,1460000.0,A
"Milk, Total",Milk Animals,An,2011,3400000.0,E
"Oilcrops, Cake Equivalent",Area harvested,ha,2011,1086247.0,E
"Oilcrops, Cake Equivalent",Yield,kg/ha,2011,384.1,E
"Oilcrops, Cake Equivalent",Production,t,2011,417280.32,E
"Oilcrops, Oil Equivalent",Area harvested,ha,2011,1089247.0,E
"Oilcrops, Oil Equivalent",Yield,kg/ha,2011,276.1,E
"Oilcrops, Oil Equivalent",Production,t,2011,300732.76,E
Poultry Birds,Stocks,1000 An,2011,34660.0,X
"Pulses, Total",Area harvested,ha,2011,747742.0,A
"Pulses, Total",Yield,kg/ha,2011,1287.3,A
"Pulses, Total",Production,t,2011,962581.46,A
"Roots and Tubers, Total",Area harvested,ha,2011,1037728.0,E
"Roots and Tubers, Total",Yield,kg/ha,2011,4519.3,E
"Roots and Tubers, Total",Production,t,2011,4689768.0,A
Sheep and Goat Meat,Yield/Carcass Weight,kg/An,2011,12.0,E
Sheep and Goat Meat,Production,t,2011,39968.86,A
Sheep and Goat Meat,Producing Animals/Slaughtered,An,2011,3368605.0,E
Sheep and Goats,Stocks,An,2011,15578353.0,A
"Skim Milk & Buttermilk, Dry",Production,t,2011,953.5,E
Sugar Crops Primary,Area harvested,ha,2011,52879.0,E
Sugar Crops Primary,Yield,kg/ha,2011,69025.5,E
Sugar Crops Primary,Production,t,2011,3650000.0,E
Vegetables Primary,Area harvested,ha,2011,209729.0,E
Vegetables Primary,Yield,kg/ha,2011,5396.7,E
Vegetables Primary,Production,t,2011,1131847.95,E
Asses,Stocks,An,2012,19200.0,E
"Beans, dry",Area harvested,ha,2012,669000.0,A
"Beans, dry",Yield,kg/ha,2012,1299.9,A
"Beans, dry",Production,t,2012,869607.0,A
"Beer of barley, malted",Production,t,2012,354600.0,X
Bees,Stocks,No,2012,78300.0,E
Beeswax,Production,t,2012,1351.26,I
Butter of cow milk,Production,t,2012,268.8,I
"Buttermilk, dry",Production,t,2012,0.0,I
"Cassava, fresh",Area harvested,ha,2012,851000.0,A
"Cassava, fresh",Yield,kg/ha,2012,3297.3,A
"Cassava, fresh",Production,t,2012,2806000.0,A
Castor oil seeds,Area harvested,ha,2012,3000.0,X
Castor oil seeds,Yield,kg/ha,2012,333.3,X
Castor oil seeds,Production,t,2012,1000.0,X
Cattle,Stocks,An,2012,12805900.0,A
"Cattle fat, unrendered",Production,t,2012,3985.0,I
"Cattle fat, unrendered",Producing Animals/Slaughtered,An,2012,1275000.0,E
"Chick peas, dry",Area harvested,ha,2012,8000.0,E
"Chick peas, dry",Yield,kg/ha,2012,625.0,E
"Chick peas, dry",Production,t,2012,5000.0,E
Chickens,Stocks,1000 An,2012,37572.0,X
"Chillies and peppers, dry (Capsicum spp., Pimenta spp.), raw",Area harvested,ha,2012,2600.0,E
"Chillies and peppers, dry (Capsicum spp., Pimenta spp.), raw",Yield,kg/ha,2012,1000.0,E
"Chillies and peppers, dry (Capsicum spp., Pimenta spp.), raw",Production,t,2012,2600.0,E
Cocoa beans,Area harvested,ha,2012,42557.0,I
Cocoa beans,Yield,kg/ha,2012,376.0,E
Cocoa beans,Production,t,2012,16000.0,X
"Coffee, green",Area harvested,ha,2012,316923.0,I
"Coffee, green",Yield,kg/ha,2012,587.3,E
"Coffee, green",Production,t,2012,186125.0,A
"Cotton lint, ginned",Production,t,2012,18406.0,A
Cotton seed,Production,t,2012,32296.0,A
Cottonseed oil,Production,t,2012,11500.0,X
"Cow peas, dry",Area harvested,ha,2012,25462.0,A
"Cow peas, dry",Yield,kg/ha,2012,398.0,A
"Cow peas, dry",Production,t,2012,10135.0,A
"Edible offal of cattle, fresh, chilled or frozen",Production,t,2012,32278.5,I
"Edible offal of cattle, fresh, chilled or frozen",Producing Animals/Slaughtered,An,2012,1275000.0,E
"Edible offal of goat, fresh, chilled or frozen",Production,t,2012,10325.62,I
"Edible offal of goat, fresh, chilled or frozen",Producing Animals/Slaughtered,An,2012,3000000.0,E
"Edible offal of pigs, fresh, chilled or frozen",Production,t,2012,9631.25,I
"Edible offal of pigs, fresh, chilled or frozen",Producing Animals/Slaughtered,An,2012,1916000.0,E
"Edible offal of sheep, fresh, chilled or frozen",Production,t,2012,1165.34,I
"Edible offal of sheep, fresh, chilled or frozen",Producing Animals/Slaughtered,An,2012,415671.0,I
Fat of pigs,Production,t,2012,9631.25,I
Fat of pigs,Producing Animals/Slaughtered,An,2012,1916000.0,E
Ghee from cow milk,Production,t,2012,495.42,I
"Ginger, raw",Area harvested,ha,2012,50.0,E
"Ginger, raw",Yield,kg/ha,2012,3400.0,E
"Ginger, raw",Production,t,2012,170.0,E
"Goat fat, unrendered",Production,t,2012,1170.24,I
"Goat fat, unrendered",Producing Animals/Slaughtered,An,2012,3000000.0,E
Goats,Stocks,An,2012,14012198.0,A
"Green tea (not fermented), black tea (fermented) and partly fermented tea, in immediate packings of a content not exceeding 3 kg",Production,t,2012,57939.0,A
Groundnut oil,Production,t,2012,5400.0,X
"Groundnuts, excluding shelled",Area harvested,ha,2012,421000.0,A
"Groundnuts, excluding shelled",Yield,kg/ha,2012,700.7,A
"Groundnuts, excluding shelled",Production,t,2012,295000.0,A
"Hen eggs in shell, fresh",Yield,No/An,2012,93.0,E
"Hen eggs in shell, fresh",Yield/Carcass Weight,g/An,2012,5559.0,E
"Hen eggs in shell, fresh",Production,t,2012,45000.0,E
"Hen eggs in shell, fresh",Production,1000 No,2012,750000.0,E
"Hen eggs in shell, fresh",Laying,1000 An,2012,8094.0,I
Maize (corn),Area harvested,ha,2012,1093786.0,A
Maize (corn),Yield,kg/ha,2012,2499.6,A
Maize (corn),Production,t,2012,2734000.0,A
"Meat of cattle with the bone, fresh or chilled",Yield/Carcass Weight,kg/An,2012,150.0,E
"Meat of cattle with the bone, fresh or chilled",Production,t,2012,191280.0,A
"Meat of cattle with the bone, fresh or chilled",Producing Animals/Slaughtered,An,2012,1275000.0,E
"Meat of chickens, fresh or chilled",Yield/Carcass Weight,g/An,2012,1299.0,E
"Meat of chickens, fresh or chilled",Production,t,2012,63000.0,E
"Meat of chickens, fresh or chilled",Producing Animals/Slaughtered,1000 An,2012,48500.0,E
"Meat of goat, fresh or chilled",Yield/Carcass Weight,kg/An,2012,11.0,E
"Meat of goat, fresh or chilled",Production,t,2012,33730.36,I
"Meat of goat, fresh or chilled",Producing Animals/Slaughtered,An,2012,3000000.0,E
"Meat of pig with the bone, fresh or chilled",Yield/Carcass Weight,kg/An,2012,60.0,E
"Meat of pig with the bone, fresh or chilled",Production,t,2012,115000.0,E
"Meat of pig with the bone, fresh or chilled",Producing Animals/Slaughtered,An,2012,1916000.0,E
"Meat of sheep, fresh or chilled",Yield/Carcass Weight,kg/An,2012,12.0,E
"Meat of sheep, fresh or chilled",Production,t,2012,5191.08,I
"Meat of sheep, fresh or chilled",Producing Animals/Slaughtered,An,2012,415671.0,I
Millet,Area harvested,ha,2012,175000.0,A
Millet,Yield,kg/ha,2012,1396.8,A
Millet,Production,t,2012,244438.0,A
Molasses,Production,t,2012,128000.0,X
Oil of sesame seed,Production,t,2012,30700.0,X
"Onions and shallots, dry (excluding dehydrated)",Area harvested,ha,2012,71937.0,I
"Onions and shallots, dry (excluding dehydrated)",Yield,kg/ha,2012,3959.6,E
"Onions and shallots, dry (excluding dehydrated)",Production,t,2012,284837.28,I
"Other fruits, n.e.c.",Area harvested,ha,2012,8000.0,E
"Other fruits, n.e.c.",Yield,kg/ha,2012,6562.5,E
"Other fruits, n.e.c.",Production,t,2012,52500.0,E
"Other meat of mammals, fresh or chilled",Production,t,2012,28123.86,I
"Other oil seeds, n.e.c.",Area harvested,ha,2012,50000.0,E
"Other oil seeds, n.e.c.",Yield,kg/ha,2012,900.0,E
"Other oil seeds, n.e.c.",Production,t,2012,45000.0,E
"Other vegetables, fresh n.e.c.",Area harvested,ha,2012,136000.0,E
"Other vegetables, fresh n.e.c.",Yield,kg/ha,2012,6617.6,E
"Other vegetables, fresh n.e.c.",Production,t,2012,900000.0,E
"Peas, dry",Area harvested,ha,2012,28846.0,A
"Peas, dry",Yield,kg/ha,2012,400.4,A
"Peas, dry",Production,t,2012,11549.0,A
"Pepper (Piper spp.), raw",Area harvested,ha,2012,1500.0,E
"Pepper (Piper spp.), raw",Yield,kg/ha,2012,1166.7,E
"Pepper (Piper spp.), raw",Production,t,2012,1750.0,E
"Pigeon peas, dry",Area harvested,ha,2012,33000.0,A
"Pigeon peas, dry",Yield,kg/ha,2012,405.5,A
"Pigeon peas, dry",Production,t,2012,13382.0,A
Pineapples,Area harvested,ha,2012,350.0,E
Pineapples,Yield,kg/ha,2012,8857.1,E
Pineapples,Production,t,2012,3100.0,E
Plantains and cooking bananas,Area harvested,ha,2012,979000.0,A
Plantains and cooking bananas,Yield,kg/ha,2012,4599.9,A
Plantains and cooking bananas,Production,t,2012,4503299.0,A
Potatoes,Area harvested,ha,2012,37440.0,A
Potatoes,Yield,kg/ha,2012,4944.0,A
Potatoes,Production,t,2012,185103.0,A
Raw cane or beet sugar (centrifugal only),Production,t,2012,334000.0,X
Raw hides and skins of cattle,Yield/Carcass Weight,kg/An,2012,21.0,E
Raw hides and skins of cattle,Production,t,2012,27098.0,I
Raw hides and skins of cattle,Producing Animals/Slaughtered,An,2012,1275000.0,E
Raw hides and skins of goats or kids,Yield/Carcass Weight,kg/An,2012,2.0,E
Raw hides and skins of goats or kids,Production,t,2012,6883.75,I
Raw hides and skins of goats or kids,Producing Animals/Slaughtered,An,2012,3000000.0,E
Raw hides and skins of sheep or lambs,Yield/Carcass Weight,kg/An,2012,2.0,E
Raw hides and skins of sheep or lambs,Production,t,2012,911.09,I
Raw hides and skins of sheep or lambs,Producing Animals/Slaughtered,An,2012,415671.0,I
Raw milk of cattle,Yield/Carcass Weight,kg/An,2012,449.0,E
Raw milk of cattle,Production,t,2012,1549120.0,A
Raw milk of cattle,Milk Animals,An,2012,3450000.0,E
Rice,Area harvested,ha,2012,92000.0,A
Rice,Yield,kg/ha,2012,2304.3,A
Rice,Production,t,2012,212000.0,A
"Seed cotton, unginned",Area harvested,ha,2012,74000.0,X
"Seed cotton, unginned",Yield,kg/ha,2012,716.2,E
"Seed cotton, unginned",Production,t,2012,53000.0,E
Sesame seed,Area harvested,ha,2012,207000.0,A
Sesame seed,Yield,kg/ha,2012,599.0,A
Sesame seed,Production,t,2012,124000.0,A
Sheep,Stocks,An,2012,2044716.0,I
"Sheep fat, unrendered",Production,t,2012,116.53,I
"Sheep fat, unrendered",Producing Animals/Slaughtered,An,2012,415671.0,I
"Sisal, raw",Area harvested,ha,2012,2.0,I
"Sisal, raw",Yield,kg/ha,2012,1676.0,E
"Sisal, raw",Production,t,2012,3.58,I
Skim milk and whey powder,Production,t,2012,1242.04,I
Skim milk of cows,Production,t,2012,14980.81,I
Sorghum,Area harvested,ha,2012,373000.0,A
Sorghum,Yield,kg/ha,2012,900.8,A
Sorghum,Production,t,2012,336000.0,A
Soya bean oil,Production,t,2012,27600.0,X
Soya beans,Area harvested,ha,2012,45995.0,A
Soya beans,Yield,kg/ha,2012,500.1,A
Soya beans,Production,t,2012,23000.0,A
Sugar cane,Area harvested,ha,2012,54397.0,I
Sugar cane,Yield,kg/ha,2012,68937.6,E
Sugar cane,Production,t,2012,3750000.0,E
Sunflower seed,Area harvested,ha,2012,230000.0,A
Sunflower seed,Yield,kg/ha,2012,1000.0,A
Sunflower seed,Production,t,2012,230000.0,A
"Sunflower-seed oil, crude",Production,t,2012,87100.0,X
Sweet potatoes,Area harvested,ha,2012,452000.0,A
Sweet potatoes,Yield,kg/ha,2012,4097.8,A
Sweet potatoes,Production,t,2012,1852222.0,A
Swine / pigs,Stocks,An,2012,2439100.0,X
Tea leaves,Area harvested,ha,2012,28953.0,I
Tea leaves,Yield,kg/ha,2012,8703.8,E
Tea leaves,Production,t,2012,252000.0,E
Tomatoes,Area harvested,ha,2012,6000.0,E
Tomatoes,Yield,kg/ha,2012,5833.3,E
Tomatoes,Production,t,2012,35000.0,E
Unmanufactured tobacco,Area harvested,ha,2012,21383.0,I
Unmanufactured tobacco,Yield,kg/ha,2012,1449.8,E
Unmanufactured tobacco,Production,t,2012,31000.0,A
"Vanilla, raw",Area harvested,ha,2012,350.0,E
"Vanilla, raw",Yield,kg/ha,2012,485.7,E
"Vanilla, raw",Production,t,2012,170.0,E
Wheat,Area harvested,ha,2012,14000.0,A
Wheat,Yield,kg/ha,2012,1428.6,A
Wheat,Production,t,2012,20000.0,A
Whole milk powder,Production,t,2012,2200.0,E
"Whole milk, condensed",Production,t,2012,174.36,I
"Beef and Buffalo Meat, primary",Yield/Carcass Weight,kg/An,2012,150.0,E
"Beef and Buffalo Meat, primary",Production,t,2012,191280.0,A
"Beef and Buffalo Meat, primary",Producing Animals/Slaughtered,An,2012,1275000.0,E
Butter and Ghee,Production,t,2012,764.22,E
Cattle and Buffaloes,Stocks,An,2012,12805900.0,A
"Cereals, primary",Area harvested,ha,2012,1747786.0,A
"Cereals, primary",Yield,kg/ha,2012,2029.1,A
"Cereals, primary",Production,t,2012,3546438.0,A
Eggs Primary,Yield/Carcass Weight,g/An,2012,5559.0,E
Eggs Primary,Production,t,2012,45000.0,E
Eggs Primary,Laying,1000 An,2012,8094.0,E
Evaporated & Condensed Milk,Production,t,2012,174.36,E
"Fibre Crops, Fibre Equivalent",Area harvested,ha,2012,74002.0,E
"Fibre Crops, Fibre Equivalent",Yield,kg/ha,2012,250.7,E
"Fibre Crops, Fibre Equivalent",Production,t,2012,18553.58,E
Fruit Primary,Area harvested,ha,2012,987350.0,A
Fruit Primary,Yield,kg/ha,2012,4617.3,A
Fruit Primary,Production,t,2012,4558899.0,A
"Meat, Poultry",Yield/Carcass Weight,g/An,2012,1299.0,E
"Meat, Poultry",Production,t,2012,63000.0,E
"Meat, Poultry",Producing Animals/Slaughtered,1000 An,2012,48500.0,E
"Meat, Total",Production,t,2012,436325.29,E
"Milk, Total",Yield/Carcass Weight,kg/An,2012,449.0,E
"Milk, Total",Production,t,2012,1549120.0,A
"Milk, Total",Milk Animals,An,2012,3450000.0,E
"Oilcrops, Cake Equivalent",Area harvested,ha,2012,1027995.0,E
"Oilcrops, Cake Equivalent",Yield,kg/ha,2012,336.2,E
"Oilcrops, Cake Equivalent",Production,t,2012,345638.9,E
"Oilcrops, Oil Equivalent",Area harvested,ha,2012,1030995.0,E
"Oilcrops, Oil Equivalent",Yield,kg/ha,2012,251.7,E
"Oilcrops, Oil Equivalent",Production,t,2012,259502.4,E
Poultry Birds,Stocks,1000 An,2012,37572.0,X
"Pulses, Total",Area harvested,ha,2012,764308.0,A
"Pulses, Total",Yield,kg/ha,2012,1190.2,A
"Pulses, Total",Production,t,2012,909673.0,A
"Roots and Tubers, Total",Area harvested,ha,2012,1340440.0,A
"Roots and Tubers, Total",Yield,kg/ha,2012,3613.2,A
"Roots and Tubers, Total",Production,t,2012,4843325.0,A
Sheep and Goat Meat,Yield/Carcass Weight,kg/An,2012,11.0,E
Sheep and Goat Meat,Production,t,2012,38921.44,E
Sheep and Goat Meat,Producing Animals/Slaughtered,An,2012,3415671.0,E
Sheep and Goats,Stocks,An,2012,16056914.0,A
"Skim Milk & Buttermilk, Dry",Production,t,2012,1242.04,E
Sugar Crops Primary,Area harvested,ha,2012,54397.0,E
Sugar Crops Primary,Yield,kg/ha,2012,68937.6,E
Sugar Crops Primary,Production,t,2012,3750000.0,E
Vegetables Primary,Area harvested,ha,2012,213937.0,E
Vegetables Primary,Yield,kg/ha,2012,5701.9,E
Vegetables Primary,Production,t,2012,1219837.28,E
Asses,Stocks,An,2013,19200.0,E
"Beans, dry",Area harvested,ha,2013,672273.0,A
"Beans, dry",Yield,kg/ha,2013,1400.0,A
"Beans, dry",Production,t,2013,941182.0,A
"Beer of barley, malted",Production,t,2013,315000.0,X
Bees,Stocks,No,2013,78500.0,E
Beeswax,Production,t,2013,1280.7,I
Butter of cow milk,Production,t,2013,288.17,I
"Buttermilk, dry",Production,t,2013,0.0,I
"Cassava, fresh",Area harvested,ha,2013,851000.0,A
"Cassava, fresh",Yield,kg/ha,2013,3500.6,A
"Cassava, fresh",Production,t,2013,2979000.0,A
Castor oil seeds,Area harvested,ha,2013,3000.0,X
Castor oil seeds,Yield,kg/ha,2013,333.3,X
Castor oil seeds,Production,t,2013,1000.0,X
Cattle,Stocks,An,2013,12985900.0,A
"Cattle fat, unrendered",Production,t,2013,4146.0,I
"Cattle fat, unrendered",Producing Animals/Slaughtered,An,2013,1336000.0,E
"Chick peas, dry",Area harvested,ha,2013,8000.0,E
"Chick peas, dry",Yield,kg/ha,2013,625.0,E
"Chick peas, dry",Production,t,2013,5000.0,E
Chickens,Stocks,1000 An,2013,31680.0,A
"Chillies and peppers, dry (Capsicum spp., Pimenta spp.), raw",Area harvested,ha,2013,3164.0,I
"Chillies and peppers, dry (Capsicum spp., Pimenta spp.), raw",Yield,kg/ha,2013,985.9,E
"Chillies and peppers, dry (Capsicum spp., Pimenta spp.), raw",Production,t,2013,3119.89,I
Cocoa beans,Area harvested,ha,2013,51944.0,I
Cocoa beans,Yield,kg/ha,2013,385.0,E
Cocoa beans,Production,t,2013,20000.0,X
"Coffee, green",Area harvested,ha,2013,387263.0,I
"Coffee, green",Yield,kg/ha,2013,575.6,E
"Coffee, green",Production,t,2013,222894.0,A
"Cotton lint, ginned",Production,t,2013,16500.0,E
Cotton seed,Production,t,2013,30000.0,X
Cottonseed oil,Production,t,2013,4300.0,X
"Cow peas, dry",Area harvested,ha,2013,25341.0,A
"Cow peas, dry",Yield,kg/ha,2013,500.0,A
"Cow peas, dry",Production,t,2013,12670.0,A
"Edible offal of cattle, fresh, chilled or frozen",Production,t,2013,33582.6,I
"Edible offal of cattle, fresh, chilled or frozen",Producing Animals/Slaughtered,An,2013,1336000.0,E
"Edible offal of goat, fresh, chilled or frozen",Production,t,2013,9887.76,I
"Edible offal of goat, fresh, chilled or frozen",Producing Animals/Slaughtered,An,2013,3216523.0,I
"Edible offal of pigs, fresh, chilled or frozen",Production,t,2013,9798.75,I
"Edible offal of pigs, fresh, chilled or frozen",Producing Animals/Slaughtered,An,2013,1950000.0,E
"Edible offal of sheep, fresh, chilled or frozen",Production,t,2013,987.76,I
"Edible offal of sheep, fresh, chilled or frozen",Producing Animals/Slaughtered,An,2013,411303.0,I
Fat of pigs,Production,t,2013,9798.75,I
Fat of pigs,Producing Animals/Slaughtered,An,2013,1950000.0,E
Ghee from cow milk,Production,t,2013,600.51,I
"Ginger, raw",Area harvested,ha,2013,49.0,I
"Ginger, raw",Yield,kg/ha,2013,3164.1,E
"Ginger, raw",Production,t,2013,153.93,I
"Goat fat, unrendered",Production,t,2013,1120.61,I
"Goat fat, unrendered",Producing Animals/Slaughtered,An,2013,3216523.0,I
Goats,Stocks,An,2013,14614000.0,A
"Green tea (not fermented), black tea (fermented) and partly fermented tea, in immediate packings of a content not exceeding 3 kg",Production,t,2013,60969.0,A
Groundnut oil,Production,t,2013,5700.0,X
"Groundnuts, excluding shelled",Area harvested,ha,2013,422000.0,A
"Groundnuts, excluding shelled",Yield,kg/ha,2013,699.8,A
"Groundnuts, excluding shelled",Production,t,2013,295305.86,A
"Hen eggs in shell, fresh",Yield,No/An,2013,87.0,E
"Hen eggs in shell, fresh",Yield/Carcass Weight,g/An,2013,5222.0,E
"Hen eggs in shell, fresh",Production,t,2013,47000.0,E
"Hen eggs in shell, fresh",Production,1000 No,2013,783000.0,E
"Hen eggs in shell, fresh",Laying,1000 An,2013,9000.0,E
Maize (corn),Area harvested,ha,2013,1101453.0,A
Maize (corn),Yield,kg/ha,2013,2494.9,A
Maize (corn),Production,t,2013,2748000.0,A
"Meat of cattle with the bone, fresh or chilled",Yield/Carcass Weight,kg/An,2013,149.0,E
"Meat of cattle with the bone, fresh or chilled",Production,t,2013,199008.0,A
"Meat of cattle with the bone, fresh or chilled",Producing Animals/Slaughtered,An,2013,1336000.0,E
"Meat of chickens, fresh or chilled",Yield/Carcass Weight,g/An,2013,1290.0,E
"Meat of chickens, fresh or chilled",Production,t,2013,64500.0,E
"Meat of chickens, fresh or chilled",Producing Animals/Slaughtered,1000 An,2013,50000.0,E
"Meat of goat, fresh or chilled",Yield/Carcass Weight,kg/An,2013,10.0,E
"Meat of goat, fresh or chilled",Production,t,2013,32300.0,E
"Meat of goat, fresh or chilled",Producing Animals/Slaughtered,An,2013,3216523.0,I
"Meat of pig with the bone, fresh or chilled",Yield/Carcass Weight,kg/An,2013,60.0,E
"Meat of pig with the bone, fresh or chilled",Production,t,2013,117000.0,E
"Meat of pig with the bone, fresh or chilled",Producing Animals/Slaughtered,An,2013,1950000.0,E
"Meat of sheep, fresh or chilled",Yield/Carcass Weight,kg/An,2013,11.0,E
"Meat of sheep, fresh or chilled",Production,t,2013,4400.0,E
"Meat of sheep, fresh or chilled",Producing Animals/Slaughtered,An,2013,411303.0,I
Millet,Area harvested,ha,2013,175000.0,A
Millet,Yield,kg/ha,2013,1300.0,A
Millet,Production,t,2013,227500.0,A
Molasses,Production,t,2013,135000.0,X
Oil of sesame seed,Production,t,2013,25600.0,X
"Onions and shallots, dry (excluding dehydrated)",Area harvested,ha,2013,74860.0,I
"Onions and shallots, dry (excluding dehydrated)",Yield,kg/ha,2013,3964.0,E
"Onions and shallots, dry (excluding dehydrated)",Production,t,2013,296745.25,I
"Other fruits, n.e.c.",Area harvested,ha,2013,7930.0,I
"Other fruits, n.e.c.",Yield,kg/ha,2013,6669.2,E
"Other fruits, n.e.c.",Production,t,2013,52884.36,I
"Other meat of mammals, fresh or chilled",Production,t,2013,27115.84,I
"Other oil seeds, n.e.c.",Area harvested,ha,2013,50000.0,E
"Other oil seeds, n.e.c.",Yield,kg/ha,2013,900.0,E
"Other oil seeds, n.e.c.",Production,t,2013,45000.0,E
"Other vegetables, fresh n.e.c.",Area harvested,ha,2013,142423.0,I
"Other vegetables, fresh n.e.c.",Yield,kg/ha,2013,6763.8,E
"Other vegetables, fresh n.e.c.",Production,t,2013,963320.21,I
"Peas, dry",Area harvested,ha,2013,28878.0,A
"Peas, dry",Yield,kg/ha,2013,599.1,A
"Peas, dry",Production,t,2013,17300.0,A
"Pepper (Piper spp.), raw",Area harvested,ha,2013,1838.0,I
"Pepper (Piper spp.), raw",Yield,kg/ha,2013,1108.1,E
"Pepper (Piper spp.), raw",Production,t,2013,2036.29,I
"Pigeon peas, dry",Area harvested,ha,2013,33459.0,A
"Pigeon peas, dry",Yield,kg/ha,2013,400.0,A
"Pigeon peas, dry",Production,t,2013,13384.0,A
Pineapples,Area harvested,ha,2013,383.0,I
Pineapples,Yield,kg/ha,2013,8578.7,E
Pineapples,Production,t,2013,3288.12,I
Plantains and cooking bananas,Area harvested,ha,2013,972125.0,A
Plantains and cooking bananas,Yield,kg/ha,2013,4500.0,A
Plantains and cooking bananas,Production,t,2013,4374563.0,A
Potatoes,Area harvested,ha,2013,38938.0,A
Potatoes,Yield,kg/ha,2013,4501.3,A
Potatoes,Production,t,2013,175270.0,A
Raw cane or beet sugar (centrifugal only),Production,t,2013,438000.0,X
Raw hides and skins of cattle,Yield/Carcass Weight,kg/An,2013,21.0,E
Raw hides and skins of cattle,Production,t,2013,28192.8,I
Raw hides and skins of cattle,Producing Animals/Slaughtered,An,2013,1336000.0,E
Raw hides and skins of goats or kids,Yield/Carcass Weight,kg/An,2013,2.0,E
Raw hides and skins of goats or kids,Production,t,2013,6591.84,I
Raw hides and skins of goats or kids,Producing Animals/Slaughtered,An,2013,3216523.0,I
Raw hides and skins of sheep or lambs,Yield/Carcass Weight,kg/An,2013,2.0,E
Raw hides and skins of sheep or lambs,Production,t,2013,772.24,I
Raw hides and skins of sheep or lambs,Producing Animals/Slaughtered,An,2013,411303.0,I
Raw milk of cattle,Yield/Carcass Weight,kg/An,2013,463.0,E
Raw milk of cattle,Production,t,2013,1596500.0,A
Raw milk of cattle,Milk Animals,An,2013,3450000.0,E
Rice,Area harvested,ha,2013,93000.0,A
Rice,Yield,kg/ha,2013,2301.1,A
Rice,Production,t,2013,214000.0,A
"Seed cotton, unginned",Area harvested,ha,2013,53000.0,X
"Seed cotton, unginned",Yield,kg/ha,2013,924.5,E
"Seed cotton, unginned",Production,t,2013,49000.0,E
Sesame seed,Area harvested,ha,2013,207014.0,A
Sesame seed,Yield,kg/ha,2013,600.0,A
Sesame seed,Production,t,2013,124208.0,A
Sheep,Stocks,An,2013,2115155.0,I
"Sheep fat, unrendered",Production,t,2013,98.78,I
"Sheep fat, unrendered",Producing Animals/Slaughtered,An,2013,411303.0,I
"Sisal, raw",Area harvested,ha,2013,2.0,I
"Sisal, raw",Yield,kg/ha,2013,1680.3,E
"Sisal, raw",Production,t,2013,3.72,I
Skim milk and whey powder,Production,t,2013,1437.59,I
Skim milk of cows,Production,t,2013,17443.07,I
Sorghum,Area harvested,ha,2013,373000.0,A
Sorghum,Yield,kg/ha,2013,801.6,A
Sorghum,Production,t,2013,299000.0,A
Soya bean oil,Production,t,2013,26800.0,X
Soya beans,Area harvested,ha,2013,46409.0,A
Soya beans,Yield,kg/ha,2013,500.0,A
Soya beans,Production,t,2013,23205.0,A
Sugar cane,Area harvested,ha,2013,67046.0,I
Sugar cane,Yield,kg/ha,2013,68609.6,E
Sugar cane,Production,t,2013,4600000.0,E
Sunflower seed,Area harvested,ha,2013,238100.0,A
Sunflower seed,Yield,kg/ha,2013,999.6,A
Sunflower seed,Production,t,2013,238000.0,A
"Sunflower-seed oil, crude",Production,t,2013,80300.0,X
Sweet potatoes,Area harvested,ha,2013,452000.0,A
Sweet potatoes,Yield,kg/ha,2013,4005.9,A
Sweet potatoes,Production,t,2013,1810650.0,A
Swine / pigs,Stocks,An,2013,2497600.0,X
Tea leaves,Area harvested,ha,2013,30197.0,I
Tea leaves,Yield,kg/ha,2013,8775.7,E
Tea leaves,Production,t,2013,265000.0,E
Tomatoes,Area harvested,ha,2013,5916.0,I
Tomatoes,Yield,kg/ha,2013,5908.6,E
Tomatoes,Production,t,2013,34953.19,I
Unmanufactured tobacco,Area harvested,ha,2013,21703.0,I
Unmanufactured tobacco,Yield,kg/ha,2013,1455.8,E
Unmanufactured tobacco,Production,t,2013,31594.68,I
"Vanilla, raw",Area harvested,ha,2013,330.0,I
"Vanilla, raw",Yield,kg/ha,2013,522.0,E
"Vanilla, raw",Production,t,2013,172.46,I
Wheat,Area harvested,ha,2013,14000.0,A
Wheat,Yield,kg/ha,2013,1428.6,A
Wheat,Production,t,2013,20000.0,A
Whole milk powder,Production,t,2013,2700.0,E
"Whole milk, condensed",Production,t,2013,183.66,I
"Beef and Buffalo Meat, primary",Yield/Carcass Weight,kg/An,2013,149.0,E
"Beef and Buffalo Meat, primary",Production,t,2013,199008.0,A
"Beef and Buffalo Meat, primary",Producing Animals/Slaughtered,An,2013,1336000.0,E
Butter and Ghee,Production,t,2013,888.68,E
Cattle and Buffaloes,Stocks,An,2013,12985900.0,A
"Cereals, primary",Area harvested,ha,2013,1756453.0,A
"Cereals, primary",Yield,kg/ha,2013,1997.5,A
"Cereals, primary",Production,t,2013,3508500.0,A
Eggs Primary,Yield/Carcass Weight,g/An,2013,5222.0,E
Eggs Primary,Production,t,2013,47000.0,E
Eggs Primary,Laying,1000 An,2013,9000.0,E
Evaporated & Condensed Milk,Production,t,2013,183.66,E
"Fibre Crops, Fibre Equivalent",Area harvested,ha,2013,53002.0,E
"Fibre Crops, Fibre Equivalent",Yield,kg/ha,2013,323.6,E
"Fibre Crops, Fibre Equivalent",Production,t,2013,17153.72,E
Fruit Primary,Area harvested,ha,2013,980438.0,A
Fruit Primary,Yield,kg/ha,2013,4519.1,A
Fruit Primary,Production,t,2013,4430735.48,A
"Meat, Poultry",Yield/Carcass Weight,g/An,2013,1290.0,E
"Meat, Poultry",Production,t,2013,64500.0,E
"Meat, Poultry",Producing Animals/Slaughtered,1000 An,2013,50000.0,E
"Meat, Total",Production,t,2013,444323.84,E
"Milk, Total",Yield/Carcass Weight,kg/An,2013,463.0,E
"Milk, Total",Production,t,2013,1596500.0,A
"Milk, Total",Milk Animals,An,2013,3450000.0,E
"Oilcrops, Cake Equivalent",Area harvested,ha,2013,1016523.0,E
"Oilcrops, Cake Equivalent",Yield,kg/ha,2013,342.8,E
"Oilcrops, Cake Equivalent",Production,t,2013,348497.96,E
"Oilcrops, Oil Equivalent",Area harvested,ha,2013,1019523.0,E
"Oilcrops, Oil Equivalent",Yield,kg/ha,2013,257.6,E
"Oilcrops, Oil Equivalent",Production,t,2013,262597.3,E
Poultry Birds,Stocks,1000 An,2013,31680.0,A
"Pulses, Total",Area harvested,ha,2013,767951.0,A
"Pulses, Total",Yield,kg/ha,2013,1288.5,A
"Pulses, Total",Production,t,2013,989536.0,A
"Roots and Tubers, Total",Area harvested,ha,2013,1341938.0,A
"Roots and Tubers, Total",Yield,kg/ha,2013,3699.8,A
"Roots and Tubers, Total",Production,t,2013,4964920.0,A
Sheep and Goat Meat,Yield/Carcass Weight,kg/An,2013,10.0,E
Sheep and Goat Meat,Production,t,2013,36700.0,E
Sheep and Goat Meat,Producing Animals/Slaughtered,An,2013,3627826.0,E
Sheep and Goats,Stocks,An,2013,16729155.0,A
"Skim Milk & Buttermilk, Dry",Production,t,2013,1437.59,E
Sugar Crops Primary,Area harvested,ha,2013,67046.0,E
Sugar Crops Primary,Yield,kg/ha,2013,68609.6,E
Sugar Crops Primary,Production,t,2013,4600000.0,E
Vegetables Primary,Area harvested,ha,2013,223198.0,E
Vegetables Primary,Yield,kg/ha,2013,5802.1,E
Vegetables Primary,Production,t,2013,1295018.65,E
Asses,Stocks,An,2014,19200.0,E
"Beans, dry",Area harvested,ha,2014,674290.0,A
"Beans, dry",Yield,kg/ha,2014,1500.0,A
"Beans, dry",Production,t,2014,1011435.0,A
"Beer of barley, malted",Production,t,2014,347000.0,X
Bees,Stocks,No,2014,79000.0,E
Beeswax,Production,t,2014,1279.48,I
Butter of cow milk,Production,t,2014,446.95,I
"Buttermilk, dry",Production,t,2014,63.75,I
"Cassava, fresh",Area harvested,ha,2014,852000.0,A
"Cassava, fresh",Yield,kg/ha,2014,3301.3,A
"Cassava, fresh",Production,t,2014,2812721.0,A
Castor oil seeds,Area harvested,ha,2014,3000.0,X
Castor oil seeds,Yield,kg/ha,2014,333.3,X
Castor oil seeds,Production,t,2014,1000.0,X
Cattle,Stocks,An,2014,13623000.0,A
"Cattle fat, unrendered",Production,t,2014,4227.69,I
"Cattle fat, unrendered",Producing Animals/Slaughtered,An,2014,1371280.0,I
"Chick peas, dry",Area harvested,ha,2014,8302.0,I
"Chick peas, dry",Yield,kg/ha,2014,609.2,E
"Chick peas, dry",Production,t,2014,5057.46,I
Chickens,Stocks,1000 An,2014,32485.0,A
"Chillies and peppers, dry (Capsicum spp., Pimenta spp.), raw",Area harvested,ha,2014,3401.0,I
"Chillies and peppers, dry (Capsicum spp., Pimenta spp.), raw",Yield,kg/ha,2014,982.6,E
"Chillies and peppers, dry (Capsicum spp., Pimenta spp.), raw",Production,t,2014,3342.19,I
Cocoa beans,Area harvested,ha,2014,65542.0,I
Cocoa beans,Yield,kg/ha,2014,427.2,E
Cocoa beans,Production,t,2014,28000.0,X
"Coffee, green",Area harvested,ha,2014,377526.0,I
"Coffee, green",Yield,kg/ha,2014,583.1,E
"Coffee, green",Production,t,2014,220135.0,A
"Cotton lint, ginned",Production,t,2014,26600.0,E
Cotton seed,Production,t,2014,34000.0,X
Cottonseed oil,Production,t,2014,3800.0,X
"Cow peas, dry",Area harvested,ha,2014,25366.0,A
"Cow peas, dry",Yield,kg/ha,2014,500.0,A
"Cow peas, dry",Production,t,2014,12683.0,A
"Edible offal of cattle, fresh, chilled or frozen",Production,t,2014,34244.27,I
"Edible offal of cattle, fresh, chilled or frozen",Producing Animals/Slaughtered,An,2014,1371280.0,I
"Edible offal of goat, fresh, chilled or frozen",Production,t,2014,10193.88,I
"Edible offal of goat, fresh, chilled or frozen",Producing Animals/Slaughtered,An,2014,3066687.0,I
"Edible offal of pigs, fresh, chilled or frozen",Production,t,2014,9726.18,I
"Edible offal of pigs, fresh, chilled or frozen",Producing Animals/Slaughtered,An,2014,1935635.0,I
"Edible offal of sheep, fresh, chilled or frozen",Production,t,2014,1010.2,I
"Edible offal of sheep, fresh, chilled or frozen",Producing Animals/Slaughtered,An,2014,439476.0,I
Fat of pigs,Production,t,2014,9726.18,I
Fat of pigs,Producing Animals/Slaughtered,An,2014,1935635.0,I
Ghee from cow milk,Production,t,2014,1350.0,E
"Ginger, raw",Area harvested,ha,2014,47.0,I
"Ginger, raw",Yield,kg/ha,2014,3211.5,E
"Ginger, raw",Production,t,2014,150.65,I
"Goat fat, unrendered",Production,t,2014,1155.31,I
"Goat fat, unrendered",Producing Animals/Slaughtered,An,2014,3066687.0,I
Goats,Stocks,An,2014,14011000.0,A
"Green tea (not fermented), black tea (fermented) and partly fermented tea, in immediate packings of a content not exceeding 3 kg",Production,t,2014,65373.0,A
Groundnut oil,Production,t,2014,5492.46,I
"Groundnuts, excluding shelled",Area harvested,ha,2014,422300.0,A
"Groundnuts, excluding shelled",Yield,kg/ha,2014,700.0,A
"Groundnuts, excluding shelled",Production,t,2014,295601.17,A
"Hen eggs in shell, fresh",Yield,No/An,2014,119.0,E
"Hen eggs in shell, fresh",Yield/Carcass Weight,g/An,2014,5105.0,E
"Hen eggs in shell, fresh",Production,t,2014,48500.0,E
"Hen eggs in shell, fresh",Production,1000 No,2014,1127907.0,E
"Hen eggs in shell, fresh",Laying,1000 An,2014,9500.0,E
Maize (corn),Area harvested,ha,2014,1103185.0,A
Maize (corn),Yield,kg/ha,2014,2599.7,A
Maize (corn),Production,t,2014,2868000.0,A
"Meat of cattle with the bone, fresh or chilled",Yield/Carcass Weight,kg/An,2014,148.0,E
"Meat of cattle with the bone, fresh or chilled",Production,t,2014,202929.0,A
"Meat of cattle with the bone, fresh or chilled",Producing Animals/Slaughtered,An,2014,1371280.0,I
"Meat of chickens, fresh or chilled",Yield/Carcass Weight,g/An,2014,1290.0,E
"Meat of chickens, fresh or chilled",Production,t,2014,60253.3,I
"Meat of chickens, fresh or chilled",Producing Animals/Slaughtered,1000 An,2014,46699.0,I
"Meat of goat, fresh or chilled",Yield/Carcass Weight,kg/An,2014,11.0,E
"Meat of goat, fresh or chilled",Production,t,2014,33300.0,E
"Meat of goat, fresh or chilled",Producing Animals/Slaughtered,An,2014,3066687.0,I
"Meat of pig with the bone, fresh or chilled",Yield/Carcass Weight,kg/An,2014,60.0,E
"Meat of pig with the bone, fresh or chilled",Production,t,2014,116133.51,I
"Meat of pig with the bone, fresh or chilled",Producing Animals/Slaughtered,An,2014,1935635.0,I
"Meat of sheep, fresh or chilled",Yield/Carcass Weight,kg/An,2014,10.0,E
"Meat of sheep, fresh or chilled",Production,t,2014,4500.0,E
"Meat of sheep, fresh or chilled",Producing Animals/Slaughtered,An,2014,439476.0,I
Millet,Area harvested,ha,2014,175000.0,A
Millet,Yield,kg/ha,2014,1351.3,A
Millet,Production,t,2014,236486.0,A
Molasses,Production,t,2014,150000.0,X
Oil of sesame seed,Production,t,2014,25600.0,X
"Onions and shallots, dry (excluding dehydrated)",Area harvested,ha,2014,78357.0,I
"Onions and shallots, dry (excluding dehydrated)",Yield,kg/ha,2014,3948.7,E
"Onions and shallots, dry (excluding dehydrated)",Production,t,2014,309404.45,I
"Other fruits, n.e.c.",Area harvested,ha,2014,7923.0,I
"Other fruits, n.e.c.",Yield,kg/ha,2014,6669.7,E
"Other fruits, n.e.c.",Production,t,2014,52843.84,I
"Other meat of mammals, fresh or chilled",Production,t,2014,27844.84,I
"Other oil seeds, n.e.c.",Area harvested,ha,2014,51215.0,I
"Other oil seeds, n.e.c.",Yield,kg/ha,2014,893.5,E
"Other oil seeds, n.e.c.",Production,t,2014,45761.98,I
"Other vegetables, fresh n.e.c.",Area harvested,ha,2014,147788.0,I
"Other vegetables, fresh n.e.c.",Yield,kg/ha,2014,6941.4,E
"Other vegetables, fresh n.e.c.",Production,t,2014,1025847.4,I
"Peas, dry",Area harvested,ha,2014,28880.0,A
"Peas, dry",Yield,kg/ha,2014,550.0,A
"Peas, dry",Production,t,2014,15884.0,A
"Pepper (Piper spp.), raw",Area harvested,ha,2014,1895.0,I
"Pepper (Piper spp.), raw",Yield,kg/ha,2014,1122.8,E
"Pepper (Piper spp.), raw",Production,t,2014,2127.99,I
"Pigeon peas, dry",Area harvested,ha,2014,33483.0,A
"Pigeon peas, dry",Yield,kg/ha,2014,400.0,A
"Pigeon peas, dry",Production,t,2014,13393.0,A
Pineapples,Area harvested,ha,2014,405.0,I
Pineapples,Yield,kg/ha,2014,8441.4,E
Pineapples,Production,t,2014,3422.12,I
Plantains and cooking bananas,Area harvested,ha,2014,973292.0,A
Plantains and cooking bananas,Yield,kg/ha,2014,4703.6,A
Plantains and cooking bananas,Production,t,2014,4578000.0,A
Potatoes,Area harvested,ha,2014,38949.0,A
Potatoes,Yield,kg/ha,2014,4646.0,A
Potatoes,Production,t,2014,180956.0,A
Raw cane or beet sugar (centrifugal only),Production,t,2014,438200.0,X
Raw hides and skins of cattle,Yield/Carcass Weight,kg/An,2014,21.0,E
Raw hides and skins of cattle,Production,t,2014,28748.28,I
Raw hides and skins of cattle,Producing Animals/Slaughtered,An,2014,1371280.0,I
Raw hides and skins of goats or kids,Yield/Carcass Weight,kg/An,2014,2.0,E
Raw hides and skins of goats or kids,Production,t,2014,6795.92,I
Raw hides and skins of goats or kids,Producing Animals/Slaughtered,An,2014,3066687.0,I
Raw hides and skins of sheep or lambs,Yield/Carcass Weight,kg/An,2014,2.0,E
Raw hides and skins of sheep or lambs,Production,t,2014,789.8,I
Raw hides and skins of sheep or lambs,Producing Animals/Slaughtered,An,2014,439476.0,I
Raw milk of cattle,Yield/Carcass Weight,kg/An,2014,456.0,E
Raw milk of cattle,Production,t,2014,1596500.0,A
Raw milk of cattle,Milk Animals,An,2014,3500000.0,E
Rice,Area harvested,ha,2014,95000.0,A
Rice,Yield,kg/ha,2014,2494.8,A
Rice,Production,t,2014,237008.0,A
"Seed cotton, unginned",Area harvested,ha,2014,60000.0,X
"Seed cotton, unginned",Yield,kg/ha,2014,1266.7,E
"Seed cotton, unginned",Production,t,2014,76000.0,E
Sesame seed,Area harvested,ha,2014,207117.0,A
Sesame seed,Yield,kg/ha,2014,700.0,A
Sesame seed,Production,t,2014,144982.0,A
Sheep,Stocks,An,2014,3308504.0,I
"Sheep fat, unrendered",Production,t,2014,101.02,I
"Sheep fat, unrendered",Producing Animals/Slaughtered,An,2014,439476.0,I
"Sisal, raw",Area harvested,ha,2014,2.0,I
"Sisal, raw",Yield,kg/ha,2014,1759.0,E
"Sisal, raw",Production,t,2014,4.0,I
Skim milk and whey powder,Production,t,2014,400.0,E
Skim milk of cows,Production,t,2014,9007.97,I
Sorghum,Area harvested,ha,2014,373000.0,A
Sorghum,Yield,kg/ha,2014,800.7,A
Sorghum,Production,t,2014,298676.0,A
Soya bean oil,Production,t,2014,2100.0,X
Soya beans,Area harvested,ha,2014,46549.0,A
Soya beans,Yield,kg/ha,2014,600.0,A
Soya beans,Production,t,2014,27929.0,A
Sugar cane,Area harvested,ha,2014,67189.0,I
Sugar cane,Yield,kg/ha,2014,69207.8,E
Sugar cane,Production,t,2014,4650000.0,E
Sunflower seed,Area harvested,ha,2014,245200.0,A
Sunflower seed,Yield,kg/ha,2014,990.4,A
Sunflower seed,Production,t,2014,242840.0,A
"Sunflower-seed oil, crude",Production,t,2014,83200.0,X
Sweet potatoes,Area harvested,ha,2014,454000.0,A
Sweet potatoes,Yield,kg/ha,2014,4004.2,A
Sweet potatoes,Production,t,2014,1817903.0,A
Swine / pigs,Stocks,An,2014,2437100.0,X
Tea leaves,Area harvested,ha,2014,32097.0,I
Tea leaves,Yield,kg/ha,2014,8848.2,E
Tea leaves,Production,t,2014,284000.0,E
Tomatoes,Area harvested,ha,2014,6152.0,I
Tomatoes,Yield,kg/ha,2014,5915.5,E
Tomatoes,Production,t,2014,36393.37,I
Unmanufactured tobacco,Area harvested,ha,2014,21634.0,I
Unmanufactured tobacco,Yield,kg/ha,2014,1459.5,E
Unmanufactured tobacco,Production,t,2014,31574.96,I
"Vanilla, raw",Area harvested,ha,2014,357.0,I
"Vanilla, raw",Yield,kg/ha,2014,521.5,E
"Vanilla, raw",Production,t,2014,186.09,I
Wheat,Area harvested,ha,2014,14000.0,A
Wheat,Yield,kg/ha,2014,1576.9,A
Wheat,Production,t,2014,22076.0,A
Whole milk powder,Production,t,2014,3452.26,I
"Whole milk, condensed",Production,t,2014,284.23,I
"Beef and Buffalo Meat, primary",Yield/Carcass Weight,kg/An,2014,148.0,E
"Beef and Buffalo Meat, primary",Production,t,2014,202929.0,A
"Beef and Buffalo Meat, primary",Producing Animals/Slaughtered,An,2014,1371280.0,E
Butter and Ghee,Production,t,2014,1796.95,E
Cattle and Buffaloes,Stocks,An,2014,13623000.0,A
"Cereals, primary",Area harvested,ha,2014,1760185.0,A
"Cereals, primary",Yield,kg/ha,2014,2080.6,A
"Cereals, primary",Production,t,2014,3662246.0,A
Eggs Primary,Yield/Carcass Weight,g/An,2014,5105.0,E
Eggs Primary,Production,t,2014,48500.0,E
Eggs Primary,Laying,1000 An,2014,9500.0,E
Evaporated & Condensed Milk,Production,t,2014,284.23,E
"Fibre Crops, Fibre Equivalent",Area harvested,ha,2014,60002.0,E
"Fibre Crops, Fibre Equivalent",Yield,kg/ha,2014,443.4,E
"Fibre Crops, Fibre Equivalent",Production,t,2014,26604.0,E
Fruit Primary,Area harvested,ha,2014,981620.0,A
Fruit Primary,Yield,kg/ha,2014,4721.0,A
Fruit Primary,Production,t,2014,4634265.96,A
"Meat, Poultry",Yield/Carcass Weight,g/An,2014,1290.0,E
"Meat, Poultry",Production,t,2014,60253.3,E
"Meat, Poultry",Producing Animals/Slaughtered,1000 An,2014,46699.0,E
"Meat, Total",Production,t,2014,444960.64,E
"Milk, Total",Yield/Carcass Weight,kg/An,2014,456.0,E
"Milk, Total",Production,t,2014,1596500.0,A
"Milk, Total",Milk Animals,An,2014,3500000.0,E
"Oilcrops, Cake Equivalent",Area harvested,ha,2014,1032381.0,E
"Oilcrops, Cake Equivalent",Yield,kg/ha,2014,362.6,E
"Oilcrops, Cake Equivalent",Production,t,2014,374343.96,E
"Oilcrops, Oil Equivalent",Area harvested,ha,2014,1035381.0,E
"Oilcrops, Oil Equivalent",Yield,kg/ha,2014,267.9,E
"Oilcrops, Oil Equivalent",Production,t,2014,277403.62,E
Poultry Birds,Stocks,1000 An,2014,32485.0,A
"Pulses, Total",Area harvested,ha,2014,770321.0,A
"Pulses, Total",Yield,kg/ha,2014,1374.0,A
"Pulses, Total",Production,t,2014,1058452.46,A
"Roots and Tubers, Total",Area harvested,ha,2014,1344949.0,A
"Roots and Tubers, Total",Yield,kg/ha,2014,3577.5,A
"Roots and Tubers, Total",Production,t,2014,4811580.0,A
Sheep and Goat Meat,Yield/Carcass Weight,kg/An,2014,11.0,E
Sheep and Goat Meat,Production,t,2014,37800.0,E
Sheep and Goat Meat,Producing Animals/Slaughtered,An,2014,3506163.0,E
Sheep and Goats,Stocks,An,2014,17319504.0,A
"Skim Milk & Buttermilk, Dry",Production,t,2014,463.75,E
Sugar Crops Primary,Area harvested,ha,2014,67189.0,E
Sugar Crops Primary,Yield,kg/ha,2014,69207.8,E
Sugar Crops Primary,Production,t,2014,4650000.0,E
Vegetables Primary,Area harvested,ha,2014,232297.0,E
Vegetables Primary,Yield,kg/ha,2014,5904.7,E
Vegetables Primary,Production,t,2014,1371645.21,E
Asses,Stocks,An,2015,19220.0,I
"Beans, dry",Area harvested,ha,2015,674964.0,A
"Beans, dry",Yield,kg/ha,2015,1600.0,A
"Beans, dry",Production,t,2015,1079943.0,A
"Beer of barley, malted",Production,t,2015,327000.0,X
Bees,Stocks,No,2015,79542.0,I
Beeswax,Production,t,2015,1344.12,I
Butter of cow milk,Production,t,2015,639.65,I
"Buttermilk, dry",Production,t,2015,365.57,I
"Cassava, fresh",Area harvested,ha,2015,852340.0,A
"Cassava, fresh",Yield,kg/ha,2015,3200.0,A
"Cassava, fresh",Production,t,2015,2727487.0,A
Castor oil seeds,Area harvested,ha,2015,3000.0,X
Castor oil seeds,Yield,kg/ha,2015,333.3,X
Castor oil seeds,Production,t,2015,1000.0,X
Cattle,Stocks,An,2015,14031000.0,A
"Cattle fat, unrendered",Production,t,2015,4354.52,I
"Cattle fat, unrendered",Producing Animals/Slaughtered,An,2015,1274529.0,I
"Chick peas, dry",Area harvested,ha,2015,8510.0,I
"Chick peas, dry",Yield,kg/ha,2015,609.2,E
"Chick peas, dry",Production,t,2015,5184.49,I
Chickens,Stocks,1000 An,2015,46039.0,A
"Chillies and peppers, dry (Capsicum spp., Pimenta spp.), raw",Area harvested,ha,2015,3076.0,I
"Chillies and peppers, dry (Capsicum spp., Pimenta spp.), raw",Yield,kg/ha,2015,990.7,E
"Chillies and peppers, dry (Capsicum spp., Pimenta spp.), raw",Production,t,2015,3047.39,I
Cocoa beans,Area harvested,ha,2015,66500.0,E
Cocoa beans,Yield,kg/ha,2015,481.2,E
Cocoa beans,Production,t,2015,32000.0,X
"Coffee, green",Area harvested,ha,2015,432000.0,E
"Coffee, green",Yield,kg/ha,2015,530.4,E
"Coffee, green",Production,t,2015,229149.0,A
"Cotton lint, ginned",Production,t,2015,20950.0,E
Cotton seed,Production,t,2015,40000.0,X
Cottonseed oil,Production,t,2015,4700.0,X
"Cow peas, dry",Area harvested,ha,2015,25414.0,A
"Cow peas, dry",Yield,kg/ha,2015,499.6,A
"Cow peas, dry",Production,t,2015,12696.0,A
"Edible offal of cattle, fresh, chilled or frozen",Production,t,2015,35271.62,I
"Edible offal of cattle, fresh, chilled or frozen",Producing Animals/Slaughtered,An,2015,1274529.0,I
"Edible offal of goat, fresh, chilled or frozen",Production,t,2015,10500.0,I
"Edible offal of goat, fresh, chilled or frozen",Producing Animals/Slaughtered,An,2015,2983843.0,I
"Edible offal of pigs, fresh, chilled or frozen",Production,t,2015,9948.33,I
"Edible offal of pigs, fresh, chilled or frozen",Producing Animals/Slaughtered,An,2015,1979644.0,I
"Edible offal of sheep, fresh, chilled or frozen",Production,t,2015,1055.1,I
"Edible offal of sheep, fresh, chilled or frozen",Producing Animals/Slaughtered,An,2015,473616.0,I
Fat of pigs,Production,t,2015,9948.33,I
Fat of pigs,Producing Animals/Slaughtered,An,2015,1979644.0,I
Ghee from cow milk,Production,t,2015,1709.79,I
"Ginger, raw",Area harvested,ha,2015,47.0,I
"Ginger, raw",Yield,kg/ha,2015,3240.0,E
"Ginger, raw",Production,t,2015,150.74,I
"Goat fat, unrendered",Production,t,2015,1190.0,I
"Goat fat, unrendered",Producing Animals/Slaughtered,An,2015,2983843.0,I
Goats,Stocks,An,2015,15312000.0,A
"Green tea (not fermented), black tea (fermented) and partly fermented tea, in immediate packings of a content not exceeding 3 kg",Production,t,2015,58588.0,A
Groundnut oil,Production,t,2015,4589.88,I
"Groundnuts, excluding shelled",Area harvested,ha,2015,428000.0,X
"Groundnuts, excluding shelled",Yield,kg/ha,2015,691.3,E
"Groundnuts, excluding shelled",Production,t,2015,295897.0,A
"Hen eggs in shell, fresh",Yield,No/An,2015,88.0,E
"Hen eggs in shell, fresh",Yield/Carcass Weight,g/An,2015,3767.0,E
"Hen eggs in shell, fresh",Production,t,2015,28259.63,I
"Hen eggs in shell, fresh",Production,1000 No,2015,657201.0,I
"Hen eggs in shell, fresh",Laying,1000 An,2015,7503.0,I
Maize (corn),Area harvested,ha,2015,1125168.0,A
Maize (corn),Yield,kg/ha,2015,2500.0,A
Maize (corn),Production,t,2015,2812919.0,A
"Meat of cattle with the bone, fresh or chilled",Yield/Carcass Weight,kg/An,2015,164.0,E
"Meat of cattle with the bone, fresh or chilled",Production,t,2015,209017.0,A
"Meat of cattle with the bone, fresh or chilled",Producing Animals/Slaughtered,An,2015,1274529.0,I
"Meat of chickens, fresh or chilled",Yield/Carcass Weight,g/An,2015,1291.0,E
"Meat of chickens, fresh or chilled",Production,t,2015,83867.53,I
"Meat of chickens, fresh or chilled",Producing Animals/Slaughtered,1000 An,2015,64957.0,I
"Meat of goat, fresh or chilled",Yield/Carcass Weight,kg/An,2015,11.0,E
"Meat of goat, fresh or chilled",Production,t,2015,34300.0,E
"Meat of goat, fresh or chilled",Producing Animals/Slaughtered,An,2015,2983843.0,I
"Meat of pig with the bone, fresh or chilled",Yield/Carcass Weight,kg/An,2015,60.0,E
"Meat of pig with the bone, fresh or chilled",Production,t,2015,118786.0,I
"Meat of pig with the bone, fresh or chilled",Producing Animals/Slaughtered,An,2015,1979644.0,I
"Meat of sheep, fresh or chilled",Yield/Carcass Weight,kg/An,2015,10.0,E
"Meat of sheep, fresh or chilled",Production,t,2015,4700.0,E
"Meat of sheep, fresh or chilled",Producing Animals/Slaughtered,An,2015,473616.0,I
Millet,Area harvested,ha,2015,175173.0,A
Millet,Yield,kg/ha,2015,1350.0,A
Millet,Production,t,2015,236484.0,A
Molasses,Production,t,2015,160000.0,X
Oil of sesame seed,Production,t,2015,29700.0,X
"Onions and shallots, dry (excluding dehydrated)",Area harvested,ha,2015,83545.0,I
"Onions and shallots, dry (excluding dehydrated)",Yield,kg/ha,2015,3950.3,E
"Onions and shallots, dry (excluding dehydrated)",Production,t,2015,330032.18,I
"Other fruits, n.e.c.",Area harvested,ha,2015,7909.0,I
"Other fruits, n.e.c.",Yield,kg/ha,2015,6649.1,E
"Other fruits, n.e.c.",Production,t,2015,52587.95,I
"Other meat of mammals, fresh or chilled",Production,t,2015,30265.79,I
"Other oil seeds, n.e.c.",Area harvested,ha,2015,51416.0,I
"Other oil seeds, n.e.c.",Yield,kg/ha,2015,895.0,E
"Other oil seeds, n.e.c.",Production,t,2015,46014.77,I
"Other vegetables, fresh n.e.c.",Area harvested,ha,2015,158243.0,I
"Other vegetables, fresh n.e.c.",Yield,kg/ha,2015,6599.8,E
"Other vegetables, fresh n.e.c.",Production,t,2015,1044379.61,I
"Peas, dry",Area harvested,ha,2015,28995.0,A
"Peas, dry",Yield,kg/ha,2015,449.6,A
"Peas, dry",Production,t,2015,13035.0,A
"Pepper (Piper spp.), raw",Area harvested,ha,2015,1811.0,I
"Pepper (Piper spp.), raw",Yield,kg/ha,2015,1158.5,E
"Pepper (Piper spp.), raw",Production,t,2015,2097.71,I
"Pigeon peas, dry",Area harvested,ha,2015,33516.0,A
"Pigeon peas, dry",Yield,kg/ha,2015,400.0,A
"Pigeon peas, dry",Production,t,2015,13406.55,A
Pineapples,Area harvested,ha,2015,423.0,I
Pineapples,Yield,kg/ha,2015,8470.8,E
Pineapples,Production,t,2015,3580.18,I
Plantains and cooking bananas,Area harvested,ha,2015,934420.0,I
Plantains and cooking bananas,Yield,kg/ha,2015,4947.5,E
Plantains and cooking bananas,Production,t,2015,4623000.0,A
Potatoes,Area harvested,ha,2015,39338.0,A
Potatoes,Yield,kg/ha,2015,4400.1,A
Potatoes,Production,t,2015,173093.0,A
Raw cane or beet sugar (centrifugal only),Production,t,2015,498000.0,A
Raw hides and skins of cattle,Yield/Carcass Weight,kg/An,2015,23.0,E
Raw hides and skins of cattle,Production,t,2015,29610.74,I
Raw hides and skins of cattle,Producing Animals/Slaughtered,An,2015,1274529.0,I
Raw hides and skins of goats or kids,Yield/Carcass Weight,kg/An,2015,2.0,E
Raw hides and skins of goats or kids,Production,t,2015,7000.0,I
Raw hides and skins of goats or kids,Producing Animals/Slaughtered,An,2015,2983843.0,I
Raw hides and skins of sheep or lambs,Yield/Carcass Weight,kg/An,2015,2.0,E
Raw hides and skins of sheep or lambs,Production,t,2015,824.9,I
Raw hides and skins of sheep or lambs,Producing Animals/Slaughtered,An,2015,473616.0,I
Raw milk of cattle,Yield/Carcass Weight,kg/An,2015,435.0,E
Raw milk of cattle,Production,t,2015,1616000.0,A
Raw milk of cattle,Milk Animals,An,2015,3717136.0,I
Rice,Area harvested,ha,2015,95277.0,A
Rice,Yield,kg/ha,2015,2500.0,A
Rice,Production,t,2015,238193.0,A
"Seed cotton, unginned",Area harvested,ha,2015,65000.0,X
"Seed cotton, unginned",Yield,kg/ha,2015,976.9,E
"Seed cotton, unginned",Production,t,2015,63500.0,E
Sesame seed,Area harvested,ha,2015,207000.0,X
Sesame seed,Yield,kg/ha,2015,700.5,X
Sesame seed,Production,t,2015,145000.0,X
Sheep,Stocks,An,2015,3842000.0,A
"Sheep fat, unrendered",Production,t,2015,105.51,I
"Sheep fat, unrendered",Producing Animals/Slaughtered,An,2015,473616.0,I
"Sisal, raw",Area harvested,ha,2015,2.0,I
"Sisal, raw",Yield,kg/ha,2015,2033.8,E
"Sisal, raw",Production,t,2015,4.31,I
Skim milk and whey powder,Production,t,2015,3550.0,E
Skim milk of cows,Production,t,2015,46228.67,I
Sorghum,Area harvested,ha,2015,373382.0,A
Sorghum,Yield,kg/ha,2015,1100.0,A
Sorghum,Production,t,2015,410720.0,A
Soya bean oil,Production,t,2015,2500.0,X
Soya beans,Area harvested,ha,2015,47000.0,X
Soya beans,Yield,kg/ha,2015,596.0,E
Soya beans,Production,t,2015,28013.0,A
Sugar cane,Area harvested,ha,2015,75000.0,E
Sugar cane,Yield,kg/ha,2015,69666.7,E
Sugar cane,Production,t,2015,5225000.0,E
Sunflower seed,Area harvested,ha,2015,250000.0,X
Sunflower seed,Yield,kg/ha,2015,978.6,E
Sunflower seed,Production,t,2015,244647.0,A
"Sunflower-seed oil, crude",Production,t,2015,84100.0,X
Sweet potatoes,Area harvested,ha,2015,454478.0,A
Sweet potatoes,Yield,kg/ha,2015,4500.0,A
Sweet potatoes,Production,t,2015,2045153.09,A
Swine / pigs,Stocks,An,2015,3916000.0,A
Tea leaves,Area harvested,ha,2015,28583.0,I
Tea leaves,Yield,kg/ha,2015,8921.3,E
Tea leaves,Production,t,2015,255000.0,E
Tomatoes,Area harvested,ha,2015,6813.0,I
Tomatoes,Yield,kg/ha,2015,5634.4,E
Tomatoes,Production,t,2015,38387.07,I
Unmanufactured tobacco,Area harvested,ha,2015,23137.0,I
Unmanufactured tobacco,Yield,kg/ha,2015,1374.6,E
Unmanufactured tobacco,Production,t,2015,31803.39,I
"Vanilla, raw",Area harvested,ha,2015,372.0,I
"Vanilla, raw",Yield,kg/ha,2015,504.9,E
"Vanilla, raw",Production,t,2015,188.02,I
Wheat,Area harvested,ha,2015,13799.0,A
Wheat,Yield,kg/ha,2015,1600.0,A
Wheat,Production,t,2015,22078.0,A
Whole milk powder,Production,t,2015,2800.0,E
"Whole milk, condensed",Production,t,2015,230.56,I
"Beef and Buffalo Meat, primary",Yield/Carcass Weight,kg/An,2015,164.0,E
"Beef and Buffalo Meat, primary",Production,t,2015,209017.0,A
"Beef and Buffalo Meat, primary",Producing Animals/Slaughtered,An,2015,1274529.0,E
Butter and Ghee,Production,t,2015,2349.44,E
Cattle and Buffaloes,Stocks,An,2015,14031000.0,A
"Cereals, primary",Area harvested,ha,2015,1782799.0,A
"Cereals, primary",Yield,kg/ha,2015,2086.8,A
"Cereals, primary",Production,t,2015,3720394.0,A
Eggs Primary,Yield/Carcass Weight,g/An,2015,3767.0,E
Eggs Primary,Production,t,2015,28259.63,E
Eggs Primary,Laying,1000 An,2015,7503.0,E
Evaporated & Condensed Milk,Production,t,2015,230.56,E
"Fibre Crops, Fibre Equivalent",Area harvested,ha,2015,65002.0,E
"Fibre Crops, Fibre Equivalent",Yield,kg/ha,2015,342.0,E
"Fibre Crops, Fibre Equivalent",Production,t,2015,22229.31,E
Fruit Primary,Area harvested,ha,2015,942751.0,E
Fruit Primary,Yield,kg/ha,2015,4963.3,E
Fruit Primary,Production,t,2015,4679168.13,A
"Meat, Poultry",Yield/Carcass Weight,g/An,2015,1291.0,E
"Meat, Poultry",Production,t,2015,83867.53,E
"Meat, Poultry",Producing Animals/Slaughtered,1000 An,2015,64957.0,E
"Meat, Total",Production,t,2015,480936.32,E
"Milk, Total",Yield/Carcass Weight,kg/An,2015,435.0,E
"Milk, Total",Production,t,2015,1616000.0,A
"Milk, Total",Milk Animals,An,2015,3717136.0,E
"Oilcrops, Cake Equivalent",Area harvested,ha,2015,1048416.0,E
"Oilcrops, Cake Equivalent",Yield,kg/ha,2015,354.4,E
"Oilcrops, Cake Equivalent",Production,t,2015,371516.63,E
"Oilcrops, Oil Equivalent",Area harvested,ha,2015,1051416.0,E
"Oilcrops, Oil Equivalent",Yield,kg/ha,2015,263.5,E
"Oilcrops, Oil Equivalent",Production,t,2015,277071.94,E
Poultry Birds,Stocks,1000 An,2015,46039.0,A
"Pulses, Total",Area harvested,ha,2015,771400.0,A
"Pulses, Total",Yield,kg/ha,2015,1457.4,A
"Pulses, Total",Production,t,2015,1124265.04,A
"Roots and Tubers, Total",Area harvested,ha,2015,1346156.0,A
"Roots and Tubers, Total",Yield,kg/ha,2015,3674.0,A
"Roots and Tubers, Total",Production,t,2015,4945733.09,A
Sheep and Goat Meat,Yield/Carcass Weight,kg/An,2015,11.0,E
Sheep and Goat Meat,Production,t,2015,39000.0,E
Sheep and Goat Meat,Producing Animals/Slaughtered,An,2015,3457459.0,E
Sheep and Goats,Stocks,An,2015,19154000.0,A
"Skim Milk & Buttermilk, Dry",Production,t,2015,3915.57,E
Sugar Crops Primary,Area harvested,ha,2015,75000.0,E
Sugar Crops Primary,Yield,kg/ha,2015,69666.7,E
Sugar Crops Primary,Production,t,2015,5225000.0,E
Vegetables Primary,Area harvested,ha,2015,248601.0,E
Vegetables Primary,Yield,kg/ha,2015,5683.0,E
Vegetables Primary,Production,t,2015,1412798.86,E
Asses,Stocks,An,2016,19247.0,I
"Beans, dry",Area harvested,ha,2016,483337.0,I
"Beans, dry",Yield,kg/ha,2016,1675.1,E
"Beans, dry",Production,t,2016,809640.0,A
"Beer of barley, malted",Production,t,2016,330000.0,X
Bees,Stocks,No,2016,80064.0,I
Beeswax,Production,t,2016,1301.43,E
Butter of cow milk,Production,t,2016,445.87,I
"Buttermilk, dry",Production,t,2016,280.98,I
"Cassava, fresh",Area harvested,ha,2016,1029409.0,I
"Cassava, fresh",Yield,kg/ha,2016,2651.0,E
"Cassava, fresh",Production,t,2016,2728988.0,A
Castor oil seeds,Area harvested,ha,2016,3000.0,X
Castor oil seeds,Yield,kg/ha,2016,333.3,X
Castor oil seeds,Production,t,2016,1000.0,X
Cattle,Stocks,An,2016,14368000.0,A
"Cattle fat, unrendered",Production,t,2016,4459.02,I
"Cattle fat, unrendered",Producing Animals/Slaughtered,An,2016,1286157.0,E
"Chick peas, dry",Area harvested,ha,2016,8603.0,I
"Chick peas, dry",Yield,kg/ha,2016,615.8,E
"Chick peas, dry",Production,t,2016,5297.46,I
Chickens,Stocks,1000 An,2016,46291.0,A
"Chillies and peppers, dry (Capsicum spp., Pimenta spp.), raw",Area harvested,ha,2016,3214.0,E
"Chillies and peppers, dry (Capsicum spp., Pimenta spp.), raw",Yield,kg/ha,2016,986.3,E
"Chillies and peppers, dry (Capsicum spp., Pimenta spp.), raw",Production,t,2016,3169.82,E
Cocoa beans,Area harvested,ha,2016,72750.0,E
Cocoa beans,Yield,kg/ha,2016,481.1,E
Cocoa beans,Production,t,2016,35000.0,X
"Coffee, green",Area harvested,ha,2016,434283.0,I
"Coffee, green",Yield,kg/ha,2016,559.7,E
"Coffee, green",Production,t,2016,243061.0,A
"Cotton lint, ginned",Production,t,2016,28300.0,E
Cotton seed,Production,t,2016,54000.0,X
Cottonseed oil,Production,t,2016,5600.0,X
"Cow peas, dry",Area harvested,ha,2016,23275.0,I
"Cow peas, dry",Yield,kg/ha,2016,491.2,E
"Cow peas, dry",Production,t,2016,11433.0,A
"Edible offal of cattle, fresh, chilled or frozen",Production,t,2016,36118.07,I
"Edible offal of cattle, fresh, chilled or frozen",Producing Animals/Slaughtered,An,2016,1286157.0,E
"Edible offal of goat, fresh, chilled or frozen",Production,t,2016,10775.51,I
"Edible offal of goat, fresh, chilled or frozen",Producing Animals/Slaughtered,An,2016,3208184.0,I
"Edible offal of pigs, fresh, chilled or frozen",Production,t,2016,10018.31,I
"Edible offal of pigs, fresh, chilled or frozen",Producing Animals/Slaughtered,An,2016,1993583.0,I
"Edible offal of sheep, fresh, chilled or frozen",Production,t,2016,1077.55,I
"Edible offal of sheep, fresh, chilled or frozen",Producing Animals/Slaughtered,An,2016,478311.0,I
Fat of pigs,Production,t,2016,10018.31,I
Fat of pigs,Producing Animals/Slaughtered,An,2016,1993583.0,I
Ghee from cow milk,Production,t,2016,1800.0,E
"Ginger, raw",Area harvested,ha,2016,46.0,I
"Ginger, raw",Yield,kg/ha,2016,3255.1,E
"Ginger, raw",Production,t,2016,150.71,I
"Goat fat, unrendered",Production,t,2016,1221.22,I
"Goat fat, unrendered",Producing Animals/Slaughtered,An,2016,3208184.0,I
Goats,Stocks,An,2016,15725000.0,A
"Green tea (not fermented), black tea (fermented) and partly fermented tea, in immediate packings of a content not exceeding 3 kg",Production,t,2016,53887.0,A
Groundnut oil,Production,t,2016,4870.54,I
"Groundnuts, excluding shelled",Area harvested,ha,2016,423000.0,X
"Groundnuts, excluding shelled",Yield,kg/ha,2016,649.7,E
"Groundnuts, excluding shelled",Production,t,2016,274844.0,A
"Hen eggs in shell, fresh",Yield,No/An,2016,131.0,E
"Hen eggs in shell, fresh",Yield/Carcass Weight,g/An,2016,5644.0,E
"Hen eggs in shell, fresh",Production,t,2016,43000.0,E
"Hen eggs in shell, fresh",Production,1000 No,2016,1000000.0,E
"Hen eggs in shell, fresh",Laying,1000 An,2016,7618.0,I
Maize (corn),Area harvested,ha,2016,1156035.0,I
Maize (corn),Yield,kg/ha,2016,2147.7,E
Maize (corn),Production,t,2016,2482795.0,A
"Meat of cattle with the bone, fresh or chilled",Yield/Carcass Weight,kg/An,2016,166.0,E
"Meat of cattle with the bone, fresh or chilled",Production,t,2016,214033.0,A
"Meat of cattle with the bone, fresh or chilled",Producing Animals/Slaughtered,An,2016,1286157.0,E
"Meat of chickens, fresh or chilled",Yield/Carcass Weight,g/An,2016,1295.0,E
"Meat of chickens, fresh or chilled",Production,t,2016,85808.9,I
"Meat of chickens, fresh or chilled",Producing Animals/Slaughtered,1000 An,2016,66267.0,I
"Meat of goat, fresh or chilled",Yield/Carcass Weight,kg/An,2016,11.0,E
"Meat of goat, fresh or chilled",Production,t,2016,35200.0,E
"Meat of goat, fresh or chilled",Producing Animals/Slaughtered,An,2016,3208184.0,I
"Meat of pig with the bone, fresh or chilled",Yield/Carcass Weight,kg/An,2016,60.0,E
"Meat of pig with the bone, fresh or chilled",Production,t,2016,119621.62,I
"Meat of pig with the bone, fresh or chilled",Producing Animals/Slaughtered,An,2016,1993583.0,I
"Meat of sheep, fresh or chilled",Yield/Carcass Weight,kg/An,2016,10.0,E
"Meat of sheep, fresh or chilled",Production,t,2016,4800.0,E
"Meat of sheep, fresh or chilled",Producing Animals/Slaughtered,An,2016,478311.0,I
Millet,Area harvested,ha,2016,138122.0,I
Millet,Yield,kg/ha,2016,1400.7,E
Millet,Production,t,2016,193461.0,A
Molasses,Production,t,2016,180000.0,X
Oil of sesame seed,Production,t,2016,32200.0,X
"Onions and shallots, dry (excluding dehydrated)",Area harvested,ha,2016,78921.0,E
"Onions and shallots, dry (excluding dehydrated)",Yield,kg/ha,2016,3954.1,E
"Onions and shallots, dry (excluding dehydrated)",Production,t,2016,312060.62,E
"Other fruits, n.e.c.",Area harvested,ha,2016,7893.0,I
"Other fruits, n.e.c.",Yield,kg/ha,2016,6650.7,E
"Other fruits, n.e.c.",Production,t,2016,52493.24,I
"Other meat of mammals, fresh or chilled",Production,t,2016,28408.82,E
"Other oil seeds, n.e.c.",Area harvested,ha,2016,52350.0,I
"Other oil seeds, n.e.c.",Yield,kg/ha,2016,900.7,E
"Other oil seeds, n.e.c.",Production,t,2016,47153.0,I
"Other vegetables, fresh n.e.c.",Area harvested,ha,2016,149485.0,E
"Other vegetables, fresh n.e.c.",Yield,kg/ha,2016,6764.5,E
"Other vegetables, fresh n.e.c.",Production,t,2016,1011182.41,E
"Peas, dry",Area harvested,ha,2016,25418.0,I
"Peas, dry",Yield,kg/ha,2016,491.8,E
"Peas, dry",Production,t,2016,12500.0,A
"Pepper (Piper spp.), raw",Area harvested,ha,2016,1785.0,I
"Pepper (Piper spp.), raw",Yield,kg/ha,2016,1180.8,E
"Pepper (Piper spp.), raw",Production,t,2016,2107.14,I
"Pigeon peas, dry",Area harvested,ha,2016,35116.0,I
"Pigeon peas, dry",Yield,kg/ha,2016,372.2,E
"Pigeon peas, dry",Production,t,2016,13069.0,A
Pineapples,Area harvested,ha,2016,404.0,E
Pineapples,Yield,kg/ha,2016,8495.1,E
Pineapples,Production,t,2016,3430.14,E
Plantains and cooking bananas,Area harvested,ha,2016,758665.0,I
Plantains and cooking bananas,Yield,kg/ha,2016,4476.1,E
Plantains and cooking bananas,Production,t,2016,3395875.0,A
Potatoes,Area harvested,ha,2016,31975.0,I
Potatoes,Yield,kg/ha,2016,5356.3,E
Potatoes,Production,t,2016,171271.0,A
Raw cane or beet sugar (centrifugal only),Production,t,2016,497000.0,A
Raw hides and skins of cattle,Yield/Carcass Weight,kg/An,2016,24.0,E
Raw hides and skins of cattle,Production,t,2016,30321.34,I
Raw hides and skins of cattle,Producing Animals/Slaughtered,An,2016,1286157.0,E
Raw hides and skins of goats or kids,Yield/Carcass Weight,kg/An,2016,2.0,E
Raw hides and skins of goats or kids,Production,t,2016,7183.67,I
Raw hides and skins of goats or kids,Producing Animals/Slaughtered,An,2016,3208184.0,I
Raw hides and skins of sheep or lambs,Yield/Carcass Weight,kg/An,2016,2.0,E
Raw hides and skins of sheep or lambs,Production,t,2016,842.45,I
Raw hides and skins of sheep or lambs,Producing Animals/Slaughtered,An,2016,478311.0,I
Raw milk of cattle,Yield/Carcass Weight,kg/An,2016,467.0,E
Raw milk of cattle,Production,t,2016,1683000.0,A
Raw milk of cattle,Milk Animals,An,2016,3601060.0,I
Rice,Area harvested,ha,2016,106929.0,I
Rice,Yield,kg/ha,2016,2009.8,E
Rice,Production,t,2016,214910.0,A
"Seed cotton, unginned",Area harvested,ha,2016,74000.0,X
"Seed cotton, unginned",Yield,kg/ha,2016,1158.1,E
"Seed cotton, unginned",Production,t,2016,85700.0,E
Sesame seed,Area harvested,ha,2016,207000.0,X
Sesame seed,Yield,kg/ha,2016,652.2,X
Sesame seed,Production,t,2016,135000.0,X
Sheep,Stocks,An,2016,4198000.0,A
"Sheep fat, unrendered",Production,t,2016,107.76,I
"Sheep fat, unrendered",Producing Animals/Slaughtered,An,2016,478311.0,I
"Sisal, raw",Area harvested,ha,2016,2.0,I
"Sisal, raw",Yield,kg/ha,2016,2148.2,E
"Sisal, raw",Production,t,2016,4.48,I
Skim milk and whey powder,Production,t,2016,3000.0,E
Skim milk of cows,Production,t,2016,34533.33,I
Sorghum,Area harvested,ha,2016,328571.0,I
Sorghum,Yield,kg/ha,2016,1112.8,E
Sorghum,Production,t,2016,365622.0,A
Soya bean oil,Production,t,2016,2500.0,X
Soya beans,Area harvested,ha,2016,47000.0,X
Soya beans,Yield,kg/ha,2016,547.4,E
Soya beans,Production,t,2016,25730.0,A
Sugar cane,Area harvested,ha,2016,74000.0,E
Sugar cane,Yield,kg/ha,2016,70270.3,E
Sugar cane,Production,t,2016,5200000.0,E
Sunflower seed,Area harvested,ha,2016,250000.0,X
Sunflower seed,Yield,kg/ha,2016,948.9,E
Sunflower seed,Production,t,2016,237219.0,A
"Sunflower-seed oil, crude",Production,t,2016,83900.0,X
Sweet potatoes,Area harvested,ha,2016,434403.0,I
Sweet potatoes,Yield,kg/ha,2016,4398.5,E
Sweet potatoes,Production,t,2016,1910718.0,A
Swine / pigs,Stocks,An,2016,4037000.0,A
Tea leaves,Area harvested,ha,2016,26000.0,E
Tea leaves,Yield,kg/ha,2016,9000.0,E
Tea leaves,Production,t,2016,234000.0,E
Tomatoes,Area harvested,ha,2016,6294.0,E
Tomatoes,Yield,kg/ha,2016,5811.9,E
Tomatoes,Production,t,2016,36577.88,E
Unmanufactured tobacco,Area harvested,ha,2016,22158.0,E
Unmanufactured tobacco,Yield,kg/ha,2016,1472.1,E
Unmanufactured tobacco,Production,t,2016,32618.84,I
"Vanilla, raw",Area harvested,ha,2016,359.0,I
"Vanilla, raw",Yield,kg/ha,2016,505.7,E
"Vanilla, raw",Production,t,2016,181.6,I
Wheat,Area harvested,ha,2016,13978.0,I
Wheat,Yield,kg/ha,2016,1581.0,E
Wheat,Production,t,2016,22100.0,A
Whole milk powder,Production,t,2016,7400.0,E
"Whole milk, condensed",Production,t,2016,228.82,I
"Beef and Buffalo Meat, primary",Yield/Carcass Weight,kg/An,2016,166.0,E
"Beef and Buffalo Meat, primary",Production,t,2016,214033.0,A
"Beef and Buffalo Meat, primary",Producing Animals/Slaughtered,An,2016,1286157.0,E
Butter and Ghee,Production,t,2016,2245.87,E
Cattle and Buffaloes,Stocks,An,2016,14368000.0,A
"Cereals, primary",Area harvested,ha,2016,1743635.0,E
"Cereals, primary",Yield,kg/ha,2016,1880.5,E
"Cereals, primary",Production,t,2016,3278888.0,A
Eggs Primary,Yield/Carcass Weight,g/An,2016,5644.0,E
Eggs Primary,Production,t,2016,43000.0,E
Eggs Primary,Laying,1000 An,2016,7618.0,E
Evaporated & Condensed Milk,Production,t,2016,228.82,E
"Fibre Crops, Fibre Equivalent",Area harvested,ha,2016,74002.0,E
"Fibre Crops, Fibre Equivalent",Yield,kg/ha,2016,405.4,E
"Fibre Crops, Fibre Equivalent",Production,t,2016,29999.48,E
Fruit Primary,Area harvested,ha,2016,766962.0,E
Fruit Primary,Yield,kg/ha,2016,4500.6,E
Fruit Primary,Production,t,2016,3451798.38,A
"Meat, Poultry",Yield/Carcass Weight,g/An,2016,1295.0,E
"Meat, Poultry",Production,t,2016,85808.9,E
"Meat, Poultry",Producing Animals/Slaughtered,1000 An,2016,66267.0,E
"Meat, Total",Production,t,2016,487872.34,E
"Milk, Total",Yield/Carcass Weight,kg/An,2016,467.0,E
"Milk, Total",Production,t,2016,1683000.0,A
"Milk, Total",Milk Animals,An,2016,3601060.0,E
"Oilcrops, Cake Equivalent",Area harvested,ha,2016,1053350.0,E
"Oilcrops, Cake Equivalent",Yield,kg/ha,2016,342.7,E
"Oilcrops, Cake Equivalent",Production,t,2016,360937.56,E
"Oilcrops, Oil Equivalent",Area harvested,ha,2016,1056350.0,E
"Oilcrops, Oil Equivalent",Yield,kg/ha,2016,251.4,E
"Oilcrops, Oil Equivalent",Production,t,2016,265578.85,E
Poultry Birds,Stocks,1000 An,2016,46291.0,A
"Pulses, Total",Area harvested,ha,2016,575748.0,E
"Pulses, Total",Yield,kg/ha,2016,1479.7,E
"Pulses, Total",Production,t,2016,851939.46,A
"Roots and Tubers, Total",Area harvested,ha,2016,1495787.0,E
"Roots and Tubers, Total",Yield,kg/ha,2016,3216.4,E
"Roots and Tubers, Total",Production,t,2016,4810977.0,A
Sheep and Goat Meat,Yield/Carcass Weight,kg/An,2016,11.0,E
Sheep and Goat Meat,Production,t,2016,40000.0,E
Sheep and Goat Meat,Producing Animals/Slaughtered,An,2016,3686495.0,E
Sheep and Goats,Stocks,An,2016,19923000.0,A
"Skim Milk & Buttermilk, Dry",Production,t,2016,3280.98,E
Sugar Crops Primary,Area harvested,ha,2016,74000.0,E
Sugar Crops Primary,Yield,kg/ha,2016,70270.3,E
Sugar Crops Primary,Production,t,2016,5200000.0,E
Vegetables Primary,Area harvested,ha,2016,234699.0,E
Vegetables Primary,Yield,kg/ha,2016,5793.9,E
Vegetables Primary,Production,t,2016,1359820.91,E
Asses,Stocks,An,2017,19277.0,I
"Beans, dry",Area harvested,ha,2017,588185.0,I
"Beans, dry",Yield,kg/ha,2017,1721.2,E
"Beans, dry",Production,t,2017,1012406.0,A
"Beer of barley, malted",Production,t,2017,340000.0,X
Bees,Stocks,No,2017,80577.0,I
Beeswax,Production,t,2017,1308.23,I
Butter of cow milk,Production,t,2017,552.93,I
"Buttermilk, dry",Production,t,2017,329.73,I
"Cassava, fresh",Area harvested,ha,2017,1218614.0,I
"Cassava, fresh",Yield,kg/ha,2017,2239.6,E
"Cassava, fresh",Production,t,2017,2729260.0,A
Castor oil seeds,Area harvested,ha,2017,3000.0,X
Castor oil seeds,Yield,kg/ha,2017,333.3,X
Castor oil seeds,Production,t,2017,1000.0,X
Cattle,Stocks,An,2017,14189000.0,A
"Cattle fat, unrendered",Production,t,2017,4403.29,I
"Cattle fat, unrendered",Producing Animals/Slaughtered,An,2017,1243282.0,E
"Chick peas, dry",Area harvested,ha,2017,8711.0,I
"Chick peas, dry",Yield,kg/ha,2017,622.1,E
"Chick peas, dry",Production,t,2017,5419.7,I
Chickens,Stocks,1000 An,2017,47578.0,A
"Chillies and peppers, dry (Capsicum spp., Pimenta spp.), raw",Area harvested,ha,2017,3202.0,I
"Chillies and peppers, dry (Capsicum spp., Pimenta spp.), raw",Yield,kg/ha,2017,992.9,E
"Chillies and peppers, dry (Capsicum spp., Pimenta spp.), raw",Production,t,2017,3178.93,I
Cocoa beans,Area harvested,ha,2017,74132.0,I
Cocoa beans,Yield,kg/ha,2017,472.1,E
Cocoa beans,Production,t,2017,35000.0,X
"Coffee, green",Area harvested,ha,2017,526491.0,I
"Coffee, green",Yield,kg/ha,2017,573.7,E
"Coffee, green",Production,t,2017,302063.0,A
"Cotton lint, ginned",Production,t,2017,39300.0,E
Cotton seed,Production,t,2017,75000.0,X
Cottonseed oil,Production,t,2017,7800.0,X
"Cow peas, dry",Area harvested,ha,2017,26707.0,I
"Cow peas, dry",Yield,kg/ha,2017,476.1,E
"Cow peas, dry",Production,t,2017,12714.0,A
"Edible offal of cattle, fresh, chilled or frozen",Production,t,2017,35666.66,I
"Edible offal of cattle, fresh, chilled or frozen",Producing Animals/Slaughtered,An,2017,1243282.0,E
"Edible offal of goat, fresh, chilled or frozen",Production,t,2017,10775.51,I
"Edible offal of goat, fresh, chilled or frozen",Producing Animals/Slaughtered,An,2017,3201985.0,I
"Edible offal of pigs, fresh, chilled or frozen",Production,t,2017,10099.19,I
"Edible offal of pigs, fresh, chilled or frozen",Producing Animals/Slaughtered,An,2017,2009707.0,I
"Edible offal of sheep, fresh, chilled or frozen",Production,t,2017,1077.55,I
"Edible offal of sheep, fresh, chilled or frozen",Producing Animals/Slaughtered,An,2017,466012.0,I
Fat of pigs,Production,t,2017,10099.19,I
Fat of pigs,Producing Animals/Slaughtered,An,2017,2009707.0,I
Ghee from cow milk,Production,t,2017,1524.51,I
"Ginger, raw",Area harvested,ha,2017,46.0,I
"Ginger, raw",Yield,kg/ha,2017,3282.1,E
"Ginger, raw",Production,t,2017,150.65,I
"Goat fat, unrendered",Production,t,2017,1221.22,I
"Goat fat, unrendered",Producing Animals/Slaughtered,An,2017,3201985.0,I
Goats,Stocks,An,2017,16034000.0,A
"Green tea (not fermented), black tea (fermented) and partly fermented tea, in immediate packings of a content not exceeding 3 kg",Production,t,2017,50055.0,A
Groundnut oil,Production,t,2017,7353.95,I
"Groundnuts, excluding shelled",Area harvested,ha,2017,424000.0,X
"Groundnuts, excluding shelled",Yield,kg/ha,2017,699.5,E
"Groundnuts, excluding shelled",Production,t,2017,296578.0,A
"Hen eggs in shell, fresh",Yield,No/An,2017,128.0,E
"Hen eggs in shell, fresh",Yield/Carcass Weight,g/An,2017,5500.0,E
"Hen eggs in shell, fresh",Production,t,2017,44000.0,E
"Hen eggs in shell, fresh",Production,1000 No,2017,1023256.0,E
"Hen eggs in shell, fresh",Laying,1000 An,2017,8000.0,E
Maize (corn),Area harvested,ha,2017,1545635.0,I
Maize (corn),Yield,kg/ha,2017,1820.9,E
Maize (corn),Production,t,2017,2814490.0,A
"Meat of cattle with the bone, fresh or chilled",Yield/Carcass Weight,kg/An,2017,170.0,E
"Meat of cattle with the bone, fresh or chilled",Production,t,2017,211358.0,A
"Meat of cattle with the bone, fresh or chilled",Producing Animals/Slaughtered,An,2017,1243282.0,E
"Meat of chickens, fresh or chilled",Yield/Carcass Weight,g/An,2017,1294.0,E
"Meat of chickens, fresh or chilled",Production,t,2017,88738.37,I
"Meat of chickens, fresh or chilled",Producing Animals/Slaughtered,1000 An,2017,68565.0,I
"Meat of goat, fresh or chilled",Yield/Carcass Weight,kg/An,2017,11.0,E
"Meat of goat, fresh or chilled",Production,t,2017,35200.0,E
"Meat of goat, fresh or chilled",Producing Animals/Slaughtered,An,2017,3201985.0,I
"Meat of pig with the bone, fresh or chilled",Yield/Carcass Weight,kg/An,2017,60.0,E
"Meat of pig with the bone, fresh or chilled",Production,t,2017,120587.37,I
"Meat of pig with the bone, fresh or chilled",Producing Animals/Slaughtered,An,2017,2009707.0,I
"Meat of sheep, fresh or chilled",Yield/Carcass Weight,kg/An,2017,10.0,E
"Meat of sheep, fresh or chilled",Production,t,2017,4800.0,E
"Meat of sheep, fresh or chilled",Producing Animals/Slaughtered,An,2017,466012.0,I
Millet,Area harvested,ha,2017,130061.0,I
Millet,Yield,kg/ha,2017,1426.4,E
Millet,Production,t,2017,185517.0,A
Molasses,Production,t,2017,195000.0,X
Oil of sesame seed,Production,t,2017,33400.0,X
"Onions and shallots, dry (excluding dehydrated)",Area harvested,ha,2017,81170.0,I
"Onions and shallots, dry (excluding dehydrated)",Yield,kg/ha,2017,3950.6,E
"Onions and shallots, dry (excluding dehydrated)",Production,t,2017,320673.24,I
"Other fruits, n.e.c.",Area harvested,ha,2017,7885.0,I
"Other fruits, n.e.c.",Yield,kg/ha,2017,6651.8,E
"Other fruits, n.e.c.",Production,t,2017,52446.58,I
"Other meat of mammals, fresh or chilled",Production,t,2017,29106.41,I
"Other oil seeds, n.e.c.",Area harvested,ha,2017,53320.0,I
"Other oil seeds, n.e.c.",Yield,kg/ha,2017,907.9,E
"Other oil seeds, n.e.c.",Production,t,2017,48410.09,I
"Other vegetables, fresh n.e.c.",Area harvested,ha,2017,151838.0,E
"Other vegetables, fresh n.e.c.",Yield,kg/ha,2017,6434.9,E
"Other vegetables, fresh n.e.c.",Production,t,2017,977058.21,I
"Peas, dry",Area harvested,ha,2017,25813.0,I
"Peas, dry",Yield,kg/ha,2017,507.4,E
"Peas, dry",Production,t,2017,13097.0,A
"Pepper (Piper spp.), raw",Area harvested,ha,2017,1761.0,I
"Pepper (Piper spp.), raw",Yield,kg/ha,2017,1202.3,E
"Pepper (Piper spp.), raw",Production,t,2017,2116.82,I
"Pigeon peas, dry",Area harvested,ha,2017,39449.0,I
"Pigeon peas, dry",Yield,kg/ha,2017,340.0,E
"Pigeon peas, dry",Production,t,2017,13411.0,A
Pineapples,Area harvested,ha,2017,498.0,I
Pineapples,Yield,kg/ha,2017,8511.0,E
Pineapples,Production,t,2017,4239.85,I
Plantains and cooking bananas,Area harvested,ha,2017,1020000.0,E
Plantains and cooking bananas,Yield,kg/ha,2017,4526.4,E
Plantains and cooking bananas,Production,t,2017,4616978.0,A
Potatoes,Area harvested,ha,2017,39300.0,E
Potatoes,Yield,kg/ha,2017,7616.7,E
Potatoes,Production,t,2017,299338.0,A
Raw cane or beet sugar (centrifugal only),Production,t,2017,510000.0,A
Raw hides and skins of cattle,Yield/Carcass Weight,kg/An,2017,24.0,E
Raw hides and skins of cattle,Production,t,2017,29942.38,I
Raw hides and skins of cattle,Producing Animals/Slaughtered,An,2017,1243282.0,E
Raw hides and skins of goats or kids,Yield/Carcass Weight,kg/An,2017,2.0,E
Raw hides and skins of goats or kids,Production,t,2017,7183.67,I
Raw hides and skins of goats or kids,Producing Animals/Slaughtered,An,2017,3201985.0,I
Raw hides and skins of sheep or lambs,Yield/Carcass Weight,kg/An,2017,2.0,E
Raw hides and skins of sheep or lambs,Production,t,2017,842.45,I
Raw hides and skins of sheep or lambs,Producing Animals/Slaughtered,An,2017,466012.0,I
Raw milk of cattle,Yield/Carcass Weight,kg/An,2017,449.0,E
Raw milk of cattle,Production,t,2017,1662000.0,A
Raw milk of cattle,Milk Animals,An,2017,3705256.0,I
Rice,Area harvested,ha,2017,119352.0,I
Rice,Yield,kg/ha,2017,1580.8,E
Rice,Production,t,2017,188674.0,A
"Seed cotton, unginned",Area harvested,ha,2017,96000.0,X
"Seed cotton, unginned",Yield,kg/ha,2017,1239.6,E
"Seed cotton, unginned",Production,t,2017,119000.0,E
Sesame seed,Area harvested,ha,2017,208000.0,X
Sesame seed,Yield,kg/ha,2017,701.9,X
Sesame seed,Production,t,2017,146000.0,X
Sheep,Stocks,An,2017,4445000.0,A
"Sheep fat, unrendered",Production,t,2017,107.76,I
"Sheep fat, unrendered",Producing Animals/Slaughtered,An,2017,466012.0,I
"Sisal, raw",Area harvested,ha,2017,2.0,I
"Sisal, raw",Yield,kg/ha,2017,2027.7,E
"Sisal, raw",Production,t,2017,4.26,E
Skim milk and whey powder,Production,t,2017,3750.0,E
Skim milk of cows,Production,t,2017,39110.87,I
Sorghum,Area harvested,ha,2017,193724.0,I
Sorghum,Yield,kg/ha,2017,1043.4,E
Sorghum,Production,t,2017,202135.0,A
Soya bean oil,Production,t,2017,2700.0,X
Soya beans,Area harvested,ha,2017,47000.0,X
Soya beans,Yield,kg/ha,2017,597.8,E
Soya beans,Production,t,2017,28097.0,A
Sugar cane,Area harvested,ha,2017,76000.0,E
Sugar cane,Yield,kg/ha,2017,70092.1,E
Sugar cane,Production,t,2017,5327000.0,E
Sunflower seed,Area harvested,ha,2017,256000.0,X
Sunflower seed,Yield,kg/ha,2017,949.8,E
Sunflower seed,Production,t,2017,243150.0,A
"Sunflower-seed oil, crude",Production,t,2017,82500.0,X
Sweet potatoes,Area harvested,ha,2017,448548.0,I
Sweet potatoes,Yield,kg/ha,2017,4303.1,E
Sweet potatoes,Production,t,2017,1930139.0,A
Swine / pigs,Stocks,An,2017,4109000.0,A
Tea leaves,Area harvested,ha,2017,24368.0,I
Tea leaves,Yield,kg/ha,2017,8946.1,E
Tea leaves,Production,t,2017,218000.0,E
Tomatoes,Area harvested,ha,2017,6525.0,I
Tomatoes,Yield,kg/ha,2017,5847.4,E
Tomatoes,Production,t,2017,38152.11,I
Unmanufactured tobacco,Area harvested,ha,2017,22310.0,E
Unmanufactured tobacco,Yield,kg/ha,2017,1420.4,E
Unmanufactured tobacco,Production,t,2017,31688.9,I
"Vanilla, raw",Area harvested,ha,2017,350.0,I
"Vanilla, raw",Yield,kg/ha,2017,505.3,E
"Vanilla, raw",Production,t,2017,177.02,I
Wheat,Area harvested,ha,2017,14155.0,I
Wheat,Yield,kg/ha,2017,1561.3,E
Wheat,Production,t,2017,22100.0,A
Whole milk powder,Production,t,2017,4400.0,E
"Whole milk, condensed",Production,t,2017,219.4,I
"Beef and Buffalo Meat, primary",Yield/Carcass Weight,kg/An,2017,170.0,E
"Beef and Buffalo Meat, primary",Production,t,2017,211358.0,A
"Beef and Buffalo Meat, primary",Producing Animals/Slaughtered,An,2017,1243282.0,E
Butter and Ghee,Production,t,2017,2077.44,E
Cattle and Buffaloes,Stocks,An,2017,14189000.0,A
"Cereals, primary",Area harvested,ha,2017,2002927.0,E
"Cereals, primary",Yield,kg/ha,2017,1704.0,E
"Cereals, primary",Production,t,2017,3412916.0,A
Eggs Primary,Yield/Carcass Weight,g/An,2017,5500.0,E
Eggs Primary,Production,t,2017,44000.0,E
Eggs Primary,Laying,1000 An,2017,8000.0,E
Evaporated & Condensed Milk,Production,t,2017,219.4,E
"Fibre Crops, Fibre Equivalent",Area harvested,ha,2017,96002.0,E
"Fibre Crops, Fibre Equivalent",Yield,kg/ha,2017,433.9,E
"Fibre Crops, Fibre Equivalent",Production,t,2017,41654.26,E
Fruit Primary,Area harvested,ha,2017,1028383.0,E
Fruit Primary,Yield,kg/ha,2017,4544.7,E
Fruit Primary,Production,t,2017,4673664.43,A
"Meat, Poultry",Yield/Carcass Weight,g/An,2017,1294.0,E
"Meat, Poultry",Production,t,2017,88738.37,E
"Meat, Poultry",Producing Animals/Slaughtered,1000 An,2017,68565.0,E
"Meat, Total",Production,t,2017,489790.15,E
"Milk, Total",Yield/Carcass Weight,kg/An,2017,449.0,E
"Milk, Total",Production,t,2017,1662000.0,A
"Milk, Total",Milk Animals,An,2017,3705256.0,E
"Oilcrops, Cake Equivalent",Area harvested,ha,2017,1084320.0,E
"Oilcrops, Cake Equivalent",Yield,kg/ha,2017,360.5,E
"Oilcrops, Cake Equivalent",Production,t,2017,390917.53,E
"Oilcrops, Oil Equivalent",Area harvested,ha,2017,1087320.0,E
"Oilcrops, Oil Equivalent",Yield,kg/ha,2017,260.7,E
"Oilcrops, Oil Equivalent",Production,t,2017,283420.59,E
Poultry Birds,Stocks,1000 An,2017,47578.0,A
"Pulses, Total",Area harvested,ha,2017,688865.0,E
"Pulses, Total",Yield,kg/ha,2017,1534.5,E
"Pulses, Total",Production,t,2017,1057047.7,A
"Roots and Tubers, Total",Area harvested,ha,2017,1706461.0,E
"Roots and Tubers, Total",Yield,kg/ha,2017,2905.9,E
"Roots and Tubers, Total",Production,t,2017,4958737.0,A
Sheep and Goat Meat,Yield/Carcass Weight,kg/An,2017,11.0,E
Sheep and Goat Meat,Production,t,2017,40000.0,E
Sheep and Goat Meat,Producing Animals/Slaughtered,An,2017,3667997.0,E
Sheep and Goats,Stocks,An,2017,20479000.0,A
"Skim Milk & Buttermilk, Dry",Production,t,2017,4079.73,E
Sugar Crops Primary,Area harvested,ha,2017,76000.0,E
Sugar Crops Primary,Yield,kg/ha,2017,70092.1,E
Sugar Crops Primary,Production,t,2017,5327000.0,E
Vegetables Primary,Area harvested,ha,2017,239533.0,E
Vegetables Primary,Yield,kg/ha,2017,5577.0,E
Vegetables Primary,Production,t,2017,1335883.56,E
Asses,Stocks,An,2018,19310.0,I
"Beans, dry",Area harvested,ha,2018,543511.0,I
"Beans, dry",Yield,kg/ha,2018,1730.1,E
"Beans, dry",Production,t,2018,940323.0,A
"Beer of barley, malted",Production,t,2018,286711.0,A
Bees,Stocks,No,2018,81086.0,I
Beeswax,Production,t,2018,1316.01,I
Butter of cow milk,Production,t,2018,494.06,I
"Buttermilk, dry",Production,t,2018,204.68,I
"Cassava, fresh",Area harvested,ha,2018,1627887.0,E
"Cassava, fresh",Yield,kg/ha,2018,2696.9,E
"Cassava, fresh",Production,t,2018,4390231.0,A
Castor oil seeds,Area harvested,ha,2018,3000.0,X
Castor oil seeds,Yield,kg/ha,2018,333.3,X
Castor oil seeds,Production,t,2018,1000.0,X
Cattle,Stocks,An,2018,14572000.0,A
"Cattle fat, unrendered",Production,t,2018,4522.19,I
"Cattle fat, unrendered",Producing Animals/Slaughtered,An,2018,1276853.0,E
"Chick peas, dry",Area harvested,ha,2018,8848.0,I
"Chick peas, dry",Yield,kg/ha,2018,627.7,E
"Chick peas, dry",Production,t,2018,5553.71,I
Chickens,Stocks,1000 An,2018,48901.0,A
"Chillies and peppers, dry (Capsicum spp., Pimenta spp.), raw",Area harvested,ha,2018,3146.0,I
"Chillies and peppers, dry (Capsicum spp., Pimenta spp.), raw",Yield,kg/ha,2018,999.4,E
"Chillies and peppers, dry (Capsicum spp., Pimenta spp.), raw",Production,t,2018,3144.61,I
Cocoa beans,Area harvested,ha,2018,73723.0,I
Cocoa beans,Yield,kg/ha,2018,474.8,E
Cocoa beans,Production,t,2018,35000.0,X
"Coffee, green",Area harvested,ha,2018,497192.0,I
"Coffee, green",Yield,kg/ha,2018,571.7,E
"Coffee, green",Production,t,2018,284225.0,A
"Cotton lint, ginned",Production,t,2018,28800.0,E
Cotton seed,Production,t,2018,70000.0,X
Cottonseed oil,Production,t,2018,10500.0,X
"Cow peas, dry",Area harvested,ha,2018,26775.0,I
"Cow peas, dry",Yield,kg/ha,2018,464.6,E
"Cow peas, dry",Production,t,2018,12441.0,A
"Edible offal of cattle, fresh, chilled or frozen",Production,t,2018,36629.72,I
"Edible offal of cattle, fresh, chilled or frozen",Producing Animals/Slaughtered,An,2018,1276853.0,E
"Edible offal of goat, fresh, chilled or frozen",Production,t,2018,11020.41,I
"Edible offal of goat, fresh, chilled or frozen",Producing Animals/Slaughtered,An,2018,3156986.0,I
"Edible offal of pigs, fresh, chilled or frozen",Production,t,2018,10138.26,I
"Edible offal of pigs, fresh, chilled or frozen",Producing Animals/Slaughtered,An,2018,2017488.0,I
"Edible offal of sheep, fresh, chilled or frozen",Production,t,2018,1100.0,I
"Edible offal of sheep, fresh, chilled or frozen",Producing Animals/Slaughtered,An,2018,439966.0,I
Fat of pigs,Production,t,2018,10138.26,I
Fat of pigs,Producing Animals/Slaughtered,An,2018,2017488.0,I
Ghee from cow milk,Production,t,2018,1966.65,I
"Ginger, raw",Area harvested,ha,2018,100.0,I
"Ginger, raw",Yield,kg/ha,2018,3300.6,E
"Ginger, raw",Production,t,2018,328.88,I
"Goat fat, unrendered",Production,t,2018,1248.98,I
"Goat fat, unrendered",Producing Animals/Slaughtered,An,2018,3156986.0,I
Goats,Stocks,An,2018,16419000.0,A
"Green tea (not fermented), black tea (fermented) and partly fermented tea, in immediate packings of a content not exceeding 3 kg",Production,t,2018,74247.0,A
Groundnut oil,Production,t,2018,6329.64,I
"Groundnuts, excluding shelled",Area harvested,ha,2018,286000.0,X
"Groundnuts, excluding shelled",Yield,kg/ha,2018,675.7,E
"Groundnuts, excluding shelled",Production,t,2018,193236.0,A
"Hen eggs in shell, fresh",Yield,No/An,2018,136.0,E
"Hen eggs in shell, fresh",Yield/Carcass Weight,g/An,2018,5862.0,E
"Hen eggs in shell, fresh",Production,t,2018,45000.0,E
"Hen eggs in shell, fresh",Production,1000 No,2018,1046512.0,E
"Hen eggs in shell, fresh",Laying,1000 An,2018,7676.0,I
Maize (corn),Area harvested,ha,2018,2480000.0,A
Maize (corn),Yield,kg/ha,2018,1388.1,A
Maize (corn),Production,t,2018,3442430.0,A
"Meat of cattle with the bone, fresh or chilled",Yield/Carcass Weight,kg/An,2018,170.0,E
"Meat of cattle with the bone, fresh or chilled",Production,t,2018,217065.0,A
"Meat of cattle with the bone, fresh or chilled",Producing Animals/Slaughtered,An,2018,1276853.0,E
"Meat of chickens, fresh or chilled",Yield/Carcass Weight,g/An,2018,1294.0,E
"Meat of chickens, fresh or chilled",Production,t,2018,91789.19,I
"Meat of chickens, fresh or chilled",Producing Animals/Slaughtered,1000 An,2018,70940.0,I
"Meat of goat, fresh or chilled",Yield/Carcass Weight,kg/An,2018,11.0,E
"Meat of goat, fresh or chilled",Production,t,2018,36000.0,E
"Meat of goat, fresh or chilled",Producing Animals/Slaughtered,An,2018,3156986.0,I
"Meat of pig with the bone, fresh or chilled",Yield/Carcass Weight,kg/An,2018,60.0,E
"Meat of pig with the bone, fresh or chilled",Production,t,2018,121053.89,I
"Meat of pig with the bone, fresh or chilled",Producing Animals/Slaughtered,An,2018,2017488.0,I
"Meat of sheep, fresh or chilled",Yield/Carcass Weight,kg/An,2018,11.0,E
"Meat of sheep, fresh or chilled",Production,t,2018,4900.0,E
"Meat of sheep, fresh or chilled",Producing Animals/Slaughtered,An,2018,439966.0,I
Millet,Area harvested,ha,2018,99311.0,I
Millet,Yield,kg/ha,2018,1429.7,E
Millet,Production,t,2018,141982.0,A
Molasses,Production,t,2018,200000.0,X
Oil of sesame seed,Production,t,2018,34000.0,X
"Onions and shallots, dry (excluding dehydrated)",Area harvested,ha,2018,83087.0,I
"Onions and shallots, dry (excluding dehydrated)",Yield,kg/ha,2018,3945.2,E
"Onions and shallots, dry (excluding dehydrated)",Production,t,2018,327796.25,I
"Other fruits, n.e.c.",Area harvested,ha,2018,7892.0,I
"Other fruits, n.e.c.",Yield,kg/ha,2018,6650.1,E
"Other fruits, n.e.c.",Production,t,2018,52482.03,I
"Other meat of mammals, fresh or chilled",Production,t,2018,29450.83,I
"Other oil seeds, n.e.c.",Area harvested,ha,2018,54231.0,I
"Other oil seeds, n.e.c.",Yield,kg/ha,2018,870.2,E
"Other oil seeds, n.e.c.",Production,t,2018,47192.62,E
"Other vegetables, fresh n.e.c.",Area harvested,ha,2018,150407.0,I
"Other vegetables, fresh n.e.c.",Yield,kg/ha,2018,6720.9,E
"Other vegetables, fresh n.e.c.",Production,t,2018,1010873.41,E
"Peas, dry",Area harvested,ha,2018,23499.0,I
"Peas, dry",Yield,kg/ha,2018,502.4,E
"Peas, dry",Production,t,2018,11805.0,A
"Pepper (Piper spp.), raw",Area harvested,ha,2018,1757.0,I
"Pepper (Piper spp.), raw",Yield,kg/ha,2018,1222.9,E
"Pepper (Piper spp.), raw",Production,t,2018,2148.88,I
"Pigeon peas, dry",Area harvested,ha,2018,42140.0,I
"Pigeon peas, dry",Yield,kg/ha,2018,325.6,E
"Pigeon peas, dry",Production,t,2018,13720.0,A
Pineapples,Area harvested,ha,2018,664.0,I
Pineapples,Yield,kg/ha,2018,8498.0,E
Pineapples,Production,t,2018,5638.76,I
Plantains and cooking bananas,Area harvested,ha,2018,1440000.0,E
Plantains and cooking bananas,Yield,kg/ha,2018,4509.8,E
Plantains and cooking bananas,Production,t,2018,6494057.0,A
Potatoes,Area harvested,ha,2018,39458.0,I
Potatoes,Yield,kg/ha,2018,8295.7,E
Potatoes,Production,t,2018,327332.0,A
Raw cane or beet sugar (centrifugal only),Production,t,2018,406000.0,A
Raw hides and skins of cattle,Yield/Carcass Weight,kg/An,2018,24.0,E
Raw hides and skins of cattle,Production,t,2018,30750.88,I
Raw hides and skins of cattle,Producing Animals/Slaughtered,An,2018,1276853.0,E
Raw hides and skins of goats or kids,Yield/Carcass Weight,kg/An,2018,2.0,E
Raw hides and skins of goats or kids,Production,t,2018,7346.94,I
Raw hides and skins of goats or kids,Producing Animals/Slaughtered,An,2018,3156986.0,I
Raw hides and skins of sheep or lambs,Yield/Carcass Weight,kg/An,2018,2.0,E
Raw hides and skins of sheep or lambs,Production,t,2018,860.0,I
Raw hides and skins of sheep or lambs,Producing Animals/Slaughtered,An,2018,439966.0,I
Raw milk of cattle,Yield/Carcass Weight,kg/An,2018,553.0,E
Raw milk of cattle,Production,t,2018,2101000.0,A
Raw milk of cattle,Milk Animals,An,2018,3796721.0,I
Rice,Area harvested,ha,2018,200000.0,A
Rice,Yield,kg/ha,2018,996.3,A
Rice,Production,t,2018,199266.0,A
"Seed cotton, unginned",Area harvested,ha,2018,80000.0,X
"Seed cotton, unginned",Yield,kg/ha,2018,1375.0,E
"Seed cotton, unginned",Production,t,2018,110000.0,E
Sesame seed,Area harvested,ha,2018,213000.0,X
Sesame seed,Yield,kg/ha,2018,676.1,X
Sesame seed,Production,t,2018,144000.0,X
Sheep,Stocks,An,2018,4584000.0,A
"Sheep fat, unrendered",Production,t,2018,110.0,I
"Sheep fat, unrendered",Producing Animals/Slaughtered,An,2018,439966.0,I
"Sisal, raw",Area harvested,ha,2018,2.0,I
"Sisal, raw",Yield,kg/ha,2018,2005.1,E
"Sisal, raw",Production,t,2018,4.3,I
Skim milk and whey powder,Production,t,2018,2050.0,E
Skim milk of cows,Production,t,2018,24275.55,I
Sorghum,Area harvested,ha,2018,252147.0,I
Sorghum,Yield,kg/ha,2018,1064.8,E
Sorghum,Production,t,2018,268493.0,A
Soya bean oil,Production,t,2018,4100.0,X
Soya beans,Area harvested,ha,2018,190000.0,A
Soya beans,Yield,kg/ha,2018,568.4,A
Soya beans,Production,t,2018,108000.0,A
Sugar cane,Area harvested,ha,2018,79000.0,E
Sugar cane,Yield,kg/ha,2018,69658.2,E
Sugar cane,Production,t,2018,5503000.0,E
Sunflower seed,Area harvested,ha,2018,272000.0,X
Sunflower seed,Yield,kg/ha,2018,1001.2,E
Sunflower seed,Production,t,2018,272328.0,A
"Sunflower-seed oil, crude",Production,t,2018,84400.0,X
Sweet potatoes,Area harvested,ha,2018,348192.0,I
Sweet potatoes,Yield,kg/ha,2018,4262.5,E
Sweet potatoes,Production,t,2018,1484163.0,A
Swine / pigs,Stocks,An,2018,4245000.0,A
Tea leaves,Area harvested,ha,2018,36520.0,I
Tea leaves,Yield,kg/ha,2018,8844.5,E
Tea leaves,Production,t,2018,323000.0,E
Tomatoes,Area harvested,ha,2018,6804.0,I
Tomatoes,Yield,kg/ha,2018,5542.1,E
Tomatoes,Production,t,2018,37705.68,E
Unmanufactured tobacco,Area harvested,ha,2018,22393.0,I
Unmanufactured tobacco,Yield,kg/ha,2018,1394.0,E
Unmanufactured tobacco,Production,t,2018,31216.16,I
"Vanilla, raw",Area harvested,ha,2018,360.0,I
"Vanilla, raw",Yield,kg/ha,2018,502.2,E
"Vanilla, raw",Production,t,2018,180.68,I
Wheat,Area harvested,ha,2018,14514.0,I
Wheat,Yield,kg/ha,2018,1598.8,E
Wheat,Production,t,2018,23206.0,A
Whole milk powder,Production,t,2018,3500.0,E
"Whole milk, condensed",Production,t,2018,288.22,I
"Beef and Buffalo Meat, primary",Yield/Carcass Weight,kg/An,2018,170.0,E
"Beef and Buffalo Meat, primary",Production,t,2018,217065.0,A
"Beef and Buffalo Meat, primary",Producing Animals/Slaughtered,An,2018,1276853.0,E
Butter and Ghee,Production,t,2018,2460.71,E
Cattle and Buffaloes,Stocks,An,2018,14572000.0,A
"Cereals, primary",Area harvested,ha,2018,3045973.0,A
"Cereals, primary",Yield,kg/ha,2018,1338.0,A
"Cereals, primary",Production,t,2018,4075377.0,A
Eggs Primary,Yield/Carcass Weight,g/An,2018,5862.0,E
Eggs Primary,Production,t,2018,45000.0,E
Eggs Primary,Laying,1000 An,2018,7676.0,E
Evaporated & Condensed Milk,Production,t,2018,288.22,E
"Fibre Crops, Fibre Equivalent",Area harvested,ha,2018,80002.0,E
"Fibre Crops, Fibre Equivalent",Yield,kg/ha,2018,481.3,E
"Fibre Crops, Fibre Equivalent",Production,t,2018,38504.3,E
Fruit Primary,Area harvested,ha,2018,1448555.0,E
Fruit Primary,Yield,kg/ha,2018,4523.2,E
Fruit Primary,Production,t,2018,6552177.79,A
"Meat, Poultry",Yield/Carcass Weight,g/An,2018,1294.0,E
"Meat, Poultry",Production,t,2018,91789.19,E
"Meat, Poultry",Producing Animals/Slaughtered,1000 An,2018,70940.0,E
"Meat, Total",Production,t,2018,500258.91,E
"Milk, Total",Yield/Carcass Weight,kg/An,2018,553.0,E
"Milk, Total",Production,t,2018,2101000.0,A
"Milk, Total",Milk Animals,An,2018,3796721.0,E
"Oilcrops, Cake Equivalent",Area harvested,ha,2018,1095231.0,E
"Oilcrops, Cake Equivalent",Yield,kg/ha,2018,387.0,E
"Oilcrops, Cake Equivalent",Production,t,2018,423842.41,E
"Oilcrops, Oil Equivalent",Area harvested,ha,2018,1098231.0,E
"Oilcrops, Oil Equivalent",Yield,kg/ha,2018,251.9,E
"Oilcrops, Oil Equivalent",Production,t,2018,276631.07,E
Poultry Birds,Stocks,1000 An,2018,48901.0,A
"Pulses, Total",Area harvested,ha,2018,644773.0,E
"Pulses, Total",Yield,kg/ha,2018,1525.9,E
"Pulses, Total",Production,t,2018,983842.71,A
"Roots and Tubers, Total",Area harvested,ha,2018,2015537.0,E
"Roots and Tubers, Total",Yield,kg/ha,2018,3077.0,E
"Roots and Tubers, Total",Production,t,2018,6201726.0,A
Sheep and Goat Meat,Yield/Carcass Weight,kg/An,2018,11.0,E
Sheep and Goat Meat,Production,t,2018,40900.0,E
Sheep and Goat Meat,Producing Animals/Slaughtered,An,2018,3596952.0,E
Sheep and Goats,Stocks,An,2018,21003000.0,A
"Skim Milk & Buttermilk, Dry",Production,t,2018,2254.68,E
Sugar Crops Primary,Area harvested,ha,2018,79000.0,E
Sugar Crops Primary,Yield,kg/ha,2018,69658.2,E
Sugar Crops Primary,Production,t,2018,5503000.0,E
Vegetables Primary,Area harvested,ha,2018,240297.0,E
Vegetables Primary,Yield,kg/ha,2018,5727.8,E
Vegetables Primary,Production,t,2018,1376375.34,E
Asses,Stocks,An,2019,19343.0,I
"Beans, dry",Area harvested,ha,2019,546458.0,E
"Beans, dry",Yield,kg/ha,2019,799.7,E
"Beans, dry",Production,t,2019,437000.0,A
"Beer of barley, malted",Production,t,2019,338261.0,A
Bees,Stocks,No,2019,81592.0,I
Beeswax,Production,t,2019,850.0,A
Butter of cow milk,Production,t,2019,777.94,I
"Buttermilk, dry",Production,t,2019,453.91,I
"Cassava, fresh",Area harvested,ha,2019,965976.0,I
"Cassava, fresh",Yield,kg/ha,2019,2753.7,E
"Cassava, fresh",Production,t,2019,2660000.0,A
Castor oil seeds,Area harvested,ha,2019,3000.0,X
Castor oil seeds,Yield,kg/ha,2019,333.3,X
Castor oil seeds,Production,t,2019,1000.0,X
Cattle,Stocks,An,2019,14785000.0,A
"Cattle fat, unrendered",Production,t,2019,4062.5,I
"Cattle fat, unrendered",Producing Animals/Slaughtered,An,2019,1147059.0,E
"Chick peas, dry",Area harvested,ha,2019,8986.0,I
"Chick peas, dry",Yield,kg/ha,2019,632.9,E
"Chick peas, dry",Production,t,2019,5687.72,I
Chickens,Stocks,1000 An,2019,43121.0,A
"Chillies and peppers, dry (Capsicum spp., Pimenta spp.), raw",Area harvested,ha,2019,3153.0,I
"Chillies and peppers, dry (Capsicum spp., Pimenta spp.), raw",Yield,kg/ha,2019,1002.1,E
"Chillies and peppers, dry (Capsicum spp., Pimenta spp.), raw",Production,t,2019,3159.98,I
Cocoa beans,Area harvested,ha,2019,72704.0,I
Cocoa beans,Yield,kg/ha,2019,481.4,E
Cocoa beans,Production,t,2019,35000.0,X
"Coffee, green",Area harvested,ha,2019,541495.0,I
"Coffee, green",Yield,kg/ha,2019,579.8,E
"Coffee, green",Production,t,2019,313933.0,A
"Cotton lint, ginned",Production,t,2019,34000.0,E
Cotton seed,Production,t,2019,74000.0,X
Cottonseed oil,Production,t,2019,9700.0,X
"Cow peas, dry",Area harvested,ha,2019,25586.0,E
"Cow peas, dry",Yield,kg/ha,2019,483.3,E
"Cow peas, dry",Production,t,2019,12366.88,I
"Edible offal of cattle, fresh, chilled or frozen",Production,t,2019,32906.25,I
"Edible offal of cattle, fresh, chilled or frozen",Producing Animals/Slaughtered,An,2019,1147059.0,E
"Edible offal of goat, fresh, chilled or frozen",Production,t,2019,11000.57,I
"Edible offal of goat, fresh, chilled or frozen",Producing Animals/Slaughtered,An,2019,3163348.0,I
"Edible offal of pigs, fresh, chilled or frozen",Production,t,2019,10774.2,I
"Edible offal of pigs, fresh, chilled or frozen",Producing Animals/Slaughtered,An,2019,2144024.0,E
"Edible offal of sheep, fresh, chilled or frozen",Production,t,2019,1152.94,I
"Edible offal of sheep, fresh, chilled or frozen",Producing Animals/Slaughtered,An,2019,489552.0,E
Fat of pigs,Production,t,2019,10774.2,I
Fat of pigs,Producing Animals/Slaughtered,An,2019,2144024.0,E
Ghee from cow milk,Production,t,2019,2043.25,I
"Ginger, raw",Area harvested,ha,2019,199.0,I
"Ginger, raw",Yield,kg/ha,2019,3322.5,E
"Ginger, raw",Production,t,2019,662.2,I
"Goat fat, unrendered",Production,t,2019,1246.73,I
"Goat fat, unrendered",Producing Animals/Slaughtered,An,2019,3163348.0,I
Goats,Stocks,An,2019,16945000.0,A
"Green tea (not fermented), black tea (fermented) and partly fermented tea, in immediate packings of a content not exceeding 3 kg",Production,t,2019,60337.0,A
Groundnut oil,Production,t,2019,4923.23,I
"Groundnuts, excluding shelled",Area harvested,ha,2019,320000.0,X
"Groundnuts, excluding shelled",Yield,kg/ha,2019,415.6,E
"Groundnuts, excluding shelled",Production,t,2019,133000.0,A
"Hen eggs in shell, fresh",Yield,No/An,2019,121.0,E
"Hen eggs in shell, fresh",Yield/Carcass Weight,g/An,2019,5212.0,E
"Hen eggs in shell, fresh",Production,t,2019,45000.0,E
"Hen eggs in shell, fresh",Production,1000 No,2019,1046512.0,E
"Hen eggs in shell, fresh",Laying,1000 An,2019,8634.0,I
Maize (corn),Area harvested,ha,2019,1887000.0,A
Maize (corn),Yield,kg/ha,2019,1462.6,A
Maize (corn),Production,t,2019,2760000.0,A
"Meat of cattle with the bone, fresh or chilled",Yield/Carcass Weight,kg/An,2019,170.0,E
"Meat of cattle with the bone, fresh or chilled",Production,t,2019,195000.0,A
"Meat of cattle with the bone, fresh or chilled",Producing Animals/Slaughtered,An,2019,1147059.0,E
"Meat of chickens, fresh or chilled",Yield/Carcass Weight,g/An,2019,1293.0,E
"Meat of chickens, fresh or chilled",Production,t,2019,79395.82,I
"Meat of chickens, fresh or chilled",Producing Animals/Slaughtered,1000 An,2019,61382.0,I
"Meat of goat, fresh or chilled",Yield/Carcass Weight,kg/An,2019,11.0,E
"Meat of goat, fresh or chilled",Production,t,2019,35935.18,I
"Meat of goat, fresh or chilled",Producing Animals/Slaughtered,An,2019,3163348.0,I
"Meat of pig with the bone, fresh or chilled",Yield/Carcass Weight,kg/An,2019,60.0,E
"Meat of pig with the bone, fresh or chilled",Production,t,2019,128647.21,E
"Meat of pig with the bone, fresh or chilled",Producing Animals/Slaughtered,An,2019,2144024.0,E
"Meat of sheep, fresh or chilled",Yield/Carcass Weight,kg/An,2019,10.0,E
"Meat of sheep, fresh or chilled",Production,t,2019,5135.84,E
"Meat of sheep, fresh or chilled",Producing Animals/Slaughtered,An,2019,489552.0,E
Millet,Area harvested,ha,2019,51305.0,I
Millet,Yield,kg/ha,2019,1403.4,E
Millet,Production,t,2019,72000.0,A
Molasses,Production,t,2019,220000.0,X
Natural honey,Production,t,2019,13000.0,A
Oil of sesame seed,Production,t,2019,33200.0,X
"Onions and shallots, dry (excluding dehydrated)",Area harvested,ha,2019,81059.0,E
"Onions and shallots, dry (excluding dehydrated)",Yield,kg/ha,2019,4139.6,E
"Onions and shallots, dry (excluding dehydrated)",Production,t,2019,335554.28,I
"Other fruits, n.e.c.",Area harvested,ha,2019,7903.0,I
"Other fruits, n.e.c.",Yield,kg/ha,2019,6646.8,E
"Other fruits, n.e.c.",Production,t,2019,52532.05,I
"Other meat of mammals, fresh or chilled",Production,t,2019,29761.13,I
"Other oil seeds, n.e.c.",Area harvested,ha,2019,54983.0,I
"Other oil seeds, n.e.c.",Yield,kg/ha,2019,883.5,E
"Other oil seeds, n.e.c.",Production,t,2019,48579.19,I
"Other vegetables, fresh n.e.c.",Area harvested,ha,2019,154141.0,I
"Other vegetables, fresh n.e.c.",Yield,kg/ha,2019,6485.6,E
"Other vegetables, fresh n.e.c.",Production,t,2019,999704.67,E
"Peas, dry",Area harvested,ha,2019,25976.0,I
"Peas, dry",Yield,kg/ha,2019,498.0,E
"Peas, dry",Production,t,2019,12934.74,I
"Pepper (Piper spp.), raw",Area harvested,ha,2019,1760.0,I
"Pepper (Piper spp.), raw",Yield,kg/ha,2019,1238.2,E
"Pepper (Piper spp.), raw",Production,t,2019,2179.54,I
"Pigeon peas, dry",Area harvested,ha,2019,38901.0,E
"Pigeon peas, dry",Yield,kg/ha,2019,344.5,E
"Pigeon peas, dry",Production,t,2019,13400.0,E
Pineapples,Area harvested,ha,2019,943.0,I
Pineapples,Yield,kg/ha,2019,8486.9,E
Pineapples,Production,t,2019,8000.0,E
Plantains and cooking bananas,Area harvested,ha,2019,2093068.0,I
Plantains and cooking bananas,Yield,kg/ha,2019,4491.0,E
Plantains and cooking bananas,Production,t,2019,9400000.0,A
Potatoes,Area harvested,ha,2019,30168.0,I
Potatoes,Yield,kg/ha,2019,8618.3,E
Potatoes,Production,t,2019,260000.0,A
Raw cane or beet sugar (centrifugal only),Production,t,2019,482000.0,A
Raw hides and skins of cattle,Yield/Carcass Weight,kg/An,2019,24.0,E
Raw hides and skins of cattle,Production,t,2019,27625.0,I
Raw hides and skins of cattle,Producing Animals/Slaughtered,An,2019,1147059.0,E
Raw hides and skins of goats or kids,Yield/Carcass Weight,kg/An,2019,2.0,E
Raw hides and skins of goats or kids,Production,t,2019,7333.71,I
Raw hides and skins of goats or kids,Producing Animals/Slaughtered,An,2019,3163348.0,I
Raw hides and skins of sheep or lambs,Yield/Carcass Weight,kg/An,2019,2.0,E
Raw hides and skins of sheep or lambs,Production,t,2019,901.39,I
Raw hides and skins of sheep or lambs,Producing Animals/Slaughtered,An,2019,489552.0,E
Raw milk of cattle,Yield/Carcass Weight,kg/An,2019,723.0,E
Raw milk of cattle,Production,t,2019,2781000.0,A
Raw milk of cattle,Milk Animals,An,2019,3843965.0,I
Rice,Area harvested,ha,2019,177000.0,A
Rice,Yield,kg/ha,2019,943.5,A
Rice,Production,t,2019,167000.0,A
"Seed cotton, unginned",Area harvested,ha,2019,90000.0,X
"Seed cotton, unginned",Yield,kg/ha,2019,1333.3,E
"Seed cotton, unginned",Production,t,2019,120000.0,E
Sesame seed,Area harvested,ha,2019,212000.0,X
Sesame seed,Yield,kg/ha,2019,679.2,X
Sesame seed,Production,t,2019,144000.0,X
Sheep,Stocks,An,2019,4666000.0,A
"Sheep fat, unrendered",Production,t,2019,115.29,I
"Sheep fat, unrendered",Producing Animals/Slaughtered,An,2019,489552.0,E
"Sisal, raw",Area harvested,ha,2019,2.0,I
"Sisal, raw",Yield,kg/ha,2019,2024.5,E
"Sisal, raw",Production,t,2019,4.5,I
Skim milk and whey powder,Production,t,2019,3133.3,I
Skim milk of cows,Production,t,2019,53764.71,I
Sorghum,Area harvested,ha,2019,96704.0,I
Sorghum,Yield,kg/ha,2019,1003.1,E
Sorghum,Production,t,2019,97000.0,A
Soya bean oil,Production,t,2019,5700.0,X
Soya beans,Area harvested,ha,2019,215000.0,A
Soya beans,Yield,kg/ha,2019,590.7,A
Soya beans,Production,t,2019,127000.0,A
Sugar cane,Area harvested,ha,2019,78000.0,E
Sugar cane,Yield,kg/ha,2019,70512.8,E
Sugar cane,Production,t,2019,5500000.0,E
Sunflower seed,Area harvested,ha,2019,265000.0,X
Sunflower seed,Yield,kg/ha,2019,1446.0,E
Sunflower seed,Production,t,2019,383200.0,A
"Sunflower-seed oil, crude",Production,t,2019,84300.0,X
Sweet potatoes,Area harvested,ha,2019,238898.0,I
Sweet potatoes,Yield,kg/ha,2019,4487.3,E
Sweet potatoes,Production,t,2019,1072000.0,A
Swine / pigs,Stocks,An,2019,4411000.0,A
Tea leaves,Area harvested,ha,2019,29233.0,I
Tea leaves,Yield,kg/ha,2019,8962.4,E
Tea leaves,Production,t,2019,262000.0,E
Tomatoes,Area harvested,ha,2019,6541.0,E
Tomatoes,Yield,kg/ha,2019,5937.7,E
Tomatoes,Production,t,2019,38836.17,I
Unmanufactured tobacco,Area harvested,ha,2019,22456.0,I
Unmanufactured tobacco,Yield,kg/ha,2019,1382.5,E
Unmanufactured tobacco,Production,t,2019,31044.51,I
"Vanilla, raw",Area harvested,ha,2019,372.0,I
"Vanilla, raw",Yield,kg/ha,2019,502.3,E
"Vanilla, raw",Production,t,2019,186.67,I
Wheat,Area harvested,ha,2019,14803.0,I
Wheat,Yield,kg/ha,2019,1621.3,E
Wheat,Production,t,2019,24000.0,X
Whole milk powder,Production,t,2019,2082.48,I
"Whole milk, condensed",Production,t,2019,185.01,I
"Beef and Buffalo Meat, primary",Yield/Carcass Weight,kg/An,2019,170.0,E
"Beef and Buffalo Meat, primary",Production,t,2019,195000.0,A
"Beef and Buffalo Meat, primary",Producing Animals/Slaughtered,An,2019,1147059.0,E
Butter and Ghee,Production,t,2019,2821.19,E
Cattle and Buffaloes,Stocks,An,2019,14785000.0,A
"Cereals, primary",Area harvested,ha,2019,2226812.0,A
"Cereals, primary",Yield,kg/ha,2019,1401.1,A
"Cereals, primary",Production,t,2019,3120000.0,A
Eggs Primary,Yield/Carcass Weight,g/An,2019,5212.0,E
Eggs Primary,Production,t,2019,45000.0,E
Eggs Primary,Laying,1000 An,2019,8634.0,E
Evaporated & Condensed Milk,Production,t,2019,185.01,E
"Fibre Crops, Fibre Equivalent",Area harvested,ha,2019,90002.0,E
"Fibre Crops, Fibre Equivalent",Yield,kg/ha,2019,466.7,E
"Fibre Crops, Fibre Equivalent",Production,t,2019,42004.5,E
Fruit Primary,Area harvested,ha,2019,2101914.0,E
Fruit Primary,Yield,kg/ha,2019,4500.9,E
Fruit Primary,Production,t,2019,9460532.05,A
"Meat, Poultry",Yield/Carcass Weight,g/An,2019,1293.0,E
"Meat, Poultry",Production,t,2019,79395.82,E
"Meat, Poultry",Producing Animals/Slaughtered,1000 An,2019,61382.0,E
"Meat, Total",Production,t,2019,473875.18,E
"Milk, Total",Yield/Carcass Weight,kg/An,2019,723.0,E
"Milk, Total",Production,t,2019,2781000.0,A
"Milk, Total",Milk Animals,An,2019,3843965.0,E
"Oilcrops, Cake Equivalent",Area harvested,ha,2019,1156983.0,E
"Oilcrops, Cake Equivalent",Yield,kg/ha,2019,408.1,E
"Oilcrops, Cake Equivalent",Production,t,2019,472117.51,E
"Oilcrops, Oil Equivalent",Area harvested,ha,2019,1159983.0,E
"Oilcrops, Oil Equivalent",Yield,kg/ha,2019,266.3,E
"Oilcrops, Oil Equivalent",Production,t,2019,308861.76,E
Poultry Birds,Stocks,1000 An,2019,43121.0,A
"Pulses, Total",Area harvested,ha,2019,645907.0,E
"Pulses, Total",Yield,kg/ha,2019,745.3,E
"Pulses, Total",Production,t,2019,481389.34,A
"Roots and Tubers, Total",Area harvested,ha,2019,1235042.0,E
"Roots and Tubers, Total",Yield,kg/ha,2019,3232.3,E
"Roots and Tubers, Total",Production,t,2019,3992000.0,A
Sheep and Goat Meat,Yield/Carcass Weight,kg/An,2019,11.0,E
Sheep and Goat Meat,Production,t,2019,41071.02,E
Sheep and Goat Meat,Producing Animals/Slaughtered,An,2019,3652900.0,E
Sheep and Goats,Stocks,An,2019,21611000.0,A
"Skim Milk & Buttermilk, Dry",Production,t,2019,3587.21,E
Sugar Crops Primary,Area harvested,ha,2019,78000.0,E
Sugar Crops Primary,Yield,kg/ha,2019,70512.8,E
Sugar Crops Primary,Production,t,2019,5500000.0,E
Vegetables Primary,Area harvested,ha,2019,241741.0,E
Vegetables Primary,Yield,kg/ha,2019,5684.2,E
Vegetables Primary,Production,t,2019,1374095.13,E
Asses,Stocks,An,2020,19373.0,I
"Beans, dry",Area harvested,ha,2020,923554.0,I
"Beans, dry",Yield,kg/ha,2020,851.1,E
"Beans, dry",Production,t,2020,786000.0,A
"Beer of barley, malted",Production,t,2020,347437.0,A
Bees,Stocks,No,2020,82095.0,I
Beeswax,Production,t,2020,920.0,A
Butter of cow milk,Production,t,2020,445.87,I
"Buttermilk, dry",Production,t,2020,457.21,I
"Cassava, fresh",Area harvested,ha,2020,758218.0,I
"Cassava, fresh",Yield,kg/ha,2020,2748.5,E
"Cassava, fresh",Production,t,2020,2084000.0,A
Castor oil seeds,Area harvested,ha,2020,3000.0,X
Castor oil seeds,Yield,kg/ha,2020,333.3,X
Castor oil seeds,Production,t,2020,1000.0,X
Cattle,Stocks,An,2020,14918000.0,A
"Cattle fat, unrendered",Production,t,2020,4500.0,I
"Cattle fat, unrendered",Producing Animals/Slaughtered,An,2020,1270588.0,E
"Chick peas, dry",Area harvested,ha,2020,9129.0,I
"Chick peas, dry",Yield,kg/ha,2020,608.4,E
"Chick peas, dry",Production,t,2020,5553.71,E
Chickens,Stocks,1000 An,2020,44199.0,A
"Chillies and peppers, dry (Capsicum spp., Pimenta spp.), raw",Area harvested,ha,2020,3175.0,I
"Chillies and peppers, dry (Capsicum spp., Pimenta spp.), raw",Yield,kg/ha,2020,1004.7,E
"Chillies and peppers, dry (Capsicum spp., Pimenta spp.), raw",Production,t,2020,3189.36,I
Cocoa beans,Area harvested,ha,2020,71217.0,I
Cocoa beans,Yield,kg/ha,2020,491.5,E
Cocoa beans,Production,t,2020,35000.0,X
"Coffee, green",Area harvested,ha,2020,632691.0,I
"Coffee, green",Yield,kg/ha,2020,569.2,E
"Coffee, green",Production,t,2020,360103.0,A
"Cotton lint, ginned",Production,t,2020,45000.0,E
Cotton seed,Production,t,2020,80000.0,X
Cottonseed oil,Production,t,2020,10400.0,X
"Cow peas, dry",Area harvested,ha,2020,25824.0,I
"Cow peas, dry",Yield,kg/ha,2020,494.1,E
"Cow peas, dry",Production,t,2020,12760.16,I
"Edible offal of cattle, fresh, chilled or frozen",Production,t,2020,36450.0,I
"Edible offal of cattle, fresh, chilled or frozen",Producing Animals/Slaughtered,An,2020,1270588.0,E
"Edible offal of goat, fresh, chilled or frozen",Production,t,2020,10600.51,I
"Edible offal of goat, fresh, chilled or frozen",Producing Animals/Slaughtered,An,2020,3101448.0,I
"Edible offal of pigs, fresh, chilled or frozen",Production,t,2020,10984.04,I
"Edible offal of pigs, fresh, chilled or frozen",Producing Animals/Slaughtered,An,2020,2185789.0,E
"Edible offal of sheep, fresh, chilled or frozen",Production,t,2020,1148.54,I
"Edible offal of sheep, fresh, chilled or frozen",Producing Animals/Slaughtered,An,2020,480722.0,E
Fat of pigs,Production,t,2020,10984.04,I
Fat of pigs,Producing Animals/Slaughtered,An,2020,2185789.0,E
Ghee from cow milk,Production,t,2020,2372.73,I
"Ginger, raw",Area harvested,ha,2020,298.0,I
"Ginger, raw",Yield,kg/ha,2020,3351.5,E
"Ginger, raw",Production,t,2020,1000.0,E
"Goat fat, unrendered",Production,t,2020,1201.39,I
"Goat fat, unrendered",Producing Animals/Slaughtered,An,2020,3101448.0,I
Goats,Stocks,An,2020,17097000.0,A
"Green tea (not fermented), black tea (fermented) and partly fermented tea, in immediate packings of a content not exceeding 3 kg",Production,t,2020,75692.0,A
Groundnut oil,Production,t,2020,9042.97,I
"Groundnuts, excluding shelled",Area harvested,ha,2020,330000.0,X
"Groundnuts, excluding shelled",Yield,kg/ha,2020,554.5,E
"Groundnuts, excluding shelled",Production,t,2020,183000.0,A
"Hen eggs in shell, fresh",Yield,No/An,2020,118.0,E
"Hen eggs in shell, fresh",Yield/Carcass Weight,g/An,2020,5088.0,E
"Hen eggs in shell, fresh",Production,t,2020,44666.67,E
"Hen eggs in shell, fresh",Production,1000 No,2020,1038760.0,E
"Hen eggs in shell, fresh",Laying,1000 An,2020,8778.0,I
Maize (corn),Area harvested,ha,2020,2036000.0,A
Maize (corn),Yield,kg/ha,2020,1719.1,A
Maize (corn),Production,t,2020,3500000.0,A
"Meat of cattle with the bone, fresh or chilled",Yield/Carcass Weight,kg/An,2020,170.0,E
"Meat of cattle with the bone, fresh or chilled",Production,t,2020,216000.0,A
"Meat of cattle with the bone, fresh or chilled",Producing Animals/Slaughtered,An,2020,1270588.0,E
"Meat of chickens, fresh or chilled",Yield/Carcass Weight,g/An,2020,1293.0,E
"Meat of chickens, fresh or chilled",Production,t,2020,81936.13,I
"Meat of chickens, fresh or chilled",Producing Animals/Slaughtered,1000 An,2020,63370.0,I
"Meat of goat, fresh or chilled",Yield/Carcass Weight,kg/An,2020,11.0,E
"Meat of goat, fresh or chilled",Production,t,2020,34628.32,I
"Meat of goat, fresh or chilled",Producing Animals/Slaughtered,An,2020,3101448.0,I
"Meat of pig with the bone, fresh or chilled",Yield/Carcass Weight,kg/An,2020,60.0,E
"Meat of pig with the bone, fresh or chilled",Production,t,2020,131152.75,E
"Meat of pig with the bone, fresh or chilled",Producing Animals/Slaughtered,An,2020,2185789.0,E
"Meat of sheep, fresh or chilled",Yield/Carcass Weight,kg/An,2020,11.0,E
"Meat of sheep, fresh or chilled",Production,t,2020,5116.21,E
"Meat of sheep, fresh or chilled",Producing Animals/Slaughtered,An,2020,480722.0,E
Millet,Area harvested,ha,2020,50243.0,I
Millet,Yield,kg/ha,2020,1393.2,E
Millet,Production,t,2020,70000.0,A
Molasses,Production,t,2020,222000.0,X
Natural honey,Production,t,2020,15600.0,A
Oil of sesame seed,Production,t,2020,32500.0,X
"Onions and shallots, dry (excluding dehydrated)",Area harvested,ha,2020,83992.0,I
"Onions and shallots, dry (excluding dehydrated)",Yield,kg/ha,2020,3905.2,E
"Onions and shallots, dry (excluding dehydrated)",Production,t,2020,328007.93,E
"Other fruits, n.e.c.",Area harvested,ha,2020,7902.0,I
"Other fruits, n.e.c.",Yield,kg/ha,2020,6645.8,E
"Other fruits, n.e.c.",Production,t,2020,52515.92,I
"Other meat of mammals, fresh or chilled",Production,t,2020,29985.68,I
"Other oil seeds, n.e.c.",Area harvested,ha,2020,55095.0,I
"Other oil seeds, n.e.c.",Yield,kg/ha,2020,900.6,E
"Other oil seeds, n.e.c.",Production,t,2020,49618.38,I
"Other vegetables, fresh n.e.c.",Area harvested,ha,2020,155481.0,I
"Other vegetables, fresh n.e.c.",Yield,kg/ha,2020,6435.3,E
"Other vegetables, fresh n.e.c.",Production,t,2020,1000561.92,I
"Peas, dry",Area harvested,ha,2020,26874.0,I
"Peas, dry",Yield,kg/ha,2020,491.2,E
"Peas, dry",Production,t,2020,13200.36,I
"Pepper (Piper spp.), raw",Area harvested,ha,2020,1763.0,I
"Pepper (Piper spp.), raw",Yield,kg/ha,2020,1251.4,E
"Pepper (Piper spp.), raw",Production,t,2020,2206.33,I
"Pigeon peas, dry",Area harvested,ha,2020,40163.0,E
"Pigeon peas, dry",Yield,kg/ha,2020,336.4,E
"Pigeon peas, dry",Production,t,2020,13510.33,E
Pineapples,Area harvested,ha,2020,1469.0,I
Pineapples,Yield,kg/ha,2020,8508.8,E
Pineapples,Production,t,2020,12500.0,E
Plantains and cooking bananas,Area harvested,ha,2020,2639720.0,I
Plantains and cooking bananas,Yield,kg/ha,2020,4453.7,E
Plantains and cooking bananas,Production,t,2020,11756441.0,A
Potatoes,Area harvested,ha,2020,30091.0,I
Potatoes,Yield,kg/ha,2020,8308.2,E
Potatoes,Production,t,2020,250000.0,A
Raw cane or beet sugar (centrifugal only),Production,t,2020,520000.0,A
Raw hides and skins of cattle,Yield/Carcass Weight,kg/An,2020,24.0,E
Raw hides and skins of cattle,Production,t,2020,30600.0,I
Raw hides and skins of cattle,Producing Animals/Slaughtered,An,2020,1270588.0,E
Raw hides and skins of goats or kids,Yield/Carcass Weight,kg/An,2020,2.0,E
Raw hides and skins of goats or kids,Production,t,2020,7067.0,I
Raw hides and skins of goats or kids,Producing Animals/Slaughtered,An,2020,3101448.0,I
Raw hides and skins of sheep or lambs,Yield/Carcass Weight,kg/An,2020,2.0,E
Raw hides and skins of sheep or lambs,Production,t,2020,897.95,I
Raw hides and skins of sheep or lambs,Producing Animals/Slaughtered,An,2020,480722.0,E
Raw milk of cattle,Yield/Carcass Weight,kg/An,2020,717.0,E
Raw milk of cattle,Production,t,2020,2781000.0,A
Raw milk of cattle,Milk Animals,An,2020,3879852.0,I
Rice,Area harvested,ha,2020,221000.0,A
Rice,Yield,kg/ha,2020,1244.3,A
Rice,Production,t,2020,275000.0,A
"Seed cotton, unginned",Area harvested,ha,2020,94000.0,X
"Seed cotton, unginned",Yield,kg/ha,2020,1383.0,E
"Seed cotton, unginned",Production,t,2020,130000.0,E
Sesame seed,Area harvested,ha,2020,215000.0,X
Sesame seed,Yield,kg/ha,2020,679.1,X
Sesame seed,Production,t,2020,146000.0,X
Sheep,Stocks,An,2020,4717000.0,A
"Sheep fat, unrendered",Production,t,2020,114.85,I
"Sheep fat, unrendered",Producing Animals/Slaughtered,An,2020,480722.0,E
"Sisal, raw",Area harvested,ha,2020,2.0,I
"Sisal, raw",Yield,kg/ha,2020,1831.3,E
"Sisal, raw",Production,t,2020,4.36,E
Skim milk and whey powder,Production,t,2020,4500.0,E
Skim milk of cows,Production,t,2020,54182.32,I
Sorghum,Area harvested,ha,2020,171440.0,I
Sorghum,Yield,kg/ha,2020,944.9,E
Sorghum,Production,t,2020,162000.0,A
Soya bean oil,Production,t,2020,13200.0,X
Soya beans,Area harvested,ha,2020,225000.0,A
Soya beans,Yield,kg/ha,2020,613.3,A
Soya beans,Production,t,2020,138000.0,A
Sugar cane,Area harvested,ha,2020,76379.0,I
Sugar cane,Yield,kg/ha,2020,70176.2,E
Sugar cane,Production,t,2020,5360000.0,E
Sunflower seed,Area harvested,ha,2020,275000.0,X
Sunflower seed,Yield,kg/ha,2020,1418.2,E
Sunflower seed,Production,t,2020,390000.0,A
"Sunflower-seed oil, crude",Production,t,2020,84200.0,X
Sweet potatoes,Area harvested,ha,2020,252617.0,I
Sweet potatoes,Yield,kg/ha,2020,4619.6,E
Sweet potatoes,Production,t,2020,1167000.0,A
Swine / pigs,Stocks,An,2020,4521000.0,A
Tea leaves,Area harvested,ha,2020,42785.0,I
Tea leaves,Yield,kg/ha,2020,9115.4,E
Tea leaves,Production,t,2020,390000.0,E
Tomatoes,Area harvested,ha,2020,6697.0,I
Tomatoes,Yield,kg/ha,2020,5941.0,E
Tomatoes,Production,t,2020,39786.23,I
Unmanufactured tobacco,Area harvested,ha,2020,22620.0,I
Unmanufactured tobacco,Yield,kg/ha,2020,1372.1,E
Unmanufactured tobacco,Production,t,2020,31037.12,I
"Vanilla, raw",Area harvested,ha,2020,361.0,E
"Vanilla, raw",Yield,kg/ha,2020,503.2,E
"Vanilla, raw",Production,t,2020,181.46,E
Wheat,Area harvested,ha,2020,15000.0,X
Wheat,Yield,kg/ha,2020,1666.7,X
Wheat,Production,t,2020,25000.0,X
Whole milk powder,Production,t,2020,2700.0,E
"Whole milk, condensed",Production,t,2020,204.35,I
"Beef and Buffalo Meat, primary",Yield/Carcass Weight,kg/An,2020,170.0,E
"Beef and Buffalo Meat, primary",Production,t,2020,216000.0,A
"Beef and Buffalo Meat, primary",Producing Animals/Slaughtered,An,2020,1270588.0,E
Butter and Ghee,Production,t,2020,2818.6,E
Cattle and Buffaloes,Stocks,An,2020,14918000.0,A
"Cereals, primary",Area harvested,ha,2020,2493683.0,A
"Cereals, primary",Yield,kg/ha,2020,1616.9,A
"Cereals, primary",Production,t,2020,4032000.0,A
Eggs Primary,Yield/Carcass Weight,g/An,2020,5088.0,E
Eggs Primary,Production,t,2020,44666.67,E
Eggs Primary,Laying,1000 An,2020,8778.0,E
Evaporated & Condensed Milk,Production,t,2020,204.35,E
"Fibre Crops, Fibre Equivalent",Area harvested,ha,2020,94002.0,E
"Fibre Crops, Fibre Equivalent",Yield,kg/ha,2020,484.1,E
"Fibre Crops, Fibre Equivalent",Production,t,2020,45504.36,E
Fruit Primary,Area harvested,ha,2020,2649091.0,E
Fruit Primary,Yield,kg/ha,2020,4462.5,E
Fruit Primary,Production,t,2020,11821456.92,A
"Meat, Poultry",Yield/Carcass Weight,g/An,2020,1293.0,E
"Meat, Poultry",Production,t,2020,81936.13,E
"Meat, Poultry",Producing Animals/Slaughtered,1000 An,2020,63370.0,E
"Meat, Total",Production,t,2020,498819.09,E
"Milk, Total",Yield/Carcass Weight,kg/An,2020,717.0,E
"Milk, Total",Production,t,2020,2781000.0,A
"Milk, Total",Milk Animals,An,2020,3879852.0,E
"Oilcrops, Cake Equivalent",Area harvested,ha,2020,1194095.0,E
"Oilcrops, Cake Equivalent",Yield,kg/ha,2020,425.3,E
"Oilcrops, Cake Equivalent",Production,t,2020,507860.03,E
"Oilcrops, Oil Equivalent",Area harvested,ha,2020,1197095.0,E
"Oilcrops, Oil Equivalent",Yield,kg/ha,2020,276.3,E
"Oilcrops, Oil Equivalent",Production,t,2020,330809.51,E
Poultry Birds,Stocks,1000 An,2020,44199.0,A
"Pulses, Total",Area harvested,ha,2020,1025544.0,E
"Pulses, Total",Yield,kg/ha,2020,810.3,E
"Pulses, Total",Production,t,2020,831024.56,A
"Roots and Tubers, Total",Area harvested,ha,2020,1040927.0,E
"Roots and Tubers, Total",Yield,kg/ha,2020,3363.3,E
"Roots and Tubers, Total",Production,t,2020,3501000.0,A
Sheep and Goat Meat,Yield/Carcass Weight,kg/An,2020,11.0,E
Sheep and Goat Meat,Production,t,2020,39744.53,E
Sheep and Goat Meat,Producing Animals/Slaughtered,An,2020,3582170.0,E
Sheep and Goats,Stocks,An,2020,21814000.0,A
"Skim Milk & Buttermilk, Dry",Production,t,2020,4957.21,E
Sugar Crops Primary,Area harvested,ha,2020,76379.0,E
Sugar Crops Primary,Yield,kg/ha,2020,70176.2,E
Sugar Crops Primary,Production,t,2020,5360000.0,E
Vegetables Primary,Area harvested,ha,2020,246169.0,E
Vegetables Primary,Yield,kg/ha,2020,5558.6,E
Vegetables Primary,Production,t,2020,1368356.08,E
Asses,Stocks,An,2021,19351.0,I
"Beans, dry",Area harvested,ha,2021,963000.0,A
"Beans, dry",Yield,kg/ha,2021,799.6,A
"Beans, dry",Production,t,2021,770000.0,A
"Beer of barley, malted",Production,t,2021,348092.0,A
Bees,Stocks,No,2021,82322.0,I
Beeswax,Production,t,2021,180.0,A
Butter of cow milk,Production,t,2021,1569.19,I
"Buttermilk, dry",Production,t,2021,242.17,I
"Cassava, fresh",Area harvested,ha,2021,992665.0,I
"Cassava, fresh",Yield,kg/ha,2021,2274.5,E
"Cassava, fresh",Production,t,2021,2257790.0,A
Castor oil seeds,Area harvested,ha,2021,3000.0,X
Castor oil seeds,Yield,kg/ha,2021,333.3,X
Castor oil seeds,Production,t,2021,1000.0,X
Cattle,Stocks,An,2021,14500000.0,A
"Cattle fat, unrendered",Production,t,2021,4750.0,I
"Cattle fat, unrendered",Producing Animals/Slaughtered,An,2021,1341176.0,E
"Chick peas, dry",Area harvested,ha,2021,8988.0,E
"Chick peas, dry",Yield,kg/ha,2021,622.9,E
"Chick peas, dry",Production,t,2021,5598.38,E
Chickens,Stocks,1000 An,2021,70840.0,A
"Chillies and peppers, dry (Capsicum spp., Pimenta spp.), raw",Area harvested,ha,2021,3188.0,I
"Chillies and peppers, dry (Capsicum spp., Pimenta spp.), raw",Yield,kg/ha,2021,1008.0,E
"Chillies and peppers, dry (Capsicum spp., Pimenta spp.), raw",Production,t,2021,3213.55,I
Cocoa beans,Area harvested,ha,2021,91391.0,I
Cocoa beans,Yield,kg/ha,2021,510.6,E
Cocoa beans,Production,t,2021,46663.0,A
"Coffee, green",Area harvested,ha,2021,737884.0,I
"Coffee, green",Yield,kg/ha,2021,561.1,E
"Coffee, green",Production,t,2021,414007.0,A
"Cotton lint, ginned",Production,t,2021,47000.0,E
Cotton seed,Production,t,2021,85000.0,X
Cottonseed oil,Production,t,2021,11300.0,X
"Cow peas, dry",Area harvested,ha,2021,26061.0,E
"Cow peas, dry",Yield,kg/ha,2021,480.5,E
"Cow peas, dry",Production,t,2021,12522.68,E
"Edible offal of cattle, fresh, chilled or frozen",Production,t,2021,38475.0,I
"Edible offal of cattle, fresh, chilled or frozen",Producing Animals/Slaughtered,An,2021,1341176.0,E
"Edible offal of goat, fresh, chilled or frozen",Production,t,2021,10384.19,I
"Edible offal of goat, fresh, chilled or frozen",Producing Animals/Slaughtered,An,2021,3048367.0,I
"Edible offal of pigs, fresh, chilled or frozen",Production,t,2021,17210.87,I
"Edible offal of pigs, fresh, chilled or frozen",Producing Animals/Slaughtered,An,2021,3424907.0,E
"Edible offal of sheep, fresh, chilled or frozen",Production,t,2021,1062.53,I
"Edible offal of sheep, fresh, chilled or frozen",Producing Animals/Slaughtered,An,2021,444722.0,E
Fat of pigs,Production,t,2021,17210.87,I
Fat of pigs,Producing Animals/Slaughtered,An,2021,3424907.0,E
Ghee from cow milk,Production,t,2021,2734.92,I
"Ginger, raw",Area harvested,ha,2021,324.0,I
"Ginger, raw",Yield,kg/ha,2021,3395.1,E
"Ginger, raw",Production,t,2021,1100.0,E
"Goat fat, unrendered",Production,t,2021,1176.87,I
"Goat fat, unrendered",Producing Animals/Slaughtered,An,2021,3048367.0,I
Goats,Stocks,An,2021,17358355.0,A
"Green tea (not fermented), black tea (fermented) and partly fermented tea, in immediate packings of a content not exceeding 3 kg",Production,t,2021,84446.0,A
Groundnut oil,Production,t,2021,8813.49,I
"Groundnuts, excluding shelled",Area harvested,ha,2021,352000.0,A
"Groundnuts, excluding shelled",Yield,kg/ha,2021,386.4,A
"Groundnuts, excluding shelled",Production,t,2021,136000.0,A
"Hen eggs in shell, fresh",Yield,No/An,2021,123.0,E
"Hen eggs in shell, fresh",Yield/Carcass Weight,g/An,2021,5294.0,E
"Hen eggs in shell, fresh",Production,t,2021,44274.57,I
"Hen eggs in shell, fresh",Production,1000 No,2021,1029641.0,I
"Hen eggs in shell, fresh",Laying,1000 An,2021,8363.0,E
Maize (corn),Area harvested,ha,2021,1591000.0,A
Maize (corn),Yield,kg/ha,2021,2199.9,A
Maize (corn),Production,t,2021,3500000.0,A
"Meat of cattle with the bone, fresh or chilled",Yield/Carcass Weight,kg/An,2021,170.0,E
"Meat of cattle with the bone, fresh or chilled",Production,t,2021,228000.0,A
"Meat of cattle with the bone, fresh or chilled",Producing Animals/Slaughtered,An,2021,1341176.0,E
"Meat of chickens, fresh or chilled",Yield/Carcass Weight,g/An,2021,1293.0,E
"Meat of chickens, fresh or chilled",Production,t,2021,132347.41,I
"Meat of chickens, fresh or chilled",Producing Animals/Slaughtered,1000 An,2021,102325.0,I
"Meat of goat, fresh or chilled",Yield/Carcass Weight,kg/An,2021,11.0,E
"Meat of goat, fresh or chilled",Production,t,2021,33921.69,I
"Meat of goat, fresh or chilled",Producing Animals/Slaughtered,An,2021,3048367.0,I
"Meat of pig with the bone, fresh or chilled",Yield/Carcass Weight,kg/An,2021,60.0,E
"Meat of pig with the bone, fresh or chilled",Production,t,2021,205502.9,E
"Meat of pig with the bone, fresh or chilled",Producing Animals/Slaughtered,An,2021,3424907.0,E
"Meat of sheep, fresh or chilled",Yield/Carcass Weight,kg/An,2021,11.0,E
"Meat of sheep, fresh or chilled",Production,t,2021,4733.07,E
"Meat of sheep, fresh or chilled",Producing Animals/Slaughtered,An,2021,444722.0,E
Millet,Area harvested,ha,2021,50613.0,I
Millet,Yield,kg/ha,2021,1383.1,E
Millet,Production,t,2021,70000.0,A
Molasses,Production,t,2021,247712.78,I
Natural honey,Production,t,2021,19200.0,A
Oil of sesame seed,Production,t,2021,32200.0,X
"Onions and shallots, dry (excluding dehydrated)",Area harvested,ha,2021,82713.0,E
"Onions and shallots, dry (excluding dehydrated)",Yield,kg/ha,2021,3995.2,E
"Onions and shallots, dry (excluding dehydrated)",Production,t,2021,330452.82,E
"Other fruits, n.e.c.",Area harvested,ha,2021,7901.0,I
"Other fruits, n.e.c.",Yield,kg/ha,2021,6640.6,E
"Other fruits, n.e.c.",Production,t,2021,52466.14,I
"Other meat of mammals, fresh or chilled",Production,t,2021,30546.04,I
"Other oil seeds, n.e.c.",Area harvested,ha,2021,54770.0,E
"Other oil seeds, n.e.c.",Yield,kg/ha,2021,884.9,E
"Other oil seeds, n.e.c.",Production,t,2021,48463.4,E
"Other vegetables, fresh n.e.c.",Area harvested,ha,2021,156268.0,I
"Other vegetables, fresh n.e.c.",Yield,kg/ha,2021,6565.4,E
"Other vegetables, fresh n.e.c.",Production,t,2021,1025954.85,I
"Peas, dry",Area harvested,ha,2021,26132.0,I
"Peas, dry",Yield,kg/ha,2021,491.0,E
"Peas, dry",Production,t,2021,12830.25,I
"Pepper (Piper spp.), raw",Area harvested,ha,2021,1740.0,I
"Pepper (Piper spp.), raw",Yield,kg/ha,2021,1274.0,E
"Pepper (Piper spp.), raw",Production,t,2021,2216.38,I
"Pigeon peas, dry",Area harvested,ha,2021,40401.0,E
"Pigeon peas, dry",Yield,kg/ha,2021,335.2,E
"Pigeon peas, dry",Production,t,2021,13543.44,E
Pineapples,Area harvested,ha,2021,1102.0,E
Pineapples,Yield,kg/ha,2021,8514.6,E
Pineapples,Production,t,2021,9379.66,E
Plantains and cooking bananas,Area harvested,ha,2021,2509284.0,I
Plantains and cooking bananas,Yield,kg/ha,2021,4454.1,E
Plantains and cooking bananas,Production,t,2021,11176675.0,A
Potatoes,Area harvested,ha,2021,57514.0,E
Potatoes,Yield,kg/ha,2021,6857.4,E
Potatoes,Production,t,2021,394400.0,A
Raw cane or beet sugar (centrifugal only),Production,t,2021,664000.0,A
Raw hides and skins of cattle,Yield/Carcass Weight,kg/An,2021,24.0,E
Raw hides and skins of cattle,Production,t,2021,32300.0,I
Raw hides and skins of cattle,Producing Animals/Slaughtered,An,2021,1341176.0,E
Raw hides and skins of goats or kids,Yield/Carcass Weight,kg/An,2021,2.0,E
Raw hides and skins of goats or kids,Production,t,2021,6922.79,I
Raw hides and skins of goats or kids,Producing Animals/Slaughtered,An,2021,3048367.0,I
Raw hides and skins of sheep or lambs,Yield/Carcass Weight,kg/An,2021,2.0,E
Raw hides and skins of sheep or lambs,Production,t,2021,830.7,I
Raw hides and skins of sheep or lambs,Producing Animals/Slaughtered,An,2021,444722.0,E
Raw milk of cattle,Yield/Carcass Weight,kg/An,2021,764.0,E
Raw milk of cattle,Production,t,2021,2894300.0,A
Raw milk of cattle,Milk Animals,An,2021,3789023.0,I
Rice,Area harvested,ha,2021,219000.0,A
Rice,Yield,kg/ha,2021,1497.3,A
Rice,Production,t,2021,327900.0,A
"Seed cotton, unginned",Area harvested,ha,2021,99000.0,X
"Seed cotton, unginned",Yield,kg/ha,2021,1363.6,E
"Seed cotton, unginned",Production,t,2021,135000.0,E
Sesame seed,Area harvested,ha,2021,215000.0,X
Sesame seed,Yield,kg/ha,2021,660.5,X
Sesame seed,Production,t,2021,142000.0,X
Sheep,Stocks,An,2021,4363756.0,A
"Sheep fat, unrendered",Production,t,2021,106.25,I
"Sheep fat, unrendered",Producing Animals/Slaughtered,An,2021,444722.0,E
"Sisal, raw",Area harvested,ha,2021,2.0,I
"Sisal, raw",Yield,kg/ha,2021,1816.5,E
"Sisal, raw",Production,t,2021,4.39,E
Skim milk and whey powder,Production,t,2021,6900.0,E
Skim milk of cows,Production,t,2021,80600.31,I
Sorghum,Area harvested,ha,2021,341000.0,A
Sorghum,Yield,kg/ha,2021,899.4,A
Sorghum,Production,t,2021,306700.0,A
Soya bean oil,Production,t,2021,15200.0,X
Soya beans,Area harvested,ha,2021,173000.0,A
Soya beans,Yield,kg/ha,2021,797.7,A
Soya beans,Production,t,2021,138000.0,A
Sugar cane,Area harvested,ha,2021,85000.0,E
Sugar cane,Yield,kg/ha,2021,69411.8,E
Sugar cane,Production,t,2021,5900000.0,E
Sunflower seed,Area harvested,ha,2021,280000.0,X
Sunflower seed,Yield,kg/ha,2021,1445.0,E
Sunflower seed,Production,t,2021,404600.0,A
"Sunflower-seed oil, crude",Production,t,2021,87500.0,X
Sweet potatoes,Area harvested,ha,2021,258000.0,A
Sweet potatoes,Yield,kg/ha,2021,5007.8,A
Sweet potatoes,Production,t,2021,1292000.0,A
Swine / pigs,Stocks,An,2021,7083943.0,A
Tea leaves,Area harvested,ha,2021,47000.0,E
Tea leaves,Yield,kg/ha,2021,9297.9,E
Tea leaves,Production,t,2021,437000.0,E
Tomatoes,Area harvested,ha,2021,6680.0,E
Tomatoes,Yield,kg/ha,2021,5804.5,E
Tomatoes,Production,t,2021,38776.03,E
Unmanufactured tobacco,Area harvested,ha,2021,22951.0,I
Unmanufactured tobacco,Yield,kg/ha,2021,1390.3,E
Unmanufactured tobacco,Production,t,2021,31907.83,I
"Vanilla, raw",Area harvested,ha,2021,364.0,E
"Vanilla, raw",Yield,kg/ha,2021,502.6,E
"Vanilla, raw",Production,t,2021,182.94,E
Wheat,Area harvested,ha,2021,15000.0,X
Wheat,Yield,kg/ha,2021,1666.7,X
Wheat,Production,t,2021,25000.0,X
Whole milk powder,Production,t,2021,2800.0,E
"Whole milk, condensed",Production,t,2021,270.18,I
"Beef and Buffalo Meat, primary",Yield/Carcass Weight,kg/An,2021,170.0,E
"Beef and Buffalo Meat, primary",Production,t,2021,228000.0,A
"Beef and Buffalo Meat, primary",Producing Animals/Slaughtered,An,2021,1341176.0,E
Butter and Ghee,Production,t,2021,4304.11,E
Cattle and Buffaloes,Stocks,An,2021,14500000.0,A
"Cereals, primary",Area harvested,ha,2021,2216613.0,A
"Cereals, primary",Yield,kg/ha,2021,1908.1,A
"Cereals, primary",Production,t,2021,4229600.0,A
Eggs Primary,Yield/Carcass Weight,g/An,2021,5294.0,E
Eggs Primary,Production,t,2021,44274.57,E
Eggs Primary,Laying,1000 An,2021,8363.0,E
Evaporated & Condensed Milk,Production,t,2021,270.18,E
"Fibre Crops, Fibre Equivalent",Area harvested,ha,2021,99002.0,E
"Fibre Crops, Fibre Equivalent",Yield,kg/ha,2021,477.3,E
"Fibre Crops, Fibre Equivalent",Production,t,2021,47254.39,E
Fruit Primary,Area harvested,ha,2021,2518286.0,E
Fruit Primary,Yield,kg/ha,2021,4462.8,E
Fruit Primary,Production,t,2021,11238520.8,A
"Meat, Poultry",Yield/Carcass Weight,g/An,2021,1293.0,E
"Meat, Poultry",Production,t,2021,132347.41,E
"Meat, Poultry",Producing Animals/Slaughtered,1000 An,2021,102325.0,E
"Meat, Total",Production,t,2021,635051.1,E
"Milk, Total",Yield/Carcass Weight,kg/An,2021,764.0,E
"Milk, Total",Production,t,2021,2894300.0,A
"Milk, Total",Milk Animals,An,2021,3789023.0,E
"Oilcrops, Cake Equivalent",Area harvested,ha,2021,1173770.0,E
"Oilcrops, Cake Equivalent",Yield,kg/ha,2021,422.3,E
"Oilcrops, Cake Equivalent",Production,t,2021,495735.54,E
"Oilcrops, Oil Equivalent",Area harvested,ha,2021,1176770.0,E
"Oilcrops, Oil Equivalent",Yield,kg/ha,2021,272.9,E
"Oilcrops, Oil Equivalent",Production,t,2021,321133.02,E
Poultry Birds,Stocks,1000 An,2021,70840.0,A
"Pulses, Total",Area harvested,ha,2021,1064583.0,A
"Pulses, Total",Yield,kg/ha,2021,765.1,A
"Pulses, Total",Production,t,2021,814494.75,A
"Roots and Tubers, Total",Area harvested,ha,2021,1308179.0,E
"Roots and Tubers, Total",Yield,kg/ha,2021,3015.0,E
"Roots and Tubers, Total",Production,t,2021,3944190.0,A
Sheep and Goat Meat,Yield/Carcass Weight,kg/An,2021,11.0,E
Sheep and Goat Meat,Production,t,2021,38654.76,E
Sheep and Goat Meat,Producing Animals/Slaughtered,An,2021,3493089.0,E
Sheep and Goats,Stocks,An,2021,21722111.0,A
"Skim Milk & Buttermilk, Dry",Production,t,2021,7142.17,E
Sugar Crops Primary,Area harvested,ha,2021,85000.0,E
Sugar Crops Primary,Yield,kg/ha,2021,69411.8,E
Sugar Crops Primary,Production,t,2021,5900000.0,E
Vegetables Primary,Area harvested,ha,2021,245661.0,E
Vegetables Primary,Yield,kg/ha,2021,5679.3,E
Vegetables Primary,Production,t,2021,1395183.7,E
Asses,Stocks,An,2022,19345.0,I
"Beans, dry",Area harvested,ha,2022,1034000.0,A
"Beans, dry",Yield,kg/ha,2022,799.8,A
"Beans, dry",Production,t,2022,827000.0,A
"Beer of barley, malted",Production,t,2022,424550.0,A
Bees,Stocks,No,2022,82759.0,I
Beeswax,Production,t,2022,600.0,A
Butter of cow milk,Production,t,2022,1738.65,I
"Buttermilk, dry",Production,t,2022,251.66,I
"Cassava, fresh",Area harvested,ha,2022,1006129.0,I
"Cassava, fresh",Yield,kg/ha,2022,2168.0,E
"Cassava, fresh",Production,t,2022,2181261.0,I
Castor oil seeds,Area harvested,ha,2022,3000.0,X
Castor oil seeds,Yield,kg/ha,2022,333.3,X
Castor oil seeds,Production,t,2022,1000.0,X
Cattle,Stocks,An,2022,14530855.0,A
"Cattle fat, unrendered",Production,t,2022,4812.5,I
"Cattle fat, unrendered",Producing Animals/Slaughtered,An,2022,1358824.0,E
"Chick peas, dry",Area harvested,ha,2022,9034.0,E
"Chick peas, dry",Yield,kg/ha,2022,621.3,E
"Chick peas, dry",Production,t,2022,5613.27,E
Chickens,Stocks,1000 An,2022,70907.0,A
"Chillies and peppers, dry (Capsicum spp., Pimenta spp.), raw",Area harvested,ha,2022,3191.0,I
"Chillies and peppers, dry (Capsicum spp., Pimenta spp.), raw",Yield,kg/ha,2022,1008.7,E
"Chillies and peppers, dry (Capsicum spp., Pimenta spp.), raw",Production,t,2022,3218.55,I
Cocoa beans,Area harvested,ha,2022,84381.0,I
Cocoa beans,Yield,kg/ha,2022,514.1,E
Cocoa beans,Production,t,2022,43378.0,A
"Coffee, green",Area harvested,ha,2022,912315.0,E
"Coffee, green",Yield,kg/ha,2022,555.7,E
"Coffee, green",Production,t,2022,507000.0,A
"Cotton lint, ginned",Production,t,2022,47000.0,E
Cotton seed,Production,t,2022,85000.0,X
Cottonseed oil,Production,t,2022,11900.0,X
"Cow peas, dry",Area harvested,ha,2022,25824.0,E
"Cow peas, dry",Yield,kg/ha,2022,486.0,E
"Cow peas, dry",Production,t,2022,12549.91,E
"Edible offal of cattle, fresh, chilled or frozen",Production,t,2022,38981.25,I
"Edible offal of cattle, fresh, chilled or frozen",Producing Animals/Slaughtered,An,2022,1358824.0,E
"Edible offal of goat, fresh, chilled or frozen",Production,t,2022,10095.28,I
"Edible offal of goat, fresh, chilled or frozen",Producing Animals/Slaughtered,An,2022,3357410.0,E
"Edible offal of pigs, fresh, chilled or frozen",Production,t,2022,17227.18,I
"Edible offal of pigs, fresh, chilled or frozen",Producing Animals/Slaughtered,An,2022,3428153.0,E
"Edible offal of sheep, fresh, chilled or frozen",Production,t,2022,1064.56,I
"Edible offal of sheep, fresh, chilled or frozen",Producing Animals/Slaughtered,An,2022,445575.0,E
Fat of pigs,Production,t,2022,17227.18,I
Fat of pigs,Producing Animals/Slaughtered,An,2022,3428153.0,E
Ghee from cow milk,Production,t,2022,3145.42,I
"Ginger, raw",Area harvested,ha,2022,410.0,I
"Ginger, raw",Yield,kg/ha,2022,3417.4,E
"Ginger, raw",Production,t,2022,1400.0,E
"Goat fat, unrendered",Production,t,2022,1144.13,I
"Goat fat, unrendered",Producing Animals/Slaughtered,An,2022,3357410.0,E
Goats,Stocks,An,2022,17406160.0,A
"Green tea (not fermented), black tea (fermented) and partly fermented tea, in immediate packings of a content not exceeding 3 kg",Production,t,2022,84185.0,A
Groundnut oil,Production,t,2022,9680.92,I
"Groundnuts, excluding shelled",Area harvested,ha,2022,464000.0,A
"Groundnuts, excluding shelled",Yield,kg/ha,2022,500.4,A
"Groundnuts, excluding shelled",Production,t,2022,232200.0,A
"Hen eggs in shell, fresh",Yield,No/An,2022,120.0,E
"Hen eggs in shell, fresh",Yield/Carcass Weight,g/An,2022,5166.0,E
"Hen eggs in shell, fresh",Production,t,2022,44384.29,I
"Hen eggs in shell, fresh",Production,1000 No,2022,1032193.0,I
"Hen eggs in shell, fresh",Laying,1000 An,2022,8592.0,E
Maize (corn),Area harvested,ha,2022,2154000.0,A
Maize (corn),Yield,kg/ha,2022,2199.6,A
Maize (corn),Production,t,2022,4738000.0,A
"Meat of cattle with the bone, fresh or chilled",Yield/Carcass Weight,kg/An,2022,170.0,E
"Meat of cattle with the bone, fresh or chilled",Production,t,2022,231000.0,A
"Meat of cattle with the bone, fresh or chilled",Producing Animals/Slaughtered,An,2022,1358824.0,E
"Meat of chickens, fresh or chilled",Yield/Carcass Weight,g/An,2022,1293.0,E
"Meat of chickens, fresh or chilled",Production,t,2022,133436.76,I
"Meat of chickens, fresh or chilled",Producing Animals/Slaughtered,1000 An,2022,103182.0,I
"Meat of goat, fresh or chilled",Yield/Carcass Weight,kg/An,2022,10.0,E
"Meat of goat, fresh or chilled",Production,t,2022,32977.93,I
"Meat of goat, fresh or chilled",Producing Animals/Slaughtered,An,2022,3357410.0,E
"Meat of pig with the bone, fresh or chilled",Yield/Carcass Weight,kg/An,2022,60.0,E
"Meat of pig with the bone, fresh or chilled",Production,t,2022,205697.64,E
"Meat of pig with the bone, fresh or chilled",Producing Animals/Slaughtered,An,2022,3428153.0,E
"Meat of sheep, fresh or chilled",Yield/Carcass Weight,kg/An,2022,11.0,E
"Meat of sheep, fresh or chilled",Production,t,2022,4742.14,E
"Meat of sheep, fresh or chilled",Producing Animals/Slaughtered,An,2022,445575.0,E
Millet,Area harvested,ha,2022,93981.0,I
Millet,Yield,kg/ha,2022,1372.6,E
Millet,Production,t,2022,129000.0,A
Molasses,Production,t,2022,289210.53,I
Natural honey,Production,t,2022,20250.0,A
Oil of sesame seed,Production,t,2022,32300.0,X
"Onions and shallots, dry (excluding dehydrated)",Area harvested,ha,2022,82588.0,E
"Onions and shallots, dry (excluding dehydrated)",Yield,kg/ha,2022,4011.9,E
"Onions and shallots, dry (excluding dehydrated)",Production,t,2022,331338.34,E
"Other fruits, n.e.c.",Area harvested,ha,2022,7901.0,I
"Other fruits, n.e.c.",Yield,kg/ha,2022,6633.6,E
"Other fruits, n.e.c.",Production,t,2022,52415.18,I
"Other meat of mammals, fresh or chilled",Production,t,2022,30519.88,I
"Other oil seeds, n.e.c.",Area harvested,ha,2022,55664.0,I
"Other oil seeds, n.e.c.",Yield,kg/ha,2022,878.3,E
"Other oil seeds, n.e.c.",Production,t,2022,48886.99,E
"Other vegetables, fresh n.e.c.",Area harvested,ha,2022,154527.0,I
"Other vegetables, fresh n.e.c.",Yield,kg/ha,2022,6590.3,E
"Other vegetables, fresh n.e.c.",Production,t,2022,1018386.42,I
"Peas, dry",Area harvested,ha,2022,25755.0,I
"Peas, dry",Yield,kg/ha,2022,487.7,E
"Peas, dry",Production,t,2022,12560.74,I
"Pepper (Piper spp.), raw",Area harvested,ha,2022,1721.0,I
"Pepper (Piper spp.), raw",Yield,kg/ha,2022,1282.4,E
"Pepper (Piper spp.), raw",Production,t,2022,2206.45,I
"Pigeon peas, dry",Area harvested,ha,2022,39822.0,E
"Pigeon peas, dry",Yield,kg/ha,2022,338.6,E
"Pigeon peas, dry",Production,t,2022,13484.59,E
Pineapples,Area harvested,ha,2022,1088.0,I
Pineapples,Yield,kg/ha,2022,8489.9,E
Pineapples,Production,t,2022,9237.76,I
Plantains and cooking bananas,Area harvested,ha,2022,2531291.0,E
Plantains and cooking bananas,Yield,kg/ha,2022,4436.5,E
Plantains and cooking bananas,Production,t,2022,11230000.0,A
Potatoes,Area harvested,ha,2022,63289.0,E
Potatoes,Yield,kg/ha,2022,6857.4,E
Potatoes,Production,t,2022,434000.0,A
Raw cane or beet sugar (centrifugal only),Production,t,2022,785000.0,A
Raw hides and skins of cattle,Yield/Carcass Weight,kg/An,2022,24.0,E
Raw hides and skins of cattle,Production,t,2022,32725.0,I
Raw hides and skins of cattle,Producing Animals/Slaughtered,An,2022,1358824.0,E
Raw hides and skins of goats or kids,Yield/Carcass Weight,kg/An,2022,2.0,E
Raw hides and skins of goats or kids,Production,t,2022,6730.19,I
Raw hides and skins of goats or kids,Producing Animals/Slaughtered,An,2022,3357410.0,E
Raw hides and skins of sheep or lambs,Yield/Carcass Weight,kg/An,2022,2.0,E
Raw hides and skins of sheep or lambs,Production,t,2022,832.29,I
Raw hides and skins of sheep or lambs,Producing Animals/Slaughtered,An,2022,445575.0,E
Raw milk of cattle,Yield/Carcass Weight,kg/An,2022,868.0,E
Raw milk of cattle,Production,t,2022,3296000.0,A
Raw milk of cattle,Milk Animals,An,2022,3797943.0,I
Rice,Area harvested,ha,2022,231000.0,A
Rice,Yield,kg/ha,2022,1502.2,A
Rice,Production,t,2022,347000.0,A
"Seed cotton, unginned",Area harvested,ha,2022,99000.0,X
"Seed cotton, unginned",Yield,kg/ha,2022,1363.6,E
"Seed cotton, unginned",Production,t,2022,135000.0,E
Sesame seed,Area harvested,ha,2022,215000.0,X
Sesame seed,Yield,kg/ha,2022,641.9,X
Sesame seed,Production,t,2022,138000.0,X
Sheep,Stocks,An,2022,4372122.0,A
"Sheep fat, unrendered",Production,t,2022,106.46,I
"Sheep fat, unrendered",Producing Animals/Slaughtered,An,2022,445575.0,E
"Sisal, raw",Area harvested,ha,2022,2.0,I
"Sisal, raw",Yield,kg/ha,2022,1886.3,E
"Sisal, raw",Production,t,2022,4.41,E
Skim milk and whey powder,Production,t,2022,7200.0,E
Skim milk of cows,Production,t,2022,122300.0,E
Sorghum,Area harvested,ha,2022,318000.0,A
Sorghum,Yield,kg/ha,2022,899.4,A
Sorghum,Production,t,2022,286000.0,A
Soya bean oil,Production,t,2022,16700.0,X
Soya beans,Area harvested,ha,2022,215000.0,A
Soya beans,Yield,kg/ha,2022,800.0,A
Soya beans,Production,t,2022,172000.0,A
Sugar cane,Area harvested,ha,2022,90487.0,I
Sugar cane,Yield,kg/ha,2022,68094.8,E
Sugar cane,Production,t,2022,6161676.75,I
Sunflower seed,Area harvested,ha,2022,283000.0,X
Sunflower seed,Yield,kg/ha,2022,1485.2,E
Sunflower seed,Production,t,2022,420300.0,A
"Sunflower-seed oil, crude",Production,t,2022,89500.0,X
Sweet potatoes,Area harvested,ha,2022,309000.0,A
Sweet potatoes,Yield,kg/ha,2022,4993.5,A
Sweet potatoes,Production,t,2022,1543000.0,A
Swine / pigs,Stocks,An,2022,7090656.0,A
Tea leaves,Area harvested,ha,2022,45000.0,E
Tea leaves,Yield,kg/ha,2022,9022.2,E
Tea leaves,Production,t,2022,406000.0,E
Tomatoes,Area harvested,ha,2022,6639.0,E
Tomatoes,Yield,kg/ha,2022,5894.1,E
Tomatoes,Production,t,2022,39132.81,E
Unmanufactured tobacco,Area harvested,ha,2022,23068.0,I
Unmanufactured tobacco,Yield,kg/ha,2022,1384.5,E
Unmanufactured tobacco,Production,t,2022,31937.74,I
"Vanilla, raw",Area harvested,ha,2022,365.0,E
"Vanilla, raw",Yield,kg/ha,2022,502.7,E
"Vanilla, raw",Production,t,2022,183.69,E
Wheat,Area harvested,ha,2022,15000.0,X
Wheat,Yield,kg/ha,2022,1666.7,X
Wheat,Production,t,2022,25000.0,X
Whole milk powder,Production,t,2022,3500.0,E
"Whole milk, condensed",Production,t,2022,325.07,I
"Beef and Buffalo Meat, primary",Yield/Carcass Weight,kg/An,2022,170.0,E
"Beef and Buffalo Meat, primary",Production,t,2022,231000.0,A
"Beef and Buffalo Meat, primary",Producing Animals/Slaughtered,An,2022,1358824.0,E
Butter and Ghee,Production,t,2022,4884.07,E
Cattle and Buffaloes,Stocks,An,2022,14530855.0,A
"Cereals, primary",Area harvested,ha,2022,2811981.0,A
"Cereals, primary",Yield,kg/ha,2022,1964.8,A
"Cereals, primary",Production,t,2022,5525000.0,A
Eggs Primary,Yield/Carcass Weight,g/An,2022,5166.0,E
Eggs Primary,Production,t,2022,44384.29,E
Eggs Primary,Laying,1000 An,2022,8592.0,E
Evaporated & Condensed Milk,Production,t,2022,325.07,E
"Fibre Crops, Fibre Equivalent",Area harvested,ha,2022,99002.0,E
"Fibre Crops, Fibre Equivalent",Yield,kg/ha,2022,477.3,E
"Fibre Crops, Fibre Equivalent",Production,t,2022,47254.41,E
Fruit Primary,Area harvested,ha,2022,2540280.0,E
Fruit Primary,Yield,kg/ha,2022,4445.0,E
Fruit Primary,Production,t,2022,11291652.94,A
"Meat, Poultry",Yield/Carcass Weight,g/An,2022,1293.0,E
"Meat, Poultry",Production,t,2022,133436.76,E
"Meat, Poultry",Producing Animals/Slaughtered,1000 An,2022,103182.0,E
"Meat, Total",Production,t,2022,638374.36,E
"Milk, Total",Yield/Carcass Weight,kg/An,2022,868.0,E
"Milk, Total",Production,t,2022,3296000.0,A
"Milk, Total",Milk Animals,An,2022,3797943.0,E
"Oilcrops, Cake Equivalent",Area harvested,ha,2022,1331664.0,E
"Oilcrops, Cake Equivalent",Yield,kg/ha,2022,424.1,E
"Oilcrops, Cake Equivalent",Production,t,2022,564744.69,E
"Oilcrops, Oil Equivalent",Area harvested,ha,2022,1334664.0,E
"Oilcrops, Oil Equivalent",Yield,kg/ha,2022,270.4,E
"Oilcrops, Oil Equivalent",Production,t,2022,360957.1,E
Poultry Birds,Stocks,1000 An,2022,70907.0,A
"Pulses, Total",Area harvested,ha,2022,1134435.0,A
"Pulses, Total",Yield,kg/ha,2022,768.0,A
"Pulses, Total",Production,t,2022,871208.51,A
"Roots and Tubers, Total",Area harvested,ha,2022,1378418.0,E
"Roots and Tubers, Total",Yield,kg/ha,2022,3016.7,E
"Roots and Tubers, Total",Production,t,2022,4158261.0,E
Sheep and Goat Meat,Yield/Carcass Weight,kg/An,2022,10.0,E
Sheep and Goat Meat,Production,t,2022,37720.07,E
Sheep and Goat Meat,Producing Animals/Slaughtered,An,2022,3802985.0,E
Sheep and Goats,Stocks,An,2022,21778282.0,A
"Skim Milk & Buttermilk, Dry",Production,t,2022,7451.66,E
Sugar Crops Primary,Area harvested,ha,2022,90487.0,E
Sugar Crops Primary,Yield,kg/ha,2022,68094.8,E
Sugar Crops Primary,Production,t,2022,6161676.75,E
Vegetables Primary,Area harvested,ha,2022,243754.0,E
Vegetables Primary,Yield,kg/ha,2022,5697.8,E
Vegetables Primary,Production,t,2022,1388857.58,E
Asses,Stocks,An,2023,19355.0,I
"Beans, dry",Area harvested,ha,2023,897083.0,I
"Beans, dry",Yield,kg/ha,2023,853.9,E
"Beans, dry",Production,t,2023,766000.0,A
"Beer of barley, malted",Production,t,2023,374100.0,X
Bees,Stocks,No,2023,83202.0,I
Beeswax,Production,t,2023,610.0,A
Butter of cow milk,Production,t,2023,3000.0,E
"Cassava, fresh",Area harvested,ha,2023,901376.0,I
"Cassava, fresh",Yield,kg/ha,2023,2069.4,E
"Cassava, fresh",Production,t,2023,1865320.17,I
Castor oil seeds,Area harvested,ha,2023,3000.0,X
Castor oil seeds,Yield,kg/ha,2023,333.3,X
Castor oil seeds,Production,t,2023,1000.0,X
Cattle,Stocks,An,2023,14614315.0,A
"Cattle fat, unrendered",Production,t,2023,4688.44,I
"Cattle fat, unrendered",Producing Animals/Slaughtered,An,2023,1323794.0,E
"Chick peas, dry",Area harvested,ha,2023,9050.0,E
"Chick peas, dry",Yield,kg/ha,2023,617.5,E
"Chick peas, dry",Production,t,2023,5588.45,E
Chickens,Stocks,1000 An,2023,71001.0,A
"Chillies and peppers, dry (Capsicum spp., Pimenta spp.), raw",Area harvested,ha,2023,3186.0,I
"Chillies and peppers, dry (Capsicum spp., Pimenta spp.), raw",Yield,kg/ha,2023,1011.4,E
"Chillies and peppers, dry (Capsicum spp., Pimenta spp.), raw",Production,t,2023,3222.54,I
Cocoa beans,Area harvested,ha,2023,76141.0,I
Cocoa beans,Yield,kg/ha,2023,523.5,E
Cocoa beans,Production,t,2023,39861.0,A
"Coffee, green",Area harvested,ha,2023,849736.0,I
"Coffee, green",Yield,kg/ha,2023,550.8,E
"Coffee, green",Production,t,2023,468000.0,A
"Cotton lint, ginned",Production,t,2023,41904.76,I
Cotton seed,Production,t,2023,80000.0,X
Cottonseed oil,Production,t,2023,11800.0,X
"Cow peas, dry",Area harvested,ha,2023,25903.0,E
"Cow peas, dry",Yield,kg/ha,2023,486.9,E
"Cow peas, dry",Production,t,2023,12610.92,E
"Edible offal of cattle, fresh, chilled or frozen",Production,t,2023,37976.34,I
"Edible offal of cattle, fresh, chilled or frozen",Producing Animals/Slaughtered,An,2023,1323794.0,E
"Edible offal of goat, fresh, chilled or frozen",Production,t,2023,11587.69,I
"Edible offal of goat, fresh, chilled or frozen",Producing Animals/Slaughtered,An,2023,3364093.0,E
"Edible offal of pigs, fresh, chilled or frozen",Production,t,2023,17250.07,I
"Edible offal of pigs, fresh, chilled or frozen",Producing Animals/Slaughtered,An,2023,3432708.0,E
"Edible offal of sheep, fresh, chilled or frozen",Production,t,2023,1065.05,I
"Edible offal of sheep, fresh, chilled or frozen",Producing Animals/Slaughtered,An,2023,445780.0,E
Fat of pigs,Production,t,2023,17250.07,I
Fat of pigs,Producing Animals/Slaughtered,An,2023,3432708.0,E
Ghee from cow milk,Production,t,2023,3115.62,I
"Ginger, raw",Area harvested,ha,2023,472.0,I
"Ginger, raw",Yield,kg/ha,2023,3443.5,E
"Ginger, raw",Production,t,2023,1626.35,I
"Goat fat, unrendered",Production,t,2023,1313.27,I
"Goat fat, unrendered",Producing Animals/Slaughtered,An,2023,3364093.0,E
Goats,Stocks,An,2023,17440804.0,A
"Green tea (not fermented), black tea (fermented) and partly fermented tea, in immediate packings of a content not exceeding 3 kg",Production,t,2023,87264.0,A
Groundnut oil,Production,t,2023,14687.91,I
"Groundnuts, excluding shelled",Area harvested,ha,2023,330000.0,X
"Groundnuts, excluding shelled",Yield,kg/ha,2023,669.7,E
"Groundnuts, excluding shelled",Production,t,2023,221000.0,A
"Hen eggs in shell, fresh",Yield,No/An,2023,121.0,E
"Hen eggs in shell, fresh",Yield/Carcass Weight,g/An,2023,5188.0,E
"Hen eggs in shell, fresh",Production,t,2023,44504.67,I
"Hen eggs in shell, fresh",Production,1000 No,2023,1034992.0,I
"Hen eggs in shell, fresh",Laying,1000 An,2023,8578.0,E
Maize (corn),Area harvested,ha,2023,2266000.0,X
Maize (corn),Yield,kg/ha,2023,2182.3,E
Maize (corn),Production,t,2023,4945000.0,A
"Meat of cattle with the bone, fresh or chilled",Yield/Carcass Weight,kg/An,2023,170.0,E
"Meat of cattle with the bone, fresh or chilled",Production,t,2023,225045.0,A
"Meat of cattle with the bone, fresh or chilled",Producing Animals/Slaughtered,An,2023,1323794.0,E
"Meat of chickens, fresh or chilled",Yield/Carcass Weight,g/An,2023,1293.0,E
"Meat of chickens, fresh or chilled",Production,t,2023,134585.62,I
"Meat of chickens, fresh or chilled",Producing Animals/Slaughtered,1000 An,2023,104080.0,I
"Meat of goat, fresh or chilled",Yield/Carcass Weight,kg/An,2023,11.0,E
"Meat of goat, fresh or chilled",Production,t,2023,37853.13,E
"Meat of goat, fresh or chilled",Producing Animals/Slaughtered,An,2023,3364093.0,E
"Meat of pig with the bone, fresh or chilled",Yield/Carcass Weight,kg/An,2023,60.0,E
"Meat of pig with the bone, fresh or chilled",Production,t,2023,205970.97,E
"Meat of pig with the bone, fresh or chilled",Producing Animals/Slaughtered,An,2023,3432708.0,E
"Meat of sheep, fresh or chilled",Yield/Carcass Weight,kg/An,2023,11.0,E
"Meat of sheep, fresh or chilled",Production,t,2023,4744.33,E
"Meat of sheep, fresh or chilled",Producing Animals/Slaughtered,An,2023,445780.0,E
Millet,Area harvested,ha,2023,90000.0,E
Millet,Yield,kg/ha,2023,1322.2,E
Millet,Production,t,2023,119000.0,A
Molasses,Production,t,2023,229090.91,I
Natural honey,Production,t,2023,20875.0,A
Oil of sesame seed,Production,t,2023,32300.0,X
"Onions and shallots, dry (excluding dehydrated)",Area harvested,ha,2023,83097.0,E
"Onions and shallots, dry (excluding dehydrated)",Yield,kg/ha,2023,3970.4,E
"Onions and shallots, dry (excluding dehydrated)",Production,t,2023,329933.03,E
"Other fruits, n.e.c.",Area harvested,ha,2023,7907.0,I
"Other fruits, n.e.c.",Yield,kg/ha,2023,6629.9,E
"Other fruits, n.e.c.",Production,t,2023,52423.07,I
"Other meat of mammals, fresh or chilled",Production,t,2023,30750.06,I
"Other oil seeds, n.e.c.",Area harvested,ha,2023,55176.0,E
"Other oil seeds, n.e.c.",Yield,kg/ha,2023,887.9,E
"Other oil seeds, n.e.c.",Production,t,2023,48989.59,E
"Other vegetables, fresh n.e.c.",Area harvested,ha,2023,154692.0,I
"Other vegetables, fresh n.e.c.",Yield,kg/ha,2023,6601.6,E
"Other vegetables, fresh n.e.c.",Production,t,2023,1021211.95,I
"Peas, dry",Area harvested,ha,2023,25588.0,I
"Peas, dry",Yield,kg/ha,2023,483.6,E
"Peas, dry",Production,t,2023,12375.35,I
"Pepper (Piper spp.), raw",Area harvested,ha,2023,1705.0,I
"Pepper (Piper spp.), raw",Yield,kg/ha,2023,1297.3,E
"Pepper (Piper spp.), raw",Production,t,2023,2211.62,I
"Pigeon peas, dry",Area harvested,ha,2023,40129.0,E
"Pigeon peas, dry",Yield,kg/ha,2023,336.7,E
"Pigeon peas, dry",Production,t,2023,13512.79,E
Pineapples,Area harvested,ha,2023,992.0,I
Pineapples,Yield,kg/ha,2023,8496.3,E
Pineapples,Production,t,2023,8430.08,I
Plantains and cooking bananas,Area harvested,ha,2023,2631250.0,I
Plantains and cooking bananas,Yield,kg/ha,2023,4414.6,E
Plantains and cooking bananas,Production,t,2023,11616000.0,A
Potatoes,Area harvested,ha,2023,68976.0,E
Potatoes,Yield,kg/ha,2023,6857.4,E
Potatoes,Production,t,2023,473000.0,A
Raw cane or beet sugar (centrifugal only),Production,t,2023,500000.0,X
Raw hides and skins of cattle,Yield/Carcass Weight,kg/An,2023,24.0,E
Raw hides and skins of cattle,Production,t,2023,31881.38,I
Raw hides and skins of cattle,Producing Animals/Slaughtered,An,2023,1323794.0,E
Raw hides and skins of goats or kids,Yield/Carcass Weight,kg/An,2023,2.0,E
Raw hides and skins of goats or kids,Production,t,2023,7725.13,I
Raw hides and skins of goats or kids,Producing Animals/Slaughtered,An,2023,3364093.0,E
Raw hides and skins of sheep or lambs,Yield/Carcass Weight,kg/An,2023,2.0,E
Raw hides and skins of sheep or lambs,Production,t,2023,832.68,I
Raw hides and skins of sheep or lambs,Producing Animals/Slaughtered,An,2023,445780.0,E
Raw milk of cattle,Yield/Carcass Weight,kg/An,2023,1005.0,E
Raw milk of cattle,Production,t,2023,3850000.0,A
Raw milk of cattle,Milk Animals,An,2023,3830000.0,E
Rice,Area harvested,ha,2023,230000.0,X
Rice,Yield,kg/ha,2023,1587.0,E
Rice,Production,t,2023,365000.0,A
"Seed cotton, unginned",Area harvested,ha,2023,96000.0,X
"Seed cotton, unginned",Yield,kg/ha,2023,1451.9,E
"Seed cotton, unginned",Production,t,2023,139387.05,I
Sesame seed,Area harvested,ha,2023,215000.0,X
Sesame seed,Yield,kg/ha,2023,651.2,X
Sesame seed,Production,t,2023,140000.0,X
Sheep,Stocks,An,2023,4374137.0,A
"Sheep fat, unrendered",Production,t,2023,106.51,I
"Sheep fat, unrendered",Producing Animals/Slaughtered,An,2023,445780.0,E
"Sisal, raw",Area harvested,ha,2023,2.0,I
"Sisal, raw",Yield,kg/ha,2023,1843.8,E
"Sisal, raw",Production,t,2023,4.39,E
Skim milk and whey powder,Production,t,2023,2200.0,E
Skim milk of cows,Production,t,2023,59625.0,E
Sorghum,Area harvested,ha,2023,320000.0,X
Sorghum,Yield,kg/ha,2023,831.3,E
Sorghum,Production,t,2023,266000.0,A
Soya bean oil,Production,t,2023,18600.0,X
Soya beans,Area harvested,ha,2023,200000.0,X
Soya beans,Yield,kg/ha,2023,970.0,E
Soya beans,Production,t,2023,194000.0,A
Sugar cane,Area harvested,ha,2023,89800.0,E
Sugar cane,Yield,kg/ha,2023,69016.0,E
Sugar cane,Production,t,2023,6197639.75,I
Sunflower seed,Area harvested,ha,2023,287000.0,X
Sunflower seed,Yield,kg/ha,2023,1637.6,E
Sunflower seed,Production,t,2023,470000.0,A
"Sunflower-seed oil, crude",Production,t,2023,92100.0,X
Sweet potatoes,Area harvested,ha,2023,250384.0,I
Sweet potatoes,Yield,kg/ha,2023,4768.7,E
Sweet potatoes,Production,t,2023,1194000.0,A
Swine / pigs,Stocks,An,2023,7100078.0,A
Tea leaves,Area harvested,ha,2023,44047.0,I
Tea leaves,Yield,kg/ha,2023,8932.2,E
Tea leaves,Production,t,2023,393435.96,I
Tomatoes,Area harvested,ha,2023,6672.0,E
Tomatoes,Yield,kg/ha,2023,5879.9,E
Tomatoes,Production,t,2023,39231.69,E
Unmanufactured tobacco,Area harvested,ha,2023,23051.0,I
Unmanufactured tobacco,Yield,kg/ha,2023,1381.7,E
Unmanufactured tobacco,Production,t,2023,31848.9,I
"Vanilla, raw",Area harvested,ha,2023,363.0,E
"Vanilla, raw",Yield,kg/ha,2023,502.8,E
"Vanilla, raw",Production,t,2023,182.69,E
Wheat,Area harvested,ha,2023,15000.0,X
Wheat,Yield,kg/ha,2023,1666.7,X
Wheat,Production,t,2023,25000.0,X
Whole milk powder,Production,t,2023,2500.0,E
"Whole milk, condensed",Production,t,2023,365.9,I
"Beef and Buffalo Meat, primary",Yield/Carcass Weight,kg/An,2023,170.0,E
"Beef and Buffalo Meat, primary",Production,t,2023,225045.0,A
"Beef and Buffalo Meat, primary",Producing Animals/Slaughtered,An,2023,1323794.0,E
Butter and Ghee,Production,t,2023,6115.62,E
Cattle and Buffaloes,Stocks,An,2023,14614315.0,A
"Cereals, primary",Area harvested,ha,2023,2921000.0,E
"Cereals, primary",Yield,kg/ha,2023,1958.2,E
"Cereals, primary",Production,t,2023,5720000.0,A
Eggs Primary,Yield/Carcass Weight,g/An,2023,5188.0,E
Eggs Primary,Production,t,2023,44504.67,E
Eggs Primary,Laying,1000 An,2023,8578.0,E
Evaporated & Condensed Milk,Production,t,2023,365.9,E
"Fibre Crops, Fibre Equivalent",Area harvested,ha,2023,96002.0,E
"Fibre Crops, Fibre Equivalent",Yield,kg/ha,2023,508.2,E
"Fibre Crops, Fibre Equivalent",Production,t,2023,48789.85,E
Fruit Primary,Area harvested,ha,2023,2640149.0,E
Fruit Primary,Yield,kg/ha,2023,4422.8,E
Fruit Primary,Production,t,2023,11676853.15,A
"Meat, Poultry",Yield/Carcass Weight,g/An,2023,1293.0,E
"Meat, Poultry",Production,t,2023,134585.62,E
"Meat, Poultry",Producing Animals/Slaughtered,1000 An,2023,104080.0,E
"Meat, Total",Production,t,2023,638949.11,E
"Milk, Total",Yield/Carcass Weight,kg/An,2023,1005.0,E
"Milk, Total",Production,t,2023,3850000.0,A
"Milk, Total",Milk Animals,An,2023,3830000.0,E
"Oilcrops, Cake Equivalent",Area harvested,ha,2023,1183176.0,E
"Oilcrops, Cake Equivalent",Yield,kg/ha,2023,510.3,E
"Oilcrops, Cake Equivalent",Production,t,2023,603718.81,E
"Oilcrops, Oil Equivalent",Area harvested,ha,2023,1186176.0,E
"Oilcrops, Oil Equivalent",Yield,kg/ha,2023,323.1,E
"Oilcrops, Oil Equivalent",Production,t,2023,383267.09,E
Poultry Birds,Stocks,1000 An,2023,71001.0,A
"Pulses, Total",Area harvested,ha,2023,997753.0,E
"Pulses, Total",Yield,kg/ha,2023,811.9,E
"Pulses, Total",Production,t,2023,810087.51,A
"Roots and Tubers, Total",Area harvested,ha,2023,1220736.0,E
"Roots and Tubers, Total",Yield,kg/ha,2023,2893.6,E
"Roots and Tubers, Total",Production,t,2023,3532320.17,E
Sheep and Goat Meat,Yield/Carcass Weight,kg/An,2023,11.0,E
Sheep and Goat Meat,Production,t,2023,42597.46,E
Sheep and Goat Meat,Producing Animals/Slaughtered,An,2023,3809873.0,E
Sheep and Goats,Stocks,An,2023,21814941.0,A
"Skim Milk & Buttermilk, Dry",Production,t,2023,2200.0,E
Sugar Crops Primary,Area harvested,ha,2023,89800.0,E
Sugar Crops Primary,Yield,kg/ha,2023,69016.0,E
Sugar Crops Primary,Production,t,2023,6197639.75,E
Vegetables Primary,Area harvested,ha,2023,244462.0,E
Vegetables Primary,Yield,kg/ha,2023,5687.5,E
Vegetables Primary,Production,t,2023,1390376.67,E
Asses,Stocks,An,2024,19364.0,I
"Beans, dry",Area harvested,ha,2024,863246.0,I
"Beans, dry",Yield,kg/ha,2024,918.8,E
"Beans, dry",Production,t,2024,793122.97,I
Bees,Stocks,No,2024,83645.0,I
Beeswax,Production,t,2024,613.91,I
"Cassava, fresh",Area harvested,ha,2024,826544.0,I
"Cassava, fresh",Yield,kg/ha,2024,1970.9,E
"Cassava, fresh",Production,t,2024,1628999.06,I
Castor oil seeds,Area harvested,ha,2024,3000.0,X
Castor oil seeds,Yield,kg/ha,2024,333.3,X
Castor oil seeds,Production,t,2024,1000.0,X
Cattle,Stocks,An,2024,14723179.0,I
"Cattle fat, unrendered",Production,t,2024,4948.8,I
"Cattle fat, unrendered",Producing Animals/Slaughtered,An,2024,1395535.0,I
"Chick peas, dry",Area harvested,ha,2024,9024.0,E
"Chick peas, dry",Yield,kg/ha,2024,620.6,E
"Chick peas, dry",Production,t,2024,5600.03,E
Chickens,Stocks,1000 An,2024,69540.0,I
"Chillies and peppers, dry (Capsicum spp., Pimenta spp.), raw",Area harvested,ha,2024,3182.0,I
"Chillies and peppers, dry (Capsicum spp., Pimenta spp.), raw",Yield,kg/ha,2024,1014.1,E
"Chillies and peppers, dry (Capsicum spp., Pimenta spp.), raw",Production,t,2024,3226.52,I
Cocoa beans,Area harvested,ha,2024,103197.0,I
Cocoa beans,Yield,kg/ha,2024,533.0,E
Cocoa beans,Production,t,2024,55000.0,X
"Coffee, green",Area harvested,ha,2024,736547.0,I
"Coffee, green",Yield,kg/ha,2024,545.8,E
"Coffee, green",Production,t,2024,402000.0,X
"Cow peas, dry",Area harvested,ha,2024,25929.0,E
"Cow peas, dry",Yield,kg/ha,2024,484.4,E
"Cow peas, dry",Production,t,2024,12561.17,E
"Edible offal of cattle, fresh, chilled or frozen",Production,t,2024,40085.32,I
"Edible offal of cattle, fresh, chilled or frozen",Producing Animals/Slaughtered,An,2024,1395535.0,I
"Edible offal of goat, fresh, chilled or frozen",Production,t,2024,9500.04,I
"Edible offal of goat, fresh, chilled or frozen",Producing Animals/Slaughtered,An,2024,3256623.0,E
"Edible offal of pigs, fresh, chilled or frozen",Production,t,2024,17229.37,I
"Edible offal of pigs, fresh, chilled or frozen",Producing Animals/Slaughtered,An,2024,3428589.0,E
"Edible offal of sheep, fresh, chilled or frozen",Production,t,2024,1064.05,I
"Edible offal of sheep, fresh, chilled or frozen",Producing Animals/Slaughtered,An,2024,445359.0,E
Fat of pigs,Production,t,2024,17229.37,I
Fat of pigs,Producing Animals/Slaughtered,An,2024,3428589.0,E
"Ginger, raw",Area harvested,ha,2024,355.0,I
"Ginger, raw",Yield,kg/ha,2024,3470.4,E
"Ginger, raw",Production,t,2024,1231.74,I
"Goat fat, unrendered",Production,t,2024,1076.67,I
"Goat fat, unrendered",Producing Animals/Slaughtered,An,2024,3256623.0,E
Goats,Stocks,An,2024,17401773.0,E
"Groundnuts, excluding shelled",Area harvested,ha,2024,330000.0,X
"Groundnuts, excluding shelled",Yield,kg/ha,2024,454.5,X
"Groundnuts, excluding shelled",Production,t,2024,150000.0,X
"Hen eggs in shell, fresh",Yield,No/An,2024,120.0,E
"Hen eggs in shell, fresh",Yield/Carcass Weight,g/An,2024,5173.0,E
"Hen eggs in shell, fresh",Production,t,2024,44022.31,I
"Hen eggs in shell, fresh",Production,1000 No,2024,1023775.0,I
"Hen eggs in shell, fresh",Laying,1000 An,2024,8511.0,E
Maize (corn),Area harvested,ha,2024,2300000.0,X
Maize (corn),Yield,kg/ha,2024,2173.9,X
Maize (corn),Production,t,2024,5000000.0,X
"Meat of cattle with the bone, fresh or chilled",Yield/Carcass Weight,kg/An,2024,170.0,E
"Meat of cattle with the bone, fresh or chilled",Production,t,2024,237542.63,I
"Meat of cattle with the bone, fresh or chilled",Producing Animals/Slaughtered,An,2024,1395535.0,I
"Meat of chickens, fresh or chilled",Yield/Carcass Weight,g/An,2024,1287.0,E
"Meat of chickens, fresh or chilled",Production,t,2024,132768.44,I
"Meat of chickens, fresh or chilled",Producing Animals/Slaughtered,1000 An,2024,103196.0,E
"Meat of goat, fresh or chilled",Yield/Carcass Weight,kg/An,2024,10.0,E
"Meat of goat, fresh or chilled",Production,t,2024,31033.47,I
"Meat of goat, fresh or chilled",Producing Animals/Slaughtered,An,2024,3256623.0,E
"Meat of pig with the bone, fresh or chilled",Yield/Carcass Weight,kg/An,2024,60.0,E
"Meat of pig with the bone, fresh or chilled",Production,t,2024,205723.83,E
"Meat of pig with the bone, fresh or chilled",Producing Animals/Slaughtered,An,2024,3428589.0,E
"Meat of sheep, fresh or chilled",Yield/Carcass Weight,kg/An,2024,11.0,E
"Meat of sheep, fresh or chilled",Production,t,2024,4739.85,E
"Meat of sheep, fresh or chilled",Producing Animals/Slaughtered,An,2024,445359.0,E
Millet,Area harvested,ha,2024,88368.0,I
Millet,Yield,kg/ha,2024,1358.0,E
Millet,Production,t,2024,120000.0,X
Natural honey,Production,t,2024,21635.16,I
"Onions and shallots, dry (excluding dehydrated)",Area harvested,ha,2024,82799.0,E
"Onions and shallots, dry (excluding dehydrated)",Yield,kg/ha,2024,3992.5,E
"Onions and shallots, dry (excluding dehydrated)",Production,t,2024,330574.73,E
"Other fruits, n.e.c.",Area harvested,ha,2024,7913.0,I
"Other fruits, n.e.c.",Yield,kg/ha,2024,6626.1,E
"Other fruits, n.e.c.",Production,t,2024,52430.97,I
"Other meat of mammals, fresh or chilled",Production,t,2024,30556.38,E
"Other oil seeds, n.e.c.",Area harvested,ha,2024,55203.0,E
"Other oil seeds, n.e.c.",Yield,kg/ha,2024,883.6,E
"Other oil seeds, n.e.c.",Production,t,2024,48779.99,E
"Other vegetables, fresh n.e.c.",Area harvested,ha,2024,154980.0,I
"Other vegetables, fresh n.e.c.",Yield,kg/ha,2024,6612.8,E
"Other vegetables, fresh n.e.c.",Production,t,2024,1024855.24,I
"Peas, dry",Area harvested,ha,2024,25418.0,I
"Peas, dry",Yield,kg/ha,2024,479.6,E
"Peas, dry",Production,t,2024,12189.96,I
"Pepper (Piper spp.), raw",Area harvested,ha,2024,1689.0,I
"Pepper (Piper spp.), raw",Yield,kg/ha,2024,1312.3,E
"Pepper (Piper spp.), raw",Production,t,2024,2216.78,I
"Pigeon peas, dry",Area harvested,ha,2024,40117.0,E
"Pigeon peas, dry",Yield,kg/ha,2024,336.9,E
"Pigeon peas, dry",Production,t,2024,13513.61,E
Pineapples,Area harvested,ha,2024,1038.0,I
Pineapples,Yield,kg/ha,2024,8502.7,E
Pineapples,Production,t,2024,8828.37,I
Plantains and cooking bananas,Area harvested,ha,2024,2694018.0,I
Plantains and cooking bananas,Yield,kg/ha,2024,4392.8,E
Plantains and cooking bananas,Production,t,2024,11834262.18,I
Potatoes,Area harvested,ha,2024,67279.0,E
Potatoes,Yield,kg/ha,2024,6857.4,E
Potatoes,Production,t,2024,461361.34,I
Raw hides and skins of cattle,Yield/Carcass Weight,kg/An,2024,24.0,E
Raw hides and skins of cattle,Production,t,2024,33651.87,I
Raw hides and skins of cattle,Producing Animals/Slaughtered,An,2024,1395535.0,I
Raw hides and skins of goats or kids,Yield/Carcass Weight,kg/An,2024,2.0,E
Raw hides and skins of goats or kids,Production,t,2024,6333.36,I
Raw hides and skins of goats or kids,Producing Animals/Slaughtered,An,2024,3256623.0,E
Raw hides and skins of sheep or lambs,Yield/Carcass Weight,kg/An,2024,2.0,E
Raw hides and skins of sheep or lambs,Production,t,2024,831.89,I
Raw hides and skins of sheep or lambs,Producing Animals/Slaughtered,An,2024,445359.0,E
Raw milk of cattle,Yield/Carcass Weight,kg/An,2024,1001.0,E
Raw milk of cattle,Production,t,2024,3850000.0,E
Raw milk of cattle,Milk Animals,An,2024,3844901.0,I
Rice,Area harvested,ha,2024,230000.0,X
Rice,Yield,kg/ha,2024,1304.3,X
Rice,Production,t,2024,300000.0,X
"Seed cotton, unginned",Area harvested,ha,2024,97000.0,X
"Seed cotton, unginned",Yield,kg/ha,2024,1539.3,E
"Seed cotton, unginned",Production,t,2024,149307.85,I
Sesame seed,Area harvested,ha,2024,215000.0,X
Sesame seed,Yield,kg/ha,2024,651.2,X
Sesame seed,Production,t,2024,140000.0,X
Sheep,Stocks,An,2024,4373676.0,I
"Sheep fat, unrendered",Production,t,2024,106.4,I
"Sheep fat, unrendered",Producing Animals/Slaughtered,An,2024,445359.0,E
"Sisal, raw",Area harvested,ha,2024,2.0,I
"Sisal, raw",Yield,kg/ha,2024,1819.2,E
"Sisal, raw",Production,t,2024,4.4,E
Sorghum,Area harvested,ha,2024,320000.0,X
Sorghum,Yield,kg/ha,2024,703.1,X
Sorghum,Production,t,2024,225000.0,X
Soya beans,Area harvested,ha,2024,210000.0,X
Soya beans,Yield,kg/ha,2024,738.1,X
Soya beans,Production,t,2024,155000.0,X
Sugar cane,Area harvested,ha,2024,87249.0,E
Sugar cane,Yield,kg/ha,2024,69970.2,E
Sugar cane,Production,t,2024,6104830.28,I
Sunflower seed,Area harvested,ha,2024,280000.0,X
Sunflower seed,Yield,kg/ha,2024,1017.9,X
Sunflower seed,Production,t,2024,285000.0,X
Sweet potatoes,Area harvested,ha,2024,221783.0,I
Sweet potatoes,Yield,kg/ha,2024,4629.6,E
Sweet potatoes,Production,t,2024,1026776.85,I
Swine / pigs,Stocks,An,2024,7053559.0,I
Tea leaves,Area harvested,ha,2024,44765.0,I
Tea leaves,Yield,kg/ha,2024,9269.4,E
Tea leaves,Production,t,2024,414945.47,I
Tomatoes,Area harvested,ha,2024,6664.0,E
Tomatoes,Yield,kg/ha,2024,5859.4,E
Tomatoes,Production,t,2024,39046.84,E
Unmanufactured tobacco,Area harvested,ha,2024,23274.0,I
Unmanufactured tobacco,Yield,kg/ha,2024,1378.9,E
Unmanufactured tobacco,Production,t,2024,32091.75,I
"Vanilla, raw",Area harvested,ha,2024,364.0,E
"Vanilla, raw",Yield,kg/ha,2024,502.7,E
"Vanilla, raw",Production,t,2024,183.11,E
Wheat,Area harvested,ha,2024,15000.0,X
Wheat,Yield,kg/ha,2024,1666.7,X
Wheat,Production,t,2024,25000.0,X
"Beef and Buffalo Meat, primary",Yield/Carcass Weight,kg/An,2024,170.0,E
"Beef and Buffalo Meat, primary",Production,t,2024,237542.63,E
"Beef and Buffalo Meat, primary",Producing Animals/Slaughtered,An,2024,1395535.0,E
Cattle and Buffaloes,Stocks,An,2024,14723179.0,E
"Cereals, primary",Area harvested,ha,2024,2953368.0,E
"Cereals, primary",Yield,kg/ha,2024,1919.8,E
"Cereals, primary",Production,t,2024,5670000.0,X
Eggs Primary,Yield/Carcass Weight,g/An,2024,5173.0,E
Eggs Primary,Production,t,2024,44022.31,E
Eggs Primary,Laying,1000 An,2024,8511.0,E
"Fibre Crops, Fibre Equivalent",Area harvested,ha,2024,97002.0,E
"Fibre Crops, Fibre Equivalent",Yield,kg/ha,2024,538.8,E
"Fibre Crops, Fibre Equivalent",Production,t,2024,52262.14,E
Fruit Primary,Area harvested,ha,2024,2702969.0,E
Fruit Primary,Yield,kg/ha,2024,4400.9,E
Fruit Primary,Production,t,2024,11895521.51,E
"Meat, Poultry",Yield/Carcass Weight,g/An,2024,1287.0,E
"Meat, Poultry",Production,t,2024,132768.44,E
"Meat, Poultry",Producing Animals/Slaughtered,1000 An,2024,103196.0,E
"Meat, Total",Production,t,2024,642364.61,E
"Milk, Total",Yield/Carcass Weight,kg/An,2024,1001.0,E
"Milk, Total",Production,t,2024,3850000.0,E
"Milk, Total",Milk Animals,An,2024,3844901.0,E
"Oilcrops, Cake Equivalent",Area harvested,ha,2024,1187203.0,E
"Oilcrops, Cake Equivalent",Yield,kg/ha,2024,389.2,E
"Oilcrops, Cake Equivalent",Production,t,2024,462040.61,E
"Oilcrops, Oil Equivalent",Area harvested,ha,2024,1190203.0,E
"Oilcrops, Oil Equivalent",Yield,kg/ha,2024,235.3,E
"Oilcrops, Oil Equivalent",Production,t,2024,280034.23,E
Poultry Birds,Stocks,1000 An,2024,69540.0,E
"Pulses, Total",Area harvested,ha,2024,963736.0,E
"Pulses, Total",Yield,kg/ha,2024,868.5,E
"Pulses, Total",Production,t,2024,836987.74,E
"Roots and Tubers, Total",Area harvested,ha,2024,1115605.0,E
"Roots and Tubers, Total",Yield,kg/ha,2024,2794.1,E
"Roots and Tubers, Total",Production,t,2024,3117137.25,E
Sheep and Goat Meat,Yield/Carcass Weight,kg/An,2024,10.0,E
Sheep and Goat Meat,Production,t,2024,35773.32,E
Sheep and Goat Meat,Producing Animals/Slaughtered,An,2024,3701982.0,E
Sheep and Goats,Stocks,An,2024,21775449.0,E
Sugar Crops Primary,Area harvested,ha,2024,87249.0,E
Sugar Crops Primary,Yield,kg/ha,2024,69970.2,E
Sugar Crops Primary,Production,t,2024,6104830.28,E
Vegetables Primary,Area harvested,ha,2024,244443.0,E
Vegetables Primary,Yield,kg/ha,2024,5704.7,E
Vegetables Primary,Production,t,2024,1394476.82,E
