region,group,cover,date,year,month,ndvi,evi,good_frac,cover_km2
Uganda (national),Reference,cropland,2002-07,2002,7,0.6510620752560129,0.39984133116744225,0.9882311417756848,27077.93442541493
Karamoja,Focus region,cropland,2002-07,2002,7,0.4733219782403021,0.29406761617846766,0.9935336667164225,1090.6130090109775
Lake Victoria basin,Focus region,cropland,2002-07,2002,7,0.5872232924173177,0.3334231452105004,0.9859421052535559,2526.4562712573393
Northern,Admin region,cropland,2002-07,2002,7,0.6708663555554066,0.4186734889451452,0.9944408047886591,13981.458540091739
Eastern,Admin region,cropland,2002-07,2002,7,0.6066769353745708,0.3727590399289184,0.9841987615939981,6653.957887160815
Central,Admin region,cropland,2002-07,2002,7,0.6495379529710487,0.3794178471346539,0.9748112381676666,2740.0187003040382
Western,Admin region,cropland,2002-07,2002,7,0.6558955576123463,0.3911962856157299,0.9819576145862388,3706.8906645577026
Uganda (national),Reference,cropland,2002-08,2002,8,0.6673047285207168,0.402027088530215,0.9719206253945492,27077.93442541493
Karamoja,Focus region,cropland,2002-08,2002,8,0.49146758584034106,0.29123696699224255,0.9990202525327913,1090.6130090109775
Lake Victoria basin,Focus region,cropland,2002-08,2002,8,0.5486208831395695,0.31619385676470646,0.8691243277381933,2526.4562712573393
Northern,Admin region,cropland,2002-08,2002,8,0.7046651637406547,0.4307649306989374,0.9983148391216448,13981.458540091739
Eastern,Admin region,cropland,2002-08,2002,8,0.6029325307604831,0.3601950603227765,0.9878076619255394,6653.957887160815
Central,Admin region,cropland,2002-08,2002,8,0.6495093560003068,0.37563153340100364,0.8708726616620737,2740.0187003040382
Western,Admin region,cropland,2002-08,2002,8,0.6503741571600572,0.38307383389075156,0.9176887167692065,3706.8906645577026
Uganda (national),Reference,cropland,2002-09,2002,9,0.6475948133333509,0.40084420425689027,0.9772025666738398,27077.93442541493
Karamoja,Focus region,cropland,2002-09,2002,9,0.3661851396460938,0.21195315963071754,0.9859997929082804,1090.6130090109775
Lake Victoria basin,Focus region,cropland,2002-09,2002,9,0.6066852047473971,0.36522203150350613,0.8785143078342519,2526.4562712573393
Northern,Admin region,cropland,2002-09,2002,9,0.670314422600767,0.4192949319905594,0.9980014985501593,13981.458540091739
Eastern,Admin region,cropland,2002-09,2002,9,0.563972740305737,0.33794614026159636,0.99278613516268,6653.957887160815
Central,Admin region,cropland,2002-09,2002,9,0.68706642025359,0.4272736333454327,0.9262297494933,2740.0187003040382
Western,Admin region,cropland,2002-09,2002,9,0.6876399060853077,0.4276812840834135,0.9076796821814586,3706.8906645577026
Uganda (national),Reference,cropland,2002-10,2002,10,0.6740733124495828,0.43070663589913033,0.9670650533349555,27077.93442541493
Karamoja,Focus region,cropland,2002-10,2002,10,0.3557419800193571,0.20066595315289615,0.9531409839315653,1090.6130090109775
Lake Victoria basin,Focus region,cropland,2002-10,2002,10,0.7030470200595944,0.47362855008813776,0.88992005750433,2526.4562712573393
Northern,Admin region,cropland,2002-10,2002,10,0.6683047894580368,0.42586870619986167,0.9894884802833929,13981.458540091739
Eastern,Admin region,cropland,2002-10,2002,10,0.6224712485786528,0.38180409627316847,0.9842970627782471,6653.957887160815
Central,Admin region,cropland,2002-10,2002,10,0.747564038078901,0.5019655152511678,0.9460457753799378,2740.0187003040382
Western,Admin region,cropland,2002-10,2002,10,0.7449381041191179,0.4938228421837774,0.8657970628688049,3706.8906645577026
Uganda (national),Reference,cropland,2002-11,2002,11,0.6783207916731921,0.4147511887582653,0.9910069558882685,27077.93442541493
Karamoja,Focus region,cropland,2002-11,2002,11,0.32560872725246887,0.18569308026290032,0.9982854419323848,1090.6130090109775
Lake Victoria basin,Focus region,cropland,2002-11,2002,11,0.784587803166296,0.5283708466229342,0.9604552415067422,2526.4562712573393
Northern,Admin region,cropland,2002-11,2002,11,0.6489306273702834,0.3803114235445236,0.9996484471636992,13981.458540091739
Eastern,Admin region,cropland,2002-11,2002,11,0.6357408914907661,0.39533662672950787,0.9993175278127489,6653.957887160815
Central,Admin region,cropland,2002-11,2002,11,0.7962671912255956,0.5242761395292377,0.9838203160620916,2740.0187003040382
Western,Admin region,cropland,2002-11,2002,11,0.7855828765475684,0.504560684954658,0.9487628944931404,3706.8906645577026
Uganda (national),Reference,cropland,2002-12,2002,12,0.6333926830104597,0.3662667569967345,0.9928837309823698,27077.93442541493
Karamoja,Focus region,cropland,2002-12,2002,12,0.3182553355401924,0.17456056586764254,0.9979425303188617,1090.6130090109775
Lake Victoria basin,Focus region,cropland,2002-12,2002,12,0.771280402472201,0.5261255668455472,0.9717002802407314,2526.4562712573393
Northern,Admin region,cropland,2002-12,2002,12,0.5847863985467896,0.3096353977537333,0.9998356872612941,13981.458540091739
Eastern,Admin region,cropland,2002-12,2002,12,0.6178545972613717,0.3682122013198171,0.9984022121733769,6653.957887160815
Central,Admin region,cropland,2002-12,2002,12,0.7744212605615503,0.5116308406110309,0.9961783886578734,2740.0187003040382
Western,Admin region,cropland,2002-12,2002,12,0.7462439931430002,0.4745297585054593,0.9535805311840226,3706.8906645577026
Uganda (national),Reference,cropland,2003-01,2003,1,0.5453792609805131,0.3034644121989193,0.9999625742143966,27077.93442541493
Karamoja,Focus region,cropland,2003-01,2003,1,0.28016698818712726,0.15971672781443502,1.0,1090.6130090109775
Lake Victoria basin,Focus region,cropland,2003-01,2003,1,0.6830466342755304,0.4204507335598531,0.9997130754185409,2526.4562712573393
Northern,Admin region,cropland,2003-01,2003,1,0.48227877962568816,0.247033527151934,1.0,13981.458540091739
Eastern,Admin region,cropland,2003-01,2003,1,0.557401650888413,0.33312453980750784,1.0,6653.957887160815
Central,Admin region,cropland,2003-01,2003,1,0.7028481878657654,0.4207256594172016,1.0,2740.0187003040382
Western,Admin region,cropland,2003-01,2003,1,0.645818333956174,0.37662689813922273,0.9996979050890699,3706.8906645577026
Uganda (national),Reference,cropland,2003-02,2003,2,0.4378879591368065,0.23406798430172662,0.9928250196197157,27077.93442541493
Karamoja,Focus region,cropland,2003-02,2003,2,0.2347394069992007,0.13390476475206722,1.0,1090.6130090109775
Lake Victoria basin,Focus region,cropland,2003-02,2003,2,0.5854753728852016,0.3363084173617683,0.9717748308762029,2526.4562712573393
Northern,Admin region,cropland,2003-02,2003,2,0.3858408865494191,0.19285166110138716,1.0,13981.458540091739
Eastern,Admin region,cropland,2003-02,2003,2,0.42934388280735464,0.2469843648912249,1.0,6653.957887160815
Central,Admin region,cropland,2003-02,2003,2,0.5785074147192579,0.32724396351885265,0.9708711094669907,2740.0187003040382
Western,Admin region,cropland,2003-02,2003,2,0.5525130370008493,0.3017826588336368,0.9688047582350533,3706.8906645577026
Uganda (national),Reference,cropland,2003-03,2003,3,0.4908386084522357,0.28832136607827064,0.9841878183609714,27077.93442541493
Karamoja,Focus region,cropland,2003-03,2003,3,0.23447756969030187,0.13864608259501673,1.0,1090.6130090109775
Lake Victoria basin,Focus region,cropland,2003-03,2003,3,0.6259637426279355,0.3863446025361534,0.9285666425462052,2526.4562712573393
Northern,Admin region,cropland,2003-03,2003,3,0.4503029121538077,0.25883699460818554,0.996580616692307,13981.458540091739
Eastern,Admin region,cropland,2003-03,2003,3,0.45114905325679855,0.2669435357372507,0.9991810333752987,6653.957887160815
Central,Admin region,cropland,2003-03,2003,3,0.6309584227428519,0.3844995824484774,0.965482545719218,2740.0187003040382
Western,Admin region,cropland,2003-03,2003,3,0.6247516787759066,0.3755914125936296,0.9240988373160974,3706.8906645577026
Uganda (national),Reference,cropland,2003-04,2003,4,0.6687052384890192,0.4200723997986711,0.3986592283878507,27077.93442541493
Karamoja,Focus region,cropland,2003-04,2003,4,0.3450104035186193,0.1926162640530012,0.3877723289730729,1090.6130090109775
Lake Victoria basin,Focus region,cropland,2003-04,2003,4,0.70447995961347,0.4553149032986496,0.3916899509557989,2526.4562712573393
Northern,Admin region,cropland,2003-04,2003,4,0.6632671442230788,0.41151137477000854,0.3633636479471975,13981.458540091739
Eastern,Admin region,cropland,2003-04,2003,4,0.6199408770356648,0.3813049929229641,0.46061774957921303,6653.957887160815
Central,Admin region,cropland,2003-04,2003,4,0.7284087182174507,0.46864534003795355,0.3999480664581118,2740.0187003040382
Western,Admin region,cropland,2003-04,2003,4,0.7407920611203664,0.4905397860738398,0.4168854947249255,3706.8906645577026
Uganda (national),Reference,cropland,2003-05,2003,5,0.7195182384517093,0.4631064648599385,0.9780223283304672,27077.93442541493
Karamoja,Focus region,cropland,2003-05,2003,5,0.5003520076606156,0.30931507076605,0.9986773409192682,1090.6130090109775
Lake Victoria basin,Focus region,cropland,2003-05,2003,5,0.7735638833799601,0.5184914307053542,0.9192813982149977,2526.4562712573393
Northern,Admin region,cropland,2003-05,2003,5,0.7115957134422486,0.45416289541672,0.9907972578459183,13981.458540091739
Eastern,Admin region,cropland,2003-05,2003,5,0.6706498758967416,0.41762715578147286,0.9892649250291314,6653.957887160815
Central,Admin region,cropland,2003-05,2003,5,0.7929506237208241,0.5256504424186745,0.9486674558138611,2740.0187003040382
Western,Admin region,cropland,2003-05,2003,5,0.7895398500090303,0.5389680538687823,0.9303387786718168,3706.8906645577026
Uganda (national),Reference,cropland,2003-06,2003,6,0.7231011528394341,0.47561151421855263,0.9755953779394639,27077.93442541493
Karamoja,Focus region,cropland,2003-06,2003,6,0.57234404553545,0.3676929723696674,0.9712811043406079,1090.6130090109775
Lake Victoria basin,Focus region,cropland,2003-06,2003,6,0.7358665887576239,0.4824650385812681,0.9531146160874467,2526.4562712573393
Northern,Admin region,cropland,2003-06,2003,6,0.7218806751112608,0.4766467788454362,0.9857124042151516,13981.458540091739
Eastern,Admin region,cropland,2003-06,2003,6,0.6825361919360255,0.43729763951978196,0.9833847698530608,6653.957887160815
Central,Admin region,cropland,2003-06,2003,6,0.78315611880122,0.5238004982585707,0.9596550854307528,2740.0187003040382
Western,Admin region,cropland,2003-06,2003,6,0.759010569437374,0.5072147191276988,0.9350587502539829,3706.8906645577026
Uganda (national),Reference,cropland,2003-07,2003,7,0.6997360048495511,0.4340002697811837,0.9825041918891599,27077.93442541493
Karamoja,Focus region,cropland,2003-07,2003,7,0.6208509126224542,0.40463925757876407,0.987562394064805,1090.6130090109775
Lake Victoria basin,Focus region,cropland,2003-07,2003,7,0.6203127145833164,0.36271059938808153,0.9768978444003019,2526.4562712573393
Northern,Admin region,cropland,2003-07,2003,7,0.71697885980784,0.45003300544667146,0.9885989137436944,13981.458540091739
Eastern,Admin region,cropland,2003-07,2003,7,0.6702716899706475,0.4099722804771298,0.9715044325584605,6653.957887160815
Central,Admin region,cropland,2003-07,2003,7,0.6997053772378131,0.4238146738818071,0.9698523954231502,2740.0187003040382
Western,Admin region,cropland,2003-07,2003,7,0.6862920743008137,0.4228653920749641,0.9886165324760509,3706.8906645577026
Uganda (national),Reference,cropland,2003-08,2003,8,0.6873260770367585,0.4215505417967836,0.9726898773285344,27077.93442541493
Karamoja,Focus region,cropland,2003-08,2003,8,0.6089201088789059,0.3815972392972145,0.9947583510504334,1090.6130090109775
Lake Victoria basin,Focus region,cropland,2003-08,2003,8,0.5811527302731929,0.33487643062996286,0.9674223674130631,2526.4562712573393
Northern,Admin region,cropland,2003-08,2003,8,0.719817135953259,0.4494911431591165,0.974460840303288,13981.458540091739
Eastern,Admin region,cropland,2003-08,2003,8,0.6430456128980874,0.3907213064568,0.9843293995227136,6653.957887160815
Central,Admin region,cropland,2003-08,2003,8,0.680962365202719,0.3962734160743795,0.9628949676994321,2740.0187003040382
Western,Admin region,cropland,2003-08,2003,8,0.6484104174059897,0.3895274438917094,0.9509706459263957,3706.8906645577026
Uganda (national),Reference,cropland,2003-09,2003,9,0.6689105234576077,0.42545964251706436,0.9835838526854227,27077.93442541493
Karamoja,Focus region,cropland,2003-09,2003,9,0.5078117634436244,0.3248243281669907,1.0,1090.6130090109775
Lake Victoria basin,Focus region,cropland,2003-09,2003,9,0.6546536461629722,0.40287464370731835,0.9157270163044481,2526.4562712573393
Northern,Admin region,cropland,2003-09,2003,9,0.6803380290668704,0.4328452817332617,0.9994478852216252,13981.458540091739
Eastern,Admin region,cropland,2003-09,2003,9,0.6126067571028543,0.3875435291342777,0.9952029840738228,6653.957887160815
Central,Admin region,cropland,2003-09,2003,9,0.7111501334285526,0.4485349909517323,0.9443486068055112,2740.0187003040382
Western,Admin region,cropland,2003-09,2003,9,0.6989690253844273,0.45087092140926216,0.9306178137654109,3706.8906645577026
Uganda (national),Reference,cropland,2003-10,2003,10,0.6616096585686726,0.41805314724502046,0.9814247167904065,27077.93442541493
Karamoja,Focus region,cropland,2003-10,2003,10,0.3742623463490673,0.22170971129621503,0.9859429291337132,1090.6130090109775
Lake Victoria basin,Focus region,cropland,2003-10,2003,10,0.6935021757277331,0.4659636884493332,0.925964170251427,2526.4562712573393
Northern,Admin region,cropland,2003-10,2003,10,0.6517472092933758,0.41026992652893857,0.9948688271101963,13981.458540091739
Eastern,Admin region,cropland,2003-10,2003,10,0.6149507242190362,0.3751802172390784,0.9872217591592019,6653.957887160815
Central,Admin region,cropland,2003-10,2003,10,0.7329668523215771,0.4690487334253072,0.9609869911524116,2740.0187003040382
Western,Admin region,cropland,2003-10,2003,10,0.7355329020339815,0.49192488875689544,0.935367514425809,3706.8906645577026
Uganda (national),Reference,cropland,2003-11,2003,11,0.652570803464822,0.3839820527480677,0.9690986809255945,27077.93442541493
Karamoja,Focus region,cropland,2003-11,2003,11,0.32725984935974595,0.18370586114176943,0.9910906375908355,1090.6130090109775
Lake Victoria basin,Focus region,cropland,2003-11,2003,11,0.7622917048309886,0.47459600566754134,0.8458627880212799,2526.4562712573393
Northern,Admin region,cropland,2003-11,2003,11,0.619524781313795,0.35038998108017566,0.9944579778300232,13981.458540091739
Eastern,Admin region,cropland,2003-11,2003,11,0.6167401466741763,0.36552872239051704,0.982550784117249,6653.957887160815
Central,Admin region,cropland,2003-11,2003,11,0.7759251997722085,0.4851896495474376,0.9300729233484012,2740.0187003040382
Western,Admin region,cropland,2003-11,2003,11,0.7696189729294278,0.4857312712739505,0.8762894493140411,3706.8906645577026
Uganda (national),Reference,cropland,2003-12,2003,12,0.5978656999549359,0.3413395464905134,0.9995677658339546,27077.93442541493
Karamoja,Focus region,cropland,2003-12,2003,12,0.30434752443749513,0.16888602204854433,1.0,1090.6130090109775
Lake Victoria basin,Focus region,cropland,2003-12,2003,12,0.7449378212288651,0.47066270593721504,0.9993939754793922,2526.4562712573393
Northern,Admin region,cropland,2003-12,2003,12,0.5431943415053482,0.2896876449220743,1.0,13981.458540091739
Eastern,Admin region,cropland,2003-12,2003,12,0.5714644674835192,0.3347919008176836,0.9999357673235528,6653.957887160815
Central,Admin region,cropland,2003-12,2003,12,0.7560848334800598,0.46593477562986213,0.9999610039658967,2740.0187003040382
Western,Admin region,cropland,2003-12,2003,12,0.7354652969942549,0.4564887075493772,0.9968279186564942,3706.8906645577026
Uganda (national),Reference,cropland,2004-01,2004,1,0.5165000871085874,0.2815698568473302,0.9964002228246318,27077.93442541493
Karamoja,Focus region,cropland,2004-01,2004,1,0.28029620438146924,0.1583534377225443,1.0,1090.6130090109775
Lake Victoria basin,Focus region,cropland,2004-01,2004,1,0.6748671859312743,0.40586243006379297,0.9891001000255579,2526.4562712573393
Northern,Admin region,cropland,2004-01,2004,1,0.4660305071115192,0.23866068219217496,1.0,13981.458540091739
Eastern,Admin region,cropland,2004-01,2004,1,0.4997595474333618,0.2814713880159683,0.9998715346471057,6653.957887160815
Central,Admin region,cropland,2004-01,2004,1,0.6659308664347854,0.387774199184434,0.9951644917711868,2740.0187003040382
Western,Admin region,cropland,2004-01,2004,1,0.629801329766625,0.36761027161589277,0.9773580288151634,3706.8906645577026
Uganda (national),Reference,cropland,2004-02,2004,2,0.4662743996166185,0.2606518537873688,0.9915421051616758,27077.93442541493
Karamoja,Focus region,cropland,2004-02,2004,2,0.27072455584301214,0.15294123354624603,1.0,1090.6130090109775
Lake Victoria basin,Focus region,cropland,2004-02,2004,2,0.6178884911816991,0.37600264285122176,0.9583392141815709,2526.4562712573393
Northern,Admin region,cropland,2004-02,2004,2,0.42325815225146074,0.22325721006303312,0.9999961787735184,13981.458540091739
Eastern,Admin region,cropland,2004-02,2004,2,0.4447736148869624,0.26229672672656446,0.9996306621104288,6653.957887160815
Central,Admin region,cropland,2004-02,2004,2,0.606836336335047,0.35560658681155144,0.9794049709850391,2740.0187003040382
Western,Admin region,cropland,2004-02,2004,2,0.5704266964340259,0.3335571048799156,0.9538224897085673,3706.8906645577026
Uganda (national),Reference,cropland,2004-03,2004,3,0.4930889963721029,0.2807520935457566,0.9727110004202645,27077.93442541493
Karamoja,Focus region,cropland,2004-03,2004,3,0.2611825639342145,0.15304449378785082,0.9980405050655826,1090.6130090109775
Lake Victoria basin,Focus region,cropland,2004-03,2004,3,0.6804224615406593,0.42436113172474155,0.8762058088461999,2526.4562712573393
Northern,Admin region,cropland,2004-03,2004,3,0.43764942210690105,0.2347116248239177,0.9944974488517971,13981.458540091739
Eastern,Admin region,cropland,2004-03,2004,3,0.46241992866254067,0.27534190752398857,0.9951075166841229,6653.957887160815
Central,Admin region,cropland,2004-03,2004,3,0.6685075684203834,0.41452046847484114,0.9541928879950556,2740.0187003040382
Western,Admin region,cropland,2004-03,2004,3,0.6543278665648852,0.38273296389384204,0.8628628141511543,3706.8906645577026
Uganda (national),Reference,cropland,2004-04,2004,4,0.7031821332591454,0.42978932127587327,0.9779138655100024,27077.93442541493
Karamoja,Focus region,cropland,2004-04,2004,4,0.49197463081963927,0.30061236655688983,0.9871653081795658,1090.6130090109775
Lake Victoria basin,Focus region,cropland,2004-04,2004,4,0.754317290658503,0.48923425632885037,0.9215092929564659,2526.4562712573393
Northern,Admin region,cropland,2004-04,2004,4,0.6954651239064292,0.4181364534412595,0.9863276516490818,13981.458540091739
Eastern,Admin region,cropland,2004-04,2004,4,0.6521708237668092,0.38834864345961795,0.9891687649340972,6653.957887160815
Central,Admin region,cropland,2004-04,2004,4,0.7697733221447146,0.48884414861706216,0.9347519122011173,2740.0187003040382
Western,Admin region,cropland,2004-04,2004,4,0.7800757584044666,0.5093829374661661,0.95781675527458,3706.8906645577026
Uganda (national),Reference,cropland,2004-05,2004,5,0.6969836925337156,0.4534342915274334,0.9766201341720216,27077.93442541493
Karamoja,Focus region,cropland,2004-05,2004,5,0.5170542571057838,0.33063503421840573,0.9900277076425874,1090.6130090109775
Lake Victoria basin,Focus region,cropland,2004-05,2004,5,0.7254489774584871,0.4712352119707737,0.9471123362809167,2526.4562712573393
Northern,Admin region,cropland,2004-05,2004,5,0.701824944818541,0.4556425266417127,0.9734692844795374,13981.458540091739
Eastern,Admin region,cropland,2004-05,2004,5,0.6332993865995257,0.4030928611483465,0.9981051360448087,6653.957887160815
Central,Admin region,cropland,2004-05,2004,5,0.7539869567423597,0.4903218319189436,0.958368522156591,2740.0187003040382
Western,Admin region,cropland,2004-05,2004,5,0.7553848336738979,0.511831317407425,0.9635497197638739,3706.8906645577026
Uganda (national),Reference,cropland,2004-06,2004,6,0.6903889239575268,0.43219937754812376,0.992235878795359,27077.93442541493
Karamoja,Focus region,cropland,2004-06,2004,6,0.5155732261681815,0.31994581549324413,0.9943174646901894,1090.6130090109775
Lake Victoria basin,Focus region,cropland,2004-06,2004,6,0.6623480510875844,0.4075176514302124,0.9792536942369124,2526.4562712573393
Northern,Admin region,cropland,2004-06,2004,6,0.7003666816297469,0.44010677930471603,0.9952693216158645,13981.458540091739
Eastern,Admin region,cropland,2004-06,2004,6,0.6423024694414585,0.39815529267569394,0.9933746513173239,6653.957887160815
Central,Admin region,cropland,2004-06,2004,6,0.7252291561686484,0.4494356896020294,0.9845838737023975,2740.0187003040382
Western,Admin region,cropland,2004-06,2004,6,0.7138132827897424,0.4509650810508257,0.9841172116950577,3706.8906645577026
Uganda (national),Reference,cropland,2004-07,2004,7,0.6294718215447239,0.36723459585687274,0.9911985647687069,27077.93442541493
Karamoja,Focus region,cropland,2004-07,2004,7,0.4690361398649433,0.2830157175797882,0.9738451610944969,1090.6130090109775
Lake Victoria basin,Focus region,cropland,2004-07,2004,7,0.5419021078919344,0.2990822633038826,0.9806680831563827,2526.4562712573393
Northern,Admin region,cropland,2004-07,2004,7,0.6586758521653194,0.38871121523427515,0.9947790957212888,13981.458540091739
Eastern,Admin region,cropland,2004-07,2004,7,0.5853885211052201,0.3424125520648354,0.9925584555139597,6653.957887160815
Central,Admin region,cropland,2004-07,2004,7,0.622797499783704,0.3428736030680135,0.9650821099729452,2740.0187003040382
Western,Admin region,cropland,2004-07,2004,7,0.6026790482148167,0.3478929984529745,0.9943483100629822,3706.8906645577026
Uganda (national),Reference,cropland,2004-08,2004,8,0.6531645738934222,0.39279631216000693,0.9791111579412719,27077.93442541493
Karamoja,Focus region,cropland,2004-08,2004,8,0.5338464909623715,0.32562779725534674,0.9963826186651882,1090.6130090109775
Lake Victoria basin,Focus region,cropland,2004-08,2004,8,0.546004397002469,0.30267648554435744,0.9554214565519061,2526.4562712573393
Northern,Admin region,cropland,2004-08,2004,8,0.6909428752231003,0.42458608507063567,0.9892220284086161,13981.458540091739
Eastern,Admin region,cropland,2004-08,2004,8,0.5902386825601841,0.35034188789865184,0.979708141831795,6653.957887160815
Central,Admin region,cropland,2004-08,2004,8,0.6379658953672008,0.3609313561417746,0.9659355878801243,2740.0187003040382
Western,Admin region,cropland,2004-08,2004,8,0.6320932184327194,0.3700469672716658,0.9490003314848742,3706.8906645577026
Uganda (national),Reference,cropland,2004-09,2004,9,0.6581417362508114,0.40433163646508113,0.9730639881740399,27077.93442541493
Karamoja,Focus region,cropland,2004-09,2004,9,0.4535039069827615,0.26023498600402584,0.9993141767729539,1090.6130090109775
Lake Victoria basin,Focus region,cropland,2004-09,2004,9,0.5988044004247515,0.3797140519108379,0.83786837260192,2526.4562712573393
Northern,Admin region,cropland,2004-09,2004,9,0.6796100376710611,0.41944523118834987,0.9977587982203753,13981.458540091739
Eastern,Admin region,cropland,2004-09,2004,9,0.6010596399632642,0.34765420940566355,0.9972251168908766,6653.957887160815
Central,Admin region,cropland,2004-09,2004,9,0.6652241701714512,0.42466331153191156,0.9046106540376608,2740.0187003040382
Western,Admin region,cropland,2004-09,2004,9,0.6766600945308289,0.43896698763614694,0.8864755019113366,3706.8906645577026
Uganda (national),Reference,cropland,2004-10,2004,10,0.6636716035188908,0.41756843307210706,0.9773149523541972,27077.93442541493
Karamoja,Focus region,cropland,2004-10,2004,10,0.39605777536166314,0.2313998937462965,0.9910585556639683,1090.6130090109775
Lake Victoria basin,Focus region,cropland,2004-10,2004,10,0.703670496685798,0.44867006992092484,0.9150223096301016,2526.4562712573393
Northern,Admin region,cropland,2004-10,2004,10,0.6565232223017406,0.4152499842006481,0.9930949238662581,13981.458540091739
Eastern,Admin region,cropland,2004-10,2004,10,0.6091677882697422,0.3680268081193928,0.9918805803711994,6653.957887160815
Central,Admin region,cropland,2004-10,2004,10,0.7370038763757937,0.46728325315417324,0.958672003057289,2740.0187003040382
Western,Admin region,cropland,2004-10,2004,10,0.7433346771622911,0.48559151424466473,0.9046333559692569,3706.8906645577026
Uganda (national),Reference,cropland,2004-11,2004,11,0.6604532500610394,0.4057526066156222,0.9831884253132817,27077.93442541493
Karamoja,Focus region,cropland,2004-11,2004,11,0.4449567464955008,0.26300301188668995,0.9996081010131165,1090.6130090109775
Lake Victoria basin,Focus region,cropland,2004-11,2004,11,0.7543243891493974,0.5171866333242374,0.9305343978622295,2526.4562712573393
Northern,Admin region,cropland,2004-11,2004,11,0.6271721011602305,0.36968889634047986,0.9941076687654791,13981.458540091739
Eastern,Admin region,cropland,2004-11,2004,11,0.6296154441604304,0.37744959706362907,0.9930709000282624,6653.957887160815
Central,Admin region,cropland,2004-11,2004,11,0.7741732671353787,0.5166324106307187,0.9736488505001394,2740.0187003040382
Western,Admin region,cropland,2004-11,2004,11,0.7659699776464914,0.5198631852704809,0.9310670845693365,3706.8906645577026
Uganda (national),Reference,cropland,2004-12,2004,12,0.5716637229184989,0.3283845499942953,0.9970713104125454,27077.93442541493
Karamoja,Focus region,cropland,2004-12,2004,12,0.3905867210503359,0.2305357162040433,1.0,1090.6130090109775
Lake Victoria basin,Focus region,cropland,2004-12,2004,12,0.6930612437907976,0.44029967497477207,0.9817697574525343,2526.4562712573393
Northern,Admin region,cropland,2004-12,2004,12,0.5217319520820902,0.27508729235923596,1.0,13981.458540091739
Eastern,Admin region,cropland,2004-12,2004,12,0.5584726760567988,0.3436696751283176,0.9997912438015467,6653.957887160815
Central,Admin region,cropland,2004-12,2004,12,0.7042824100510642,0.4384813449189445,0.9996685337101217,2740.0187003040382
Western,Admin region,cropland,2004-12,2004,12,0.6884761705517878,0.42283047008376323,0.9792760630335587,3706.8906645577026
Uganda (national),Reference,cropland,2005-01,2005,1,0.45434823686959397,0.23833660972923165,0.9961972709213082,27077.93442541493
Karamoja,Focus region,cropland,2005-01,2005,1,0.2928294021638587,0.16860345786499975,1.0,1090.6130090109775
Lake Victoria basin,Focus region,cropland,2005-01,2005,1,0.5961587337734465,0.3440773881440589,0.977898680462045,2526.4562712573393
Northern,Admin region,cropland,2005-01,2005,1,0.40197476163975887,0.19684690493692125,1.0,13981.458540091739
Eastern,Admin region,cropland,2005-01,2005,1,0.4424384439703728,0.2449783579219845,0.999847447393438,6653.957887160815
Central,Admin region,cropland,2005-01,2005,1,0.6023118583857825,0.33794044974687587,0.9999025099147417,2740.0187003040382
Western,Admin region,cropland,2005-01,2005,1,0.5675313901253944,0.3116098566300122,0.9725301621562964,3706.8906645577026
Uganda (national),Reference,cropland,2005-02,2005,2,0.4166749627610225,0.2171839139101644,0.9987727715826853,27077.93442541493
Karamoja,Focus region,cropland,2005-02,2005,2,0.2515408072696495,0.14804884782658362,1.0,1090.6130090109775
Lake Victoria basin,Focus region,cropland,2005-02,2005,2,0.5450677385236276,0.30006695173460873,0.9959290709166443,2526.4562712573393
Northern,Admin region,cropland,2005-02,2005,2,0.3803696627592311,0.18927575504625505,1.0,13981.458540091739
Eastern,Admin region,cropland,2005-02,2005,2,0.387774586258124,0.21643733418051217,1.0,6653.957887160815
Central,Admin region,cropland,2005-02,2005,2,0.5312437968100486,0.28517282268167565,0.9953549606357974,2740.0187003040382
Western,Admin region,cropland,2005-02,2005,2,0.5222706365482832,0.274348172973442,0.9944690915081941,3706.8906645577026
Uganda (national),Reference,cropland,2005-03,2005,3,0.5633978457286876,0.3303054583337231,0.9922560733995406,27077.93442541493
Karamoja,Focus region,cropland,2005-03,2005,3,0.30204038641048003,0.1786314512384488,1.0,1090.6130090109775
Lake Victoria basin,Focus region,cropland,2005-03,2005,3,0.6868801271445344,0.4226413125617077,0.9475840203905522,2526.4562712573393
Northern,Admin region,cropland,2005-03,2005,3,0.5336582548032207,0.302715276463285,0.9998738995261095,13981.458540091739
Eastern,Admin region,cropland,2005-03,2005,3,0.5106655889525595,0.3031848776395852,1.0,6653.957887160815
Central,Admin region,cropland,2005-03,2005,3,0.695291436287195,0.4284651102424156,0.9912065472353226,2740.0187003040382
Western,Admin region,cropland,2005-03,2005,3,0.6797554331356942,0.41552537446464577,0.9502794165979251,3706.8906645577026
Uganda (national),Reference,cropland,2005-04,2005,4,0.626618058713288,0.39658814881609555,0.8259623595480753,27077.93442541493
Karamoja,Focus region,cropland,2005-04,2005,4,0.35399466237050436,0.20707851542502734,0.8728570185362456,1090.6130090109775
Lake Victoria basin,Focus region,cropland,2005-04,2005,4,0.7212610436268031,0.5102891104043021,0.5837039442510514,2526.4562712573393
Northern,Admin region,cropland,2005-04,2005,4,0.6104093880264531,0.3736881023655507,0.8658488462765692,13981.458540091739
Eastern,Admin region,cropland,2005-04,2005,4,0.5917247951549288,0.3711324039153855,0.9495780416943119,6653.957887160815
Central,Admin region,cropland,2005-04,2005,4,0.72644753267962,0.5053448705381595,0.5488399712102219,2740.0187003040382
Western,Admin region,cropland,2005-04,2005,4,0.7361634488651099,0.5091457163643035,0.6582581416556665,3706.8906645577026
Uganda (national),Reference,cropland,2005-05,2005,5,0.7214712968227873,0.4555196492955877,0.9545708838498908,27077.93442541493
Karamoja,Focus region,cropland,2005-05,2005,5,0.5090018125719773,0.2988426666122954,0.9775305484299738,1090.6130090109775
Lake Victoria basin,Focus region,cropland,2005-05,2005,5,0.7569417449616581,0.503892618454356,0.8945232068084383,2526.4562712573393
Northern,Admin region,cropland,2005-05,2005,5,0.7124574907267417,0.44213683278364035,0.9827694304458933,13981.458540091739
Eastern,Admin region,cropland,2005-05,2005,5,0.6879506140477761,0.4209757580425201,0.9410301523296813,6653.957887160815
Central,Admin region,cropland,2005-05,2005,5,0.7845956728579655,0.5175978754520462,0.9311193169301741,2740.0187003040382
Western,Admin region,cropland,2005-05,2005,5,0.7742979588907942,0.5293103542056762,0.8880897456439979,3706.8906645577026
Uganda (national),Reference,cropland,2005-06,2005,6,0.6963987842559544,0.4439029955954731,0.9905548134017027,27077.93442541493
Karamoja,Focus region,cropland,2005-06,2005,6,0.5662993419522455,0.35791904786783446,0.9927988561160159,1090.6130090109775
Lake Victoria basin,Focus region,cropland,2005-06,2005,6,0.6677048678053242,0.4146879044972567,0.9734871735590208,2526.4562712573393
Northern,Admin region,cropland,2005-06,2005,6,0.6998561154941056,0.44518584467013567,0.9952558049637612,13981.458540091739
Eastern,Admin region,cropland,2005-06,2005,6,0.668487832439572,0.4262685194987738,0.9924144672642573,6653.957887160815
Central,Admin region,cropland,2005-06,2005,6,0.7095529575006397,0.4504936550188736,0.9910845125874228,2740.0187003040382
Western,Admin region,cropland,2005-06,2005,6,0.724549366794308,0.46641133237700866,0.9684978026763519,3706.8906645577026
Uganda (national),Reference,cropland,2005-07,2005,7,0.6766274756386081,0.41487798987561436,0.9830322537076133,27077.93442541493
Karamoja,Focus region,cropland,2005-07,2005,7,0.5804398587952844,0.36409757136777443,0.9813473371904646,1090.6130090109775
Lake Victoria basin,Focus region,cropland,2005-07,2005,7,0.5724028259168333,0.3262301282158015,0.9861242940701647,2526.4562712573393
Northern,Admin region,cropland,2005-07,2005,7,0.6980548752427026,0.4335087817907811,0.9849464206354263,13981.458540091739
Eastern,Admin region,cropland,2005-07,2005,7,0.6515927667129567,0.4031352159536483,0.9762097280010641,6653.957887160815
Central,Admin region,cropland,2005-07,2005,7,0.6563559606017334,0.38172130216259725,0.9789805259158085,2740.0187003040382
Western,Admin region,cropland,2005-07,2005,7,0.6549528526277416,0.38962674705332523,0.9909064062489845,3706.8906645577026
Uganda (national),Reference,cropland,2005-08,2005,8,0.6671698384925404,0.4142774930212557,0.9815954888627764,27077.93442541493
Karamoja,Focus region,cropland,2005-08,2005,8,0.5419843430008845,0.33936371243877894,0.9918191086488072,1090.6130090109775
Lake Victoria basin,Focus region,cropland,2005-08,2005,8,0.5753945332523082,0.3262251523205899,0.9515486381116451,2526.4562712573393
Northern,Admin region,cropland,2005-08,2005,8,0.6973875127016038,0.43687638415752006,0.9928212041685657,13981.458540091739
Eastern,Admin region,cropland,2005-08,2005,8,0.6160975994664191,0.38771700302881656,0.9797096531888878,6653.957887160815
Central,Admin region,cropland,2005-08,2005,8,0.6528410799096711,0.3837357278713733,0.9618594318369587,2740.0187003040382
Western,Admin region,cropland,2005-08,2005,8,0.6529407857470462,0.3969154427396732,0.9567515951826459,3706.8906645577026
Uganda (national),Reference,cropland,2005-09,2005,9,0.6551548779893401,0.4100894177069089,0.9807187025958747,27077.93442541493
Karamoja,Focus region,cropland,2005-09,2005,9,0.5234977165366747,0.31933411147639856,0.99887329041271,1090.6130090109775
Lake Victoria basin,Focus region,cropland,2005-09,2005,9,0.6460967559167313,0.41737943026925073,0.8891879022645317,2526.4562712573393
Northern,Admin region,cropland,2005-09,2005,9,0.6636240842948022,0.4127857060567882,0.9991134754562848,13981.458540091739
Eastern,Admin region,cropland,2005-09,2005,9,0.6039477191967045,0.37361966963108545,0.9921234680506669,6653.957887160815
Central,Admin region,cropland,2005-09,2005,9,0.7022575894862838,0.4534251464393738,0.9078039704538519,2740.0187003040382
Western,Admin region,cropland,2005-09,2005,9,0.6842389633963182,0.4371329177078337,0.9441425096711344,3706.8906645577026
Uganda (national),Reference,cropland,2005-10,2005,10,0.661836747263268,0.41823266269817816,0.9785002982456753,27077.93442541493
Karamoja,Focus region,cropland,2005-10,2005,10,0.44779402845926214,0.26075944172778576,0.9894932650045924,1090.6130090109775
Lake Victoria basin,Focus region,cropland,2005-10,2005,10,0.7035271977208806,0.4717981130728784,0.9480669824606157,2526.4562712573393
Northern,Admin region,cropland,2005-10,2005,10,0.6509200845046214,0.405150008886837,0.9931861537753546,13981.458540091739
Eastern,Admin region,cropland,2005-10,2005,10,0.6198519848188258,0.3869594104000335,0.9877940597117036,6653.957887160815
Central,Admin region,cropland,2005-10,2005,10,0.7445378299332029,0.49440825534256666,0.938545079377192,2740.0187003040382
Western,Admin region,cropland,2005-10,2005,10,0.724045170974729,0.4734835408640457,0.9349336733526006,3706.8906645577026
Uganda (national),Reference,cropland,2005-11,2005,11,0.6032410682363565,0.36503955997997356,0.9944726981486051,27077.93442541493
Karamoja,Focus region,cropland,2005-11,2005,11,0.3493673823654689,0.2005063725945083,0.9999020252532791,1090.6130090109775
Lake Victoria basin,Focus region,cropland,2005-11,2005,11,0.7255874007058789,0.4755003817013684,0.9835852603027899,2526.4562712573393
Northern,Admin region,cropland,2005-11,2005,11,0.5600562001852051,0.3243323751921004,0.9964042258808793,13981.458540091739
Eastern,Admin region,cropland,2005-11,2005,11,0.573905169266582,0.3444870770221255,0.9976314200560109,6653.957887160815
Central,Admin region,cropland,2005-11,2005,11,0.7350983241410632,0.47840901127804025,0.9905824577640454,2740.0187003040382
Western,Admin region,cropland,2005-11,2005,11,0.7239869367112907,0.4739562480290534,0.9843089812054012,3706.8906645577026
Uganda (national),Reference,cropland,2005-12,2005,12,0.4511499532420606,0.24420326635793374,0.9975823112722938,27077.93442541493
Karamoja,Focus region,cropland,2005-12,2005,12,0.2734051641624514,0.15368949161288145,1.0,1090.6130090109775
Lake Victoria basin,Focus region,cropland,2005-12,2005,12,0.6272543963604714,0.37274539409728463,0.9844063953333128,2526.4562712573393
Northern,Admin region,cropland,2005-12,2005,12,0.3858058163517655,0.19129529681271812,1.0,13981.458540091739
Eastern,Admin region,cropland,2005-12,2005,12,0.4292901106147014,0.24460854941686555,0.9997832147169908,6653.957887160815
Central,Admin region,cropland,2005-12,2005,12,0.6222919306565946,0.3598729462186473,0.9984401586358668,2740.0187003040382
Western,Admin region,cropland,2005-12,2005,12,0.6139351975449516,0.3601579285587937,0.9837775315426365,3706.8906645577026
Uganda (national),Reference,cropland,2006-01,2006,1,0.4081441181718605,0.2106304211249156,0.9973525492910054,27077.93442541493
Karamoja,Focus region,cropland,2006-01,2006,1,0.2557211742254183,0.14385677094829763,1.0,1090.6130090109775
Lake Victoria basin,Focus region,cropland,2006-01,2006,1,0.5818314088832343,0.3236161209490301,0.9917515816924869,2526.4562712573393
Northern,Admin region,cropland,2006-01,2006,1,0.35137509630352387,0.1720570812436653,1.0,13981.458540091739
Eastern,Admin region,cropland,2006-01,2006,1,0.3869261774480109,0.20863933556540876,0.9999197091544411,6653.957887160815
Central,Admin region,cropland,2006-01,2006,1,0.5764300297944599,0.3040152251941849,0.9991030912156234,2740.0187003040382
Western,Admin region,cropland,2006-01,2006,1,0.5389865329730413,0.2926428864268876,0.9812566074430648,3706.8906645577026
Uganda (national),Reference,cropland,2006-02,2006,2,0.39703626826641664,0.21236506248387732,0.9830607582753541,27077.93442541493
Karamoja,Focus region,cropland,2006-02,2006,2,0.24673239992215829,0.14255474275577598,1.0,1090.6130090109775
Lake Victoria basin,Focus region,cropland,2006-02,2006,2,0.5453928043834748,0.2982065173635499,0.8963079440460578,2526.4562712573393
Northern,Admin region,cropland,2006-02,2006,2,0.3518797938927569,0.1838504138756098,0.9985479339370182,13981.458540091739
Eastern,Admin region,cropland,2006-02,2006,2,0.38970226569092126,0.21947156421352398,0.9995387212206123,6653.957887160815
Central,Admin region,cropland,2006-02,2006,2,0.5252927400583834,0.2831197498220743,0.9485556671827651,2740.0187003040382
Western,Admin region,cropland,2006-02,2006,2,0.49870308090738025,0.2613467830963274,0.919915967312709,3706.8906645577026
Uganda (national),Reference,cropland,2006-03,2006,3,0.5919273111541934,0.3608593603491368,0.9815087681257404,27077.93442541493
Karamoja,Focus region,cropland,2006-03,2006,3,0.33767545720861364,0.2067078042250165,0.9984813914258265,1090.6130090109775
Lake Victoria basin,Focus region,cropland,2006-03,2006,3,0.6636858535181543,0.4309210905461437,0.9277119224129395,2526.4562712573393
Northern,Admin region,cropland,2006-03,2006,3,0.5715490657793304,0.32737588939565315,0.9960182820062446,13981.458540091739
Eastern,Admin region,cropland,2006-03,2006,3,0.5586978960883421,0.36261563293186017,0.9916774287886322,6653.957887160815
Central,Admin region,cropland,2006-03,2006,3,0.6786068473659549,0.4383832659208721,0.9249836350466685,2740.0187003040382
Western,Admin region,cropland,2006-03,2006,3,0.6722327732928355,0.43391508072121715,0.9491672890839177,3706.8906645577026
Uganda (national),Reference,cropland,2006-04,2006,4,0.6875286301843304,0.4355212686466053,0.8588994494718778,27077.93442541493
Karamoja,Focus region,cropland,2006-04,2006,4,0.43915242322900766,0.2595541113006723,0.7704338340995536,1090.6130090109775
Lake Victoria basin,Focus region,cropland,2006-04,2006,4,0.7355914612002672,0.5070454230857229,0.7473388574331463,2526.4562712573393
Northern,Admin region,cropland,2006-04,2006,4,0.6732952834595686,0.4129489513332879,0.8792442980669943,13981.458540091739
Eastern,Admin region,cropland,2006-04,2006,4,0.647370798649475,0.41065001170130866,0.8651120721662937,6653.957887160815
Central,Admin region,cropland,2006-04,2006,4,0.7603701665697425,0.5160277726114809,0.8195263541697808,2740.0187003040382
Western,Admin region,cropland,2006-04,2006,4,0.769456474734882,0.516633378526772,0.7988033763415883,3706.8906645577026
Uganda (national),Reference,cropland,2006-05,2006,5,0.7122713138956972,0.4673124228636451,0.9636605525658428,27077.93442541493
Karamoja,Focus region,cropland,2006-05,2006,5,0.5133633031379187,0.31704826202481956,0.989715148989813,1090.6130090109775
Lake Victoria basin,Focus region,cropland,2006-05,2006,5,0.7448702583103867,0.4853418833352515,0.8900802708833414,2526.4562712573393
Northern,Admin region,cropland,2006-05,2006,5,0.6997764704306138,0.45202388878761146,0.9786817670747872,13981.458540091739
Eastern,Admin region,cropland,2006-05,2006,5,0.6827039259105565,0.45462762774160737,0.9724602399732792,6653.957887160815
Central,Admin region,cropland,2006-05,2006,5,0.7733286915388706,0.5068182921816144,0.91682482362132,2740.0187003040382
Western,Admin region,cropland,2006-05,2006,5,0.7734117275702351,0.5232760338890512,0.9258561310430637,3706.8906645577026
Uganda (national),Reference,cropland,2006-06,2006,6,0.6812704725930757,0.43233853618414925,0.9933215438111029,27077.93442541493
Karamoja,Focus region,cropland,2006-06,2006,6,0.5124546890637953,0.32076884210480977,0.9812397570764183,1090.6130090109775
Lake Victoria basin,Focus region,cropland,2006-06,2006,6,0.6605253878458769,0.39816661520317,0.9990695682647481,2526.4562712573393
Northern,Admin region,cropland,2006-06,2006,6,0.6785999526000783,0.42989715668443873,0.9951106732834725,13981.458540091739
Eastern,Admin region,cropland,2006-06,2006,6,0.6686305658467442,0.43713057640810493,0.98576764471622,6653.957887160815
Central,Admin region,cropland,2006-06,2006,6,0.7156707681476012,0.44278639844154577,0.9947473106690932,2740.0187003040382
Western,Admin region,cropland,2006-06,2006,6,0.6882727536019126,0.42521550565935906,0.9990343701490665,3706.8906645577026
Uganda (national),Reference,cropland,2006-07,2006,7,0.6500328676235069,0.3908425866854914,0.9736987332118231,27077.93442541493
Karamoja,Focus region,cropland,2006-07,2006,7,0.5168706009529326,0.3171748866937458,0.9621367946466598,1090.6130090109775
Lake Victoria basin,Focus region,cropland,2006-07,2006,7,0.5693145822764676,0.3242778394125901,0.9351955954920665,2526.4562712573393
Northern,Admin region,cropland,2006-07,2006,7,0.6654808094472078,0.404326051723045,0.9912660549017936,13981.458540091739
Eastern,Admin region,cropland,2006-07,2006,7,0.6364278879741434,0.3865302211226796,0.9817601869246453,6653.957887160815
Central,Admin region,cropland,2006-07,2006,7,0.6355126493536961,0.3666225652948591,0.913518571631853,2740.0187003040382
Western,Admin region,cropland,2006-07,2006,7,0.6241700821295072,0.3622922740698031,0.9368556073930454,3706.8906645577026
Uganda (national),Reference,cropland,2006-08,2006,8,0.6569733102236722,0.3997420804050433,0.9856770659644907,27077.93442541493
Karamoja,Focus region,cropland,2006-08,2006,8,0.5577993682895845,0.3502753447872942,0.9954931616508399,1090.6130090109775
Lake Victoria basin,Focus region,cropland,2006-08,2006,8,0.584046395188149,0.3252672051688491,0.9795105166151724,2526.4562712573393
Northern,Admin region,cropland,2006-08,2006,8,0.6803851118667827,0.42379619054170864,0.9925372945335887,13981.458540091739
Eastern,Admin region,cropland,2006-08,2006,8,0.6111893294372152,0.37486798740338834,0.9880055552448878,6653.957887160815
Central,Admin region,cropland,2006-08,2006,8,0.660451944254438,0.3765119371840759,0.9635767101309327,2740.0187003040382
Western,Admin region,cropland,2006-08,2006,8,0.6475376560828776,0.3690880904898107,0.9720841129444985,3706.8906645577026
Uganda (national),Reference,cropland,2006-09,2006,9,0.6500908982366619,0.41632013469665824,0.98039206067629,27077.93442541493
Karamoja,Focus region,cropland,2006-09,2006,9,0.5123660516053955,0.32419365360224456,0.9960320227578047,1090.6130090109775
Lake Victoria basin,Focus region,cropland,2006-09,2006,9,0.5826384858519831,0.36105882218715274,0.9514284780773865,2526.4562712573393
Northern,Admin region,cropland,2006-09,2006,9,0.6661269833320541,0.43595242339322926,0.9945538831221087,13981.458540091739
Eastern,Admin region,cropland,2006-09,2006,9,0.605203602674263,0.3759236034442653,0.978126821500163,6653.957887160815
Central,Admin region,cropland,2006-09,2006,9,0.6586217775732203,0.4082206286932943,0.9684671186587384,2740.0187003040382
Western,Admin region,cropland,2006-09,2006,9,0.6632816144173114,0.41936398088289606,0.9387740937647215,3706.8906645577026
Uganda (national),Reference,cropland,2006-10,2006,10,0.6659074319991453,0.41916846895430754,0.9822429928669564,27077.93442541493
Karamoja,Focus region,cropland,2006-10,2006,10,0.4399058162266122,0.25933574698567974,0.9840791036578583,1090.6130090109775
Lake Victoria basin,Focus region,cropland,2006-10,2006,10,0.6840902816532629,0.43834516730506495,0.9336793732240323,2526.4562712573393
Northern,Admin region,cropland,2006-10,2006,10,0.6604040652213162,0.4058605737104516,0.9940171731312754,13981.458540091739
Eastern,Admin region,cropland,2006-10,2006,10,0.6207194717539974,0.395244971116593,0.9899887076435878,6653.957887160815
Central,Admin region,cropland,2006-10,2006,10,0.726714524342784,0.47094385920721404,0.9774576925526675,2740.0187003040382
Western,Admin region,cropland,2006-10,2006,10,0.7273513530063287,0.478601740165042,0.9267386212094364,3706.8906645577026
Uganda (national),Reference,cropland,2006-11,2006,11,0.6912753351851959,0.42689843422961843,0.9713573506858165,27077.93442541493
Karamoja,Focus region,cropland,2006-11,2006,11,0.48659658886331036,0.2875736189446157,0.98919492229546,1090.6130090109775
Lake Victoria basin,Focus region,cropland,2006-11,2006,11,0.7718984699539758,0.5094986682893594,0.9214745468872082,2526.4562712573393
Northern,Admin region,cropland,2006-11,2006,11,0.6643322219690379,0.39303035284654775,0.9856626233744784,13981.458540091739
Eastern,Admin region,cropland,2006-11,2006,11,0.6648462894549787,0.4165615772217712,0.9748773092906647,6653.957887160815
Central,Admin region,cropland,2006-11,2006,11,0.7814517804094686,0.5126960840419452,0.9667572572575251,2740.0187003040382
Western,Admin region,cropland,2006-11,2006,11,0.7813647333369679,0.5175527492167562,0.9133518320544461,3706.8906645577026
Uganda (national),Reference,cropland,2006-12,2006,12,0.6461091250748613,0.38554721550379517,0.9884925497075867,27077.93442541493
Karamoja,Focus region,cropland,2006-12,2006,12,0.47409218620533194,0.27207254038860423,0.999965420677628,1090.6130090109775
Lake Victoria basin,Focus region,cropland,2006-12,2006,12,0.7496749351662739,0.4822010971990772,0.9369109235173504,2526.4562712573393
Northern,Admin region,cropland,2006-12,2006,12,0.5983477476648027,0.3417276111074391,0.9999929419699105,13981.458540091739
Eastern,Admin region,cropland,2006-12,2006,12,0.653380839072365,0.39681376760565873,0.9947798670610302,6653.957887160815
Central,Admin region,cropland,2006-12,2006,12,0.7542023972487295,0.483377922918395,0.9957139535379841,2740.0187003040382
Western,Admin region,cropland,2006-12,2006,12,0.7409516361221424,0.4644471186189093,0.9279038202148124,3706.8906645577026
Uganda (national),Reference,cropland,2007-01,2007,1,0.5704099969405982,0.32825384942456165,0.9820575352165269,27077.93442541493
Karamoja,Focus region,cropland,2007-01,2007,1,0.3885441993210701,0.22106069870489098,0.9998530378799186,1090.6130090109775
Lake Victoria basin,Focus region,cropland,2007-01,2007,1,0.7131763471309471,0.4696305337946416,0.8868545254225959,2526.4562712573393
Northern,Admin region,cropland,2007-01,2007,1,0.51049647554158,0.2713132986792318,0.9996216985783284,13981.458540091739
Eastern,Admin region,cropland,2007-01,2007,1,0.5903914514535546,0.35789660347715835,0.9979124380154673,6653.957887160815
Central,Admin region,cropland,2007-01,2007,1,0.7094694166331321,0.4525735265535869,0.9445135370909249,2740.0187003040382
Western,Admin region,cropland,2007-01,2007,1,0.6724434383725458,0.41026044385307303,0.913975407948233,3706.8906645577026
Uganda (national),Reference,cropland,2007-02,2007,2,0.5060906267848846,0.2862564878754334,0.9928675443494399,27077.93442541493
Karamoja,Focus region,cropland,2007-02,2007,2,0.36990380447467913,0.21870629005558245,1.0,1090.6130090109775
Lake Victoria basin,Focus region,cropland,2007-02,2007,2,0.628465361984295,0.397903685101146,0.9672235104343524,2526.4562712573393
Northern,Admin region,cropland,2007-02,2007,2,0.45658701191484596,0.24385577579052142,0.9999503240557401,13981.458540091739
Eastern,Admin region,cropland,2007-02,2007,2,0.5194606920234265,0.3007107508287566,0.9999839418308882,6653.957887160815
Central,Admin region,cropland,2007-02,2007,2,0.6254212644251456,0.3843844302652169,0.9811524520897402,2740.0187003040382
Western,Admin region,cropland,2007-02,2007,2,0.5857460836110006,0.351801943276996,0.9618768656621516,3706.8906645577026
Uganda (national),Reference,cropland,2007-03,2007,3,0.5072660179996846,0.2908336720268617,0.9805705624075016,27077.93442541493
Karamoja,Focus region,cropland,2007-03,2007,3,0.32693062341020457,0.18453415098081388,0.9997060757598374,1090.6130090109775
Lake Victoria basin,Focus region,cropland,2007-03,2007,3,0.6639878837666491,0.4173565220724552,0.8961662232051001,2526.4562712573393
Northern,Admin region,cropland,2007-03,2007,3,0.4616794365527065,0.24902107404712437,0.9992617839993738,13981.458540091739
Eastern,Admin region,cropland,2007-03,2007,3,0.49244005855088346,0.2932805279256579,0.9998715346471057,6653.957887160815
Central,Admin region,cropland,2007-03,2007,3,0.6525510840402421,0.4082693805610897,0.9665803223106328,2740.0187003040382
Western,Admin region,cropland,2007-03,2007,3,0.6144820410092338,0.3692000808270488,0.885298716478133,3706.8906645577026
Uganda (national),Reference,cropland,2007-04,2007,4,0.6150058961127195,0.36863584078745537,0.8004953697718684,27077.93442541493
Karamoja,Focus region,cropland,2007-04,2007,4,0.4417151260212439,0.25818066810069645,0.8410215653943975,1090.6130090109775
Lake Victoria basin,Focus region,cropland,2007-04,2007,4,0.7072311661188019,0.47139273512111424,0.7320135189575051,2526.4562712573393
Northern,Admin region,cropland,2007-04,2007,4,0.5891152921507292,0.3429453179915108,0.803719539898557,13981.458540091739
Eastern,Admin region,cropland,2007-04,2007,4,0.588360703299832,0.348234478840122,0.8742211473114722,6653.957887160815
Central,Admin region,cropland,2007-04,2007,4,0.7175978540888877,0.48250310358171467,0.7955027326662054,2740.0187003040382
Western,Admin region,cropland,2007-04,2007,4,0.7060764920651407,0.4339535884116567,0.6590208112025496,3706.8906645577026
Uganda (national),Reference,cropland,2007-05,2007,5,0.6851497244308674,0.4216921223203314,0.9892229212254762,27077.93442541493
Karamoja,Focus region,cropland,2007-05,2007,5,0.497397390648028,0.30073534719024103,0.9999020252532791,1090.6130090109775
Lake Victoria basin,Focus region,cropland,2007-05,2007,5,0.7271445185262344,0.4615025019631098,0.9314417761195488,2526.4562712573393
Northern,Admin region,cropland,2007-05,2007,5,0.6816455173490115,0.4109972774737618,0.9999235754703694,13981.458540091739
Eastern,Admin region,cropland,2007-05,2007,5,0.6263208431700801,0.3842448404849721,0.9994861385884227,6653.957887160815
Central,Admin region,cropland,2007-05,2007,5,0.7604393568472758,0.486234196643412,0.9804567934264615,2740.0187003040382
Western,Admin region,cropland,2007-05,2007,5,0.7538877973625991,0.48666021769563983,0.9366012146532703,3706.8906645577026
Uganda (national),Reference,cropland,2007-06,2007,6,0.7145850574619417,0.44846342585574733,0.9573674109722035,27077.93442541493
Karamoja,Focus region,cropland,2007-06,2007,6,0.5632926008854017,0.34411942958400915,0.9660027628878576,1090.6130090109775
Lake Victoria basin,Focus region,cropland,2007-06,2007,6,0.7111322293972262,0.4331131261293564,0.905824386566025,2526.4562712573393
Northern,Admin region,cropland,2007-06,2007,6,0.7200741488931962,0.45220244906020435,0.9634002777746934,13981.458540091739
Eastern,Admin region,cropland,2007-06,2007,6,0.6659867677989493,0.41356262249587056,0.9848892628658051,6653.957887160815
Central,Admin region,cropland,2007-06,2007,6,0.7531168192491299,0.47149254558087367,0.9337703590838926,2740.0187003040382
Western,Admin region,cropland,2007-06,2007,6,0.7582554779395619,0.48398927264591374,0.9023402040850352,3706.8906645577026
Uganda (national),Reference,cropland,2007-07,2007,7,0.7137885075602216,0.440628675915917,0.9351408195282968,27077.93442541493
Karamoja,Focus region,cropland,2007-07,2007,7,0.6053223406233483,0.3816908081714262,0.9835402425508936,1090.6130090109775
Lake Victoria basin,Focus region,cropland,2007-07,2007,7,0.6464615517417371,0.3868625591736805,0.8050885659890878,2526.4562712573393
Northern,Admin region,cropland,2007-07,2007,7,0.7310997110839061,0.4553959847189589,0.9768391416949891,13981.458540091739
Eastern,Admin region,cropland,2007-07,2007,7,0.6767812666489055,0.4113518756333701,0.9309963470499065,6653.957887160815
Central,Admin region,cropland,2007-07,2007,7,0.7093955797475109,0.4357236536581729,0.8473091933609174,2740.0187003040382
Western,Admin region,cropland,2007-07,2007,7,0.7144764631723102,0.43744040492488717,0.8485895219694214,3706.8906645577026
Uganda (national),Reference,cropland,2007-08,2007,8,0.7030290782608997,0.4447425372496298,0.9493427793736244,27077.93442541493
Karamoja,Focus region,cropland,2007-08,2007,8,0.6195893976972607,0.3975394510919211,0.9806010001492674,1090.6130090109775
Lake Victoria basin,Focus region,cropland,2007-08,2007,8,0.6511545965069565,0.3866085626648596,0.8084311544369073,2526.4562712573393
Northern,Admin region,cropland,2007-08,2007,8,0.7222045858581329,0.4653845583732828,0.9745804671699627,13981.458540091739
Eastern,Admin region,cropland,2007-08,2007,8,0.6543516508827527,0.40459293058469176,0.9765975485284167,6653.957887160815
Central,Admin region,cropland,2007-08,2007,8,0.7122510370171196,0.43753219274881266,0.8795622014652874,2740.0187003040382
Western,Admin region,cropland,2007-08,2007,8,0.712962186044828,0.44342305409561117,0.8560139918832832,3706.8906645577026
Uganda (national),Reference,cropland,2007-09,2007,9,0.6994270809021306,0.4544634877344476,0.9779473761731091,27077.93442541493
Karamoja,Focus region,cropland,2007-09,2007,9,0.6012094909197678,0.38093364962199505,0.9945743122124753,1090.6130090109775
Lake Victoria basin,Focus region,cropland,2007-09,2007,9,0.6688506328159681,0.43959129203688724,0.9570210196304513,2526.4562712573393
Northern,Admin region,cropland,2007-09,2007,9,0.71297159593458,0.4642332785178392,0.9908214139913624,13981.458540091739
Eastern,Admin region,cropland,2007-09,2007,9,0.6518488456989047,0.41370931061198196,0.9682756385357769,6653.957887160815
Central,Admin region,cropland,2007-09,2007,9,0.7275541716619619,0.482295966655426,0.9573234284426214,2740.0187003040382
Western,Admin region,cropland,2007-09,2007,9,0.7119035380748246,0.4696424485813921,0.9616376765764535,3706.8906645577026
Uganda (national),Reference,cropland,2007-10,2007,10,0.6898839642190294,0.4465148953658512,0.980835630127824,27077.93442541493
Karamoja,Focus region,cropland,2007-10,2007,10,0.507529572483203,0.32055276237344316,0.9774487107003601,1090.6130090109775
Lake Victoria basin,Focus region,cropland,2007-10,2007,10,0.7136556531845681,0.4839242647538892,0.928470779882573,2526.4562712573393
Northern,Admin region,cropland,2007-10,2007,10,0.6909272868361979,0.4402704428387859,0.9946158918875226,13981.458540091739
Eastern,Admin region,cropland,2007-10,2007,10,0.6362839348682389,0.40416296157112835,0.9948396286394109,6653.957887160815
Central,Admin region,cropland,2007-10,2007,10,0.74842238387839,0.5120350060143264,0.9741679565305856,2740.0187003040382
Western,Admin region,cropland,2007-10,2007,10,0.74466870881735,0.5037124815554802,0.9083672942836806,3706.8906645577026
Uganda (national),Reference,cropland,2007-11,2007,11,0.6393155205357208,0.39087297536029464,0.9867467919439841,27077.93442541493
Karamoja,Focus region,cropland,2007-11,2007,11,0.38904383193258285,0.2212332932501355,1.0,1090.6130090109775
Lake Victoria basin,Focus region,cropland,2007-11,2007,11,0.7481154419566923,0.49674383485072693,0.9425014748421046,2526.4562712573393
Northern,Admin region,cropland,2007-11,2007,11,0.6091909422919287,0.3519132984970972,0.9986969617697979,13981.458540091739
Eastern,Admin region,cropland,2007-11,2007,11,0.591321422511443,0.37218321943616006,0.9929584928444798,6653.957887160815
Central,Admin region,cropland,2007-11,2007,11,0.7661422087803498,0.5023378146467822,0.9801689874022165,2740.0187003040382
Western,Admin region,cropland,2007-11,2007,11,0.7540998307207379,0.4973739731615093,0.9352846573370486,3706.8906645577026
Uganda (national),Reference,cropland,2007-12,2007,12,0.5506422149387576,0.3037074624750899,0.9984260046954853,27077.93442541493
Karamoja,Focus region,cropland,2007-12,2007,12,0.3306489193001225,0.17561630860738883,1.0,1090.6130090109775
Lake Victoria basin,Focus region,cropland,2007-12,2007,12,0.7060028539983384,0.4595785243534785,0.9905572788537081,2526.4562712573393
Northern,Admin region,cropland,2007-12,2007,12,0.5002383395800312,0.2528984274760217,0.9999694301881478,13981.458540091739
Eastern,Admin region,cropland,2007-12,2007,12,0.5148613751883964,0.27518191591049856,0.9999357673235528,6653.957887160815
Central,Admin region,cropland,2007-12,2007,12,0.7133009921612439,0.4517546135767483,0.9996465888830871,2740.0187003040382
Western,Admin region,cropland,2007-12,2007,12,0.6867561325468272,0.4391143833315419,0.9890676118931008,3706.8906645577026
Uganda (national),Reference,cropland,2008-01,2008,1,0.4541306065045347,0.24225249453796602,0.9892599833534563,27077.93442541493
Karamoja,Focus region,cropland,2008-01,2008,1,0.2883340976784819,0.1622187753954771,0.9999020252532791,1090.6130090109775
Lake Victoria basin,Focus region,cropland,2008-01,2008,1,0.6393447023852288,0.39462848031088854,0.9511712410682284,2526.4562712573393
Northern,Admin region,cropland,2008-01,2008,1,0.3968526105948743,0.19433417788236426,0.9993733188570288,13981.458540091739
Eastern,Admin region,cropland,2008-01,2008,1,0.4289805530636979,0.24244780140593272,0.9991052451144123,6653.957887160815
Central,Admin region,cropland,2008-01,2008,1,0.6343833127695723,0.36604674591366415,0.9867823324720818,2740.0187003040382
Western,Admin region,cropland,2008-01,2008,1,0.5933017734104992,0.3387923881071137,0.9348138527331112,3706.8906645577026
Uganda (national),Reference,cropland,2008-02,2008,2,0.42717410912664366,0.2288546489162856,0.9967853981467575,27077.93442541493
Karamoja,Focus region,cropland,2008-02,2008,2,0.2654196571344924,0.15338332711866054,1.0,1090.6130090109775
Lake Victoria basin,Focus region,cropland,2008-02,2008,2,0.6383558272030614,0.37218232113343985,0.985386831554871,2526.4562712573393
Northern,Admin region,cropland,2008-02,2008,2,0.36099326180929114,0.18125475933404078,0.9999961787735184,13981.458540091739
Eastern,Admin region,cropland,2008-02,2008,2,0.3984615078847382,0.22646949770900535,0.9999116800698852,6653.957887160815
Central,Admin region,cropland,2008-02,2008,2,0.6250434139605291,0.3512570267690707,0.9982870800863082,2740.0187003040382
Western,Admin region,cropland,2008-02,2008,2,0.5865675038233744,0.32488152246053575,0.9777908525434893,3706.8906645577026
Uganda (national),Reference,cropland,2008-03,2008,3,0.5361677615632676,0.30194682812411927,0.9726105922292835,27077.93442541493
Karamoja,Focus region,cropland,2008-03,2008,3,0.3192293584402266,0.18080022639850782,1.0,1090.6130090109775
Lake Victoria basin,Focus region,cropland,2008-03,2008,3,0.6736916962889289,0.435051753751003,0.8971318985666872,2526.4562712573393
Northern,Admin region,cropland,2008-03,2008,3,0.5100406886036768,0.2675125865322731,0.9994497433866595,13981.458540091739
Eastern,Admin region,cropland,2008-03,2008,3,0.47706561061335867,0.27620252200582157,0.9998073019706585,6653.957887160815
Central,Admin region,cropland,2008-03,2008,3,0.6767350286773933,0.42879392617174716,0.884628245072182,2740.0187003040382
Western,Admin region,cropland,2008-03,2008,3,0.6633393059016962,0.407042957676541,0.8872422408377496,3706.8906645577026
Uganda (national),Reference,cropland,2008-04,2008,4,0.6909055283405505,0.4394259152304309,0.9746808409163171,27077.93442541493
Karamoja,Focus region,cropland,2008-04,2008,4,0.3934085343557271,0.2198787888950165,0.9812868233763136,1090.6130090109775
Lake Victoria basin,Focus region,cropland,2008-04,2008,4,0.7381573110096927,0.4994998278303143,0.9326262107429536,2526.4562712573393
Northern,Admin region,cropland,2008-04,2008,4,0.6853463858315091,0.4258020945452049,0.9873357211653134,13981.458540091739
Eastern,Admin region,cropland,2008-04,2008,4,0.6369563938815794,0.40212212471145853,0.9769565273245806,6653.957887160815
Central,Admin region,cropland,2008-04,2008,4,0.7739540133575941,0.5294251216227104,0.9565182750326057,2740.0187003040382
Western,Admin region,cropland,2008-04,2008,4,0.7517504109700522,0.4957608984067108,0.9361960287942513,3706.8906645577026
Uganda (national),Reference,cropland,2008-05,2008,5,0.7050446874118688,0.4556887060272505,0.8800258528073022,27077.93442541493
Karamoja,Focus region,cropland,2008-05,2008,5,0.41495516894670065,0.23619318536356568,0.7438150559522252,1090.6130090109775
Lake Victoria basin,Focus region,cropland,2008-05,2008,5,0.7385583251606249,0.4798442316006236,0.6922598694178035,2526.4562712573393
Northern,Admin region,cropland,2008-05,2008,5,0.6978511617647057,0.4478133167556175,0.9244317547756826,13981.458540091739
Eastern,Admin region,cropland,2008-05,2008,5,0.6693159855422488,0.4339526441605233,0.8796625996047298,6653.957887160815
Central,Admin region,cropland,2008-05,2008,5,0.7776296132556988,0.5221052794258217,0.7896614326087743,2740.0187003040382
Western,Admin region,cropland,2008-05,2008,5,0.7555670848881667,0.48531299002230677,0.7794026659522645,3706.8906645577026
Uganda (national),Reference,cropland,2008-06,2008,6,0.6785389271907842,0.4389163114419095,0.9845927395182965,27077.93442541493
Karamoja,Focus region,cropland,2008-06,2008,6,0.48211826326618895,0.2969244830648761,0.9867734091926823,1090.6130090109775
Lake Victoria basin,Focus region,cropland,2008-06,2008,6,0.6831946639071526,0.4312229120711655,0.9835695872548432,2526.4562712573393
Northern,Admin region,cropland,2008-06,2008,6,0.671727082804213,0.43316331342228814,0.9899949501368157,13981.458540091739
Eastern,Admin region,cropland,2008-06,2008,6,0.6513226042581268,0.42495857327708964,0.9821235738456634,6653.957887160815
Central,Admin region,cropland,2008-06,2008,6,0.7355880251089644,0.48274308078436473,0.9888867419830464,2740.0187003040382
Western,Admin region,cropland,2008-06,2008,6,0.7115357443024332,0.4533045632596615,0.9652534333270315,3706.8906645577026
Uganda (national),Reference,cropland,2008-07,2008,7,0.6536960021771256,0.3885719884429601,0.9788933734493599,27077.93442541493
Karamoja,Focus region,cropland,2008-07,2008,7,0.5539264345712173,0.3375914896174122,0.9630635204862313,1090.6130090109775
Lake Victoria basin,Focus region,cropland,2008-07,2008,7,0.6142572989734285,0.35246900540264686,0.9636212801181665,2526.4562712573393
Northern,Admin region,cropland,2008-07,2008,7,0.6677200255461414,0.39916271651570207,0.9835003936088055,13981.458540091739
Eastern,Admin region,cropland,2008-07,2008,7,0.6126328534222719,0.3672455560074717,0.970551112585524,6653.957887160815
Central,Admin region,cropland,2008-07,2008,7,0.6804462942784238,0.40660558018805903,0.9592491443620182,2740.0187003040382
Western,Admin region,cropland,2008-07,2008,7,0.6539895024495254,0.37315328935912656,0.990303798963608,3706.8906645577026
Uganda (national),Reference,cropland,2008-08,2008,8,0.6684813731425421,0.4094913240219611,0.973155103752139,27077.93442541493
Karamoja,Focus region,cropland,2008-08,2008,8,0.5912201633222344,0.3813348922715844,0.9907413864348776,1090.6130090109775
Lake Victoria basin,Focus region,cropland,2008-08,2008,8,0.5889893796138785,0.3259861641115798,0.9256313874926421,2526.4562712573393
Northern,Admin region,cropland,2008-08,2008,8,0.6897282729723379,0.4306929985329458,0.9913054659827601,13981.458540091739
Eastern,Admin region,cropland,2008-08,2008,8,0.6194286964623722,0.3771664405049884,0.9702358057120231,6653.957887160815
Central,Admin region,cropland,2008-08,2008,8,0.6743923013156444,0.3959135176996198,0.9351624410385697,2740.0187003040382
Western,Admin region,cropland,2008-08,2008,8,0.670431233135772,0.3946687299365721,0.9369950401611021,3706.8906645577026
Uganda (national),Reference,cropland,2008-09,2008,9,0.6783047714175623,0.4320942548834953,0.9738422077502652,27077.93442541493
Karamoja,Focus region,cropland,2008-09,2008,9,0.5474815888691593,0.33586146694877417,0.9914957919846282,1090.6130090109775
Lake Victoria basin,Focus region,cropland,2008-09,2008,9,0.6463495013132833,0.40355815977464093,0.8731260134615725,2526.4562712573393
Northern,Admin region,cropland,2008-09,2008,9,0.6920433462431738,0.443772691406803,0.995493275458086,13981.458540091739
Eastern,Admin region,cropland,2008-09,2008,9,0.6248188100139532,0.38609710443838136,0.9853901832822747,6653.957887160815
Central,Admin region,cropland,2008-09,2008,9,0.7024877128410337,0.45566588443266787,0.932878420382294,2740.0187003040382
Western,Admin region,cropland,2008-09,2008,9,0.7074350522428623,0.4554124145137898,0.9014442058393899,3706.8906645577026
Uganda (national),Reference,cropland,2008-10,2008,10,0.705235217158708,0.4630647927901689,0.9777829255534659,27077.93442541493
Karamoja,Focus region,cropland,2008-10,2008,10,0.5418150585705122,0.33602734287373875,0.9918680960221676,1090.6130090109775
Lake Victoria basin,Focus region,cropland,2008-10,2008,10,0.7202062971574004,0.5041360508705209,0.9593484257874546,2526.4562712573393
Northern,Admin region,cropland,2008-10,2008,10,0.704379055416291,0.45499140028055063,0.9850222607421831,13981.458540091739
Eastern,Admin region,cropland,2008-10,2008,10,0.6592764630028353,0.4276250075546385,0.9844463092911686,6653.957887160815
Central,Admin region,cropland,2008-10,2008,10,0.7518913108905678,0.5246150177317205,0.9923245864719089,2740.0187003040382
Western,Admin region,cropland,2008-10,2008,10,0.7593484506706393,0.5142475561915238,0.9271822966165089,3706.8906645577026
Uganda (national),Reference,cropland,2008-11,2008,11,0.663429634622043,0.4019815616193374,0.9972415563419706,27077.93442541493
Karamoja,Focus region,cropland,2008-11,2008,11,0.5062867784424055,0.30164573996195887,1.0,1090.6130090109775
Lake Victoria basin,Focus region,cropland,2008-11,2008,11,0.752090883401693,0.48428440400356537,0.9846005255197854,2526.4562712573393
Northern,Admin region,cropland,2008-11,2008,11,0.6400635248617466,0.3763853134921463,1.0,13981.458540091739
Eastern,Admin region,cropland,2008-11,2008,11,0.6206976998596477,0.38133468011777316,0.9998153310552144,6653.957887160815
Central,Admin region,cropland,2008-11,2008,11,0.7605589787634522,0.47786388815263686,0.9929612158443486,2740.0187003040382
Western,Admin region,cropland,2008-11,2008,11,0.7586618013624338,0.4811768297708567,0.9854098614065417,3706.8906645577026
Uganda (national),Reference,cropland,2008-12,2008,12,0.4925690474473014,0.283520363019551,0.9973482395613008,27077.93442541493
Karamoja,Focus region,cropland,2008-12,2008,12,0.33257385665871925,0.19256759909809454,1.0,1090.6130090109775
Lake Victoria basin,Focus region,cropland,2008-12,2008,12,0.655082426780215,0.4063664576454357,0.9852467692375053,2526.4562712573393
Northern,Admin region,cropland,2008-12,2008,12,0.4435898787856017,0.24584499643809146,1.0,13981.458540091739
Eastern,Admin region,cropland,2008-12,2008,12,0.46277735225077976,0.2715929942998774,0.999694894786876,6653.957887160815
Central,Admin region,cropland,2008-12,2008,12,0.6389306694481086,0.3795648237509935,0.9982477017381449,2740.0187003040382
Western,Admin region,cropland,2008-12,2008,12,0.6256110846477463,0.37824846295472236,0.9823031162121538,3706.8906645577026
Uganda (national),Reference,cropland,2009-01,2009,1,0.4578531527556468,0.24358055276918927,0.9863312705538128,27077.93442541493
Karamoja,Focus region,cropland,2009-01,2009,1,0.2999432076125225,0.1654738144143138,1.0,1090.6130090109775
Lake Victoria basin,Focus region,cropland,2009-01,2009,1,0.6145103752399989,0.368863920737443,0.948428955234624,2526.4562712573393
Northern,Admin region,cropland,2009-01,2009,1,0.4098135349029412,0.20203416750001035,0.9961138126682829,13981.458540091739
Eastern,Admin region,cropland,2009-01,2009,1,0.4329809855527453,0.2424843423518009,0.9962467965526951,6653.957887160815
Central,Admin region,cropland,2009-01,2009,1,0.6090618351414319,0.34805736184791747,0.9791118890267684,2740.0187003040382
Western,Admin region,cropland,2009-01,2009,1,0.5815588580312615,0.3319770426114237,0.9354503715145693,3706.8906645577026
Uganda (national),Reference,cropland,2009-02,2009,2,0.4769169721245345,0.2778201157754635,0.9883136611065635,27077.93442541493
Karamoja,Focus region,cropland,2009-02,2009,2,0.27394833073123936,0.1575167012171729,1.0,1090.6130090109775
Lake Victoria basin,Focus region,cropland,2009-02,2009,2,0.6428240284739276,0.4109488779893681,0.9604305295052176,2526.4562712573393
Northern,Admin region,cropland,2009-02,2009,2,0.4260330038549001,0.23272111248714447,0.9959762485149478,13981.458540091739
Eastern,Admin region,cropland,2009-02,2009,2,0.4349943971348989,0.26060937107370946,0.999847447393438,6653.957887160815
Central,Admin region,cropland,2009-02,2009,2,0.6604781940699443,0.41902941920483355,0.9725747773804345,2740.0187003040382
Western,Admin region,cropland,2009-02,2009,2,0.6186636167061424,0.3819451935452054,0.9500564485111864,3706.8906645577026
Uganda (national),Reference,cropland,2009-03,2009,3,0.49618156242812306,0.29019816452847846,0.9828504713203969,27077.93442541493
Karamoja,Focus region,cropland,2009-03,2009,3,0.28594295504067346,0.16191704939111523,0.9883250602304557,1090.6130090109775
Lake Victoria basin,Focus region,cropland,2009-03,2009,3,0.6441217757714351,0.40788098877912604,0.9543010409391621,2526.4562712573393
Northern,Admin region,cropland,2009-03,2009,3,0.4501718752215862,0.24746637739462934,0.988624208764482,13981.458540091739
Eastern,Admin region,cropland,2009-03,2009,3,0.4493871291782462,0.26919541643419026,0.9926052131240205,6653.957887160815
Central,Admin region,cropland,2009-03,2009,3,0.6564550269012858,0.41715586524836695,0.979458877267476,2740.0187003040382
Western,Admin region,cropland,2009-03,2009,3,0.643516778418281,0.4013155054977302,0.9460690217635503,3706.8906645577026
Uganda (national),Reference,cropland,2009-04,2009,4,0.6336887205805154,0.39147094935771637,0.7827682522004922,27077.93442541493
Karamoja,Focus region,cropland,2009-04,2009,4,0.46990327847466135,0.28084067498682985,0.7362892506526367,1090.6130090109775
Lake Victoria basin,Focus region,cropland,2009-04,2009,4,0.6997566033046295,0.4620050667578208,0.6756294387274214,2526.4562712573393
Northern,Admin region,cropland,2009-04,2009,4,0.6241231803063741,0.37536101722115395,0.7765243205855569,13981.458540091739
Eastern,Admin region,cropland,2009-04,2009,4,0.5794202456480885,0.35965518157313225,0.8707213480700726,6653.957887160815
Central,Admin region,cropland,2009-04,2009,4,0.7191062400606767,0.47401092642663495,0.8075203163602965,2740.0187003040382
Western,Admin region,cropland,2009-04,2009,4,0.7323489130433801,0.46739861537193717,0.6289190456287655,3706.8906645577026
Uganda (national),Reference,cropland,2009-05,2009,5,0.6811807031481011,0.43047593172207393,0.9874801733090098,27077.93442541493
Karamoja,Focus region,cropland,2009-05,2009,5,0.5061483591704783,0.3114611361376912,0.9926518939959347,1090.6130090109775
Lake Victoria basin,Focus region,cropland,2009-05,2009,5,0.7214090518474618,0.46325390663269594,0.944291519355219,2526.4562712573393
Northern,Admin region,cropland,2009-05,2009,5,0.6663122107585391,0.4190026708416048,0.9986358221460933,13981.458540091739
Eastern,Admin region,cropland,2009-05,2009,5,0.6494030847974719,0.40332872927759517,0.9943796408108733,6653.957887160815
Central,Admin region,cropland,2009-05,2009,5,0.7420001515625619,0.48338471250133375,0.9683814038465228,2740.0187003040382
Western,Admin region,cropland,2009-05,2009,5,0.7544765700016917,0.48750502596103257,0.9470828059389201,3706.8906645577026
Uganda (national),Reference,cropland,2009-06,2009,6,0.6618971402213647,0.41617825608675574,0.9966613522102691,27077.93442541493
Karamoja,Focus region,cropland,2009-06,2009,6,0.5049459325136096,0.31861066414186795,0.9999510126266395,1090.6130090109775
Lake Victoria basin,Focus region,cropland,2009-06,2009,6,0.6352758354928205,0.3931849666552984,0.9971747879867828,2526.4562712573393
Northern,Admin region,cropland,2009-06,2009,6,0.6561477981091824,0.4093095953263992,0.9971608287242224,13981.458540091739
Eastern,Admin region,cropland,2009-06,2009,6,0.6424118712127856,0.4079063533460485,0.9981746269844748,6653.957887160815
Central,Admin region,cropland,2009-06,2009,6,0.6831223268764497,0.4223627431868088,0.9942158941259203,2740.0187003040382
Western,Admin region,cropland,2009-06,2009,6,0.7033609866522649,0.45253212790137093,0.9938728143687529,3706.8906645577026
Uganda (national),Reference,cropland,2009-07,2009,7,0.6047991872096775,0.3558067703818495,0.9940673436970908,27077.93442541493
Karamoja,Focus region,cropland,2009-07,2009,7,0.46167301428291246,0.27360386759059596,0.9560637051013914,1090.6130090109775
Lake Victoria basin,Focus region,cropland,2009-07,2009,7,0.5221553150710928,0.2941200761653961,0.9989849835615434,2526.4562712573393
Northern,Admin region,cropland,2009-07,2009,7,0.6315444065742645,0.369692737788477,0.9939481363061757,13981.458540091739
Eastern,Admin region,cropland,2009-07,2009,7,0.5620824665801267,0.3400266318050436,0.9903879892955617,6653.957887160815
Central,Admin region,cropland,2009-07,2009,7,0.5799007825108657,0.3293940004240343,0.9968218232205784,2740.0187003040382
Western,Admin region,cropland,2009-07,2009,7,0.5987115432941055,0.35116491171914876,0.9990631949207361,3706.8906645577026
Uganda (national),Reference,cropland,2009-08,2009,8,0.599486783964241,0.35145851966176606,0.9820484747255325,27077.93442541493
Karamoja,Focus region,cropland,2009-08,2009,8,0.3923700580506555,0.23301367817604746,0.9896146768475876,1090.6130090109775
Lake Victoria basin,Focus region,cropland,2009-08,2009,8,0.4912370777212368,0.26151197156691347,0.9122289412698552,2526.4562712573393
Northern,Admin region,cropland,2009-08,2009,8,0.638890094309381,0.3817244619738118,0.9980549957209007,13981.458540091739
Eastern,Admin region,cropland,2009-08,2009,8,0.526172436524509,0.3108407538653665,0.9903980335229079,6653.957887160815
Central,Admin region,cropland,2009-08,2009,8,0.5701026076947214,0.3045701754615559,0.9494491351406029,2740.0187003040382
Western,Admin region,cropland,2009-08,2009,8,0.602141456446407,0.341674496351241,0.9301416963604207,3706.8906645577026
Uganda (national),Reference,cropland,2009-09,2009,9,0.6353581046113765,0.40314941552154987,0.97901396076973,27077.93442541493
Karamoja,Focus region,cropland,2009-09,2009,9,0.37560845943104043,0.21295387273221633,0.9580658478667344,1090.6130090109775
Lake Victoria basin,Focus region,cropland,2009-09,2009,9,0.5649596921105449,0.33880989761465397,0.9022833557703935,2526.4562712573393
Northern,Admin region,cropland,2009-09,2009,9,0.6619212473488063,0.42618475209021267,0.9942941745881816,13981.458540091739
Eastern,Admin region,cropland,2009-09,2009,9,0.5588653037442736,0.35140841859148614,0.9813002620693201,6653.957887160815
Central,Admin region,cropland,2009-09,2009,9,0.6348706741501657,0.390589035809145,0.941251709995211,2740.0187003040382
Western,Admin region,cropland,2009-09,2009,9,0.6729174994662513,0.41754503850167635,0.9450766583498722,3706.8906645577026
Uganda (national),Reference,cropland,2009-10,2009,10,0.6708426315726286,0.4299970389595674,0.9783166356711732,27077.93442541493
Karamoja,Focus region,cropland,2009-10,2009,10,0.39683264629601817,0.23626405924764068,0.9950032879172356,1090.6130090109775
Lake Victoria basin,Focus region,cropland,2009-10,2009,10,0.6714509060645935,0.4414179200448366,0.8834806738050629,2526.4562712573393
Northern,Admin region,cropland,2009-10,2009,10,0.6758849242107766,0.43017107813051664,0.9982957329892371,13981.458540091739
Eastern,Admin region,cropland,2009-10,2009,10,0.6064930052570918,0.3848139285206576,0.9920592353742196,6653.957887160815
Central,Admin region,cropland,2009-10,2009,10,0.7183625126549573,0.4793012813767614,0.9285232515382598,2740.0187003040382
Western,Admin region,cropland,2009-10,2009,10,0.7399808386200962,0.48054176768626916,0.9150877050197207,3706.8906645577026
Uganda (national),Reference,cropland,2009-11,2009,11,0.6420044242264048,0.39639648270771977,0.9875942457417471,27077.93442541493
Karamoja,Focus region,cropland,2009-11,2009,11,0.3276857332404045,0.18196522938361245,0.9947583510504334,1090.6130090109775
Lake Victoria basin,Focus region,cropland,2009-11,2009,11,0.7551988339654191,0.5197592339897125,0.9462193871788497,2526.4562712573393
Northern,Admin region,cropland,2009-11,2009,11,0.6098574683919986,0.36181617558909424,0.9989873749823943,13981.458540091739
Eastern,Admin region,cropland,2009-11,2009,11,0.6000957166341542,0.3688883096413538,0.9931672490429331,6653.957887160815
Central,Admin region,cropland,2009-11,2009,11,0.7672761394977016,0.5108661536520559,0.9545456874094728,2740.0187003040382
Western,Admin region,cropland,2009-11,2009,11,0.754609157154273,0.4994955996449623,0.958336053317915,3706.8906645577026
Uganda (national),Reference,cropland,2009-12,2009,12,0.6083416964904165,0.3508820638423857,0.9722719728203221,27077.93442541493
Karamoja,Focus region,cropland,2009-12,2009,12,0.3551194036208608,0.193243926695056,0.9989222777860705,1090.6130090109775
Lake Victoria basin,Focus region,cropland,2009-12,2009,12,0.7351645347093881,0.5051209467044505,0.8581553502561341,2526.4562712573393
Northern,Admin region,cropland,2009-12,2009,12,0.5618871355627485,0.29472864475782695,0.9975926273166354,13981.458540091739
Eastern,Admin region,cropland,2009-12,2009,12,0.6049616967770891,0.36095358699211394,0.9997510983787673,6653.957887160815
Central,Admin region,cropland,2009-12,2009,12,0.7411594705071375,0.48804176269291183,0.8988162256839656,2740.0187003040382
Western,Admin region,cropland,2009-12,2009,12,0.7135454115618687,0.4669350452514948,0.8804457553121652,3706.8906645577026
Uganda (national),Reference,cropland,2010-01,2010,1,0.5392111705303261,0.31676237251272,0.9974779570092316,27077.93442541493
Karamoja,Focus region,cropland,2010-01,2010,1,0.3794302556391669,0.225690848659177,1.0,1090.6130090109775
Lake Victoria basin,Focus region,cropland,2010-01,2010,1,0.6913316365101392,0.4509057376460274,0.9868600151356863,2526.4562712573393
Northern,Admin region,cropland,2010-01,2010,1,0.48604057041117865,0.26929742738759105,0.9999617877351847,13981.458540091739
Eastern,Admin region,cropland,2010-01,2010,1,0.5263039559067805,0.3189110211161455,0.9998956219007734,6653.957887160815
Central,Admin region,cropland,2010-01,2010,1,0.681418453403174,0.42495234240954083,0.9907531227603564,2740.0187003040382
Western,Admin region,cropland,2010-01,2010,1,0.6604145689208868,0.41396513146862646,0.98789619578011,3706.8906645577026
Uganda (national),Reference,cropland,2010-02,2010,2,0.5284011332786813,0.2983969882373355,0.9925232224794511,27077.93442541493
Karamoja,Focus region,cropland,2010-02,2010,2,0.3781659907657841,0.22143975035266128,1.0,1090.6130090109775
Lake Victoria basin,Focus region,cropland,2010-02,2010,2,0.6887033759397048,0.4211327434707629,0.9743472009677816,2526.4562712573393
Northern,Admin region,cropland,2010-02,2010,2,0.47965416865656557,0.26033098802724364,0.9997860113170343,13981.458540091739
Eastern,Admin region,cropland,2010-02,2010,2,0.5085348433747761,0.2979425847210713,0.9999277382389969,6653.957887160815
Central,Admin region,cropland,2010-02,2010,2,0.67764762975526,0.395331151948133,0.9960446551997426,2740.0187003040382
Western,Admin region,cropland,2010-02,2010,2,0.6440318506628119,0.37546799932510955,0.9485035280672739,3706.8906645577026
Uganda (national),Reference,cropland,2010-03,2010,3,0.5822954724977223,0.37181749436930434,0.9512523610277751,27077.93442541493
Karamoja,Focus region,cropland,2010-03,2010,3,0.433219090052816,0.2778129816539407,1.0,1090.6130090109775
Lake Victoria basin,Focus region,cropland,2010-03,2010,3,0.6918941863754989,0.4781450454315291,0.7025580570329776,2526.4562712573393
Northern,Admin region,cropland,2010-03,2010,3,0.5524642005880078,0.3435411427749243,0.9976958004316367,13981.458540091739
Eastern,Admin region,cropland,2010-03,2010,3,0.5606144281732972,0.35102892283303255,0.9992051206289664,6653.957887160815
Central,Admin region,cropland,2010-03,2010,3,0.692385785723573,0.4860365459055523,0.7815394762587938,2740.0187003040382
Western,Admin region,cropland,2010-03,2010,3,0.6898765434810992,0.4673045988818384,0.8150219449769018,3706.8906645577026
Uganda (national),Reference,cropland,2010-04,2010,4,0.6681275773785906,0.4196910902837663,0.7943814804368758,27077.93442541493
Karamoja,Focus region,cropland,2010-04,2010,4,0.4639618532419923,0.2799853809060347,0.8347358130165404,1090.6130090109775
Lake Victoria basin,Focus region,cropland,2010-04,2010,4,0.7527220192385717,0.5001261460750712,0.6325185228061092,2526.4562712573393
Northern,Admin region,cropland,2010-04,2010,4,0.6373734790527613,0.3870689167193985,0.8526577626694973,13981.458540091739
Eastern,Admin region,cropland,2010-04,2010,4,0.6585344080606218,0.42282979061971265,0.7754389421810194,6653.957887160815
Central,Admin region,cropland,2010-04,2010,4,0.7601345907687821,0.49767825931381876,0.659873990815134,2740.0187003040382
Western,Admin region,cropland,2010-04,2010,4,0.7641241399594887,0.5084348641835229,0.707340115067358,3706.8906645577026
Uganda (national),Reference,cropland,2010-05,2010,5,0.718690781039944,0.4601370556594556,0.9800205960202981,27077.93442541493
Karamoja,Focus region,cropland,2010-05,2010,5,0.547916345627475,0.33000803048382227,0.9959340480110839,1090.6130090109775
Lake Victoria basin,Focus region,cropland,2010-05,2010,5,0.7673550920860507,0.5344363113771289,0.9470955851926351,2526.4562712573393
Northern,Admin region,cropland,2010-05,2010,5,0.6993775680422943,0.4343333917525198,0.9829825649723514,13981.458540091739
Eastern,Admin region,cropland,2010-05,2010,5,0.6953889811055708,0.4379449655009741,0.9893325582590377,6653.957887160815
Central,Admin region,cropland,2010-05,2010,5,0.7858101469954994,0.5400238825936754,0.9775315556290276,2740.0187003040382
Western,Admin region,cropland,2010-05,2010,5,0.7866249342825511,0.5415749152936247,0.9536473368313039,3706.8906645577026
Uganda (national),Reference,cropland,2010-06,2010,6,0.6994456613613165,0.45458245153848464,0.9836963157397426,27077.93442541493
Karamoja,Focus region,cropland,2010-06,2010,6,0.5683449182580613,0.35664165872557435,0.9827818027468661,1090.6130090109775
Lake Victoria basin,Focus region,cropland,2010-06,2010,6,0.6943270019251482,0.4470106866157369,0.9721645839203816,2526.4562712573393
Northern,Admin region,cropland,2010-06,2010,6,0.6897246546007447,0.44243281167287657,0.9947501293260386,13981.458540091739
Eastern,Admin region,cropland,2010-06,2010,6,0.6841361006413789,0.44987222170565727,0.962733586536025,6653.957887160815
Central,Admin region,cropland,2010-06,2010,6,0.7318732739222688,0.47667665957740346,0.9809612950598219,2740.0187003040382
Western,Admin region,cropland,2010-06,2010,6,0.7394065725886293,0.49271854720801606,0.9813520117853753,3706.8906645577026
Uganda (national),Reference,cropland,2010-07,2010,7,0.6660876567911153,0.41094646956314446,0.9817612084154025,27077.93442541493
Karamoja,Focus region,cropland,2010-07,2010,7,0.5806911331885516,0.35911718119038677,0.9866656369712893,1090.6130090109775
Lake Victoria basin,Focus region,cropland,2010-07,2010,7,0.568491313083139,0.33652937309983144,0.9591033789266996,2526.4562712573393
Northern,Admin region,cropland,2010-07,2010,7,0.6844450489269107,0.4236007494647067,0.993065807618989,13981.458540091739
Eastern,Admin region,cropland,2010-07,2010,7,0.6473356817786686,0.40445307008907905,0.9893784027575214,6653.957887160815
Central,Admin region,cropland,2010-07,2010,7,0.6333697623976293,0.37787181047232815,0.926288167081643,2740.0187003040382
Western,Admin region,cropland,2010-07,2010,7,0.6520997580134537,0.3967402393222433,0.9662744519548991,3706.8906645577026
Uganda (national),Reference,cropland,2010-08,2010,8,0.6441847716747977,0.397112125263035,0.989599136642758,27077.93442541493
Karamoja,Focus region,cropland,2010-08,2010,8,0.5747964568846372,0.35092506129994355,0.9885859420070184,1090.6130090109775
Lake Victoria basin,Focus region,cropland,2010-08,2010,8,0.48884207751058495,0.2801863677406781,0.9484239796638471,2526.4562712573393
Northern,Admin region,cropland,2010-08,2010,8,0.6788504155463526,0.42275287800151823,0.994145521385449,13981.458540091739
Eastern,Admin region,cropland,2010-08,2010,8,0.6215270275114854,0.38599353769749717,0.9943988476405953,6653.957887160815
Central,Admin region,cropland,2010-08,2010,8,0.5896320559597859,0.344992240363826,0.9482217540829038,2740.0187003040382
Western,Admin region,cropland,2010-08,2010,8,0.5919037940228531,0.3565215907163019,0.9944310541134219,3706.8906645577026
Uganda (national),Reference,cropland,2010-09,2010,9,0.6697890340441096,0.42189508585292645,0.9810409109874153,27077.93442541493
Karamoja,Focus region,cropland,2010-09,2010,9,0.547242472218803,0.33435033768653744,0.9818800508623409,1090.6130090109775
Lake Victoria basin,Focus region,cropland,2010-09,2010,9,0.586818327983457,0.3567419916822929,0.9337549189736591,2526.4562712573393
Northern,Admin region,cropland,2010-09,2010,9,0.6863056872879234,0.43859115216774863,0.9963469074836563,13981.458540091739
Eastern,Admin region,cropland,2010-09,2010,9,0.6357504585181882,0.39713851537166167,0.9775636835500368,6653.957887160815
Central,Admin region,cropland,2010-09,2010,9,0.6676980306473143,0.39700114393637004,0.9547287393813224,2740.0187003040382
Western,Admin region,cropland,2010-09,2010,9,0.6684600608434844,0.4196538900144073,0.9489175874344341,3706.8906645577026
Uganda (national),Reference,cropland,2010-10,2010,10,0.6954833546983822,0.4425126249426361,0.9770137664682355,27077.93442541493
Karamoja,Focus region,cropland,2010-10,2010,10,0.49311873702508346,0.28258368851234245,0.9642444043452377,1090.6130090109775
Lake Victoria basin,Focus region,cropland,2010-10,2010,10,0.6976011832329789,0.4606235917620481,0.9468578358356862,2526.4562712573393
Northern,Admin region,cropland,2010-10,2010,10,0.6930128319443555,0.43569286535569623,0.9930291538151702,13981.458540091739
Eastern,Admin region,cropland,2010-10,2010,10,0.6601502220403452,0.41646310642561923,0.9711356614277993,6653.957887160815
Central,Admin region,cropland,2010-10,2010,10,0.7319192640329926,0.47792796204936294,0.9723690159534304,2740.0187003040382
Western,Admin region,cropland,2010-10,2010,10,0.7435576396346648,0.4914621547578229,0.9295852652288757,3706.8906645577026
Uganda (national),Reference,cropland,2010-11,2010,11,0.662738268628501,0.41354481499555684,0.993472245077631,27077.93442541493
Karamoja,Focus region,cropland,2010-11,2010,11,0.36579812463847794,0.20574079660769173,1.0,1090.6130090109775
Lake Victoria basin,Focus region,cropland,2010-11,2010,11,0.7499952566272214,0.5018686094324848,0.957779794173905,2526.4562712573393
Northern,Admin region,cropland,2010-11,2010,11,0.6437049936996044,0.3906771661224203,0.9999732514146292,13981.458540091739
Eastern,Admin region,cropland,2010-11,2010,11,0.6031968350222509,0.37350533416176057,0.9972460239973279,6653.957887160815
Central,Admin region,cropland,2010-11,2010,11,0.7624706067035536,0.49392604597819545,0.9800529168536501,2740.0187003040382
Western,Admin region,cropland,2010-11,2010,11,0.7723776268945474,0.5164503431160348,0.9718996344058126,3706.8906645577026
Uganda (national),Reference,cropland,2010-12,2010,12,0.5660904546725019,0.3236915439445589,0.9941115087548175,27077.93442541493
Karamoja,Focus region,cropland,2010-12,2010,12,0.3246729511031092,0.16979644142272396,1.0,1090.6130090109775
Lake Victoria basin,Focus region,cropland,2010-12,2010,12,0.6867402128484893,0.44715109914585244,0.9654374463778592,2526.4562712573393
Northern,Admin region,cropland,2010-12,2010,12,0.5265598081541003,0.286262196875861,0.9999885363205554,13981.458540091739
Eastern,Admin region,cropland,2010-12,2010,12,0.5385230510202701,0.30636044210280955,0.9999116800698852,6653.957887160815
Central,Admin region,cropland,2010-12,2010,12,0.6789330656488661,0.4175136189624953,0.9974067637321284,2740.0187003040382
Western,Admin region,cropland,2010-12,2010,12,0.687091304220216,0.4318557177749864,0.9589898669623749,3706.8906645577026
Uganda (national),Reference,cropland,2011-01,2011,1,0.4470842652378417,0.24557637113725128,0.9967147325069154,27077.93442541493
Karamoja,Focus region,cropland,2011-01,2011,1,0.28229904807928186,0.15352662604941042,1.0,1090.6130090109775
Lake Victoria basin,Focus region,cropland,2011-01,2011,1,0.5815356408990418,0.33633585663415916,0.9858998129019535,2526.4562712573393
Northern,Admin region,cropland,2011-01,2011,1,0.4028216076661058,0.21180752670726366,1.0,13981.458540091739
Eastern,Admin region,cropland,2011-01,2011,1,0.4287579487763924,0.24763662682288598,1.0,6653.957887160815
Central,Admin region,cropland,2011-01,2011,1,0.5606174858407295,0.3141272736362373,0.999508497044674,2740.0187003040382
Western,Admin region,cropland,2011-01,2011,1,0.5665958989932636,0.3209226420864739,0.9763251976828277,3706.8906645577026
Uganda (national),Reference,cropland,2011-02,2011,2,0.37632324876526174,0.2071902007233273,0.9951821941714442,27077.93442541493
Karamoja,Focus region,cropland,2011-02,2011,2,0.2469378991582431,0.14241326241882732,1.0,1090.6130090109775
Lake Victoria basin,Focus region,cropland,2011-02,2011,2,0.5028118687320035,0.289325507226031,0.9752563206748733,2526.4562712573393
Northern,Admin region,cropland,2011-02,2011,2,0.3417146184360751,0.18244118698698247,1.0,13981.458540091739
Eastern,Admin region,cropland,2011-02,2011,2,0.3516552350870283,0.20512124055799622,0.9999919709154441,6653.957887160815
Central,Admin region,cropland,2011-02,2011,2,0.4769466017404272,0.2543230834107833,0.9967160751516276,2740.0187003040382
Western,Admin region,cropland,2011-02,2011,2,0.4811385899237318,0.2721363524476283,0.9671889319659088,3706.8906645577026
Uganda (national),Reference,cropland,2011-03,2011,3,0.5037268845720478,0.3011077895285837,0.9848272677356674,27077.93442541493
Karamoja,Focus region,cropland,2011-03,2011,3,0.32881824777527496,0.19096671650042885,0.9986283535459078,1090.6130090109775
Lake Victoria basin,Focus region,cropland,2011-03,2011,3,0.6493492608834064,0.39697065189885156,0.9653990515566987,2526.4562712573393
Northern,Admin region,cropland,2011-03,2011,3,0.4685747811864682,0.27725996991998175,0.9862279401157166,13981.458540091739
Eastern,Admin region,cropland,2011-03,2011,3,0.4452126319764471,0.2639988785384424,0.9989864776361973,6653.957887160815
Central,Admin region,cropland,2011-03,2011,3,0.6344481372232904,0.3937969298098081,0.9706153413609601,2740.0187003040382
Western,Admin region,cropland,2011-03,2011,3,0.6513171317089143,0.3931976358143918,0.964672133765027,3706.8906645577026
Uganda (national),Reference,cropland,2011-04,2011,4,0.5837020516613154,0.3591981487391578,0.9349022833396745,27077.93442541493
Karamoja,Focus region,cropland,2011-04,2011,4,0.34054214807769567,0.20407694093234097,0.928919897576047,1090.6130090109775
Lake Victoria basin,Focus region,cropland,2011-04,2011,4,0.7230907532827433,0.5055387450646243,0.8330842783738973,2526.4562712573393
Northern,Admin region,cropland,2011-04,2011,4,0.5529963149839962,0.3265867822175845,0.9634381603650671,13981.458540091739
Eastern,Admin region,cropland,2011-04,2011,4,0.5326805362623535,0.31873134130132924,0.9810301699621811,6653.957887160815
Central,Admin region,cropland,2011-04,2011,4,0.719288085730333,0.5040505499614528,0.8233049934115817,2740.0187003040382
Western,Admin region,cropland,2011-04,2011,4,0.7279915712958729,0.48224829527742663,0.8256754110285269,3706.8906645577026
Uganda (national),Reference,cropland,2011-05,2011,5,0.6853520804996144,0.4432704893398187,0.961786980753784,27077.93442541493
Karamoja,Focus region,cropland,2011-05,2011,5,0.47943741579074467,0.2840588682513931,0.98549704798246,1090.6130090109775
Lake Victoria basin,Focus region,cropland,2011-05,2011,5,0.7724452023729383,0.5305417528077998,0.8525717647304676,2526.4562712573393
Northern,Admin region,cropland,2011-05,2011,5,0.6648520271849523,0.4181155566979003,0.992022627774733,13981.458540091739
Eastern,Admin region,cropland,2011-05,2011,5,0.6457687260082539,0.4116465499588522,0.9745832558762827,6653.957887160815
Central,Admin region,cropland,2011-05,2011,5,0.7820101424186539,0.5448099547162624,0.8830996005353313,2740.0187003040382
Western,Admin region,cropland,2011-05,2011,5,0.7799907823587198,0.5380745978927849,0.8824512246712916,3706.8906645577026
Uganda (national),Reference,cropland,2011-06,2011,6,0.6971346367929712,0.45224076661067203,0.9743895666349363,27077.93442541493
Karamoja,Focus region,cropland,2011-06,2011,6,0.5586928672136633,0.3508892908295268,0.9796717769141913,1090.6130090109775
Lake Victoria basin,Focus region,cropland,2011-06,2011,6,0.7140998395237023,0.4588214753526984,0.992625706551782,2526.4562712573393
Northern,Admin region,cropland,2011-06,2011,6,0.6866326405253006,0.4431341732580233,0.9732351856556372,13981.458540091739
Eastern,Admin region,cropland,2011-06,2011,6,0.6669408582494275,0.43281395016401597,0.9625897557193532,6653.957887160815
Central,Admin region,cropland,2011-06,2011,6,0.7505452972220562,0.486000986949531,0.9857079535011289,2740.0187003040382
Western,Admin region,cropland,2011-06,2011,6,0.7495464469820871,0.495002081224727,0.9910234009104675,3706.8906645577026
Uganda (national),Reference,cropland,2011-07,2011,7,0.6638024874451431,0.4089617878186659,0.9922453571057507,27077.93442541493
Karamoja,Focus region,cropland,2011-07,2011,7,0.5857299677843201,0.3690982754091275,0.9842796637276163,1090.6130090109775
Lake Victoria basin,Focus region,cropland,2011-07,2011,7,0.6239616608859962,0.3690592026203232,0.9987763412936385,2526.4562712573393
Northern,Admin region,cropland,2011-07,2011,7,0.6757094291680645,0.4181656842637995,0.9881972503922789,13981.458540091739
Eastern,Admin region,cropland,2011-07,2011,7,0.6169227696588201,0.3775199897472485,0.9959994692617675,6653.957887160815
Central,Admin region,cropland,2011-07,2011,7,0.6816414843372487,0.41447981393942146,0.9981476883800917,2740.0187003040382
Western,Admin region,cropland,2011-07,2011,7,0.6900810147551353,0.42660975270189405,0.9964977902421366,3706.8906645577026
Uganda (national),Reference,cropland,2011-08,2011,8,0.669196169267631,0.416606968830335,0.9406697307581092,27077.93442541493
Karamoja,Focus region,cropland,2011-08,2011,8,0.6278920857585446,0.39769625010100945,0.979463916765266,1090.6130090109775
Lake Victoria basin,Focus region,cropland,2011-08,2011,8,0.6078498879016664,0.3559305346722103,0.8666321472622999,2526.4562712573393
Northern,Admin region,cropland,2011-08,2011,8,0.6911040476288185,0.43685917157834186,0.9449865516054915,13981.458540091739
Eastern,Admin region,cropland,2011-08,2011,8,0.6176109506667455,0.3781142392748402,0.9810721101215083,6653.957887160815
Central,Admin region,cropland,2011-08,2011,8,0.6768377864749906,0.4116984202205929,0.8593442105761373,2740.0187003040382
Western,Admin region,cropland,2011-08,2011,8,0.6774975143212163,0.41467362806309827,0.9104751198418141,3706.8906645577026
Uganda (national),Reference,cropland,2011-09,2011,9,0.682773901967022,0.4353687778987316,0.9656359253002055,27077.93442541493
Karamoja,Focus region,cropland,2011-09,2011,9,0.6201351143076924,0.380465022407263,0.9997060757598374,1090.6130090109775
Lake Victoria basin,Focus region,cropland,2011-09,2011,9,0.6775902727595352,0.43114999685772976,0.8708875041691135,2526.4562712573393
Northern,Admin region,cropland,2011-09,2011,9,0.6924849870360847,0.43635176849220103,0.9969317049873494,13981.458540091739
Eastern,Admin region,cropland,2011-09,2011,9,0.626026485711315,0.4035350104690499,0.953150291616351,6653.957887160815
Central,Admin region,cropland,2011-09,2011,9,0.7201053264315842,0.4644897839275062,0.9243304897068437,2740.0187003040382
Western,Admin region,cropland,2011-09,2011,9,0.7216396065956109,0.4693657197391299,0.9000683599241852,3706.8906645577026
Uganda (national),Reference,cropland,2011-10,2011,10,0.7090681379545664,0.4583140104779331,0.9709290316422675,27077.93442541493
Karamoja,Focus region,cropland,2011-10,2011,10,0.5506394346814684,0.3294094371336193,0.9824135329636036,1090.6130090109775
Lake Victoria basin,Focus region,cropland,2011-10,2011,10,0.7574563160041516,0.4889087376211971,0.9553343011371335,2526.4562712573393
Northern,Admin region,cropland,2011-10,2011,10,0.699078142003072,0.4491519915333852,0.9920311993102132,13981.458540091739
Eastern,Admin region,cropland,2011-10,2011,10,0.6714788576066828,0.42962172676546406,0.9556996046793632,6653.957887160815
Central,Admin region,cropland,2011-10,2011,10,0.7763969220309346,0.5034392225763235,0.9595918506852559,2740.0187003040382
Western,Admin region,cropland,2011-10,2011,10,0.7675097429022731,0.5137345633415162,0.926986175130835,3706.8906645577026
Uganda (national),Reference,cropland,2011-11,2011,11,0.7014240519713552,0.43716208509269483,0.9801272947144206,27077.93442541493
Karamoja,Focus region,cropland,2011-11,2011,11,0.5752778540631175,0.33281303538572676,0.9985793661725474,1090.6130090109775
Lake Victoria basin,Focus region,cropland,2011-11,2011,11,0.7644539873951725,0.5006987233757514,0.8746545088041894,2526.4562712573393
Northern,Admin region,cropland,2011-11,2011,11,0.6830405400723822,0.4152358699186803,0.9991975424388785,13981.458540091739
Eastern,Admin region,cropland,2011-11,2011,11,0.6729865420205455,0.41966612491944166,0.9980971069602528,6653.957887160815
Central,Admin region,cropland,2011-11,2011,11,0.7773078914202995,0.5082193908861856,0.9351826272209292,2740.0187003040382
Western,Admin region,cropland,2011-11,2011,11,0.7761531123516336,0.5087439572606667,0.9073278504096085,3706.8906645577026
Uganda (national),Reference,cropland,2011-12,2011,12,0.6315067379431418,0.37893635207373016,0.9983171317930201,27077.93442541493
Karamoja,Focus region,cropland,2011-12,2011,12,0.4908835893932151,0.28187753720494946,1.0,1090.6130090109775
Lake Victoria basin,Focus region,cropland,2011-12,2011,12,0.7308573249826628,0.4958202191452982,0.9880895616008003,2526.4562712573393
Northern,Admin region,cropland,2011-12,2011,12,0.5984621294494864,0.34119626408202525,1.0,13981.458540091739
Eastern,Admin region,cropland,2011-12,2011,12,0.6094879464705608,0.3660530190399133,0.9992693533054136,6653.957887160815
Central,Admin region,cropland,2011-12,2011,12,0.7373869621724399,0.4764966241576449,0.9962758787431318,2740.0187003040382
Western,Admin region,cropland,2011-12,2011,12,0.7188018875346482,0.4737184312350987,0.9915479552356948,3706.8906645577026
Uganda (national),Reference,cropland,2012-01,2012,1,0.4633189796921308,0.2618468933849325,0.9984410616685646,27077.93442541493
Karamoja,Focus region,cropland,2012-01,2012,1,0.3589879356106123,0.1949689428697726,1.0,1090.6130090109775
Lake Victoria basin,Focus region,cropland,2012-01,2012,1,0.561351871322061,0.3399274651178272,0.9965736561107723,2526.4562712573393
Northern,Admin region,cropland,2012-01,2012,1,0.4279780945651962,0.23244795971830848,1.0,13981.458540091739
Eastern,Admin region,cropland,2012-01,2012,1,0.4595533390884549,0.26908451673538325,1.0,6653.957887160815
Central,Admin region,cropland,2012-01,2012,1,0.5552448828173179,0.3293321742635558,0.9999610039658967,2740.0187003040382
Western,Admin region,cropland,2012-01,2012,1,0.536600734110445,0.3106313857837313,0.9885092025909512,3706.8906645577026
Uganda (national),Reference,cropland,2012-02,2012,2,0.37410953269694724,0.2106174698940253,0.9882767769386965,27077.93442541493
Karamoja,Focus region,cropland,2012-02,2012,2,0.2789781363589474,0.15850320749149496,1.0,1090.6130090109775
Lake Victoria basin,Focus region,cropland,2012-02,2012,2,0.5122994522865099,0.3061743082116135,0.9329381790306561,2526.4562712573393
Northern,Admin region,cropland,2012-02,2012,2,0.33576559908725023,0.18500834866218796,0.999992357547037,13981.458540091739
Eastern,Admin region,cropland,2012-02,2012,2,0.3696416904594285,0.2120779728056808,0.9998715346471057,6653.957887160815
Central,Admin region,cropland,2012-02,2012,2,0.4855139222929097,0.2779618558172322,0.9579591402613177,2740.0187003040382
Western,Admin region,cropland,2012-02,2012,2,0.4526037793347062,0.2598538722606656,0.9455951651249652,3706.8906645577026
Uganda (national),Reference,cropland,2012-03,2012,3,0.4061318840244614,0.2287451320231272,0.9823163124337078,27077.93442541493
Karamoja,Focus region,cropland,2012-03,2012,3,0.2770494483892876,0.1594689067863365,0.9979915176922222,1090.6130090109775
Lake Victoria basin,Focus region,cropland,2012-03,2012,3,0.5827093262183829,0.352292407952561,0.9597902564724297,2526.4562712573393
Northern,Admin region,cropland,2012-03,2012,3,0.3681804156817264,0.20141606504523127,0.990933817990727,13981.458540091739
Eastern,Admin region,cropland,2012-03,2012,3,0.3686605647269572,0.21448113285877854,0.9922602458675718,6653.957887160815
Central,Admin region,cropland,2012-03,2012,3,0.5430995971740529,0.31669895504392864,0.9499531779970919,2740.0187003040382
Western,Admin region,cropland,2012-03,2012,3,0.5242195254792898,0.29795792537137517,0.9559313326115837,3706.8906645577026
Uganda (national),Reference,cropland,2012-04,2012,4,0.6479764075960208,0.3941012199032772,0.9394302153555686,27077.93442541493
Karamoja,Focus region,cropland,2012-04,2012,4,0.5041799888543904,0.29087086472373797,0.9410935480171352,1090.6130090109775
Lake Victoria basin,Focus region,cropland,2012-04,2012,4,0.7344272156364287,0.48522124369243835,0.7971089943558782,2526.4562712573393
Northern,Admin region,cropland,2012-04,2012,4,0.637468280414429,0.3730965216180703,0.9755204289436118,13981.458540091739
Eastern,Admin region,cropland,2012-04,2012,4,0.5849819139132505,0.3612060406919705,0.9471136480079558,6653.957887160815
Central,Admin region,cropland,2012-04,2012,4,0.7443634586284287,0.48795276245538804,0.8872555837541908,2740.0187003040382
Western,Admin region,cropland,2012-04,2012,4,0.7480250545752452,0.4806756705757689,0.8260873791867627,3706.8906645577026
Uganda (national),Reference,cropland,2012-05,2012,5,0.7195214984812747,0.47806834190086533,0.9453962662606411,27077.93442541493
Karamoja,Focus region,cropland,2012-05,2012,5,0.6408362468379231,0.41038469237277936,0.9676520044576588,1090.6130090109775
Lake Victoria basin,Focus region,cropland,2012-05,2012,5,0.7739678943202437,0.5177659944532467,0.8854822630023689,2526.4562712573393
Northern,Admin region,cropland,2012-05,2012,5,0.7139264445386434,0.4665090232864819,0.949787675423704,13981.458540091739
Eastern,Admin region,cropland,2012-05,2012,5,0.665568882583802,0.4402938772533414,0.9741987729291764,6653.957887160815
Central,Admin region,cropland,2012-05,2012,5,0.7890449951204404,0.542210748148565,0.9345599905430794,2740.0187003040382
Western,Admin region,cropland,2012-05,2012,5,0.7946556264128016,0.5495608111142793,0.8849109950395958,3706.8906645577026
Uganda (national),Reference,cropland,2012-06,2012,6,0.7029732382480771,0.4633727074940422,0.9626618094594374,27077.93442541493
Karamoja,Focus region,cropland,2012-06,2012,6,0.6327150539526526,0.4184986701482187,0.9830997404053425,1090.6130090109775
Lake Victoria basin,Focus region,cropland,2012-06,2012,6,0.7103490860842766,0.4604361402359483,0.9447151892068593,2526.4562712573393
Northern,Admin region,cropland,2012-06,2012,6,0.701032460686342,0.46067747874099757,0.972985966763032,13981.458540091739
Eastern,Admin region,cropland,2012-06,2012,6,0.6721793791745453,0.43946393130243455,0.9678234908721588,6653.957887160815
Central,Admin region,cropland,2012-06,2012,6,0.7429315850525705,0.49138962201572367,0.9294279595294569,2740.0187003040382
Western,Admin region,cropland,2012-06,2012,6,0.7383644317621998,0.49756686300214414,0.9389274867653323,3706.8906645577026
Uganda (national),Reference,cropland,2012-07,2012,7,0.6951565056136325,0.43715451332492244,0.91303462970725,27077.93442541493
Karamoja,Focus region,cropland,2012-07,2012,7,0.6730093296061921,0.4273069391768213,0.9183211431616607,1090.6130090109775
Lake Victoria basin,Focus region,cropland,2012-07,2012,7,0.6343433175475582,0.37940250518574636,0.8989838889359725,2526.4562712573393
Northern,Admin region,cropland,2012-07,2012,7,0.7086865125952673,0.45060066809622623,0.8855382476973251,13981.458540091739
Eastern,Admin region,cropland,2012-07,2012,7,0.6710549990913328,0.4161347080599088,0.9674670310044832,6653.957887160815
Central,Admin region,cropland,2012-07,2012,7,0.6917617306995038,0.4250693632328673,0.8838130750337982,2740.0187003040382
Western,Admin region,cropland,2012-07,2012,7,0.6938613008865551,0.43629806319480885,0.9409066747149951,3706.8906645577026
Uganda (national),Reference,cropland,2012-08,2012,8,0.6793267623588022,0.43244537375275893,0.9547637384511237,27077.93442541493
Karamoja,Focus region,cropland,2012-08,2012,8,0.6721061971526542,0.4338178338557069,0.9776246810297644,1090.6130090109775
Lake Victoria basin,Focus region,cropland,2012-08,2012,8,0.6042737934834413,0.35833834939730863,0.9434347260674633,2526.4562712573393
Northern,Admin region,cropland,2012-08,2012,8,0.7145918455500813,0.4629227517022791,0.9512261948641788,13981.458540091739
Eastern,Admin region,cropland,2012-08,2012,8,0.6184618205938399,0.3849660531511829,0.9824112039924009,6653.957887160815
Central,Admin region,cropland,2012-08,2012,8,0.6782015769173838,0.4148408299724047,0.9524119161787128,2740.0187003040382
Western,Admin region,cropland,2012-08,2012,8,0.658963666897148,0.4176410398773441,0.9212187904730174,3706.8906645577026
Uganda (national),Reference,cropland,2012-09,2012,9,0.6727498587154913,0.43868801062193935,0.9841919037061849,27077.93442541493
Karamoja,Focus region,cropland,2012-09,2012,9,0.6120392940647715,0.3894726500725811,0.9946603763037125,1090.6130090109775
Lake Victoria basin,Focus region,cropland,2012-09,2012,9,0.6407598117899297,0.40806479430074116,0.955212648431642,2526.4562712573393
Northern,Admin region,cropland,2012-09,2012,9,0.693138513600847,0.44884385495179824,0.9965827296057734,13981.458540091739
Eastern,Admin region,cropland,2012-09,2012,9,0.6162805065144819,0.40192574409687903,0.972107023226032,6653.957887160815
Central,Admin region,cropland,2012-09,2012,9,0.690610296586216,0.4563136861024525,0.9707335528682614,2740.0187003040382
Western,Admin region,cropland,2012-09,2012,9,0.6821779081799537,0.45238787139029646,0.9690230352315009,3706.8906645577026
Uganda (national),Reference,cropland,2012-10,2012,10,0.6935881515640264,0.44829582647390337,0.966249121689466,27077.93442541493
Karamoja,Focus region,cropland,2012-10,2012,10,0.5631727011633204,0.330715474306909,0.9932003604702251,1090.6130090109775
Lake Victoria basin,Focus region,cropland,2012-10,2012,10,0.6992297972323231,0.48581062539396014,0.8665776647622946,2526.4562712573393
Northern,Admin region,cropland,2012-10,2012,10,0.7013025205322895,0.44174009082364457,0.987703293182433,13981.458540091739
Eastern,Admin region,cropland,2012-10,2012,10,0.6343922028123926,0.4163400356782652,0.9731229070852923,6653.957887160815
Central,Admin region,cropland,2012-10,2012,10,0.7231335807774201,0.4941923886882901,0.9124615497192169,2740.0187003040382
Western,Admin region,cropland,2012-10,2012,10,0.7537627885677376,0.5023777009962512,0.9116520748324982,3706.8906645577026
Uganda (national),Reference,cropland,2012-11,2012,11,0.6924926860074813,0.4358991237651512,0.986548544377573,27077.93442541493
Karamoja,Focus region,cropland,2012-11,2012,11,0.5442816379473825,0.30800382263076514,0.9968158207315717,1090.6130090109775
Lake Victoria basin,Focus region,cropland,2012-11,2012,11,0.7528430046713608,0.516699555788686,0.9385148816834147,2526.4562712573393
Northern,Admin region,cropland,2012-11,2012,11,0.6763818970087596,0.4111092091881016,0.9996637320696252,13981.458540091739
Eastern,Admin region,cropland,2012-11,2012,11,0.6557983840543049,0.407321748553591,0.993022725520927,6653.957887160815
Central,Admin region,cropland,2012-11,2012,11,0.7641876416765008,0.5156326811989229,0.9584060653972667,2740.0187003040382
Western,Admin region,cropland,2012-11,2012,11,0.7725139569073094,0.5292657134775983,0.9461810427389408,3706.8906645577026
Uganda (national),Reference,cropland,2012-12,2012,12,0.6499925470021476,0.3791811445566989,0.9900533914384968,27077.93442541493
Karamoja,Focus region,cropland,2012-12,2012,12,0.45570931671177606,0.23786410168701577,0.9999510126266395,1090.6130090109775
Lake Victoria basin,Focus region,cropland,2012-12,2012,12,0.755351205010553,0.4910123752352309,0.951702051543928,2526.4562712573393
Northern,Admin region,cropland,2012-12,2012,12,0.6173946027303073,0.3423051083932926,0.9999847150940738,13981.458540091739
Eastern,Admin region,cropland,2012-12,2012,12,0.6166156032935453,0.36276062963056344,0.9970452968834306,6653.957887160815
Central,Admin region,cropland,2012-12,2012,12,0.7571379883681569,0.47330436885644556,0.9830257145201274,2740.0187003040382
Western,Admin region,cropland,2012-12,2012,12,0.7613238263484705,0.4854444785419618,0.9444764813883817,3706.8906645577026
Uganda (national),Reference,cropland,2013-01,2013,1,0.5666240185461363,0.3260871539399016,0.9988610475363651,27077.93442541493
Karamoja,Focus region,cropland,2013-01,2013,1,0.4631037077870521,0.25550764649674,1.0,1090.6130090109775
Lake Victoria basin,Focus region,cropland,2013-01,2013,1,0.6528651767364982,0.4209385267235229,0.9925532290708007,2526.4562712573393
Northern,Admin region,cropland,2013-01,2013,1,0.5299135371436163,0.2876112056132886,1.0,13981.458540091739
Eastern,Admin region,cropland,2013-01,2013,1,0.5637378148903426,0.33395377455294223,0.9999678836617765,6653.957887160815
Central,Admin region,cropland,2013-01,2013,1,0.6513020438495751,0.4021892214389144,0.9978345731650856,2740.0187003040382
Western,Admin region,cropland,2013-01,2013,1,0.6487176906723849,0.4017864572281681,0.9933058141542628,3706.8906645577026
Uganda (national),Reference,cropland,2013-02,2013,2,0.4583112560946007,0.26931530645058266,0.995364835409643,27077.93442541493
Karamoja,Focus region,cropland,2013-02,2013,2,0.3684343478522304,0.2144651379724567,1.0,1090.6130090109775
Lake Victoria basin,Focus region,cropland,2013-02,2013,2,0.5558314324540664,0.3490771122642405,0.974147846431993,2526.4562712573393
Northern,Admin region,cropland,2013-02,2013,2,0.42348489183029436,0.23829134496247892,1.0,13981.458540091739
Eastern,Admin region,cropland,2013-02,2013,2,0.4473229734136194,0.2743333292364978,0.9998956219007734,6653.957887160815
Central,Admin region,cropland,2013-02,2013,2,0.5449633451010576,0.3325545195960165,0.995919867890612,2740.0187003040382
Western,Admin region,cropland,2013-02,2013,2,0.5486477012747524,0.33294456211321705,0.9690727720924213,3706.8906645577026
Uganda (national),Reference,cropland,2013-03,2013,3,0.5726296032875942,0.34201021076959126,0.9578413651787644,27077.93442541493
Karamoja,Focus region,cropland,2013-03,2013,3,0.45647915095171443,0.2625891981199991,0.9019639710355912,1090.6130090109775
Lake Victoria basin,Focus region,cropland,2013-03,2013,3,0.6551947739107441,0.4287694480901052,0.9429073984913074,2526.4562712573393
Northern,Admin region,cropland,2013-03,2013,3,0.5441609456550522,0.312037530309666,0.962906230653636,13981.458540091739
Eastern,Admin region,cropland,2013-03,2013,3,0.5633794398005643,0.34190859816828656,0.9734424016774047,6653.957887160815
Central,Admin region,cropland,2013-03,2013,3,0.6515521435672555,0.42192583352023555,0.9637864476241589,2740.0187003040382
Western,Admin region,cropland,2013-03,2013,3,0.6426030824552722,0.39963008817330586,0.9056059376768869,3706.8906645577026
Uganda (national),Reference,cropland,2013-04,2013,4,0.6564783176565441,0.43027602755867245,0.5216457992700911,27077.93442541493
Karamoja,Focus region,cropland,2013-04,2013,4,0.5628192312105424,0.36128999298012193,0.8086710724565515,1090.6130090109775
Lake Victoria basin,Focus region,cropland,2013-04,2013,4,0.7379874633642802,0.5234825666216171,0.6317522019803105,2526.4562712573393
Northern,Admin region,cropland,2013-04,2013,4,0.6444679848576421,0.3972376510161255,0.39057586047913884,13981.458540091739
Eastern,Admin region,cropland,2013-04,2013,4,0.5931710897774874,0.38817351959385005,0.6977894450347134,6653.957887160815
Central,Admin region,cropland,2013-04,2013,4,0.748005710684191,0.5248879278107882,0.6391043207376398,2740.0187003040382
Western,Admin region,cropland,2013-04,2013,4,0.7444848936757194,0.5228177678221307,0.6125586139015089,3706.8906645577026
Uganda (national),Reference,cropland,2013-05,2013,5,0.6842884003160027,0.4446592955095087,0.9895640630256111,27077.93442541493
Karamoja,Focus region,cropland,2013-05,2013,5,0.581779248905976,0.3675859059823832,0.9989712651594308,1090.6130090109775
Lake Victoria basin,Focus region,cropland,2013-05,2013,5,0.7543268370100813,0.5003626959768728,0.9541074083097671,2526.4562712573393
Northern,Admin region,cropland,2013-05,2013,5,0.6627210834228012,0.4213444202343304,0.995697298981796,13981.458540091739
Eastern,Admin region,cropland,2013-05,2013,5,0.6517300000227129,0.42318655010087414,0.9981211942139205,6653.957887160815
Central,Admin region,cropland,2013-05,2013,5,0.7684285147488321,0.5180792066872579,0.9876459799332524,2740.0187003040382
Western,Admin region,cropland,2013-05,2013,5,0.7664451059515864,0.5210041088399052,0.9520121810093927,3706.8906645577026
Uganda (national),Reference,cropland,2013-06,2013,6,0.6494702514322616,0.4007693208264774,0.9914622629698955,27077.93442541493
Karamoja,Focus region,cropland,2013-06,2013,6,0.5672023532981795,0.3431564821637727,0.9932887298496202,1090.6130090109775
Lake Victoria basin,Focus region,cropland,2013-06,2013,6,0.6374450541700776,0.40217046697165953,0.9938497798890416,2526.4562712573393
Northern,Admin region,cropland,2013-06,2013,6,0.650281818935478,0.3935488544792076,0.9927172668082678,13981.458540091739
Eastern,Admin region,cropland,2013-06,2013,6,0.6224434781285916,0.3878817757865766,0.9904202945534217,6653.957887160815
Central,Admin region,cropland,2013-06,2013,6,0.672580012148962,0.42667991819714707,0.993346282565416,2740.0187003040382
Western,Admin region,cropland,2013-06,2013,6,0.677930018925368,0.43200928275976597,0.9871622379665761,3706.8906645577026
Uganda (national),Reference,cropland,2013-07,2013,7,0.6283263814330137,0.3649701336632674,0.9845199538318851,27077.93442541493
Karamoja,Focus region,cropland,2013-07,2013,7,0.5973962620576195,0.3531728165145209,0.9565839317957444,1090.6130090109775
Lake Victoria basin,Focus region,cropland,2013-07,2013,7,0.5153791778422865,0.2883215028841124,0.97907449076277,2526.4562712573393
Northern,Admin region,cropland,2013-07,2013,7,0.6672098340202356,0.3905643692608185,0.9867441803207705,13981.458540091739
Eastern,Admin region,cropland,2013-07,2013,7,0.5815113185506401,0.339936162444977,0.9914088795251921,6653.957887160815
Central,Admin region,cropland,2013-07,2013,7,0.5807826083771439,0.32079919691641945,0.9592180239975477,2740.0187003040382
Western,Admin region,cropland,2013-07,2013,7,0.5997860457561875,0.34492377704137694,0.982440683847926,3706.8906645577026
Uganda (national),Reference,cropland,2013-08,2013,8,0.6427820410835196,0.3888846971341805,0.9578769185144783,27077.93442541493
Karamoja,Focus region,cropland,2013-08,2013,8,0.6166239038626773,0.36795041197344086,0.9806499875226279,1090.6130090109775
Lake Victoria basin,Focus region,cropland,2013-08,2013,8,0.5040316843913989,0.2888811804580486,0.9646873790832643,2526.4562712573393
Northern,Admin region,cropland,2013-08,2013,8,0.6854602272509199,0.4215935987764581,0.9604061145557844,13981.458540091739
Eastern,Admin region,cropland,2013-08,2013,8,0.595065624425557,0.3504917839083304,0.9624732237901712,6653.957887160815
Central,Admin region,cropland,2013-08,2013,8,0.5937359128274426,0.34596170888197736,0.9431008101770167,2740.0187003040382
Western,Admin region,cropland,2013-08,2013,8,0.6023835195918167,0.3652386662513401,0.9502271363747988,3706.8906645577026
Uganda (national),Reference,cropland,2013-09,2013,9,0.670935426828997,0.42072378210909883,0.9788541680626218,27077.93442541493
Karamoja,Focus region,cropland,2013-09,2013,9,0.5788312419024068,0.34685621481419915,0.9981874671856639,1090.6130090109775
Lake Victoria basin,Focus region,cropland,2013-09,2013,9,0.6135125968347293,0.38335543022166446,0.9344261234714425,2526.4562712573393
Northern,Admin region,cropland,2013-09,2013,9,0.6945336426581141,0.43026077932930973,0.9942673810472051,13981.458540091739
Eastern,Admin region,cropland,2013-09,2013,9,0.6081643507748914,0.3831568222122023,0.9728456360319622,6653.957887160815
Central,Admin region,cropland,2013-09,2013,9,0.6776768664443997,0.4348301740863332,0.9578015504058532,2740.0187003040382
Western,Admin region,cropland,2013-09,2013,9,0.68804663229753,0.4416831793931304,0.9468005492531979,3706.8906645577026
Uganda (national),Reference,cropland,2013-10,2013,10,0.7014607850405187,0.44918081807297183,0.9825271487437982,27077.93442541493
Karamoja,Focus region,cropland,2013-10,2013,10,0.5497928887252508,0.31807058468393123,0.9884879672602975,1090.6130090109775
Lake Victoria basin,Focus region,cropland,2013-10,2013,10,0.6876969530447706,0.4442450223772332,0.9681290643157207,2526.4562712573393
Northern,Admin region,cropland,2013-10,2013,10,0.7103130509114512,0.4483059699859742,0.9922767168579519,13981.458540091739
Eastern,Admin region,cropland,2013-10,2013,10,0.6501059539538145,0.41613125644421517,0.9754339609999341,6653.957887160815
Central,Admin region,cropland,2013-10,2013,10,0.7302926079346019,0.47793608353017336,0.9712853085194177,2740.0187003040382
Western,Admin region,cropland,2013-10,2013,10,0.738689992690613,0.4910146107529144,0.9667055801084207,3706.8906645577026
Uganda (national),Reference,cropland,2013-11,2013,11,0.6850556906903433,0.435543536066931,0.9900713267229764,27077.93442541493
Karamoja,Focus region,cropland,2013-11,2013,11,0.5373123185666181,0.30575933209462486,1.0,1090.6130090109775
Lake Victoria basin,Focus region,cropland,2013-11,2013,11,0.7454750603892945,0.5151686979008615,0.9320893466561428,2526.4562712573393
Northern,Admin region,cropland,2013-11,2013,11,0.6774745909704789,0.41696609929494394,0.9999885363205554,13981.458540091739
Eastern,Admin region,cropland,2013-11,2013,11,0.6298816948691448,0.3914241272776975,0.9967482207548625,6653.957887160815
Central,Admin region,cropland,2013-11,2013,11,0.7596374371969531,0.5177470067286095,0.9655396634397575,2740.0187003040382
Western,Admin region,cropland,2013-11,2013,11,0.7625201511614149,0.5300929458821716,0.9588350609827607,3706.8906645577026
Uganda (national),Reference,cropland,2013-12,2013,12,0.5747115618966616,0.33573278295748804,0.9896122205797967,27077.93442541493
Karamoja,Focus region,cropland,2013-12,2013,12,0.44478033612391044,0.24775043853986192,0.9998530378799186,1090.6130090109775
Lake Victoria basin,Focus region,cropland,2013-12,2013,12,0.6825805303493127,0.4343823978891178,0.9435177351732552,2526.4562712573393
Northern,Admin region,cropland,2013-12,2013,12,0.5447576935283073,0.3053874054018318,0.9999885363205554,13981.458540091739
Eastern,Admin region,cropland,2013-12,2013,12,0.549926865448176,0.3252694670261256,0.9974547801957812,6653.957887160815
Central,Admin region,cropland,2013-12,2013,12,0.6713067828450496,0.4224379179672576,0.9943002326075202,2740.0187003040382
Western,Admin region,cropland,2013-12,2013,12,0.6678282223367898,0.41059155692795246,0.9323787812377863,3706.8906645577026
Uganda (national),Reference,cropland,2014-01,2014,1,0.45962489028738657,0.2496669788486725,0.9817711587069647,27077.93442541493
Karamoja,Focus region,cropland,2014-01,2014,1,0.34373633556773403,0.18824649293630907,1.0,1090.6130090109775
Lake Victoria basin,Focus region,cropland,2014-01,2014,1,0.5700430964618959,0.3169161918560449,0.8698437952725111,2526.4562712573393
Northern,Admin region,cropland,2014-01,2014,1,0.42266569727791303,0.22141672560534084,0.9999808938675924,13981.458540091739
Eastern,Admin region,cropland,2014-01,2014,1,0.45332163586413055,0.2613537298250599,0.9999036509853293,6653.957887160815
Central,Admin region,cropland,2014-01,2014,1,0.5527746712968366,0.30167003809674575,0.9651796000582035,2740.0187003040382
Western,Admin region,cropland,2014-01,2014,1,0.5546003998228938,0.3043951992653506,0.8922744807796703,3706.8906645577026
Uganda (national),Reference,cropland,2014-02,2014,2,0.38704237405914726,0.2130671940939717,0.9924765427679471,27077.93442541493
Karamoja,Focus region,cropland,2014-02,2014,2,0.28664642569873766,0.16052908284302717,1.0,1090.6130090109775
Lake Victoria basin,Focus region,cropland,2014-02,2014,2,0.46255921305344155,0.26518837125218087,0.9637508937369009,2526.4562712573393
Northern,Admin region,cropland,2014-02,2014,2,0.36000216176072874,0.19217855096274594,1.0,13981.458540091739
Eastern,Admin region,cropland,2014-02,2014,2,0.3703253371317924,0.2172643799655779,0.9999837214246455,6653.957887160815
Central,Admin region,cropland,2014-02,2014,2,0.4592576417128827,0.2507090931499539,0.994502170893926,2740.0187003040382
Western,Admin region,cropland,2014-02,2014,2,0.4705900284600653,0.2592680409265529,0.9485108755580912,3706.8906645577026
Uganda (national),Reference,cropland,2014-03,2014,3,0.5075024853733736,0.3000906166304291,0.9896511009958927,27077.93442541493
Karamoja,Focus region,cropland,2014-03,2014,3,0.3515685886622468,0.20674473636436444,1.0,1090.6130090109775
Lake Victoria basin,Focus region,cropland,2014-03,2014,3,0.6333517127014382,0.3918473853586411,0.9380062954238514,2526.4562712573393
Northern,Admin region,cropland,2014-03,2014,3,0.46751359243596013,0.270438203445489,0.9994421009336965,13981.458540091739
Eastern,Admin region,cropland,2014-03,2014,3,0.4767413894804687,0.2863287693386324,0.9998233601397704,6653.957887160815
Central,Admin region,cropland,2014-03,2014,3,0.6335682760694318,0.3852390221371684,0.9727113399626081,2740.0187003040382
Western,Admin region,cropland,2014-03,2014,3,0.6297263257414627,0.37980267402074114,0.946674850641054,3706.8906645577026
Uganda (national),Reference,cropland,2014-04,2014,4,0.6320697291281449,0.4078405217928542,0.9049146733870184,27077.93442541493
Karamoja,Focus region,cropland,2014-04,2014,4,0.3662648535306254,0.20602867107861314,0.9138417761630515,1090.6130090109775
Lake Victoria basin,Focus region,cropland,2014-04,2014,4,0.7367553008784824,0.5075241052944667,0.8115977735315888,2526.4562712573393
Northern,Admin region,cropland,2014-04,2014,4,0.6032666748659796,0.37705633009873524,0.9171588818467931,13981.458540091739
Eastern,Admin region,cropland,2014-04,2014,4,0.5915750503676582,0.3789445693257217,0.9533627317477184,6653.957887160815
Central,Admin region,cropland,2014-04,2014,4,0.748048520715256,0.5173465528869934,0.8707923757095078,2740.0187003040382
Western,Admin region,cropland,2014-04,2014,4,0.750895970909185,0.5153317162088265,0.795924459881711,3706.8906645577026
Uganda (national),Reference,cropland,2014-05,2014,5,0.7033833908420449,0.45235444553005366,0.9753786612082327,27077.93442541493
Karamoja,Focus region,cropland,2014-05,2014,5,0.45700131492460305,0.264233154039138,0.98756873360724,1090.6130090109775
Lake Victoria basin,Focus region,cropland,2014-05,2014,5,0.7696222256540396,0.5076749651536332,0.9559517694705278,2526.4562712573393
Northern,Admin region,cropland,2014-05,2014,5,0.677116929191338,0.4255805895875033,0.9804062641080994,13981.458540091739
Eastern,Admin region,cropland,2014-05,2014,5,0.6823472210777829,0.43815200405355537,0.9812097065901719,6653.957887160815
Central,Admin region,cropland,2014-05,2014,5,0.7934895045634167,0.5308231418050926,0.9815099921984992,2740.0187003040382
Western,Admin region,cropland,2014-05,2014,5,0.7768101784503338,0.5237224510192279,0.9411364816201105,3706.8906645577026
Uganda (national),Reference,cropland,2014-06,2014,6,0.6971390452333572,0.4493694818276561,0.9899656338903651,27077.93442541493
Karamoja,Focus region,cropland,2014-06,2014,6,0.547243674043931,0.3409264062466913,0.9888343368060577,1090.6130090109775
Lake Victoria basin,Focus region,cropland,2014-06,2014,6,0.6623626476244909,0.4126337916565272,0.9769945363257302,2526.4562712573393
Northern,Admin region,cropland,2014-06,2014,6,0.6964745681226674,0.44601321060353843,0.9966480351156028,13981.458540091739
Eastern,Admin region,cropland,2014-06,2014,6,0.6856658890209918,0.4460884804714264,0.9834809299480948,6653.957887160815
Central,Admin region,cropland,2014-06,2014,6,0.7236187358289963,0.46544187344949817,0.9715336597326873,2740.0187003040382
Western,Admin region,cropland,2014-06,2014,6,0.7008966693842575,0.45616100982168656,0.9900317722458706,3706.8906645577026
Uganda (national),Reference,cropland,2014-07,2014,7,0.6617599695784984,0.4131815880860726,0.96516837765773,27077.93442541493
Karamoja,Focus region,cropland,2014-07,2014,7,0.5850948643812207,0.36233173122270607,0.9568411635327233,1090.6130090109775
Lake Victoria basin,Focus region,cropland,2014-07,2014,7,0.5765370182663383,0.34537906211498387,0.966871571728077,2526.4562712573393
Northern,Admin region,cropland,2014-07,2014,7,0.6819540981675608,0.42587816422866004,0.9666356278179953,13981.458540091739
Eastern,Admin region,cropland,2014-07,2014,7,0.6435859839233529,0.40425865503051217,0.975121110081709,6653.957887160815
Central,Admin region,cropland,2014-07,2014,7,0.6413576737062878,0.3909818222700056,0.9542110096814918,2740.0187003040382
Western,Admin region,cropland,2014-07,2014,7,0.6327482043277249,0.39729605056753214,0.9494229252452155,3706.8906645577026
Uganda (national),Reference,cropland,2014-08,2014,8,0.6652829020544776,0.4266980174990163,0.9348520444259009,27077.93442541493
Karamoja,Focus region,cropland,2014-08,2014,8,0.6206028796133817,0.3909342522344729,0.9642882048202422,1090.6130090109775
Lake Victoria basin,Focus region,cropland,2014-08,2014,8,0.6025874686194044,0.3674203158644958,0.9138421042418566,2526.4562712573393
Northern,Admin region,cropland,2014-08,2014,8,0.6863425878122241,0.4519889937257305,0.9563272325129848,13981.458540091739
Eastern,Admin region,cropland,2014-08,2014,8,0.62564301932127,0.39070872866354744,0.9203652723389913,6653.957887160815
Central,Admin region,cropland,2014-08,2014,8,0.6629747850826336,0.41199698405386287,0.909092139447065,2740.0187003040382
Western,Admin region,cropland,2014-08,2014,8,0.6554234485098116,0.4022813575045262,0.8976211933285912,3706.8906645577026
Uganda (national),Reference,cropland,2014-09,2014,9,0.6832730119567719,0.43612073625177333,0.9757024944529833,27077.93442541493
Karamoja,Focus region,cropland,2014-09,2014,9,0.6077576079209572,0.37299745388838373,0.9932593374256041,1090.6130090109775
Lake Victoria basin,Focus region,cropland,2014-09,2014,9,0.6634784052161371,0.4147928265983311,0.8894297150042816,2526.4562712573393
Northern,Admin region,cropland,2014-09,2014,9,0.6976395075200302,0.4455493231983969,0.9929388679737928,13981.458540091739
Eastern,Admin region,cropland,2014-09,2014,9,0.6346032923743677,0.40217444743613984,0.9883016238020605,6653.957887160815
Central,Admin region,cropland,2014-09,2014,9,0.7077637338300646,0.45021182174412727,0.9208616013163223,2740.0187003040382
Western,Admin region,cropland,2014-09,2014,9,0.7005902134439085,0.452691959769112,0.9280766558065099,3706.8906645577026
Uganda (national),Reference,cropland,2014-10,2014,10,0.7049204271611664,0.4648386697497123,0.9843022157643505,27077.93442541493
Karamoja,Focus region,cropland,2014-10,2014,10,0.5811067466493232,0.3582608637794189,0.9930660774350134,1090.6130090109775
Lake Victoria basin,Focus region,cropland,2014-10,2014,10,0.7044643251941396,0.4730504938907363,0.9581435913238651,2526.4562712573393
Northern,Admin region,cropland,2014-10,2014,10,0.7065734195177878,0.4567831897226062,0.9980901510045308,13981.458540091739
Eastern,Admin region,cropland,2014-10,2014,10,0.6650961896952599,0.4462912712517755,0.9777441332896047,6653.957887160815
Central,Admin region,cropland,2014-10,2014,10,0.7451928811412004,0.5002895963100429,0.9776080949038071,2740.0187003040382
Western,Admin region,cropland,2014-10,2014,10,0.7415153678374047,0.5041098846631515,0.9489490120874701,3706.8906645577026
Uganda (national),Reference,cropland,2014-11,2014,11,0.6839061101905645,0.4390876359115667,0.9806557047157047,27077.93442541493
Karamoja,Focus region,cropland,2014-11,2014,11,0.5048893054790852,0.301310199301582,0.9923089823824116,1090.6130090109775
Lake Victoria basin,Focus region,cropland,2014-11,2014,11,0.7534231743207902,0.4878201058290484,0.9125958066884607,2526.4562712573393
Northern,Admin region,cropland,2014-11,2014,11,0.6690020283471625,0.4263399829243866,0.9988956655468375,13981.458540091739
Eastern,Admin region,cropland,2014-11,2014,11,0.6409626003368548,0.4083939730657839,0.9975752164641196,6653.957887160815
Central,Admin region,cropland,2014-11,2014,11,0.7669907063503328,0.5021327760652013,0.955364145348771,2740.0187003040382
Western,Admin region,cropland,2014-11,2014,11,0.7670100866323715,0.5041315317595445,0.898945154654791,3706.8906645577026
Uganda (national),Reference,cropland,2014-12,2014,12,0.5928153641785959,0.3447331706567181,0.9963666579997512,27077.93442541493
Karamoja,Focus region,cropland,2014-12,2014,12,0.4372303543727376,0.24798038944193398,1.0,1090.6130090109775
Lake Victoria basin,Focus region,cropland,2014-12,2014,12,0.6943694729930223,0.4311362942202815,0.9900562388764895,2526.4562712573393
Northern,Admin region,cropland,2014-12,2014,12,0.5679858725383309,0.32061551249892456,1.0,13981.458540091739
Eastern,Admin region,cropland,2014-12,2014,12,0.5533604501563982,0.3249162231682248,0.9999357673235528,6653.957887160815
Central,Admin region,cropland,2014-12,2014,12,0.6951685456558416,0.42325674010272823,0.9999805019829483,2740.0187003040382
Western,Admin region,cropland,2014-12,2014,12,0.6845512209489131,0.41546363701638706,0.9733066788974131,3706.8906645577026
Uganda (national),Reference,cropland,2015-01,2015,1,0.4475743301443948,0.24195834663454288,0.9957258932676947,27077.93442541493
Karamoja,Focus region,cropland,2015-01,2015,1,0.3202083931507583,0.17910567939435482,1.0,1090.6130090109775
Lake Victoria basin,Focus region,cropland,2015-01,2015,1,0.5513306832699301,0.3168306430425227,0.980933778635861,2526.4562712573393
Northern,Admin region,cropland,2015-01,2015,1,0.4184343488055397,0.2168057294683137,1.0,13981.458540091739
Eastern,Admin region,cropland,2015-01,2015,1,0.4243421335005069,0.24203888849371896,0.9999678836617765,6653.957887160815
Central,Admin region,cropland,2015-01,2015,1,0.5442084126561263,0.30078414644963264,0.9999805019829483,2740.0187003040382
Western,Admin region,cropland,2015-01,2015,1,0.5308191552033,0.29526557130422504,0.9684075415776136,3706.8906645577026
Uganda (national),Reference,cropland,2015-02,2015,2,0.37057950995814193,0.2039752691936005,0.9957427840036822,27077.93442541493
Karamoja,Focus region,cropland,2015-02,2015,2,0.268700136530691,0.15448954770822648,1.0,1090.6130090109775
Lake Victoria basin,Focus region,cropland,2015-02,2015,2,0.48817452154160584,0.273106255777194,0.981010153647284,2526.4562712573393
Northern,Admin region,cropland,2015-02,2015,2,0.3351199036823151,0.18218560784571836,1.0,13981.458540091739
Eastern,Admin region,cropland,2015-02,2015,2,0.3606073054772986,0.2039053707044717,0.9998635055625498,6653.957887160815
Central,Admin region,cropland,2015-02,2015,2,0.46967459348146073,0.24903461722993592,0.9974932431724635,2740.0187003040382
Western,Admin region,cropland,2015-02,2015,2,0.45197019765404095,0.25487464998702947,0.9708743768409352,3706.8906645577026
Uganda (national),Reference,cropland,2015-03,2015,3,0.43543214191193524,0.2508574857126208,0.977428908725991,27077.93442541493
Karamoja,Focus region,cropland,2015-03,2015,3,0.2898954775024149,0.16777204563136253,0.9998040505065583,1090.6130090109775
Lake Victoria basin,Focus region,cropland,2015-03,2015,3,0.5384476837483179,0.3206593601183361,0.9176130893335537,2526.4562712573393
Northern,Admin region,cropland,2015-03,2015,3,0.4114905903237405,0.22988021308574128,0.9941191324449237,13981.458540091739
Eastern,Admin region,cropland,2015-03,2015,3,0.3994689380542908,0.23823561459606507,0.9942751052786162,6653.957887160815
Central,Admin region,cropland,2015-03,2015,3,0.5266199947886097,0.29771345602351074,0.9622060377636064,2740.0187003040382
Western,Admin region,cropland,2015-03,2015,3,0.535249765215667,0.32692757081912827,0.8949183340525397,3706.8906645577026
Uganda (national),Reference,cropland,2015-04,2015,4,0.6510269864666451,0.41298960958593417,0.7554217096049346,27077.93442541493
Karamoja,Focus region,cropland,2015-04,2015,4,0.46308444922120234,0.2740862552123635,0.8059506403226018,1090.6130090109775
Lake Victoria basin,Focus region,cropland,2015-04,2015,4,0.7373268594931177,0.466488126084701,0.9146374492305197,2526.4562712573393
Northern,Admin region,cropland,2015-04,2015,4,0.6307803694409903,0.3899814277219996,0.6838602527425128,13981.458540091739
Eastern,Admin region,cropland,2015-04,2015,4,0.5939430975037412,0.3769420722371418,0.8028931530989621,6653.957887160815
Central,Admin region,cropland,2015-04,2015,4,0.742992396479837,0.4841603920537707,0.9165034504226214,2740.0187003040382
Western,Admin region,cropland,2015-04,2015,4,0.7392953309149937,0.49001374456830377,0.8196230567653009,3706.8906645577026
Uganda (national),Reference,cropland,2015-05,2015,5,0.7265376354121121,0.48325331284198886,0.9776081377724489,27077.93442541493
Karamoja,Focus region,cropland,2015-05,2015,5,0.5830266473126943,0.36717004965513816,0.9928968308627368,1090.6130090109775
Lake Victoria basin,Focus region,cropland,2015-05,2015,5,0.7715791004154234,0.5269829902677055,0.9589476435613877,2526.4562712573393
Northern,Admin region,cropland,2015-05,2015,5,0.7178738442313624,0.4696342797084148,0.9933816357339882,13981.458540091739
Eastern,Admin region,cropland,2015-05,2015,5,0.6836106734181037,0.4532899392213693,0.9582546483046858,6653.957887160815
Central,Admin region,cropland,2015-05,2015,5,0.7978945818973475,0.5465569813507668,0.9950864997029802,2740.0187003040382
Western,Admin region,cropland,2015-05,2015,5,0.7840959574652898,0.5431012114969305,0.9396130076586285,3706.8906645577026
Uganda (national),Reference,cropland,2015-06,2015,6,0.7203008985316536,0.48069006403716097,0.9570740166442536,27077.93442541493
Karamoja,Focus region,cropland,2015-06,2015,6,0.6138979801197213,0.3983943099370165,0.9779556819878039,1090.6130090109775
Lake Victoria basin,Focus region,cropland,2015-06,2015,6,0.722953903383971,0.4796652541100968,0.8459178510045428,2526.4562712573393
Northern,Admin region,cropland,2015-06,2015,6,0.7158185544646943,0.4763539640375578,0.9782688648219552,13981.458540091739
Eastern,Admin region,cropland,2015-06,2015,6,0.6988880904949154,0.46050220753748233,0.9654920336367635,6653.957887160815
Central,Admin region,cropland,2015-06,2015,6,0.7627357874766505,0.5198755306931861,0.8694244560034124,2740.0187003040382
Western,Admin region,cropland,2015-06,2015,6,0.7489366667904618,0.5086222197995892,0.9252795225713506,3706.8906645577026
Uganda (national),Reference,cropland,2015-07,2015,7,0.650939827189518,0.4128407488838722,0.996015171300846,27077.93442541493
Karamoja,Focus region,cropland,2015-07,2015,7,0.5694970557726023,0.36088479693441783,0.9969137954782925,1090.6130090109775
Lake Victoria basin,Focus region,cropland,2015-07,2015,7,0.6073561816786633,0.36471479962968867,0.9866635630161843,2526.4562712573393
Northern,Admin region,cropland,2015-07,2015,7,0.6555332361167656,0.415871239691719,0.9992388416552829,13981.458540091739
Eastern,Admin region,cropland,2015-07,2015,7,0.6334720803012517,0.4059399712966141,0.9986109683718302,6653.957887160815
Central,Admin region,cropland,2015-07,2015,7,0.6734038366363674,0.42071138322675367,0.9935816351006516,2740.0187003040382
Western,Admin region,cropland,2015-07,2015,7,0.6482924108953215,0.4076737813046549,0.9809174924822454,3706.8906645577026
Uganda (national),Reference,cropland,2015-08,2015,8,0.6220788782393911,0.38750811272717656,0.9937457001354757,27077.93442541493
Karamoja,Focus region,cropland,2015-08,2015,8,0.5175222972238156,0.3185901599315371,0.9980405050655826,1090.6130090109775
Lake Victoria basin,Focus region,cropland,2015-08,2015,8,0.5040738060214214,0.29471361616161784,0.9892492842226808,2526.4562712573393
Northern,Admin region,cropland,2015-08,2015,8,0.654068856383338,0.41593085863745666,0.9985841831403861,13981.458540091739
Eastern,Admin region,cropland,2015-08,2015,8,0.5919859220211027,0.3632641893143844,0.9891787776748375,6653.957887160815
Central,Admin region,cropland,2015-08,2015,8,0.5796966995650698,0.34272620003209847,0.9842953795128447,2740.0187003040382
Western,Admin region,cropland,2015-08,2015,8,0.5852202190426988,0.3555935729953922,0.9904226022382149,3706.8906645577026
Uganda (national),Reference,cropland,2015-09,2015,9,0.6067184338419384,0.38132978917928534,0.9880990721592978,27077.93442541493
Karamoja,Focus region,cropland,2015-09,2015,9,0.39917476292582676,0.23849512659238928,0.9993141767729539,1090.6130090109775
Lake Victoria basin,Focus region,cropland,2015-09,2015,9,0.5308170413849567,0.31832157092042496,0.9316475988973472,2526.4562712573393
Northern,Admin region,cropland,2015-09,2015,9,0.6251550681110026,0.40239063904296785,0.9997860113170343,13981.458540091739
Eastern,Admin region,cropland,2015-09,2015,9,0.5672676126210336,0.34336260615488046,0.9918825955139898,6653.957887160815
Central,Admin region,cropland,2015-09,2015,9,0.5916333676995674,0.35961027292019976,0.9814952348757896,2740.0187003040382
Western,Admin region,cropland,2015-09,2015,9,0.6191064871530045,0.3856267941284872,0.9413916656281269,3706.8906645577026
Uganda (national),Reference,cropland,2015-10,2015,10,0.659705546771554,0.41111574981752774,0.9277072398909448,27077.93442541493
Karamoja,Focus region,cropland,2015-10,2015,10,0.37194165234170634,0.20379877733834711,0.922095476198572,1090.6130090109775
Lake Victoria basin,Focus region,cropland,2015-10,2015,10,0.6495007253105117,0.4033139576827099,0.800586752476466,2526.4562712573393
Northern,Admin region,cropland,2015-10,2015,10,0.6586208676993103,0.4053432494345419,0.9718647739577452,13981.458540091739
Eastern,Admin region,cropland,2015-10,2015,10,0.6098838450873734,0.3789087202897442,0.9008923178222756,6653.957887160815
Central,Admin region,cropland,2015-10,2015,10,0.6969157600249698,0.43588425275335857,0.9624923145316122,2740.0187003040382
Western,Admin region,cropland,2015-10,2015,10,0.7342110840287248,0.482310969071754,0.7813134091990017,3706.8906645577026
Uganda (national),Reference,cropland,2015-11,2015,11,0.7122264977895606,0.4613973293954078,0.9758406998245871,27077.93442541493
Karamoja,Focus region,cropland,2015-11,2015,11,0.5673122827073613,0.3451109140101674,0.9949053131705147,1090.6130090109775
Lake Victoria basin,Focus region,cropland,2015-11,2015,11,0.7623797442034413,0.52271103930693,0.9323647444986359,2526.4562712573393
Northern,Admin region,cropland,2015-11,2015,11,0.6927396836546089,0.43893850345364205,0.992816423889163,13981.458540091739
Eastern,Admin region,cropland,2015-11,2015,11,0.6884114148618804,0.4388934970546687,0.9623664527088808,6653.957887160815
Central,Admin region,cropland,2015-11,2015,11,0.784475306577449,0.5280752771160143,0.9379604447168898,2740.0187003040382
Western,Admin region,cropland,2015-11,2015,11,0.7789208208352036,0.5412863724109569,0.9638713137850513,3706.8906645577026
Uganda (national),Reference,cropland,2015-12,2015,12,0.6665231008693211,0.4092944362385642,0.9941348524792675,27077.93442541493
Karamoja,Focus region,cropland,2015-12,2015,12,0.5089697206358319,0.3007387778992313,0.9996570883864769,1090.6130090109775
Lake Victoria basin,Focus region,cropland,2015-12,2015,12,0.7277718774783821,0.4726829014983532,0.9674065285127572,2526.4562712573393
Northern,Admin region,cropland,2015-12,2015,12,0.6407673460337211,0.37954208424872954,0.9999732514146292,13981.458540091739
Eastern,Admin region,cropland,2015-12,2015,12,0.66227005783283,0.4140630408094265,0.9978963798463555,6653.957887160815
Central,Admin region,cropland,2015-12,2015,12,0.7386657886456621,0.47677398428437695,0.9924542674010053,2740.0187003040382
Western,Admin region,cropland,2015-12,2015,12,0.7205078058024512,0.46563438867304147,0.9658978647909089,3706.8906645577026
Uganda (national),Reference,cropland,2016-01,2016,1,0.534142089920825,0.2901311621557703,0.9947622315158322,27077.93442541493
Karamoja,Focus region,cropland,2016-01,2016,1,0.3762253363943715,0.20674866968544164,1.0,1090.6130090109775
Lake Victoria basin,Focus region,cropland,2016-01,2016,1,0.6321688839091968,0.3766925339439251,0.9802065160406599,2526.4562712573393
Northern,Admin region,cropland,2016-01,2016,1,0.4883140910229029,0.24995293159175952,1.0,13981.458540091739
Eastern,Admin region,cropland,2016-01,2016,1,0.5510302064537582,0.30865227631599146,0.9998313892243262,6653.957887160815
Central,Admin region,cropland,2016-01,2016,1,0.6419464477473993,0.37677058316099715,0.9998050198294833,2740.0187003040382
Western,Admin region,cropland,2016-01,2016,1,0.5997244178661834,0.34667757283492195,0.9608791329282603,3706.8906645577026
Uganda (national),Reference,cropland,2016-02,2016,2,0.4265219615887148,0.23153488406641923,0.9982921709527561,27077.93442541493
Karamoja,Focus region,cropland,2016-02,2016,2,0.2929820182817038,0.16029123699457293,1.0,1090.6130090109775
Lake Victoria basin,Focus region,cropland,2016-02,2016,2,0.5453536497379772,0.3292225153076383,0.9925590339033734,2526.4562712573393
Northern,Admin region,cropland,2016-02,2016,2,0.37671692467737644,0.19512820536952455,1.0,13981.458540091739
Eastern,Admin region,cropland,2016-02,2016,2,0.43874878974584786,0.2408792083560953,0.9999437964081087,6653.957887160815
Central,Admin region,cropland,2016-02,2016,2,0.5360048647057442,0.31442647845702537,0.9999025099147417,2740.0187003040382
Western,Admin region,cropland,2016-02,2016,2,0.5129669248024294,0.29184411128555976,0.9874411600218503,3706.8906645577026
Uganda (national),Reference,cropland,2016-03,2016,3,0.4792559480856548,0.27118609089136253,0.9821381279357421,27077.93442541493
Karamoja,Focus region,cropland,2016-03,2016,3,0.287979456642492,0.16852567608669014,0.9998530378799186,1090.6130090109775
Lake Victoria basin,Focus region,cropland,2016-03,2016,3,0.6063200872654044,0.3818248517729444,0.904538782003493,2526.4562712573393
Northern,Admin region,cropland,2016-03,2016,3,0.43127960486336364,0.2359644736519787,0.9983606938394232,13981.458540091739
Eastern,Admin region,cropland,2016-03,2016,3,0.4721611781341323,0.26056547009247905,0.9999357673235528,6653.957887160815
Central,Admin region,cropland,2016-03,2016,3,0.6060968271008609,0.37306168207930435,0.9322963854575991,2740.0187003040382
Western,Admin region,cropland,2016-03,2016,3,0.5940958823657294,0.3594818547609508,0.9255621748911934,3706.8906645577026
Uganda (national),Reference,cropland,2016-04,2016,4,0.6670125850589588,0.4229923000105557,0.8592176266799785,27077.93442541493
Karamoja,Focus region,cropland,2016-04,2016,4,0.4817203375533775,0.2807079758934871,0.9575677135172298,1090.6130090109775
Lake Victoria basin,Focus region,cropland,2016-04,2016,4,0.7501699908737612,0.527167463567289,0.8035251587248542,2526.4562712573393
Northern,Admin region,cropland,2016-04,2016,4,0.6432639657923375,0.3972566362833069,0.8620667611423705,13981.458540091739
Eastern,Admin region,cropland,2016-04,2016,4,0.6394021446416146,0.3877070813078825,0.8783067233727847,6653.957887160815
Central,Admin region,cropland,2016-04,2016,4,0.754070835800891,0.5144047447960306,0.8477592534721571,2740.0187003040382
Western,Admin region,cropland,2016-04,2016,4,0.7479631657813294,0.5230836766607037,0.8223543451789013,3706.8906645577026
Uganda (national),Reference,cropland,2016-05,2016,5,0.699389055222752,0.4530416425754058,0.9275128997096342,27077.93442541493
Karamoja,Focus region,cropland,2016-05,2016,5,0.5615659645671397,0.34909535194905866,0.9474036980279988,1090.6130090109775
Lake Victoria basin,Focus region,cropland,2016-05,2016,5,0.7346755771237866,0.48958211584231065,0.8603362258537623,2526.4562712573393
Northern,Admin region,cropland,2016-05,2016,5,0.6901395825949856,0.4376148089961029,0.9446753089622701,13981.458540091739
Eastern,Admin region,cropland,2016-05,2016,5,0.665318945503535,0.4297463432935419,0.9380705058159539,6653.957887160815
Central,Admin region,cropland,2016-05,2016,5,0.7581450915988359,0.5122268486656366,0.901325199933049,2740.0187003040382
Western,Admin region,cropland,2016-05,2016,5,0.7590444906716614,0.5166950766560129,0.861891984537488,3706.8906645577026
Uganda (national),Reference,cropland,2016-06,2016,6,0.6530718158455004,0.4150447306104131,0.9960244871259167,27077.93442541493
Karamoja,Focus region,cropland,2016-06,2016,6,0.5322269567939832,0.3373767030008932,0.9983344293057452,1090.6130090109775
Lake Victoria basin,Focus region,cropland,2016-06,2016,6,0.6172803137011256,0.37399333415624486,0.9986475569367004,2526.4562712573393
Northern,Admin region,cropland,2016-06,2016,6,0.6518425622704953,0.41590388097466446,0.9979825422697705,13981.458540091739
Eastern,Admin region,cropland,2016-06,2016,6,0.6334232415669043,0.4022997900322807,0.9932477288081286,6653.957887160815
Central,Admin region,cropland,2016-06,2016,6,0.6809112102029029,0.42286764197269944,0.9937216385093636,2740.0187003040382
Western,Admin region,cropland,2016-06,2016,6,0.672353819856712,0.4287945752746694,0.9950704553720474,3706.8906645577026
Uganda (national),Reference,cropland,2016-07,2016,7,0.6460063792419205,0.3925755348019736,0.9731674913235161,27077.93442541493
Karamoja,Focus region,cropland,2016-07,2016,7,0.6117070029661453,0.38569515820621747,0.9769403946614904,1090.6130090109775
Lake Victoria basin,Focus region,cropland,2016-07,2016,7,0.5184430730367573,0.2893282026413428,0.9530030803758678,2526.4562712573393
Northern,Admin region,cropland,2016-07,2016,7,0.6792870981793371,0.4207719091612211,0.9822377704680961,13981.458540091739
Eastern,Admin region,cropland,2016-07,2016,7,0.6161291324265782,0.3699768350383686,0.9871226393231941,6653.957887160815
Central,Admin region,cropland,2016-07,2016,7,0.599463942334133,0.3450837704323504,0.9287310774611867,2740.0187003040382
Western,Admin region,cropland,2016-07,2016,7,0.605180064394428,0.35874618049573437,0.9464355485170364,3706.8906645577026
Uganda (national),Reference,cropland,2016-08,2016,8,0.6312667860838118,0.3774120386491709,0.9923222203999796,27077.93442541493
Karamoja,Focus region,cropland,2016-08,2016,8,0.5924084290486774,0.3659925549262522,0.9970117702250134,1090.6130090109775
Lake Victoria basin,Focus region,cropland,2016-08,2016,8,0.4807104311064318,0.2654123327303721,0.9772986266263689,2526.4562712573393
Northern,Admin region,cropland,2016-08,2016,8,0.6805311951467815,0.414162646584183,0.9965991683722449,13981.458540091739
Eastern,Admin region,cropland,2016-08,2016,8,0.5782369517524274,0.34171154392269737,0.9942919820994867,6653.957887160815
Central,Admin region,cropland,2016-08,2016,8,0.5695498897968384,0.32445348779013555,0.9877088323646898,2740.0187003040382
Western,Admin region,cropland,2016-08,2016,8,0.584228422823319,0.34048291554220883,0.975404613602523,3706.8906645577026
Uganda (national),Reference,cropland,2016-09,2016,9,0.6016951154971761,0.3809952595296616,0.9840527156852591,27077.93442541493
Karamoja,Focus region,cropland,2016-09,2016,9,0.47705930250269324,0.29698514865528525,0.9900768871232943,1090.6130090109775
Lake Victoria basin,Focus region,cropland,2016-09,2016,9,0.4937137061094809,0.28066957666813036,0.9458200976240159,2526.4562712573393
Northern,Admin region,cropland,2016-09,2016,9,0.6408264111826307,0.4177174307939034,0.9968974638010345,13981.458540091739
Eastern,Admin region,cropland,2016-09,2016,9,0.535462824329772,0.3334529932956945,0.9796284807183581,6653.957887160815
Central,Admin region,cropland,2016-09,2016,9,0.5702751087430776,0.33721895396208684,0.9548967281792147,2740.0187003040382
Western,Admin region,cropland,2016-09,2016,9,0.5928916946619677,0.35628787697125786,0.9646209839251031,3706.8906645577026
Uganda (national),Reference,cropland,2016-10,2016,10,0.6462303909643109,0.4081619221677067,0.9914452793851531,27077.93442541493
Karamoja,Focus region,cropland,2016-10,2016,10,0.43853750115920725,0.25617530606916583,0.9984813914258265,1090.6130090109775
Lake Victoria basin,Focus region,cropland,2016-10,2016,10,0.6353579194115989,0.4299759885934542,0.9677602086688042,2526.4562712573393
Northern,Admin region,cropland,2016-10,2016,10,0.6602112842420857,0.41136506630692204,0.9997363353727744,13981.458540091739
Eastern,Admin region,cropland,2016-10,2016,10,0.5756726185174385,0.348332866278039,0.9907264073379409,6653.957887160815
Central,Admin region,cropland,2016-10,2016,10,0.6776796135076197,0.4547731871311573,0.9907975476541094,2740.0187003040382
Western,Admin region,cropland,2016-10,2016,10,0.6980334489939733,0.4708843529800668,0.9610468252763855,3706.8906645577026
Uganda (national),Reference,cropland,2016-11,2016,11,0.6306678363946311,0.38934849112989467,0.9936238670943116,27077.93442541493
Karamoja,Focus region,cropland,2016-11,2016,11,0.3510429582108288,0.19761834219899557,0.9999020252532791,1090.6130090109775
Lake Victoria basin,Focus region,cropland,2016-11,2016,11,0.7303391660183128,0.4864490245933297,0.9761102944725223,2526.4562712573393
Northern,Admin region,cropland,2016-11,2016,11,0.6175822392554333,0.3708856250929046,0.9998280448083311,13981.458540091739
Eastern,Admin region,cropland,2016-11,2016,11,0.5580500473728204,0.33582771107134896,0.9969168315305362,6653.957887160815
Central,Admin region,cropland,2016-11,2016,11,0.7277452761346189,0.47471006950051187,0.9939542383833682,2740.0187003040382
Western,Admin region,cropland,2016-11,2016,11,0.74332786118673,0.496465343813572,0.9634895268583289,3706.8906645577026
Uganda (national),Reference,cropland,2016-12,2016,12,0.4809595904554721,0.28223684097732593,0.9993250437139675,27077.93442541493
Karamoja,Focus region,cropland,2016-12,2016,12,0.2846856612325259,0.16596903246863903,1.0,1090.6130090109775
Lake Victoria basin,Focus region,cropland,2016-12,2016,12,0.6219574012425515,0.3894467656430462,0.9974490248627613,2526.4562712573393
Northern,Admin region,cropland,2016-12,2016,12,0.4558740671400891,0.2595837967139879,1.0,13981.458540091739
Eastern,Admin region,cropland,2016-12,2016,12,0.4110543954184339,0.24213655244207585,1.0,6653.957887160815
Central,Admin region,cropland,2016-12,2016,12,0.6066237934009474,0.3715025258835484,0.9999805019829483,2740.0187003040382
Western,Admin region,cropland,2016-12,2016,12,0.609484891419133,0.37464469795129063,0.9951129012613097,3706.8906645577026
Uganda (national),Reference,cropland,2017-01,2017,1,0.3694795917689514,0.20231398499416364,0.9990332123400576,27077.93442541493
Karamoja,Focus region,cropland,2017-01,2017,1,0.24849930408153195,0.1393501808690669,1.0,1090.6130090109775
Lake Victoria basin,Focus region,cropland,2017-01,2017,1,0.5097108772501426,0.2943812550978891,0.9923745231537356,2526.4562712573393
Northern,Admin region,cropland,2017-01,2017,1,0.33357727816015803,0.17517280125616758,1.0,13981.458540091739
Eastern,Admin region,cropland,2017-01,2017,1,0.3369789841685904,0.18981138353113214,0.9999518254926646,6653.957887160815
Central,Admin region,cropland,2017-01,2017,1,0.4882489947828612,0.2714941797803932,0.9978447427190773,2740.0187003040382
Western,Admin region,cropland,2017-01,2017,1,0.4767686450268933,0.27692939128782357,0.9945613307775368,3706.8906645577026
Uganda (national),Reference,cropland,2017-02,2017,2,0.3830909266282433,0.21285929591462469,0.9901072824032948,27077.93442541493
Karamoja,Focus region,cropland,2017-02,2017,2,0.24817894666773474,0.14067248966126278,1.0,1090.6130090109775
Lake Victoria basin,Focus region,cropland,2017-02,2017,2,0.5537030312031446,0.3152063305946357,0.956042490711024,2526.4562712573393
Northern,Admin region,cropland,2017-02,2017,2,0.3320378389668891,0.17933527103077346,0.999445922160178,13981.458540091739
Eastern,Admin region,cropland,2017-02,2017,2,0.36865511572082676,0.21443052825190465,0.9986627323522609,6653.957887160815
Central,Admin region,cropland,2017-02,2017,2,0.5440840941408631,0.30382628705788783,0.986018468980528,2740.0187003040382
Western,Admin region,cropland,2017-02,2017,2,0.4906700723590408,0.2738909589919847,0.9422093848369831,3706.8906645577026
Uganda (national),Reference,cropland,2017-03,2017,3,0.47054402365836495,0.2806709651680394,0.9891920877014674,27077.93442541493
Karamoja,Focus region,cropland,2017-03,2017,3,0.25372736138283586,0.14940230904156215,0.9995101262663957,1090.6130090109775
Lake Victoria basin,Focus region,cropland,2017-03,2017,3,0.6451312665339274,0.4031293385061311,0.9580889429715006,2526.4562712573393
Northern,Admin region,cropland,2017-03,2017,3,0.42169706810187185,0.24365038603466757,0.9970844041945918,13981.458540091739
Eastern,Admin region,cropland,2017-03,2017,3,0.4416420938798186,0.27423071416303335,0.9996708075332082,6653.957887160815
Central,Admin region,cropland,2017-03,2017,3,0.6320478652604293,0.3948064719153446,0.9792696318078569,2740.0187003040382
Western,Admin region,cropland,2017-03,2017,3,0.596300307696005,0.3528205592100066,0.9478241112432718,3706.8906645577026
Uganda (national),Reference,cropland,2017-04,2017,4,0.5404596900260199,0.3293101032081586,0.7878992987783486,27077.93442541493
Karamoja,Focus region,cropland,2017-04,2017,4,0.3139358322548433,0.18036693877403512,0.7441222355992971,1090.6130090109775
Lake Victoria basin,Focus region,cropland,2017-04,2017,4,0.6937828118595276,0.4740217993631586,0.6773254449528556,2526.4562712573393
Northern,Admin region,cropland,2017-04,2017,4,0.5061457794694141,0.2920585598806513,0.8034497163533553,13981.458540091739
Eastern,Admin region,cropland,2017-04,2017,4,0.513242962461469,0.32173465977188126,0.8877901427779048,6653.957887160815
Central,Admin region,cropland,2017-04,2017,4,0.6910781036843342,0.46580307297015594,0.6994860093316744,2740.0187003040382
Western,Admin region,cropland,2017-04,2017,4,0.6535077003747745,0.41766057258970773,0.6148163282723252,3706.8906645577026
Uganda (national),Reference,cropland,2017-05,2017,5,0.6554893016127513,0.413162389810568,0.9834202996037431,27077.93442541493
Karamoja,Focus region,cropland,2017-05,2017,5,0.4367096819452415,0.25673880233496416,0.9839336783965491,1090.6130090109775
Lake Victoria basin,Focus region,cropland,2017-05,2017,5,0.7154597161809748,0.4714443577004187,0.9418970259189091,2526.4562712573393
Northern,Admin region,cropland,2017-05,2017,5,0.6308984798326899,0.3863263748481653,0.9963382310517628,13981.458540091739
Eastern,Admin region,cropland,2017-05,2017,5,0.6458008277728186,0.41674067954439287,0.9797551513347048,6653.957887160815
Central,Admin region,cropland,2017-05,2017,5,0.7411680840916023,0.489642039446522,0.9849084583391987,2740.0187003040382
Western,Admin region,cropland,2017-05,2017,5,0.7060558348456165,0.4549200437234644,0.9398474491348751,3706.8906645577026
Uganda (national),Reference,cropland,2017-06,2017,6,0.634700945105126,0.39811016621639583,0.990619993227612,27077.93442541493
Karamoja,Focus region,cropland,2017-06,2017,6,0.5099413934159285,0.31956156065414243,0.9909876680531052,1090.6130090109775
Lake Victoria basin,Focus region,cropland,2017-06,2017,6,0.6041858451750035,0.37556635382238523,0.9691155541483906,2526.4562712573393
Northern,Admin region,cropland,2017-06,2017,6,0.6431166028985642,0.40393976701899204,0.9986084291970415,13981.458540091739
Eastern,Admin region,cropland,2017-06,2017,6,0.6110515002115138,0.3873333022167426,0.9886009039930558,6653.957887160815
Central,Admin region,cropland,2017-06,2017,6,0.6603213890416142,0.41213906789328353,0.981564280794996,2740.0187003040382
Western,Admin region,cropland,2017-06,2017,6,0.6260176604856548,0.3844876649063883,0.9707663687259142,3706.8906645577026
Uganda (national),Reference,cropland,2017-07,2017,7,0.6384926320288481,0.3959716316056104,0.9596153180142584,27077.93442541493
Karamoja,Focus region,cropland,2017-07,2017,7,0.5966654142901723,0.3791593703147393,0.9744497229139688,1090.6130090109775
Lake Victoria basin,Focus region,cropland,2017-07,2017,7,0.5271520773428873,0.29449093728479514,0.9384161166034964,2526.4562712573393
Northern,Admin region,cropland,2017-07,2017,7,0.6786132349197501,0.43461654346573814,0.98368635996424,13981.458540091739
Eastern,Admin region,cropland,2017-07,2017,7,0.5955718831286885,0.36211589571985076,0.9496773189633502,6653.957887160815
Central,Admin region,cropland,2017-07,2017,7,0.612951428829566,0.3481683134061502,0.9279861002841893,2740.0187003040382
Western,Admin region,cropland,2017-07,2017,7,0.5740940013413258,0.3374914990061487,0.90762649765177,3706.8906645577026
Uganda (national),Reference,cropland,2017-08,2017,8,0.6564781506793504,0.4158184859512819,0.9449379493318775,27077.93442541493
Karamoja,Focus region,cropland,2017-08,2017,8,0.6170653253172181,0.40494323149529565,0.9719302350644703,1090.6130090109775
Lake Victoria basin,Focus region,cropland,2017-08,2017,8,0.526002741720625,0.3070217207620088,0.8123147532805182,2526.4562712573393
Northern,Admin region,cropland,2017-08,2017,8,0.7009710490506489,0.456211849497921,0.9779151990721883,13981.458540091739
Eastern,Admin region,cropland,2017-08,2017,8,0.6100070267822215,0.37310272403349765,0.9585900751194855,6653.957887160815
Central,Admin region,cropland,2017-08,2017,8,0.6071213917673788,0.36386957442865947,0.8520985180513021,2740.0187003040382
Western,Admin region,cropland,2017-08,2017,8,0.5948106619245949,0.3660270581942461,0.8639681593659453,3706.8906645577026
Uganda (national),Reference,cropland,2017-09,2017,9,0.6667112469470257,0.44410693163475234,0.9916457321094919,27077.93442541493
Karamoja,Focus region,cropland,2017-09,2017,9,0.5977643500961535,0.39939732197985905,0.9993631641463143,1090.6130090109775
Lake Victoria basin,Focus region,cropland,2017-09,2017,9,0.6072502938564533,0.37583197312202593,0.9563886245847264,2526.4562712573393
Northern,Admin region,cropland,2017-09,2017,9,0.6918966906389972,0.46794887340916413,0.998460045727943,13981.458540091739
Eastern,Admin region,cropland,2017-09,2017,9,0.6245889753846708,0.4143794745479571,0.9959292541301611,6653.957887160815
Central,Admin region,cropland,2017-09,2017,9,0.6562462312479138,0.41821386033671865,0.9671163266225238,2740.0187003040382
Western,Admin region,cropland,2017-09,2017,9,0.6541307912584049,0.4254141635417064,0.9763771387909927,3706.8906645577026
Uganda (national),Reference,cropland,2017-10,2017,10,0.708832090556231,0.4649701518323098,0.9554318471414855,27077.93442541493
Karamoja,Focus region,cropland,2017-10,2017,10,0.6010582788495408,0.3561454188400689,0.968755853270714,1090.6130090109775
Lake Victoria basin,Focus region,cropland,2017-10,2017,10,0.7068579633914869,0.48640355398999935,0.9629205539004414,2526.4562712573393
Northern,Admin region,cropland,2017-10,2017,10,0.7134620464473275,0.4638846949532411,0.9846492490967781,13981.458540091739
Eastern,Admin region,cropland,2017-10,2017,10,0.6681804166870531,0.43155577570946485,0.8970666951809371,6653.957887160815
Central,Admin region,cropland,2017-10,2017,10,0.7397184883316803,0.48249207528912885,0.9666762066768397,2740.0187003040382
Western,Admin region,cropland,2017-10,2017,10,0.7367985511680265,0.5132449234036377,0.9395907956286951,3706.8906645577026
Uganda (national),Reference,cropland,2017-11,2017,11,0.6616050229429081,0.428900397010083,0.9928259713194528,27077.93442541493
Karamoja,Focus region,cropland,2017-11,2017,11,0.5132888149915964,0.3108712429134001,1.0,1090.6130090109775
Lake Victoria basin,Focus region,cropland,2017-11,2017,11,0.7292615912499189,0.4874709395566749,0.9656005621731567,2526.4562712573393
Northern,Admin region,cropland,2017-11,2017,11,0.6423380739439102,0.41193084417891085,1.0,13981.458540091739
Eastern,Admin region,cropland,2017-11,2017,11,0.6359416704018123,0.40841762256208625,0.9970372677988747,6653.957887160815
Central,Admin region,cropland,2017-11,2017,11,0.7299546416706849,0.48921725252976206,0.9867878377945433,2740.0187003040382
Western,Admin region,cropland,2017-11,2017,11,0.7334256074957809,0.48804502413376,0.9617767137103895,3706.8906645577026
Uganda (national),Reference,cropland,2017-12,2017,12,0.4864804065539598,0.2850487713102916,0.9967357395377017,27077.93442541493
Karamoja,Focus region,cropland,2017-12,2017,12,0.3400606053533016,0.20157020552412358,1.0,1090.6130090109775
Lake Victoria basin,Focus region,cropland,2017-12,2017,12,0.591205980224837,0.35505154024843155,0.988312550097778,2526.4562712573393
Northern,Admin region,cropland,2017-12,2017,12,0.462112298427867,0.26344487688839957,1.0,13981.458540091739
Eastern,Admin region,cropland,2017-12,2017,12,0.4655694235674693,0.2874029300653195,0.9997591274633232,6653.957887160815
Central,Admin region,cropland,2017-12,2017,12,0.5541298379138764,0.3240828006838336,0.9998050198294833,2740.0187003040382
Western,Admin region,cropland,2017-12,2017,12,0.5681575865020916,0.3347897270264774,0.9755428594682167,3706.8906645577026
Uganda (national),Reference,cropland,2018-01,2018,1,0.384075104683691,0.21346348618743696,0.9947392204994205,27077.93442541493
Karamoja,Focus region,cropland,2018-01,2018,1,0.2866977508071872,0.17413411626682387,1.0,1090.6130090109775
Lake Victoria basin,Focus region,cropland,2018-01,2018,1,0.4901518729071914,0.26939995395408584,0.9809749929471284,2526.4562712573393
Northern,Admin region,cropland,2018-01,2018,1,0.35521024549566954,0.19406724035563983,1.0,13981.458540091739
Eastern,Admin region,cropland,2018-01,2018,1,0.3795465306828921,0.21931372051269898,0.9997912438015467,6653.957887160815
Central,Admin region,cropland,2018-01,2018,1,0.4538863597490771,0.24560397035055723,0.9968204468899631,2740.0187003040382
Western,Admin region,cropland,2018-01,2018,1,0.4525225322403991,0.2541105637610098,0.9637764746343424,3706.8906645577026
Uganda (national),Reference,cropland,2018-02,2018,2,0.3885415190235022,0.21410892079249516,0.9642858734550085,27077.93442541493
Karamoja,Focus region,cropland,2018-02,2018,2,0.27343200317246064,0.16119963690750969,1.0,1090.6130090109775
Lake Victoria basin,Focus region,cropland,2018-02,2018,2,0.5089463295588185,0.2815866331936761,0.8285848697204841,2526.4562712573393
Northern,Admin region,cropland,2018-02,2018,2,0.36916612277919236,0.20338943447132876,0.9997707264111081,13981.458540091739
Eastern,Admin region,cropland,2018-02,2018,2,0.3652152004950818,0.20606488581571403,0.9993175278127489,6653.957887160815
Central,Admin region,cropland,2018-02,2018,2,0.47535212324684417,0.25192836145286207,0.8516419586010454,2740.0187003040382
Western,Admin region,cropland,2018-02,2018,2,0.4598699661679971,0.2508735037068585,0.8499924970814918,3706.8906645577026
Uganda (national),Reference,cropland,2018-03,2018,3,0.5956063606380552,0.36236046589293835,0.9173869383033333,27077.93442541493
Karamoja,Focus region,cropland,2018-03,2018,3,0.4615864595535248,0.28181668999622894,0.9790823915750939,1090.6130090109775
Lake Victoria basin,Focus region,cropland,2018-03,2018,3,0.6633277863584495,0.4300858257204097,0.8178145004385966,2526.4562712573393
Northern,Admin region,cropland,2018-03,2018,3,0.5949855331121627,0.3573931145181749,0.9364424390448066,13981.458540091739
Eastern,Admin region,cropland,2018-03,2018,3,0.5312052267710577,0.32063008720432973,0.9580154760447382,6653.957887160815
Central,Admin region,cropland,2018-03,2018,3,0.6718805882971594,0.42177099039900257,0.7982844497655764,2740.0187003040382
Western,Admin region,cropland,2018-03,2018,3,0.6744663006222611,0.425335883812783,0.8596303703446226,3706.8906645577026
Uganda (national),Reference,cropland,2018-04,2018,4,0.6950628236240334,0.45613064097050027,0.7419686059171088,27077.93442541493
Karamoja,Focus region,cropland,2018-04,2018,4,0.5944914143370705,0.36208643173214233,0.8618565676603036,1090.6130090109775
Lake Victoria basin,Focus region,cropland,2018-04,2018,4,0.763594960394725,0.518676413857307,0.7389811424209037,2526.4562712573393
Northern,Admin region,cropland,2018-04,2018,4,0.6734661320099153,0.43132023954108045,0.7391998990117273,13981.458540091739
Eastern,Admin region,cropland,2018-04,2018,4,0.6641427427803809,0.435817830507214,0.7417906231375672,6653.957887160815
Central,Admin region,cropland,2018-04,2018,4,0.7702235490860392,0.5241531102177494,0.8419392100764528,2740.0187003040382
Western,Admin region,cropland,2018-04,2018,4,0.7760860740631342,0.5357915912607369,0.6758218097830708,3706.8906645577026
Uganda (national),Reference,cropland,2018-05,2018,5,0.7082077840918517,0.45950071609212634,0.9764137391273722,27077.93442541493
Karamoja,Focus region,cropland,2018-05,2018,5,0.6068238139237007,0.38183163001597,0.9790649098065614,1090.6130090109775
Lake Victoria basin,Focus region,cropland,2018-05,2018,5,0.7466439108656304,0.5149610958394376,0.9647415298785512,2526.4562712573393
Northern,Admin region,cropland,2018-05,2018,5,0.6924978912802796,0.4328804803246201,0.9926059567286413,13981.458540091739
Eastern,Admin region,cropland,2018-05,2018,5,0.6890571534423106,0.4553999593255618,0.9561842150338722,6653.957887160815
Central,Admin region,cropland,2018-05,2018,5,0.7606079846951906,0.5278848554822916,0.9732205822903105,2740.0187003040382
Western,Admin region,cropland,2018-05,2018,5,0.7649681717787957,0.5199545723725574,0.9528339130786185,3706.8906645577026
Uganda (national),Reference,cropland,2018-06,2018,6,0.6909282432425484,0.44365424020477506,0.9862474822899512,27077.93442541493
Karamoja,Focus region,cropland,2018-06,2018,6,0.6259061353700596,0.40109260421152515,0.982302879132013,1090.6130090109775
Lake Victoria basin,Focus region,cropland,2018-06,2018,6,0.693426966098121,0.42803095395927643,0.9756299031140273,2526.4562712573393
Northern,Admin region,cropland,2018-06,2018,6,0.6871808023252248,0.43922389589890937,0.99639550449338,13981.458540091739
Eastern,Admin region,cropland,2018-06,2018,6,0.6782449735619572,0.4460204464737473,0.9691244544630628,6653.957887160815
Central,Admin region,cropland,2018-06,2018,6,0.7125128729615985,0.4460900242249096,0.9707420402403898,2740.0187003040382
Western,Admin region,cropland,2018-06,2018,6,0.7116515199368181,0.45432598149526954,0.9900114253482218,3706.8906645577026
Uganda (national),Reference,cropland,2018-07,2018,7,0.6343484538331189,0.39978795306986553,0.9891608750450432,27077.93442541493
Karamoja,Focus region,cropland,2018-07,2018,7,0.6295157678243636,0.407996640234379,0.9836382172976145,1090.6130090109775
Lake Victoria basin,Focus region,cropland,2018-07,2018,7,0.530625736237395,0.3119477534414452,0.985075692528965,2526.4562712573393
Northern,Admin region,cropland,2018-07,2018,7,0.6570961937842041,0.41985857425894857,0.9961596224304555,13981.458540091739
Eastern,Admin region,cropland,2018-07,2018,7,0.6325537195735944,0.40008479921244505,0.9753243561240945,6653.957887160815
Central,Admin region,cropland,2018-07,2018,7,0.5729286500473706,0.34058158436704034,0.9808297025604261,2740.0187003040382
Western,Admin region,cropland,2018-07,2018,7,0.5958176694120357,0.36604356967180496,0.9935947966200411,3706.8906645577026
Uganda (national),Reference,cropland,2018-08,2018,8,0.6165890368752217,0.3742763857665524,0.9549209236556994,27077.93442541493
Karamoja,Focus region,cropland,2018-08,2018,8,0.5842170450710034,0.36791042935016494,0.9476814852510546,1090.6130090109775
Lake Victoria basin,Focus region,cropland,2018-08,2018,8,0.5056121446149615,0.27864064749934575,0.8054900116245918,2526.4562712573393
Northern,Admin region,cropland,2018-08,2018,8,0.6461144690055762,0.40164572121427483,0.9864850711949189,13981.458540091739
Eastern,Admin region,cropland,2018-08,2018,8,0.5835597464141146,0.35511993591900914,0.9666503943886333,6653.957887160815
Central,Admin region,cropland,2018-08,2018,8,0.5716470747482303,0.31854462460901073,0.8472003867794878,2740.0187003040382
Western,Admin region,cropland,2018-08,2018,8,0.5889737935556689,0.3361730989277708,0.8934444839136579,3706.8906645577026
Uganda (national),Reference,cropland,2018-09,2018,9,0.6282167740578861,0.3812707363865244,0.9852957980274654,27077.93442541493
Karamoja,Focus region,cropland,2018-09,2018,9,0.5276651381407621,0.31141166093236183,0.9986773409192682,1090.6130090109775
Lake Victoria basin,Focus region,cropland,2018-09,2018,9,0.5990997347558084,0.35266516723817043,0.9238381917847024,2526.4562712573393
Northern,Admin region,cropland,2018-09,2018,9,0.6474377347836222,0.3881304420211478,0.9992166485712861,13981.458540091739
Eastern,Admin region,cropland,2018-09,2018,9,0.5763882734878157,0.3575703025582238,0.9985868811181624,6653.957887160815
Central,Admin region,cropland,2018-09,2018,9,0.6368700982271895,0.3737552472777738,0.9561199802450677,2740.0187003040382
Western,Admin region,cropland,2018-09,2018,9,0.6435833384974332,0.4048034417364945,0.9301110629756264,3706.8906645577026
Uganda (national),Reference,cropland,2018-10,2018,10,0.6519139230624054,0.4264559444792226,0.9765951269073804,27077.93442541493
Karamoja,Focus region,cropland,2018-10,2018,10,0.4510641890326282,0.27282492214222814,0.982462520336964,1090.6130090109775
Lake Victoria basin,Focus region,cropland,2018-10,2018,10,0.6893971907689609,0.4767945893168202,0.9485794662506207,2526.4562712573393
Northern,Admin region,cropland,2018-10,2018,10,0.6505710394843894,0.41557460445652467,0.9973213202364467,13981.458540091739
Eastern,Admin region,cropland,2018-10,2018,10,0.6053629842618012,0.3918311836337887,0.987956373166157,6653.957887160815
Central,Admin region,cropland,2018-10,2018,10,0.695968632823026,0.48608647660351,0.9512420351556128,2740.0187003040382
Western,Admin region,cropland,2018-10,2018,10,0.7152171068118016,0.4939305043536661,0.8967424899459477,3706.8906645577026
Uganda (national),Reference,cropland,2018-11,2018,11,0.6372925331661194,0.39190775254297006,0.9783486839663912,27077.93442541493
Karamoja,Focus region,cropland,2018-11,2018,11,0.40535564688274933,0.2286181123575335,0.9994109988755958,1090.6130090109775
Lake Victoria basin,Focus region,cropland,2018-11,2018,11,0.7331168068939348,0.49684936961846576,0.8633112854735389,2526.4562712573393
Northern,Admin region,cropland,2018-11,2018,11,0.6272285918517124,0.3784535072656928,0.9986205372401673,13981.458540091739
Eastern,Admin region,cropland,2018-11,2018,11,0.5813024428857365,0.340226560250541,0.9961781557513939,6653.957887160815
Central,Admin region,cropland,2018-11,2018,11,0.726172706097371,0.48035756950313474,0.9462616298981216,2740.0187003040382
Western,Admin region,cropland,2018-11,2018,11,0.7227464745122801,0.4833464835217608,0.8933176549183112,3706.8906645577026
Uganda (national),Reference,cropland,2018-12,2018,12,0.5770177876054334,0.3445078138614951,0.9879390860172839,27077.93442541493
Karamoja,Focus region,cropland,2018-12,2018,12,0.3646757237865235,0.20797817499031998,0.99774658082542,1090.6130090109775
Lake Victoria basin,Focus region,cropland,2018-12,2018,12,0.7205233207262448,0.4647744552460748,0.9475018405465565,2526.4562712573393
Northern,Admin region,cropland,2018-12,2018,12,0.5417649179779586,0.3100611915453257,0.9965112202223622,13981.458540091739
Eastern,Admin region,cropland,2018-12,2018,12,0.5392474232027896,0.3295412897700193,0.9978080599162406,6653.957887160815
Central,Admin region,cropland,2018-12,2018,12,0.7032034991279015,0.4475556610283337,0.968259369198623,2740.0187003040382
Western,Admin region,cropland,2018-12,2018,12,0.692937296934621,0.4315359974135136,0.9524726426070251,3706.8906645577026
Uganda (national),Reference,cropland,2019-01,2019,1,0.451931802678258,0.2491303242170155,0.9979084966855006,27077.93442541493
Karamoja,Focus region,cropland,2019-01,2019,1,0.29044100219136854,0.1647552523205127,1.0,1090.6130090109775
Lake Victoria basin,Focus region,cropland,2019-01,2019,1,0.6182355663514884,0.3778198653902398,0.9900951312547277,2526.4562712573393
Northern,Admin region,cropland,2019-01,2019,1,0.4061488170891423,0.2108661144207682,1.0,13981.458540091739
Eastern,Admin region,cropland,2019-01,2019,1,0.42236337823386405,0.23963557967440074,1.0,6653.957887160815
Central,Admin region,cropland,2019-01,2019,1,0.600761820753703,0.35922195171212845,0.9986936328575384,2740.0187003040382
Western,Admin region,cropland,2019-01,2019,1,0.5699107604072752,0.33080654799917636,0.9854761583813818,3706.8906645577026
Uganda (national),Reference,cropland,2019-02,2019,2,0.38629486619541936,0.22145317309280885,0.9974865300442632,27077.93442541493
Karamoja,Focus region,cropland,2019-02,2019,2,0.2611760908767645,0.1576890471629299,1.0,1090.6130090109775
Lake Victoria basin,Focus region,cropland,2019-02,2019,2,0.5701309533116415,0.3449475891760122,0.9922131488082097,2526.4562712573393
Northern,Admin region,cropland,2019-02,2019,2,0.33921169692055875,0.18502839472762048,0.9997707264111081,13981.458540091739
Eastern,Admin region,cropland,2019-02,2019,2,0.36836633489957127,0.22272835403370386,0.9998795637316615,6653.957887160815
Central,Admin region,cropland,2019-02,2019,2,0.5360814845176846,0.32274136387955216,0.9949890096177219,2740.0187003040382
Western,Admin region,cropland,2019-02,2019,2,0.48769117792610683,0.2831771366456467,0.9863058596521869,3706.8906645577026
Uganda (national),Reference,cropland,2019-03,2019,3,0.39433944882750466,0.2238037303063259,0.9946076925007701,27077.93442541493
Karamoja,Focus region,cropland,2019-03,2019,3,0.2549829938630225,0.1472769359989918,0.9999510126266395,1090.6130090109775
Lake Victoria basin,Focus region,cropland,2019-03,2019,3,0.5871557380742369,0.3489025437934689,0.9774771666910745,2526.4562712573393
Northern,Admin region,cropland,2019-03,2019,3,0.33999428862817604,0.19034010019569772,0.9996560896166622,13981.458540091739
Eastern,Admin region,cropland,2019-03,2019,3,0.38620329208550386,0.2226763838549563,0.9998153310552144,6653.957887160815
Central,Admin region,cropland,2019-03,2019,3,0.5323962728273441,0.3057252616371683,0.9785104325478333,2740.0187003040382
Western,Admin region,cropland,2019-03,2019,3,0.5170548993035072,0.29465001672019614,0.9780877476916866,3706.8906645577026
Uganda (national),Reference,cropland,2019-04,2019,4,0.5021545221079597,0.2789318112170581,0.8681401985867739,27077.93442541493
Karamoja,Focus region,cropland,2019-04,2019,4,0.26222915100536526,0.14730187957088692,0.8051339919925816,1090.6130090109775
Lake Victoria basin,Focus region,cropland,2019-04,2019,4,0.663327481921451,0.39902795285742426,0.7483564445831707,2526.4562712573393
Northern,Admin region,cropland,2019-04,2019,4,0.4686850606656211,0.24871704494108815,0.8889457327547188,13981.458540091739
Eastern,Admin region,cropland,2019-04,2019,4,0.4583040769586076,0.2620800827143942,0.8965154906545233,6653.957887160815
Central,Admin region,cropland,2019-04,2019,4,0.6184865286216328,0.35306682553767316,0.7938054111661548,2740.0187003040382
Western,Admin region,cropland,2019-04,2019,4,0.6465707809854904,0.38587725239729115,0.7929698642664106,3706.8906645577026
Uganda (national),Reference,cropland,2019-05,2019,5,0.6302415380367354,0.39351164616614986,0.953971104105707,27077.93442541493
Karamoja,Focus region,cropland,2019-05,2019,5,0.40331903515487805,0.23797862524234337,0.9828574930413917,1090.6130090109775
Lake Victoria basin,Focus region,cropland,2019-05,2019,5,0.7172321629745623,0.4582110399979938,0.8864299433829801,2526.4562712573393
Northern,Admin region,cropland,2019-05,2019,5,0.6022405561165185,0.37005808396629786,0.970181216495992,13981.458540091739
Eastern,Admin region,cropland,2019-05,2019,5,0.6014240730109417,0.3711826112456272,0.9481775174549149,6653.957887160815
Central,Admin region,cropland,2019-05,2019,5,0.713920583791129,0.46168387075204953,0.9405684383074712,2740.0187003040382
Western,Admin region,cropland,2019-05,2019,5,0.7326822029991066,0.4773627343855019,0.9127812146137072,3706.8906645577026
Uganda (national),Reference,cropland,2019-06,2019,6,0.700152222589395,0.4549959922176692,0.9815516719878805,27077.93442541493
Karamoja,Focus region,cropland,2019-06,2019,6,0.5934635038829986,0.3869528278920843,0.95840972001699,1090.6130090109775
Lake Victoria basin,Focus region,cropland,2019-06,2019,6,0.7029698230266551,0.4478833749040656,0.9903954898772842,2526.4562712573393
Northern,Admin region,cropland,2019-06,2019,6,0.6957693778564912,0.453025269017358,0.9782407675684147,13981.458540091739
Eastern,Admin region,cropland,2019-06,2019,6,0.6798600263994998,0.4351999736236256,0.9803015698969909,6653.957887160815
Central,Admin region,cropland,2019-06,2019,6,0.7294899552767626,0.4764197077419202,0.9892771611009513,2740.0187003040382
Western,Admin region,cropland,2019-06,2019,6,0.7309160276452994,0.4816854057846679,0.9906457398824349,3706.8906645577026
Uganda (national),Reference,cropland,2019-07,2019,7,0.6878202794619085,0.43484202089076396,0.97962890581054,27077.93442541493
Karamoja,Focus region,cropland,2019-07,2019,7,0.6689938217296497,0.4464089886756217,0.9935336667164225,1090.6130090109775
Lake Victoria basin,Focus region,cropland,2019-07,2019,7,0.6265463762586014,0.371947918803138,0.9434361358125166,2526.4562712573393
Northern,Admin region,cropland,2019-07,2019,7,0.7025921397208468,0.4465980025073107,0.9882669915218674,13981.458540091739
Eastern,Admin region,cropland,2019-07,2019,7,0.6665009591317,0.4237090125682257,0.986173475582263,6653.957887160815
Central,Admin region,cropland,2019-07,2019,7,0.6792760046048396,0.41853786213402294,0.9361169263203578,2740.0187003040382
Western,Admin region,cropland,2019-07,2019,7,0.6760230524564921,0.42156797646367167,0.9674688713660652,3706.8906645577026
Uganda (national),Reference,cropland,2019-08,2019,8,0.6651934191579468,0.42458797417691296,0.9644335648744,27077.93442541493
Karamoja,Focus region,cropland,2019-08,2019,8,0.6829120234040975,0.462138011725337,0.9734033141975207,1090.6130090109775
Lake Victoria basin,Focus region,cropland,2019-08,2019,8,0.5592276549794427,0.31902651773890933,0.9082798307443503,2526.4562712573393
Northern,Admin region,cropland,2019-08,2019,8,0.6999941173518659,0.4559908275054624,0.9789966061664617,13981.458540091739
Eastern,Admin region,cropland,2019-08,2019,8,0.6259463210851319,0.39415238889083615,0.9797045838453058,6653.957887160815
Central,Admin region,cropland,2019-08,2019,8,0.631218927946637,0.37896336168800837,0.8978427011619975,2740.0187003040382
Western,Admin region,cropland,2019-08,2019,8,0.6255492026177718,0.3899426235536603,0.9313217033857522,3706.8906645577026
Uganda (national),Reference,cropland,2019-09,2019,9,0.6673741355138108,0.43488253125322623,0.9769670480697502,27077.93442541493
Karamoja,Focus region,cropland,2019-09,2019,9,0.6202786328513272,0.4094155377374056,0.9945624015569916,1090.6130090109775
Lake Victoria basin,Focus region,cropland,2019-09,2019,9,0.5985822643537525,0.36952999995944824,0.9406728696554701,2526.4562712573393
Northern,Admin region,cropland,2019-09,2019,9,0.7010424359311648,0.4609012912512192,0.9942278950402293,13981.458540091739
Eastern,Admin region,cropland,2019-09,2019,9,0.6206806227300902,0.4017451593244182,0.9754470594280722,6653.957887160815
Central,Admin region,cropland,2019-09,2019,9,0.6429542797481964,0.41115129615323287,0.971543982212303,2740.0187003040382
Western,Admin region,cropland,2019-09,2019,9,0.6380479962183169,0.4103367735529176,0.9180724253473735,3706.8906645577026
Uganda (national),Reference,cropland,2019-10,2019,10,0.7194585573817175,0.48954011399415326,0.9322208035620246,27077.93442541493
Karamoja,Focus region,cropland,2019-10,2019,10,0.6202149761821204,0.40019597998289863,0.9717125774408728,1090.6130090109775
Lake Victoria basin,Focus region,cropland,2019-10,2019,10,0.6916441569240044,0.47935414013195005,0.8221478079542459,2526.4562712573393
Northern,Admin region,cropland,2019-10,2019,10,0.7328392275835294,0.49300323088069026,0.9913200016285918,13981.458540091739
Eastern,Admin region,cropland,2019-10,2019,10,0.6792080958933763,0.46696028980138765,0.8679516287643498,6653.957887160815
Central,Admin region,cropland,2019-10,2019,10,0.7228736510514291,0.4893004796651689,0.8254103969391019,2740.0187003040382
Western,Admin region,cropland,2019-10,2019,10,0.7313565245204827,0.5143454537861117,0.9029922091163709,3706.8906645577026
Uganda (national),Reference,cropland,2019-11,2019,11,0.7155052159191165,0.4716321012523226,0.9528926271310685,27077.93442541493
Karamoja,Focus region,cropland,2019-11,2019,11,0.548449411835174,0.3349568944501758,0.9910353106750402,1090.6130090109775
Lake Victoria basin,Focus region,cropland,2019-11,2019,11,0.7578176510806953,0.534026631030415,0.7655034224463588,2526.4562712573393
Northern,Admin region,cropland,2019-11,2019,11,0.7087009461974523,0.4600494957942514,0.9957972203079877,13981.458540091739
Eastern,Admin region,cropland,2019-11,2019,11,0.6868462904075183,0.44288266159940287,0.9830243426730164,6653.957887160815
Central,Admin region,cropland,2019-11,2019,11,0.7681466904836218,0.5295043442695957,0.8644205766626475,2740.0187003040382
Western,Admin region,cropland,2019-11,2019,11,0.768812229897052,0.543457703787522,0.8000245858346592,3706.8906645577026
Uganda (national),Reference,cropland,2019-12,2019,12,0.6840577658514821,0.4351941924347781,0.9895214609219243,27077.93442541493
Karamoja,Focus region,cropland,2019-12,2019,12,0.5270916841391632,0.3166649456570301,0.9997060757598374,1090.6130090109775
Lake Victoria basin,Focus region,cropland,2019-12,2019,12,0.74454514279409,0.4844858609208882,0.9345377421092009,2526.4562712573393
Northern,Admin region,cropland,2019-12,2019,12,0.6725368587263146,0.42152444123869903,0.9997783688640712,13981.458540091739
Eastern,Admin region,cropland,2019-12,2019,12,0.6537155641612094,0.41966937364222046,0.9994941676729786,6653.957887160815
Central,Admin region,cropland,2019-12,2019,12,0.7492842649086653,0.48994638848445693,0.9926297495544704,2740.0187003040382
Western,Admin region,cropland,2019-12,2019,12,0.7380555745207776,0.47762759307644287,0.9304020801311697,3706.8906645577026
Uganda (national),Reference,cropland,2020-01,2020,1,0.5794244513386588,0.3381888631124525,0.9961298627252824,27077.93442541493
Karamoja,Focus region,cropland,2020-01,2020,1,0.42696048196275327,0.25115573884197323,1.0,1090.6130090109775
Lake Victoria basin,Focus region,cropland,2020-01,2020,1,0.6688670541388386,0.40919247507243167,0.9849234400631962,2526.4562712573393
Northern,Admin region,cropland,2020-01,2020,1,0.5545311776101433,0.31274670980561636,1.0,13981.458540091739
Eastern,Admin region,cropland,2020-01,2020,1,0.565134842386921,0.3448588384702719,0.9998635055625498,6653.957887160815
Central,Admin region,cropland,2020-01,2020,1,0.6561184390873916,0.39195826593200234,1.0,2740.0187003040382
Western,Admin region,cropland,2020-01,2020,1,0.6443763232096583,0.3839504488958411,0.971782244110209,3706.8906645577026
Uganda (national),Reference,cropland,2020-02,2020,2,0.5589761509060907,0.32001960887093034,0.9956068302143838,27077.93442541493
Karamoja,Focus region,cropland,2020-02,2020,2,0.4253834840082823,0.2426754188974917,0.9999020252532791,1090.6130090109775
Lake Victoria basin,Focus region,cropland,2020-02,2020,2,0.6409051419504939,0.39536046475508757,0.9725550833001766,2526.4562712573393
Northern,Admin region,cropland,2020-02,2020,2,0.5336236270082112,0.2932811499556391,0.9999694301881478,13981.458540091739
Eastern,Admin region,cropland,2020-02,2020,2,0.5586778082676916,0.32847986204579893,0.9999357673235528,6653.957887160815
Central,Admin region,cropland,2020-02,2020,2,0.6378735948997082,0.3790153609483972,0.9870154675857701,2740.0187003040382
Western,Admin region,cropland,2020-02,2020,2,0.5989403942675139,0.3639509737245169,0.9777301509655026,3706.8906645577026
Uganda (national),Reference,cropland,2020-03,2020,3,0.5822012973446281,0.35150542371817234,0.9025830709298566,27077.93442541493
Karamoja,Focus region,cropland,2020-03,2020,3,0.49333399361811414,0.28513291178096367,0.9769294445427393,1090.6130090109775
Lake Victoria basin,Focus region,cropland,2020-03,2020,3,0.6523971797637885,0.4395749098082755,0.8465774458371805,2526.4562712573393
Northern,Admin region,cropland,2020-03,2020,3,0.5665034226042329,0.33082786303141043,0.88207567703779,13981.458540091739
Eastern,Admin region,cropland,2020-03,2020,3,0.5755071043258118,0.3427922720138612,0.9882081715551512,6653.957887160815
Central,Admin region,cropland,2020-03,2020,3,0.6358269425346617,0.42108039148037885,0.9112187231735002,2740.0187003040382
Western,Admin region,cropland,2020-03,2020,3,0.6168261594501517,0.3975237575438796,0.8187879861742831,3706.8906645577026
Uganda (national),Reference,cropland,2020-04,2020,4,0.6349499754000903,0.39616072771783944,0.9010797335277875,27077.93442541493
Karamoja,Focus region,cropland,2020-04,2020,4,0.5549538584923387,0.3281835967194008,0.9050820653768196,1090.6130090109775
Lake Victoria basin,Focus region,cropland,2020-04,2020,4,0.7354790298943901,0.48330965475405585,0.8350458142264504,2526.4562712573393
Northern,Admin region,cropland,2020-04,2020,4,0.6113559606088416,0.37026268671774154,0.8808156163666037,13981.458540091739
Eastern,Admin region,cropland,2020-04,2020,4,0.6072677222666766,0.3821837380630159,0.9654276750138919,6653.957887160815
Central,Admin region,cropland,2020-04,2020,4,0.7224423791423499,0.4698178595321144,0.9051064389104567,2740.0187003040382
Western,Admin region,cropland,2020-04,2020,4,0.7143148755060699,0.46743861287405725,0.858838028238668,3706.8906645577026
Uganda (national),Reference,cropland,2020-05,2020,5,0.6707058848524683,0.42325173985694337,0.9266058137990645,27077.93442541493
Karamoja,Focus region,cropland,2020-05,2020,5,0.569879143190464,0.34204069661821745,0.9371317182100283,1090.6130090109775
Lake Victoria basin,Focus region,cropland,2020-05,2020,5,0.7215647196512458,0.48099926250234926,0.8846311916210062,2526.4562712573393
Northern,Admin region,cropland,2020-05,2020,5,0.6531216075260956,0.39815982346300244,0.944367288137455,13981.458540091739
Eastern,Admin region,cropland,2020-05,2020,5,0.6541957908700827,0.41809984166658565,0.9343363832519468,6653.957887160815
Central,Admin region,cropland,2020-05,2020,5,0.7401914992807302,0.490511739225519,0.8531070625411513,2740.0187003040382
Western,Admin region,cropland,2020-05,2020,5,0.7226136905895632,0.4853583995534349,0.8994160157778888,3706.8906645577026
Uganda (national),Reference,cropland,2020-06,2020,6,0.6723266473985972,0.41506556470691996,0.9712549385092099,27077.93442541493
Karamoja,Focus region,cropland,2020-06,2020,6,0.5865003562736358,0.35055717551384935,0.9628185836194292,1090.6130090109775
Lake Victoria basin,Focus region,cropland,2020-06,2020,6,0.6640298508780375,0.4104563392192634,0.9435231253749301,2526.4562712573393
Northern,Admin region,cropland,2020-06,2020,6,0.6744514374353092,0.4076690575265677,0.9801518903060444,13981.458540091739
Eastern,Admin region,cropland,2020-06,2020,6,0.6506790044475229,0.41372561381448597,0.9794601533221392,6653.957887160815
Central,Admin region,cropland,2020-06,2020,6,0.6922834411756034,0.4323252663293852,0.9418917801941895,2740.0187003040382
Western,Admin region,cropland,2020-06,2020,6,0.6896328725052654,0.433872596417322,0.9440667739965518,3706.8906645577026
Uganda (national),Reference,cropland,2020-07,2020,7,0.646413973766472,0.38622348920628924,0.9016472792792437,27077.93442541493
Karamoja,Focus region,cropland,2020-07,2020,7,0.6449043534962234,0.39918039595732285,0.8876704160257485,1090.6130090109775
Lake Victoria basin,Focus region,cropland,2020-07,2020,7,0.5415486171670336,0.3024157886425042,0.9596221651063551,2526.4562712573393
Northern,Admin region,cropland,2020-07,2020,7,0.679752200299272,0.41231385695080774,0.8734646405654719,13981.458540091739
Eastern,Admin region,cropland,2020-07,2020,7,0.6274986122127479,0.3747272904331889,0.9420839145760818,6653.957887160815
Central,Admin region,cropland,2020-07,2020,7,0.5939554914068401,0.33807923741975365,0.9506821744463879,2740.0187003040382
Western,Admin region,cropland,2020-07,2020,7,0.6008271684353148,0.34974130373494655,0.8993363237620958,3706.8906645577026
Uganda (national),Reference,cropland,2020-08,2020,8,0.6407220557812967,0.3789591010073487,0.7855857244544215,27077.93442541493
Karamoja,Focus region,cropland,2020-08,2020,8,0.6300297328105163,0.39515708033963315,0.872318157429281,1090.6130090109775
Lake Victoria basin,Focus region,cropland,2020-08,2020,8,0.5183084264758608,0.2832254920508593,0.6818625020918129,2526.4562712573393
Northern,Admin region,cropland,2020-08,2020,8,0.6810218145290333,0.4080032888369418,0.7974816798788943,13981.458540091739
Eastern,Admin region,cropland,2020-08,2020,8,0.6061382021292411,0.3596513443614207,0.8524404764603614,6653.957887160815
Central,Admin region,cropland,2020-08,2020,8,0.5902104657257856,0.332798847030965,0.675974612205468,2740.0187003040382
Western,Admin region,cropland,2020-08,2020,8,0.5793308169467877,0.3294203957644629,0.7019016154023751,3706.8906645577026
Uganda (national),Reference,cropland,2020-09,2020,9,0.6628422296899695,0.42355817343380225,0.9841268631534082,27077.93442541493
Karamoja,Focus region,cropland,2020-09,2020,9,0.6241850445086321,0.39848199015806834,0.9852548006185088,1090.6130090109775
Lake Victoria basin,Focus region,cropland,2020-09,2020,9,0.5955953173503666,0.35235418152499737,0.9288152552326834,2526.4562712573393
Northern,Admin region,cropland,2020-09,2020,9,0.6870814380038205,0.44783307519796306,0.9919384259253223,13981.458540091739
Eastern,Admin region,cropland,2020-09,2020,9,0.6283046842946348,0.4065946066384964,0.9919787870956301,6653.957887160815
Central,Admin region,cropland,2020-09,2020,9,0.6486920719120447,0.3866690531390495,0.9570051902192136,2740.0187003040382
Western,Admin region,cropland,2020-09,2020,9,0.6427856759795615,0.38743722661438607,0.959902029687819,3706.8906645577026
Uganda (national),Reference,cropland,2020-10,2020,10,0.7050055718009847,0.4706567412346734,0.9655256596664173,27077.93442541493
Karamoja,Focus region,cropland,2020-10,2020,10,0.6226211937438414,0.3769077224297721,0.9820562132990921,1090.6130090109775
Lake Victoria basin,Focus region,cropland,2020-10,2020,10,0.6971727244507209,0.4824865100703952,0.907479012627833,2526.4562712573393
Northern,Admin region,cropland,2020-10,2020,10,0.7146567449797998,0.4713590656966418,0.9960292511740269,13981.458540091739
Eastern,Admin region,cropland,2020-10,2020,10,0.6662421849695481,0.4401729887305921,0.9462179800107913,6653.957887160815
Central,Admin region,cropland,2020-10,2020,10,0.7264813813495486,0.4899220493249702,0.9283590858809657,2740.0187003040382
Western,Admin region,cropland,2020-10,2020,10,0.7214701142557064,0.5101771303366915,0.9116320105306499,3706.8906645577026
Uganda (national),Reference,cropland,2020-11,2020,11,0.7041122552788475,0.4507912238926004,0.9833069931732336,27077.93442541493
Karamoja,Focus region,cropland,2020-11,2020,11,0.5333157386507239,0.317384825266835,0.992699728725216,1090.6130090109775
Lake Victoria basin,Focus region,cropland,2020-11,2020,11,0.7558663538826862,0.48502928121683525,0.9503195892036085,2526.4562712573393
Northern,Admin region,cropland,2020-11,2020,11,0.6982078029437646,0.4455552681249739,0.9965150414488436,13981.458540091739
Eastern,Admin region,cropland,2020-11,2020,11,0.6621479825967682,0.41941614174044134,0.9967241335011947,6653.957887160815
Central,Admin region,cropland,2020-11,2020,11,0.7596712726479954,0.4891642659552746,0.9715055214178834,2740.0187003040382
Western,Admin region,cropland,2020-11,2020,11,0.7669121268498418,0.5035590779584328,0.9165596900263182,3706.8906645577026
Uganda (national),Reference,cropland,2020-12,2020,12,0.6008149610435368,0.36678975809188386,0.9879949268059337,27077.93442541493
Karamoja,Focus region,cropland,2020-12,2020,12,0.4202867962507559,0.23385733833734554,1.0,1090.6130090109775
Lake Victoria basin,Focus region,cropland,2020-12,2020,12,0.7060403307469113,0.4804109343632176,0.9345786247157497,2526.4562712573393
Northern,Admin region,cropland,2020-12,2020,12,0.5793020662773835,0.3386450310768618,0.9999847150940738,13981.458540091739
Eastern,Admin region,cropland,2020-12,2020,12,0.5723764864364146,0.3551876548681264,0.9998394183088821,6653.957887160815
Central,Admin region,cropland,2020-12,2020,12,0.6866654067917243,0.4461443910618458,0.985595247316289,2740.0187003040382
Western,Admin region,cropland,2020-12,2020,12,0.6764956083976977,0.44190565608891,0.9223090450720519,3706.8906645577026
Uganda (national),Reference,cropland,2021-01,2021,1,0.4625746498250963,0.2635161472725397,0.9871123916536273,27077.93442541493
Karamoja,Focus region,cropland,2021-01,2021,1,0.3383841503082458,0.18520072910501215,1.0,1090.6130090109775
Lake Victoria basin,Focus region,cropland,2021-01,2021,1,0.6005381418551248,0.3721107832460452,0.933404638790976,2526.4562712573393
Northern,Admin region,cropland,2021-01,2021,1,0.4163012746023249,0.22513995357859984,0.9998624358466649,13981.458540091739
Eastern,Admin region,cropland,2021-01,2021,1,0.49151249139600744,0.2920470553142342,0.9999678836617765,6653.957887160815
Central,Admin region,cropland,2021-01,2021,1,0.5463270279182889,0.3277614343477211,0.9951839897882385,2740.0187003040382
Western,Admin region,cropland,2021-01,2021,1,0.5299871138359906,0.3147292286515822,0.9098683866577478,3706.8906645577026
Uganda (national),Reference,cropland,2021-02,2021,2,0.40612776433062764,0.22723021345852346,0.991392556767187,27077.93442541493
Karamoja,Focus region,cropland,2021-02,2021,2,0.30339976368997734,0.1699406143349303,0.9993141767729539,1090.6130090109775
Lake Victoria basin,Focus region,cropland,2021-02,2021,2,0.5609227494934059,0.34865001625212017,0.9761051530493863,2526.4562712573393
Northern,Admin region,cropland,2021-02,2021,2,0.35637641770281175,0.18748197584441575,0.9976423032608953,13981.458540091739
Eastern,Admin region,cropland,2021-02,2021,2,0.4294182212006565,0.25224507866754364,0.9960416613139437,6653.957887160815
Central,Admin region,cropland,2021-02,2021,2,0.5086733021439109,0.30292495053238816,0.979905802403425,2740.0187003040382
Western,Admin region,cropland,2021-02,2021,2,0.4802703224755976,0.2792718335261417,0.9675936091524867,3706.8906645577026
Uganda (national),Reference,cropland,2021-03,2021,3,0.4463736871828873,0.24439539107246325,0.975263598388777,27077.93442541493
Karamoja,Focus region,cropland,2021-03,2021,3,0.29200018315991183,0.15817164691680657,0.9981384798123034,1090.6130090109775
Lake Victoria basin,Focus region,cropland,2021-03,2021,3,0.6179208162940921,0.37243411757043726,0.8989342161543847,2526.4562712573393
Northern,Admin region,cropland,2021-03,2021,3,0.3959043152556508,0.20516779110213595,0.9961162252857869,13981.458540091739
Eastern,Admin region,cropland,2021-03,2021,3,0.44673114983109313,0.2503992684157521,0.9971712118212308,6653.957887160815
Central,Admin region,cropland,2021-03,2021,3,0.5861226853097027,0.3449271025722951,0.9165566685397506,2740.0187003040382
Western,Admin region,cropland,2021-03,2021,3,0.5513774723672148,0.3207117681265579,0.9002985624634213,3706.8906645577026
Uganda (national),Reference,cropland,2021-04,2021,4,0.5996500079985417,0.3555947059658823,0.8386932701458354,27077.93442541493
Karamoja,Focus region,cropland,2021-04,2021,4,0.42621985280861685,0.23684721421915778,0.8471490213187285,1090.6130090109775
Lake Victoria basin,Focus region,cropland,2021-04,2021,4,0.7186755933084882,0.4731254496419369,0.7009384258189665,2526.4562712573393
Northern,Admin region,cropland,2021-04,2021,4,0.5677555347189933,0.3208277106844107,0.850460152842166,13981.458540091739
Eastern,Admin region,cropland,2021-04,2021,4,0.5735123263103772,0.34733844072076564,0.8746394153869249,6653.957887160815
Central,Admin region,cropland,2021-04,2021,4,0.7175356552080694,0.455435860714716,0.7252756159404471,2740.0187003040382
Western,Admin region,cropland,2021-04,2021,4,0.698544901330116,0.4431837508720367,0.8124287893906754,3706.8906645577026
Uganda (national),Reference,cropland,2021-05,2021,5,0.6702791240723576,0.4428678022434429,0.9816536199207128,27077.93442541493
Karamoja,Focus region,cropland,2021-05,2021,5,0.5474370181737495,0.35045656627013394,0.9990692399061517,1090.6130090109775
Lake Victoria basin,Focus region,cropland,2021-05,2021,5,0.7229150828690253,0.49035503310304857,0.9192935883634005,2526.4562712573393
Northern,Admin region,cropland,2021-05,2021,5,0.6571453076942688,0.42900102158597264,0.9991134754562848,13981.458540091739
Eastern,Admin region,cropland,2021-05,2021,5,0.6443564299028788,0.42027640840234254,0.997470838364893,6653.957887160815
Central,Admin region,cropland,2021-05,2021,5,0.7340675117087041,0.5043598617467898,0.9611968051084496,2740.0187003040382
Western,Admin region,cropland,2021-05,2021,5,0.7266342013986301,0.4973895579062852,0.9024925232216032,3706.8906645577026
Uganda (national),Reference,cropland,2021-06,2021,6,0.6345052872698789,0.394710281813199,0.9838143729315425,27077.93442541493
Karamoja,Focus region,cropland,2021-06,2021,6,0.5328477783491332,0.3392014151788377,0.9941215151967477,1090.6130090109775
Lake Victoria basin,Focus region,cropland,2021-06,2021,6,0.6304860943361534,0.37349094386850434,0.9879623528412749,2526.4562712573393
Northern,Admin region,cropland,2021-06,2021,6,0.6359889387409162,0.39484888572473453,0.9819942909078142,13981.458540091739
Eastern,Admin region,cropland,2021-06,2021,6,0.618716005294175,0.39938742660340326,0.9946679006897331,6653.957887160815
Central,Admin region,cropland,2021-06,2021,6,0.6581304433010489,0.3996327968152591,0.986947492145931,2740.0187003040382
Western,Admin region,cropland,2021-06,2021,6,0.6403472821384106,0.3819006839241552,0.9687623688649508,3706.8906645577026
Uganda (national),Reference,cropland,2021-07,2021,7,0.6004409044351426,0.3607511075514365,0.945263314581083,27077.93442541493
Karamoja,Focus region,cropland,2021-07,2021,7,0.5989756110569928,0.37733424790976544,0.9231374664460503,1090.6130090109775
Lake Victoria basin,Focus region,cropland,2021-07,2021,7,0.5144007035814914,0.28890815476023607,0.9552614090252541,2526.4562712573393
Northern,Admin region,cropland,2021-07,2021,7,0.6383584932284598,0.39237659179906786,0.9571007836196638,13981.458540091739
Eastern,Admin region,cropland,2021-07,2021,7,0.5722327621564444,0.34335588961931685,0.9599806810779603,6653.957887160815
Central,Admin region,cropland,2021-07,2021,7,0.5546735070169059,0.3161495280659543,0.8935328747654596,2740.0187003040382
Western,Admin region,cropland,2021-07,2021,7,0.5368145868105784,0.3005323267369811,0.9125609029274943,3706.8906645577026
Uganda (national),Reference,cropland,2021-08,2021,8,0.5705521608871562,0.34376428886571553,0.9801166557945932,27077.93442541493
Karamoja,Focus region,cropland,2021-08,2021,8,0.5946538698376528,0.39134083598138353,0.9958850606377234,1090.6130090109775
Lake Victoria basin,Focus region,cropland,2021-08,2021,8,0.47538065934569995,0.25659094216784156,0.9219977281543832,2526.4562712573393
Northern,Admin region,cropland,2021-08,2021,8,0.6101759235517163,0.37873617853611885,0.9914216612382023,13981.458540091739
Eastern,Admin region,cropland,2021-08,2021,8,0.5356951947251541,0.3241225151038463,0.9953591891266925,6653.957887160815
Central,Admin region,cropland,2021-08,2021,8,0.5199086059662505,0.2882086082304535,0.964141999699807,2740.0187003040382
Western,Admin region,cropland,2021-08,2021,8,0.5166340901267972,0.28280926713646065,0.9218186848387069,3706.8906645577026
Uganda (national),Reference,cropland,2021-09,2021,9,0.6307529548916279,0.40669880290018423,0.9792403260340699,27077.93442541493
Karamoja,Focus region,cropland,2021-09,2021,9,0.580607054233461,0.3898152682713592,0.9764756869902793,1090.6130090109775
Lake Victoria basin,Focus region,cropland,2021-09,2021,9,0.5464098261834949,0.3276226801740582,0.9332460010093775,2526.4562712573393
Northern,Admin region,cropland,2021-09,2021,9,0.6580129218661038,0.42857092249179835,0.989364312900546,13981.458540091739
Eastern,Admin region,cropland,2021-09,2021,9,0.5889822129209564,0.3881975080784156,0.9862542072403073,6653.957887160815
Central,Admin region,cropland,2021-09,2021,9,0.5875764202486685,0.36404756463097204,0.964268163339553,2740.0187003040382
Western,Admin region,cropland,2021-09,2021,9,0.6340056131714836,0.386890179896754,0.939076979943893,3706.8906645577026
Uganda (national),Reference,cropland,2021-10,2021,10,0.6756108403417929,0.4399137152586627,0.984243427027734,27077.93442541493
Karamoja,Focus region,cropland,2021-10,2021,10,0.5773610553431879,0.3668234744790542,0.9949053131705147,1090.6130090109775
Lake Victoria basin,Focus region,cropland,2021-10,2021,10,0.673742769921071,0.4317922592487137,0.9328766478053836,2526.4562712573393
Northern,Admin region,cropland,2021-10,2021,10,0.6875476719877339,0.4483641257119974,0.9979747499647885,13981.458540091739
Eastern,Admin region,cropland,2021-10,2021,10,0.6209985956961547,0.40264056475549315,0.9984744739343799,6653.957887160815
Central,Admin region,cropland,2021-10,2021,10,0.6913651168947877,0.4330496602817549,0.9370186522618884,2740.0187003040382
Western,Admin region,cropland,2021-10,2021,10,0.72042253105709,0.4824085538930338,0.9416071731857276,3706.8906645577026
Uganda (national),Reference,cropland,2021-11,2021,11,0.6311765825342783,0.39286258296359683,0.9874883130498523,27077.93442541493
Karamoja,Focus region,cropland,2021-11,2021,11,0.43078812908672637,0.26070470954687847,0.9982364545590243,1090.6130090109775
Lake Victoria basin,Focus region,cropland,2021-11,2021,11,0.7199521857414395,0.480287222815693,0.9337127924744159,2526.4562712573393
Northern,Admin region,cropland,2021-11,2021,11,0.6205546403634938,0.3777122560405325,0.9995108830103641,13981.458540091739
Eastern,Admin region,cropland,2021-11,2021,11,0.5717634977973713,0.3461720362054719,0.9837973073662033,6653.957887160815
Central,Admin region,cropland,2021-11,2021,11,0.7127974013233253,0.46798155026210253,0.9865724420532314,2740.0187003040382
Western,Admin region,cropland,2021-11,2021,11,0.7214387935428563,0.48240833543331296,0.9487236136768454,3706.8906645577026
Uganda (national),Reference,cropland,2021-12,2021,12,0.5160417314979102,0.2970175064075829,0.974920475815205,27077.93442541493
Karamoja,Focus region,cropland,2021-12,2021,12,0.3261069672698215,0.19581021082750183,0.9996570883864769,1090.6130090109775
Lake Victoria basin,Focus region,cropland,2021-12,2021,12,0.6968994155413598,0.43329938169826054,0.822815031995408,2526.4562712573393
Northern,Admin region,cropland,2021-12,2021,12,0.4780975759264757,0.2657767456241488,0.9994229948012888,13981.458540091739
Eastern,Admin region,cropland,2021-12,2021,12,0.4776385346834391,0.2815014185005008,0.9998275793449879,6653.957887160815
Central,Admin region,cropland,2021-12,2021,12,0.6555312140098013,0.38900488473747735,0.9406292262429852,2740.0187003040382
Western,Admin region,cropland,2021-12,2021,12,0.6498136933324661,0.39208177775988357,0.8619197919642752,3706.8906645577026
Uganda (national),Reference,cropland,2022-01,2022,1,0.4381844423029451,0.24201515938844073,0.9922427882901999,27077.93442541493
Karamoja,Focus region,cropland,2022-01,2022,1,0.2990352351960638,0.16978442920969133,1.0,1090.6130090109775
Lake Victoria basin,Focus region,cropland,2022-01,2022,1,0.6043455779848765,0.3551668672913638,0.9620829165601757,2526.4562712573393
Northern,Admin region,cropland,2022-01,2022,1,0.40126590001774337,0.20919366390074287,1.0,13981.458540091739
Eastern,Admin region,cropland,2022-01,2022,1,0.4105874295504907,0.24386393605465612,0.9999357673235528,6653.957887160815
Central,Admin region,cropland,2022-01,2022,1,0.5433340150766348,0.30952355659668557,0.9857079535011289,2740.0187003040382
Western,Admin region,cropland,2022-01,2022,1,0.5563086785781299,0.3171120033819535,0.9530177133873825,3706.8906645577026
Uganda (national),Reference,cropland,2022-02,2022,2,0.4016201356847206,0.23201087289370548,0.9918149489652177,27077.93442541493
Karamoja,Focus region,cropland,2022-02,2022,2,0.2812602802212235,0.16225339180888845,1.0,1090.6130090109775
Lake Victoria basin,Focus region,cropland,2022-02,2022,2,0.55151354414798,0.3246470030540742,0.9615293843112626,2526.4562712573393
Northern,Admin region,cropland,2022-02,2022,2,0.3642581425230142,0.2039959026235235,0.9994306372542519,13981.458540091739
Eastern,Admin region,cropland,2022-02,2022,2,0.405604893041761,0.247777418542848,0.998008787030138,6653.957887160815
Central,Admin region,cropland,2022-02,2022,2,0.48850278662148566,0.2770084346213879,0.9608362064872119,2740.0187003040382
Western,Admin region,cropland,2022-02,2022,2,0.47601122166461485,0.2789332602747143,0.9744311275883304,3706.8906645577026
Uganda (national),Reference,cropland,2022-03,2022,3,0.3797251316676292,0.2194673942132641,0.9226175187463959,27077.93442541493
Karamoja,Focus region,cropland,2022-03,2022,3,0.2622157819309101,0.15725470830850619,0.9417518998936302,1090.6130090109775
Lake Victoria basin,Focus region,cropland,2022-03,2022,3,0.5483453346157858,0.32905443081601,0.7027054997803287,2526.4562712573393
Northern,Admin region,cropland,2022-03,2022,3,0.33839901671835654,0.1935089301415916,0.972914832009668,13981.458540091739
Eastern,Admin region,cropland,2022-03,2022,3,0.39137714896084774,0.23485968426125262,0.9831490926063907,6653.957887160815
Central,Admin region,cropland,2022-03,2022,3,0.475966311740102,0.27072525269487924,0.7601652911898859,2740.0187003040382
Western,Admin region,cropland,2022-03,2022,3,0.4837516047762553,0.2725621976047311,0.7439539617529192,3706.8906645577026
Uganda (national),Reference,cropland,2022-04,2022,4,0.5621615403570959,0.3139604494460031,0.5356026693521828,27077.93442541493
Karamoja,Focus region,cropland,2022-04,2022,4,0.3479970234384639,0.18692878834043933,0.5762778548448415,1090.6130090109775
Lake Victoria basin,Focus region,cropland,2022-04,2022,4,0.6880595283581742,0.4270896135260723,0.48311996150898456,2526.4562712573393
Northern,Admin region,cropland,2022-04,2022,4,0.5306443952979042,0.27186641277636125,0.5311676839445894,13981.458540091739
Eastern,Admin region,cropland,2022-04,2022,4,0.5280102584798524,0.3138166353892897,0.6322345515375288,6653.957887160815
Central,Admin region,cropland,2022-04,2022,4,0.6805525807566091,0.4204469114734384,0.4348910362874918,2740.0187003040382
Western,Admin region,cropland,2022-04,2022,4,0.7032957706752782,0.424708543978256,0.4507421107023831,3706.8906645577026
Uganda (national),Reference,cropland,2022-05,2022,5,0.6251405215391154,0.40112269489363334,0.9643220767320062,27077.93442541493
Karamoja,Focus region,cropland,2022-05,2022,5,0.4899904606527432,0.2950884023300978,0.996178984877886,1090.6130090109775
Lake Victoria basin,Focus region,cropland,2022-05,2022,5,0.6899957546823708,0.45155316386804284,0.8284301294693273,2526.4562712573393
Northern,Admin region,cropland,2022-05,2022,5,0.600058142901174,0.37973971436042736,0.9900189564302406,13981.458540091739
Eastern,Admin region,cropland,2022-05,2022,5,0.6072174361623283,0.38695525221295257,0.9899357471721248,6653.957887160815
Central,Admin region,cropland,2022-05,2022,5,0.6973793108815599,0.4599803807502772,0.8859518163473363,2740.0187003040382
Western,Admin region,cropland,2022-05,2022,5,0.7142116629348461,0.47676850941601534,0.8787496718356261,3706.8906645577026
Uganda (national),Reference,cropland,2022-06,2022,6,0.6506869348761901,0.41395367735129585,0.9880446473141596,27077.93442541493
Karamoja,Focus region,cropland,2022-06,2022,6,0.5886660937828704,0.38728835208269596,0.9962769596246068,1090.6130090109775
Lake Victoria basin,Focus region,cropland,2022-06,2022,6,0.6164198567603564,0.38353070025540775,0.9620653362100977,2526.4562712573393
Northern,Admin region,cropland,2022-06,2022,6,0.6460307746049552,0.4082163347017649,0.9923690107163824,13981.458540091739
Eastern,Admin region,cropland,2022-06,2022,6,0.6455203507436221,0.4170357972604104,0.9911032705263705,6653.957887160815
Central,Admin region,cropland,2022-06,2022,6,0.6580751374977274,0.41526406521401227,0.9646290678120387,2740.0187003040382
Western,Admin region,cropland,2022-06,2022,6,0.6723832863476422,0.4291721217891424,0.9830913324194184,3706.8906645577026
Uganda (national),Reference,cropland,2022-07,2022,7,0.5929739280250174,0.350496893024344,0.9470914910894134,27077.93442541493
Karamoja,Focus region,cropland,2022-07,2022,7,0.6165394709623506,0.4022987458233981,0.907502810050211,1090.6130090109775
Lake Victoria basin,Focus region,cropland,2022-07,2022,7,0.5058562892620304,0.28441592230039386,0.9719851316677003,2526.4562712573393
Northern,Admin region,cropland,2022-07,2022,7,0.614496025079925,0.36515361006637187,0.9340756313029539,13981.458540091739
Eastern,Admin region,cropland,2022-07,2022,7,0.5893307972238596,0.35381335128959474,0.9708228419961802,6653.957887160815
Central,Admin region,cropland,2022-07,2022,7,0.5416914363937949,0.3085884800411317,0.9369236854494251,2740.0187003040382
Western,Admin region,cropland,2022-07,2022,7,0.5573174765925992,0.3206468504211412,0.9609263829461346,3706.8906645577026
Uganda (national),Reference,cropland,2022-08,2022,8,0.5939399467243777,0.3535154146050084,0.962144703794057,27077.93442541493
Karamoja,Focus region,cropland,2022-08,2022,8,0.6470319437809905,0.4189566571089417,0.965187267201916,1090.6130090109775
Lake Victoria basin,Focus region,cropland,2022-08,2022,8,0.48537094508464823,0.2696402502707143,0.9430933189859985,2526.4562712573393
Northern,Admin region,cropland,2022-08,2022,8,0.625928380059342,0.38244589463690376,0.9672032073247187,13981.458540091739
Eastern,Admin region,cropland,2022-08,2022,8,0.5757514527282322,0.3373026649463836,0.9778766919012923,6653.957887160815
Central,Admin region,cropland,2022-08,2022,8,0.5404111331526873,0.30777583842890177,0.9308939810233061,2740.0187003040382
Western,Admin region,cropland,2022-08,2022,8,0.5424375306487471,0.3044456936178857,0.9382056805712278,3706.8906645577026
Uganda (national),Reference,cropland,2022-09,2022,9,0.6478698475017919,0.42084217815886704,0.9735595529282934,27077.93442541493
Karamoja,Focus region,cropland,2022-09,2022,9,0.5813171240896411,0.3817612591306668,0.9932887298496202,1090.6130090109775
Lake Victoria basin,Focus region,cropland,2022-09,2022,9,0.6200618222820948,0.39420646226170836,0.9479238518746046,2526.4562712573393
Northern,Admin region,cropland,2022-09,2022,9,0.6638857293589364,0.42960619813068435,0.9913129435985023,13981.458540091739
Eastern,Admin region,cropland,2022-09,2022,9,0.6162194691435943,0.4067923491923737,0.9453495479279043,6653.957887160815
Central,Admin region,cropland,2022-09,2022,9,0.6430942400340861,0.41535994737397797,0.9516656391339117,2740.0187003040382
Western,Admin region,cropland,2022-09,2022,9,0.6450758301070098,0.4156432352607812,0.9733659674963961,3706.8906645577026
Uganda (national),Reference,cropland,2022-10,2022,10,0.6787910957777595,0.4549068715015723,0.9771512290498005,27077.93442541493
Karamoja,Focus region,cropland,2022-10,2022,10,0.47479613131569376,0.28787265318390964,0.9912783264683772,1090.6130090109775
Lake Victoria basin,Focus region,cropland,2022-10,2022,10,0.6799732950324424,0.46258645505318485,0.8996956443355864,2526.4562712573393
Northern,Admin region,cropland,2022-10,2022,10,0.694760908951176,0.46442366667481566,0.9985097216722029,13981.458540091739
Eastern,Admin region,cropland,2022-10,2022,10,0.6225178778165318,0.4063415580161318,0.9896424809228951,6653.957887160815
Central,Admin region,cropland,2022-10,2022,10,0.6945300784120739,0.4727221293457803,0.9070564700040594,2740.0187003040382
Western,Admin region,cropland,2022-10,2022,10,0.7106737442975796,0.49656351630399287,0.9251827052500365,3706.8906645577026
Uganda (national),Reference,cropland,2022-11,2022,11,0.6719283169641084,0.44168194627529833,0.9581598209331295,27077.93442541493
Karamoja,Focus region,cropland,2022-11,2022,11,0.36654640559109564,0.2160663108850041,0.9269648211105995,1090.6130090109775
Lake Victoria basin,Focus region,cropland,2022-11,2022,11,0.7354295221978303,0.503499914476439,0.8022715636676525,2526.4562712573393
Northern,Admin region,cropland,2022-11,2022,11,0.6760388636406864,0.43953882130744226,0.9897333834378544,13981.458540091739
Eastern,Admin region,cropland,2022-11,2022,11,0.6048196634804129,0.39960870113528923,0.9850327158432037,6653.957887160815
Central,Admin region,cropland,2022-11,2022,11,0.7308017146655212,0.4976849195684861,0.8450298369361718,2740.0187003040382
Western,Admin region,cropland,2022-11,2022,11,0.7485007138793184,0.49631392207685165,0.8733844775213407,3706.8906645577026
Uganda (national),Reference,cropland,2022-12,2022,12,0.6172147138519656,0.37971652174627857,0.9897455127047892,27077.93442541493
Karamoja,Focus region,cropland,2022-12,2022,12,0.34167647400605106,0.18625329806050359,1.0,1090.6130090109775
Lake Victoria basin,Focus region,cropland,2022-12,2022,12,0.716684571165291,0.47582657215382074,0.9313289135890962,2526.4562712573393
Northern,Admin region,cropland,2022-12,2022,12,0.5975172207489672,0.3558684958892626,0.9999770726411108,13981.458540091739
Eastern,Admin region,cropland,2022-12,2022,12,0.5894634503983701,0.36897466569868786,0.9995262840112021,6653.957887160815
Central,Admin region,cropland,2022-12,2022,12,0.6991387300921342,0.4579926417351723,0.9670212833472484,2740.0187003040382
Western,Admin region,cropland,2022-12,2022,12,0.6868147416994388,0.4360310727402076,0.9504399310127128,3706.8906645577026
Uganda (national),Reference,cropland,2023-01,2023,1,0.49743936535179434,0.2803208026218121,0.9931066685801763,27077.93442541493
Karamoja,Focus region,cropland,2023-01,2023,1,0.29865130599050815,0.16679687195494936,0.9999510126266395,1090.6130090109775
Lake Victoria basin,Focus region,cropland,2023-01,2023,1,0.6381883594005447,0.37881137099274276,0.9779570604924918,2526.4562712573393
Northern,Admin region,cropland,2023-01,2023,1,0.46403385492763694,0.2529440071475046,0.9997172292403667,13981.458540091739
Eastern,Admin region,cropland,2023-01,2023,1,0.4855728796649655,0.2836406461856931,0.9999197091544411,6653.957887160815
Central,Admin region,cropland,2023-01,2023,1,0.6041343355670075,0.3482480534621047,0.9956450605444014,2740.0187003040382
Western,Admin region,cropland,2023-01,2023,1,0.5700286511025507,0.33023968923170144,0.9529360432009851,3706.8906645577026
Uganda (national),Reference,cropland,2023-02,2023,2,0.39109066777909446,0.2189381976271822,0.9956671045310781,27077.93442541493
Karamoja,Focus region,cropland,2023-02,2023,2,0.25222687338761923,0.14123618709757105,1.0,1090.6130090109775
Lake Victoria basin,Focus region,cropland,2023-02,2023,2,0.5191913142345495,0.3245785120687657,0.9840331445988771,2526.4562712573393
Northern,Admin region,cropland,2023-02,2023,2,0.3541196288791864,0.19211642187740013,1.0,13981.458540091739
Eastern,Admin region,cropland,2023-02,2023,2,0.3949143985231667,0.22247868240713653,0.9999759127463324,6653.957887160815
Central,Admin region,cropland,2023-02,2023,2,0.4842592288361421,0.2890021789588995,0.9924281171193124,2740.0187003040382
Western,Admin region,cropland,2023-02,2023,2,0.45749380069557843,0.26392130568322353,0.9733194522276037,3706.8906645577026
Uganda (national),Reference,cropland,2023-03,2023,3,0.5228965529810405,0.3076313045805915,0.9509731802967142,27077.93442541493
Karamoja,Focus region,cropland,2023-03,2023,3,0.385733858427112,0.22980318228486382,0.9447249531882422,1090.6130090109775
Lake Victoria basin,Focus region,cropland,2023-03,2023,3,0.6367109498818389,0.41287160742461293,0.8193645565879127,2526.4562712573393
Northern,Admin region,cropland,2023-03,2023,3,0.5028646445319069,0.28634015140414176,0.9692666246691398,13981.458540091739
Eastern,Admin region,cropland,2023-03,2023,3,0.4958964461636555,0.2978098419873922,0.9811439940432378,6653.957887160815
Central,Admin region,cropland,2023-03,2023,3,0.6232560868699185,0.38616752193400733,0.8598751683424382,2740.0187003040382
Western,Admin region,cropland,2023-03,2023,3,0.5870452859911585,0.35860144374488023,0.8953899864438793,3706.8906645577026
Uganda (national),Reference,cropland,2023-04,2023,4,0.6115149654587471,0.36671147063980114,0.7887635814129298,27077.93442541493
Karamoja,Focus region,cropland,2023-04,2023,4,0.4207486629402737,0.2355385105045714,0.916959102074894,1090.6130090109775
Lake Victoria basin,Focus region,cropland,2023-04,2023,4,0.7202474686662944,0.49858718367317967,0.46701660961621927,2526.4562712573393
Northern,Admin region,cropland,2023-04,2023,4,0.5885560500036428,0.33722925106874374,0.8442203147758541,13981.458540091739
Eastern,Admin region,cropland,2023-04,2023,4,0.5820301141107608,0.3578285102553267,0.8365100170229187,6653.957887160815
Central,Admin region,cropland,2023-04,2023,4,0.7216174392456866,0.4803407264282205,0.609129369190212,2740.0187003040382
Western,Admin region,cropland,2023-04,2023,4,0.7202337499623536,0.45640160650797207,0.6249232540454295,3706.8906645577026
Uganda (national),Reference,cropland,2023-05,2023,5,0.6796787994859385,0.4403272443623183,0.9859204148135731,27077.93442541493
Karamoja,Focus region,cropland,2023-05,2023,5,0.5358075348684463,0.33430903330466755,0.9891737904873437,1090.6130090109775
Lake Victoria basin,Focus region,cropland,2023-05,2023,5,0.7280378063525539,0.4913644298509191,0.9819368537044535,2526.4562712573393
Northern,Admin region,cropland,2023-05,2023,5,0.6588237018855317,0.41252345192197876,0.9913946579043995,13981.458540091739
Eastern,Admin region,cropland,2023-05,2023,5,0.6645697850465416,0.4416230352826525,0.9798951722720383,6653.957887160815
Central,Admin region,cropland,2023-05,2023,5,0.7421037860064735,0.5023033321279922,0.982633307369111,2740.0187003040382
Western,Admin region,cropland,2023-05,2023,5,0.7404459760535724,0.49827426882608494,0.9783450794277888,3706.8906645577026
Uganda (national),Reference,cropland,2023-06,2023,6,0.662116745703387,0.41586671167538497,0.9804877567929619,27077.93442541493
Karamoja,Focus region,cropland,2023-06,2023,6,0.5606379532778204,0.3522817507661625,0.9878511314066117,1090.6130090109775
Lake Victoria basin,Focus region,cropland,2023-06,2023,6,0.6566833494366304,0.40187275086523655,0.9731102740726822,2526.4562712573393
Northern,Admin region,cropland,2023-06,2023,6,0.6576284658951456,0.4115836845856008,0.9887019519918787,13981.458540091739
Eastern,Admin region,cropland,2023-06,2023,6,0.651633095353479,0.4151969981301126,0.9675056650701697,6653.957887160815
Central,Admin region,cropland,2023-06,2023,6,0.6953134703107994,0.4371937071078034,0.9761143938720254,2740.0187003040382
Western,Admin region,cropland,2023-06,2023,6,0.6733019304527028,0.4173979371058191,0.9758877393833704,3706.8906645577026
Uganda (national),Reference,cropland,2023-07,2023,7,0.6190267741294683,0.3844986129226849,0.9914092231186838,27077.93442541493
Karamoja,Focus region,cropland,2023-07,2023,7,0.588519270586292,0.3897601176834778,0.9817622890589293,1090.6130090109775
Lake Victoria basin,Focus region,cropland,2023-07,2023,7,0.5210898648021669,0.30511292177248905,0.9866165438723441,2526.4562712573393
Northern,Admin region,cropland,2023-07,2023,7,0.6501164439074362,0.4075786681885012,0.9973755067264749,13981.458540091739
Eastern,Admin region,cropland,2023-07,2023,7,0.6064774779939116,0.3798812389961571,0.9852580969696788,6653.957887160815
Central,Admin region,cropland,2023-07,2023,7,0.564213124362209,0.34128007209397737,0.9769284934310416,2740.0187003040382
Western,Admin region,cropland,2023-07,2023,7,0.5630384739692104,0.3362880837384594,0.9905208890576929,3706.8906645577026
Uganda (national),Reference,cropland,2023-08,2023,8,0.5774032331731873,0.3452179305731745,0.9916434263654129,27077.93442541493
Karamoja,Focus region,cropland,2023-08,2023,8,0.4867977990623937,0.3062699262540611,0.9999510126266395,1090.6130090109775
Lake Victoria basin,Focus region,cropland,2023-08,2023,8,0.4782804983839114,0.28451464872284743,0.9588582491397653,2526.4562712573393
Northern,Admin region,cropland,2023-08,2023,8,0.6139273726420288,0.3667439416843328,0.9997439778257374,13981.458540091739
Eastern,Admin region,cropland,2023-08,2023,8,0.5526051084396719,0.3375291312816021,0.9928139693224737,6653.957887160815
Central,Admin region,cropland,2023-08,2023,8,0.5286805829529433,0.3109443096759175,0.9934291682535886,2740.0187003040382
Western,Admin region,cropland,2023-08,2023,8,0.5166914780067221,0.3006496917974128,0.957232516716248,3706.8906645577026
Uganda (national),Reference,cropland,2023-09,2023,9,0.6221743095722588,0.39409041892979757,0.9780789815457218,27077.93442541493
Karamoja,Focus region,cropland,2023-09,2023,9,0.47773403300024114,0.29594715486236894,0.9836872046709748,1090.6130090109775
Lake Victoria basin,Focus region,cropland,2023-09,2023,9,0.5701617997474586,0.3647973154311579,0.9250750357536219,2526.4562712573393
Northern,Admin region,cropland,2023-09,2023,9,0.6388969453856492,0.4058143581220677,0.9947723973360446,13981.458540091739
Eastern,Admin region,cropland,2023-09,2023,9,0.590097464577892,0.3739647701323508,0.9754578278473591,6653.957887160815
Central,Admin region,cropland,2023-09,2023,9,0.6285270230660417,0.3968407002991889,0.9840599505147973,2740.0187003040382
Western,Admin region,cropland,2023-09,2023,9,0.6095253320838872,0.3820809667073297,0.9140260491157153,3706.8906645577026
Uganda (national),Reference,cropland,2023-10,2023,10,0.6977984478334586,0.4697869297346498,0.9727532930281013,27077.93442541493
Karamoja,Focus region,cropland,2023-10,2023,10,0.5088637531172127,0.3014759689585598,0.9393638134691454,1090.6130090109775
Lake Victoria basin,Focus region,cropland,2023-10,2023,10,0.7104377560684948,0.4893382559021102,0.9688919022419755,2526.4562712573393
Northern,Admin region,cropland,2023-10,2023,10,0.6973428599810099,0.46679284449103187,0.9885506763788157,13981.458540091739
Eastern,Admin region,cropland,2023-10,2023,10,0.6634949588699259,0.44734384143707734,0.9443055465293952,6653.957887160815
Central,Admin region,cropland,2023-10,2023,10,0.7307883465783639,0.5049783257804951,0.9870963652408316,2740.0187003040382
Western,Admin region,cropland,2023-10,2023,10,0.7354029791283055,0.49460943349911307,0.9531140785554156,3706.8906645577026
Uganda (national),Reference,cropland,2023-11,2023,11,0.7126301871966775,0.4683605760220769,0.9603787823758578,27077.93442541493
Karamoja,Focus region,cropland,2023-11,2023,11,0.4914732172098386,0.2883265545185953,0.9901535379545524,1090.6130090109775
Lake Victoria basin,Focus region,cropland,2023-11,2023,11,0.7644286221964177,0.5397534954661124,0.8291452848423051,2526.4562712573393
Northern,Admin region,cropland,2023-11,2023,11,0.7018615768268007,0.4518933618109549,0.994790754208358,13981.458540091739
Eastern,Admin region,cropland,2023-11,2023,11,0.6856763426945515,0.443192055222989,0.9578104037791989,6653.957887160815
Central,Admin region,cropland,2023-11,2023,11,0.768960254775909,0.5214547607529991,0.914885420858581,2740.0187003040382
Western,Admin region,cropland,2023-11,2023,11,0.7689978257753165,0.548462138987213,0.867769298961771,3706.8906645577026
Uganda (national),Reference,cropland,2023-12,2023,12,0.6505626380753702,0.39591849865703577,0.9865987368669691,27077.93442541493
Karamoja,Focus region,cropland,2023-12,2023,12,0.3942237112025419,0.21776614033045028,0.9998530378799186,1090.6130090109775
Lake Victoria basin,Focus region,cropland,2023-12,2023,12,0.7263618102284685,0.46718274679239985,0.903007550096949,2526.4562712573393
Northern,Admin region,cropland,2023-12,2023,12,0.6296889303919924,0.3702823754388789,0.9999617877351847,13981.458540091739
Eastern,Admin region,cropland,2023-12,2023,12,0.6441793395435025,0.40028086423335074,0.9978803216772436,6653.957887160815
Central,Admin region,cropland,2023-12,2023,12,0.7102909038465217,0.45044823472725765,0.9592932634045236,2740.0187003040382
Western,Admin region,cropland,2023-12,2023,12,0.7020277069546417,0.4498409758325585,0.9350058483200948,3706.8906645577026
Uganda (national),Reference,cropland,2024-01,2024,1,0.5490124869096379,0.32241428625307217,0.9890471894821179,27077.93442541493
Karamoja,Focus region,cropland,2024-01,2024,1,0.3439957897935437,0.1925061375029595,0.9875111014032866,1090.6130090109775
Lake Victoria basin,Focus region,cropland,2024-01,2024,1,0.646770824913055,0.4007010898097598,0.957591717598544,2526.4562712573393
Northern,Admin region,cropland,2024-01,2024,1,0.5094651339161376,0.28631355661179897,0.9978180796790458,13981.458540091739
Eastern,Admin region,cropland,2024-01,2024,1,0.5851446625030062,0.3569460563685002,0.9937140139578865,6653.957887160815
Central,Admin region,cropland,2024-01,2024,1,0.6179358487430564,0.382154610264455,0.9998440158635866,2740.0187003040382
Western,Admin region,cropland,2024-01,2024,1,0.5851537528250975,0.35464756786744817,0.9396111990455045,3706.8906645577026
Uganda (national),Reference,cropland,2024-02,2024,2,0.5161217739599928,0.29537004979551285,0.9858735029801821,27077.93442541493
Karamoja,Focus region,cropland,2024-02,2024,2,0.3135609719359319,0.1675532487420212,0.9992651893995934,1090.6130090109775
Lake Victoria basin,Focus region,cropland,2024-02,2024,2,0.6419221655251813,0.39185533135712924,0.973974364864244,2526.4562712573393
Northern,Admin region,cropland,2024-02,2024,2,0.46723341879479663,0.25889240367842503,0.9944900012064586,13981.458540091739
Eastern,Admin region,cropland,2024-02,2024,2,0.5507769300310076,0.3238132256351827,0.9996306621104288,6653.957887160815
Central,Admin region,cropland,2024-02,2024,2,0.6121245999707033,0.3685970987716113,0.9891890759415649,2740.0187003040382
Western,Admin region,cropland,2024-02,2024,2,0.5716744966009581,0.33032614214364986,0.9256124769437153,3706.8906645577026
Uganda (national),Reference,cropland,2024-03,2024,3,0.5279156314548012,0.31498565534778755,0.9811955351138361,27077.93442541493
Karamoja,Focus region,cropland,2024-03,2024,3,0.3240405130560584,0.1783773909608995,0.9956401237709213,1090.6130090109775
Lake Victoria basin,Focus region,cropland,2024-03,2024,3,0.6569022128257592,0.40788042618912423,0.967149789060677,2526.4562712573393
Northern,Admin region,cropland,2024-03,2024,3,0.48875355281376837,0.2827398520573828,0.9849764809504143,13981.458540091739
Eastern,Admin region,cropland,2024-03,2024,3,0.5219516576371338,0.32076338610741134,0.997173825209537,6653.957887160815
Central,Admin region,cropland,2024-03,2024,3,0.6379659236977605,0.39024478524715583,0.9570738538243602,2740.0187003040382
Western,Admin region,cropland,2024-03,2024,3,0.6102652178013667,0.3739513424607408,0.9558269417228114,3706.8906645577026
Uganda (national),Reference,cropland,2024-04,2024,4,0.663951196251422,0.41874599233721216,0.9789112468346699,27077.93442541493
Karamoja,Focus region,cropland,2024-04,2024,4,0.5043208473954308,0.31012751953178846,0.9967668333582113,1090.6130090109775
Lake Victoria basin,Focus region,cropland,2024-04,2024,4,0.7454139487541599,0.5093101638547445,0.9025204417179055,2526.4562712573393
Northern,Admin region,cropland,2024-04,2024,4,0.6395830149092987,0.3881946045993543,0.9931676470510225,13981.458540091739
Eastern,Admin region,cropland,2024-04,2024,4,0.6518455708061105,0.4174379701667702,0.9858768402661802,6653.957887160815
Central,Admin region,cropland,2024-04,2024,4,0.731560120946231,0.4957029471548349,0.9425797161134594,2740.0187003040382
Western,Admin region,cropland,2024-04,2024,4,0.7342136522447117,0.4862007561374393,0.939307012925649,3706.8906645577026
Uganda (national),Reference,cropland,2024-05,2024,5,0.6976110503072226,0.4459474311293084,0.9526583155607922,27077.93442541493
Karamoja,Focus region,cropland,2024-05,2024,5,0.5924693888272248,0.3800844727208224,0.9076219166050483,1090.6130090109775
Lake Victoria basin,Focus region,cropland,2024-05,2024,5,0.724362266088948,0.4688880511285403,0.8946227182239734,2526.4562712573393
Northern,Admin region,cropland,2024-05,2024,5,0.6931387788785149,0.42312238878385544,0.9790158022100803,13981.458540091739
Eastern,Admin region,cropland,2024-05,2024,5,0.6709833178508549,0.46095112853513,0.9277029739981089,6653.957887160815
Central,Admin region,cropland,2024-05,2024,5,0.7347417509816767,0.48699236835134485,0.9052383372611003,2740.0187003040382
Western,Admin region,cropland,2024-05,2024,5,0.7363800338644448,0.48014513281391535,0.933662105287848,3706.8906645577026
Uganda (national),Reference,cropland,2024-06,2024,6,0.6655661888870327,0.4194830117703659,0.9881182531645719,27077.93442541493
Karamoja,Focus region,cropland,2024-06,2024,6,0.6286832358931359,0.41013878078458443,0.9824846126818129,1090.6130090109775
Lake Victoria basin,Focus region,cropland,2024-06,2024,6,0.6122191763298467,0.385919792205888,0.9977044374959677,2526.4562712573393
Northern,Admin region,cropland,2024-06,2024,6,0.6794026383758995,0.42921484222398865,0.9939225865369559,13981.458540091739
Eastern,Admin region,cropland,2024-06,2024,6,0.6636455588064759,0.4180196284221695,0.9792198475443722,6653.957887160815
Central,Admin region,cropland,2024-06,2024,6,0.6506653172629516,0.40982393208096507,0.9908019060343916,2740.0187003040382
Western,Admin region,cropland,2024-06,2024,6,0.6272624640445391,0.3919658038048141,0.9800144293415831,3706.8906645577026
Uganda (national),Reference,cropland,2024-07,2024,7,0.6307192057798694,0.36700371487117994,0.9710100421808797,27077.93442541493
Karamoja,Focus region,cropland,2024-07,2024,7,0.6344195195708059,0.40342107093797613,0.9595106872198473,1090.6130090109775
Lake Victoria basin,Focus region,cropland,2024-07,2024,7,0.541525911466333,0.2977212335248597,0.9826228190622076,2526.4562712573393
Northern,Admin region,cropland,2024-07,2024,7,0.6558323562080154,0.3880446645684885,0.9721746079919887,13981.458540091739
Eastern,Admin region,cropland,2024-07,2024,7,0.6345571888883862,0.37598725830315166,0.9713230067341034,6653.957887160815
Central,Admin region,cropland,2024-07,2024,7,0.5919032266994371,0.32075112460981403,0.9587343967118543,2740.0187003040382
Western,Admin region,cropland,2024-07,2024,7,0.5576730572963862,0.30542699880783614,0.9750584337466862,3706.8906645577026
Uganda (national),Reference,cropland,2024-08,2024,8,0.6504928371877617,0.3960580647137792,0.9822710254535266,27077.93442541493
Karamoja,Focus region,cropland,2024-08,2024,8,0.6710582609076191,0.4264689839736737,0.9833164374922075,1090.6130090109775
Lake Victoria basin,Focus region,cropland,2024-08,2024,8,0.5477321250214642,0.3047796818006447,0.9721511498792845,2526.4562712573393
Northern,Admin region,cropland,2024-08,2024,8,0.6880476374030712,0.42629986581276064,0.9860295959835224,13981.458540091739
Eastern,Admin region,cropland,2024-08,2024,8,0.6225514176791079,0.38358259039854314,0.9834628881227988,6653.957887160815
Central,Admin region,cropland,2024-08,2024,8,0.6162849855742386,0.35547240367546423,0.9721262465254341,2740.0187003040382
Western,Admin region,cropland,2024-08,2024,8,0.5827554132027944,0.3327256558634893,0.9734306254155924,3706.8906645577026
Uganda (national),Reference,cropland,2024-09,2024,9,0.667033974207998,0.41555935297091473,0.9900230298956587,27077.93442541493
Karamoja,Focus region,cropland,2024-09,2024,9,0.6136073218923116,0.38659775006575553,0.998432404052466,1090.6130090109775
Lake Victoria basin,Focus region,cropland,2024-09,2024,9,0.582278102832443,0.3316491258902705,0.9644223470132227,2526.4562712573393
Northern,Admin region,cropland,2024-09,2024,9,0.6948840334113565,0.4354457435816476,0.9985139774695392,13981.458540091739
Eastern,Admin region,cropland,2024-09,2024,9,0.6329014209721269,0.40439940861646273,0.996849828032752,6653.957887160815
Central,Admin region,cropland,2024-09,2024,9,0.6469427686171341,0.3804645428111844,0.9811295132461498,2740.0187003040382
Western,Admin region,cropland,2024-09,2024,9,0.6363030585049698,0.38432462312024707,0.9519993511600415,3706.8906645577026
Uganda (national),Reference,cropland,2024-10,2024,10,0.7093960265001037,0.46368407555307484,0.9807149499586995,27077.93442541493
Karamoja,Focus region,cropland,2024-10,2024,10,0.5791046669518233,0.36542615079930885,0.9943664520635499,1090.6130090109775
Lake Victoria basin,Focus region,cropland,2024-10,2024,10,0.6953507993946575,0.43513970036455757,0.9434809159495074,2526.4562712573393
Northern,Admin region,cropland,2024-10,2024,10,0.7188113841486833,0.47086977158353,0.9963010527658779,13981.458540091739
Eastern,Admin region,cropland,2024-10,2024,10,0.6705506429054853,0.4437555713921449,0.9749010501916653,6653.957887160815
Central,Admin region,cropland,2024-10,2024,10,0.7247841044402882,0.4621350362399403,0.9821183303305113,2740.0187003040382
Western,Admin region,cropland,2024-10,2024,10,0.7325675155256038,0.4731292191848361,0.9304184706876093,3706.8906645577026
Uganda (national),Reference,cropland,2024-11,2024,11,0.7095198013392978,0.4627195760012464,0.9912392866851079,27077.93442541493
Karamoja,Focus region,cropland,2024-11,2024,11,0.5549044289063796,0.34506904842708597,0.9985303787991869,1090.6130090109775
Lake Victoria basin,Focus region,cropland,2024-11,2024,11,0.745596169179949,0.4824997040403517,0.9552100777200743,2526.4562712573393
Northern,Admin region,cropland,2024-11,2024,11,0.7030107013809096,0.4581647214794224,0.9983759787453493,13981.458540091739
Eastern,Admin region,cropland,2024-11,2024,11,0.6838564843301769,0.4473051116919345,0.998699288301945,6653.957887160815
Central,Admin region,cropland,2024-11,2024,11,0.7556881657519001,0.4894426825261389,0.9897426667002084,2740.0187003040382
Western,Admin region,cropland,2024-11,2024,11,0.7484588904994479,0.4893007080122811,0.9519920601883841,3706.8906645577026
Uganda (national),Reference,cropland,2024-12,2024,12,0.6345252149533889,0.39519284268772026,0.9971958902293737,27077.93442541493
Karamoja,Focus region,cropland,2024-12,2024,12,0.45653155226770264,0.2695364389022754,1.0,1090.6130090109775
Lake Victoria basin,Focus region,cropland,2024-12,2024,12,0.7216915462810599,0.44522472948392805,0.989268937727249,2526.4562712573393
Northern,Admin region,cropland,2024-12,2024,12,0.6089176839757523,0.37299798726839806,0.9998662570731464,13981.458540091739
Eastern,Admin region,cropland,2024-12,2024,12,0.6253528677453902,0.40567845397532787,0.9998554764779939,6653.957887160815
Central,Admin region,cropland,2024-12,2024,12,0.7137063665827655,0.4474771998633774,0.997094413145242,2740.0187003040382
Western,Admin region,cropland,2024-12,2024,12,0.690520325102807,0.4220717910220422,0.9821940342330902,3706.8906645577026
Uganda (national),Reference,cropland,2025-01,2025,1,0.5041982888307976,0.28767755183050486,0.9948548017244242,27077.93442541493
Karamoja,Focus region,cropland,2025-01,2025,1,0.33858474178755527,0.17718375316472837,1.0,1090.6130090109775
Lake Victoria basin,Focus region,cropland,2025-01,2025,1,0.6118305756715868,0.37739996558577094,0.9844617070951145,2526.4562712573393
Northern,Admin region,cropland,2025-01,2025,1,0.4667820983623863,0.2573383265966612,1.0,13981.458540091739
Eastern,Admin region,cropland,2025-01,2025,1,0.5194588330071037,0.30245058262523106,0.9994781095038668,6653.957887160815
Central,Admin region,cropland,2025-01,2025,1,0.5993479697393977,0.37038594708022027,0.9991615852667783,2740.0187003040382
Western,Admin region,cropland,2025-01,2025,1,0.549526974485596,0.3156637368924112,0.9619025818800138,3706.8906645577026
Uganda (national),Reference,cropland,2025-02,2025,2,0.3974626327547548,0.22702272176686378,0.9980257105011107,27077.93442541493
Karamoja,Focus region,cropland,2025-02,2025,2,0.28626719941876017,0.16432227564407342,1.0,1090.6130090109775
Lake Victoria basin,Focus region,cropland,2025-02,2025,2,0.5241538114523068,0.30297743797016263,0.9916509093104374,2526.4562712573393
Northern,Admin region,cropland,2025-02,2025,2,0.3573029478180269,0.19969284612914895,0.9998433297142573,13981.458540091739
Eastern,Admin region,cropland,2025-02,2025,2,0.4054309472452625,0.24227028959270674,1.0,6653.957887160815
Central,Admin region,cropland,2025-02,2025,2,0.4973311487091066,0.2867569835051496,0.9961393926237702,2740.0187003040382
Western,Admin region,cropland,2025-02,2025,2,0.46221702432741907,0.25929114904001604,0.9890252790421586,3706.8906645577026
Uganda (national),Reference,cropland,2025-03,2025,3,0.5183154300781286,0.2743833853887681,0.9750058502452957,27077.93442541493
Karamoja,Focus region,cropland,2025-03,2025,3,0.4107500109927488,0.22885799673711318,0.9952482247840377,1090.6130090109775
Lake Victoria basin,Focus region,cropland,2025-03,2025,3,0.6278363602950188,0.34822143834307084,0.9513267276550019,2526.4562712573393
Northern,Admin region,cropland,2025-03,2025,3,0.49193451372748503,0.2527178991312681,0.9908844567357067,13981.458540091739
Eastern,Admin region,cropland,2025-03,2025,3,0.5143082292526898,0.2854965095956766,0.9770528763392513,6653.957887160815
Central,Admin region,cropland,2025-03,2025,3,0.593093193642873,0.32520719763680367,0.9711750491445608,2740.0187003040382
Western,Admin region,cropland,2025-03,2025,3,0.5754849469375817,0.3017572467820122,0.9138250104631095,3706.8906645577026
Uganda (national),Reference,cropland,2025-04,2025,4,0.6570218827266832,0.404950238115982,0.9331921330735592,27077.93442541493
Karamoja,Focus region,cropland,2025-04,2025,4,0.5476913434218246,0.35032888275160134,0.9445453328192541,1090.6130090109775
Lake Victoria basin,Focus region,cropland,2025-04,2025,4,0.7188512306188021,0.45241291571741454,0.8905937497875019,2526.4562712573393
Northern,Admin region,cropland,2025-04,2025,4,0.6430072258982014,0.3921862220360474,0.9565782646150186,13981.458540091739
Eastern,Admin region,cropland,2025-04,2025,4,0.6331050233231094,0.3932422952636754,0.9127131139447378,6653.957887160815
Central,Admin region,cropland,2025-04,2025,4,0.7114048048672184,0.445991334470175,0.9160673065431597,2740.0187003040382
Western,Admin region,cropland,2025-04,2025,4,0.7168319549340113,0.4472406252578649,0.8945345124360519,3706.8906645577026
Uganda (national),Reference,cropland,2025-05,2025,5,0.6848723959506878,0.45036967496399516,0.9728021933723259,27077.93442541493
Karamoja,Focus region,cropland,2025-05,2025,5,0.5847141418476385,0.36168538558817837,0.9877041692865306,1090.6130090109775
Lake Victoria basin,Focus region,cropland,2025-05,2025,5,0.7217325100296111,0.4878542309750254,0.9382679275205289,2526.4562712573393
Northern,Admin region,cropland,2025-05,2025,5,0.669702083825616,0.43338731552758025,0.9938745739501057,13981.458540091739
Eastern,Admin region,cropland,2025-05,2025,5,0.6747179483594498,0.4409939334551864,0.967811400015416,6653.957887160815
Central,Admin region,cropland,2025-05,2025,5,0.7278659520195778,0.49535166718956686,0.9548715719140773,2740.0187003040382
Western,Admin region,cropland,2025-05,2025,5,0.7334351064832397,0.503192970134273,0.9151547367436426,3706.8906645577026
Uganda (national),Reference,cropland,2025-06,2025,6,0.6794623750755657,0.4417513608457991,0.9889109184595738,27077.93442541493
Karamoja,Focus region,cropland,2025-06,2025,6,0.6062400325609141,0.3889300710225049,0.9946113889303521,1090.6130090109775
Lake Victoria basin,Focus region,cropland,2025-06,2025,6,0.6548552852547767,0.4105476740509279,0.9929040897367409,2526.4562712573393
Northern,Admin region,cropland,2025-06,2025,6,0.6824985996215989,0.4452201709273333,0.9973060353305205,13981.458540091739
Eastern,Admin region,cropland,2025-06,2025,6,0.6718068934785075,0.44268979878054804,0.9721551347601551,6653.957887160815
Central,Admin region,cropland,2025-06,2025,6,0.6725612656078673,0.4310059228480706,0.9877162492574504,2740.0187003040382
Western,Admin region,cropland,2025-06,2025,6,0.6866013697260578,0.4347753713780898,0.9881772655634692,3706.8906645577026
Uganda (national),Reference,cropland,2025-07,2025,7,0.6599588851492196,0.4085000092041634,0.9832556323370054,27077.93442541493
Karamoja,Focus region,cropland,2025-07,2025,7,0.6421447736068027,0.4189173245915213,0.9875581677031819,1090.6130090109775
Lake Victoria basin,Focus region,cropland,2025-07,2025,7,0.571399830288716,0.3254593781597189,0.9894287364753622,2526.4562712573393
Northern,Admin region,cropland,2025-07,2025,7,0.6864183522904799,0.4328601571052224,0.9892947216229765,13981.458540091739
Eastern,Admin region,cropland,2025-07,2025,7,0.6403579105757156,0.3957642852870645,0.9649580207972812,6653.957887160815
Central,Admin region,cropland,2025-07,2025,7,0.6221343105254927,0.36348010767646455,0.981671863971434,2740.0187003040382
Western,Admin region,cropland,2025-07,2025,7,0.6223345696959907,0.37197563587614035,0.9941132468759739,3706.8906645577026
Uganda (national),Reference,cropland,2025-08,2025,8,0.655522160456464,0.3982900402612493,0.9770802152271277,27077.93442541493
Karamoja,Focus region,cropland,2025-08,2025,8,0.6575122921728702,0.43262234976137526,0.9709028449753265,1090.6130090109775
Lake Victoria basin,Focus region,cropland,2025-08,2025,8,0.5439839395948999,0.2944522190944309,0.9884817195041877,2526.4562712573393
Northern,Admin region,cropland,2025-08,2025,8,0.6928270675935869,0.4338817888011633,0.9832967597003445,13981.458540091739
Eastern,Admin region,cropland,2025-08,2025,8,0.6271923611822777,0.38870232935148047,0.9601343986889481,6653.957887160815
Central,Admin region,cropland,2025-08,2025,8,0.5921848363328536,0.321946214715219,0.9880282175302771,2740.0187003040382
Western,Admin region,cropland,2025-08,2025,8,0.611043982483956,0.3373513220968294,0.9760468973383148,3706.8906645577026
Uganda (national),Reference,cropland,2025-09,2025,9,0.6528102496704135,0.42660407844766135,0.9831571817072726,27077.93442541493
Karamoja,Focus region,cropland,2025-09,2025,9,0.6298326416270349,0.37641061342069676,0.980140326732333,1090.6130090109775
Lake Victoria basin,Focus region,cropland,2025-09,2025,9,0.5684080523764142,0.3463329997576978,0.9562274160915598,2526.4562712573393
Northern,Admin region,cropland,2025-09,2025,9,0.6766099524390019,0.4579056090840269,0.9941382385773313,13981.458540091739
Eastern,Admin region,cropland,2025-09,2025,9,0.6282051210219648,0.40031364444338935,0.9909833380437296,6653.957887160815
Central,Admin region,cropland,2025-09,2025,9,0.6091238006930679,0.37303994014191855,0.9703526151390403,2740.0187003040382
Western,Admin region,cropland,2025-09,2025,9,0.6376754507047558,0.39206146768553096,0.9352994653570045,3706.8906645577026
Uganda (national),Reference,cropland,2025-10,2025,10,0.7090214142636287,0.4498985240463248,0.9666858977071032,27077.93442541493
Karamoja,Focus region,cropland,2025-10,2025,10,0.6095302063735816,0.38457154516516623,0.9934356919697016,1090.6130090109775
Lake Victoria basin,Focus region,cropland,2025-10,2025,10,0.6809307192903481,0.4233350535305085,0.9480573630237803,2526.4562712573393
Northern,Admin region,cropland,2025-10,2025,10,0.7226354219744036,0.461449759197041,0.991687064148847,13981.458540091739
Eastern,Admin region,cropland,2025-10,2025,10,0.6764669530603921,0.42992219544300114,0.9655481112822305,6653.957887160815
Central,Admin region,cropland,2025-10,2025,10,0.6944856140540973,0.4383147584176296,0.9378234233578445,2740.0187003040382
Western,Admin region,cropland,2025-10,2025,10,0.7264310878340039,0.44923598530522,0.8947200083196205,3706.8906645577026
Uganda (national),Reference,cropland,2025-11,2025,11,0.6538161456096498,0.42371683546270617,0.9878536806376086,27077.93442541493
Karamoja,Focus region,cropland,2025-11,2025,11,0.515676761331404,0.3007774791693201,1.0,1090.6130090109775
Lake Victoria basin,Focus region,cropland,2025-11,2025,11,0.6879638534122383,0.46561523443803216,0.9887696391998023,2526.4562712573393
Northern,Admin region,cropland,2025-11,2025,11,0.6540676260873151,0.4182236540357377,0.999992357547037,13981.458540091739
Eastern,Admin region,cropland,2025-11,2025,11,0.6149073468312638,0.400286284225832,0.9683172323424373,6653.957887160815
Central,Admin region,cropland,2025-11,2025,11,0.6822573866388131,0.4532344477940605,0.9875359499468316,2740.0187003040382
Western,Admin region,cropland,2025-11,2025,11,0.7010770328071526,0.4646957167912431,0.977396009690775,3706.8906645577026
Uganda (national),Reference,cropland,2025-12,2025,12,0.5920192109971031,0.35190977804182766,0.9887470558820444,27077.93442541493
Karamoja,Focus region,cropland,2025-12,2025,12,0.4138793252344717,0.22543595305319072,1.0,1090.6130090109775
Lake Victoria basin,Focus region,cropland,2025-12,2025,12,0.6815399042565433,0.43415830873872313,0.9118259200369386,2526.4562712573393
Northern,Admin region,cropland,2025-12,2025,12,0.5612422740437373,0.32533651357413795,0.9998700782996279,13981.458540091739
Eastern,Admin region,cropland,2025-12,2025,12,0.590232491325707,0.35022363767905235,0.9987876082320598,6653.957887160815
Central,Admin region,cropland,2025-12,2025,12,0.675436920274672,0.4095336655588691,0.9643577777551785,2740.0187003040382
Western,Admin region,cropland,2025-12,2025,12,0.6554814259832868,0.418028251459366,0.9468841976102005,3706.8906645577026
Uganda (national),Reference,cropland,2026-01,2026,1,0.48120956738385184,0.2855783937126196,0.9926059584574243,27077.93442541493
Karamoja,Focus region,cropland,2026-01,2026,1,0.3332791441252711,0.18726993939781644,1.0,1090.6130090109775
Lake Victoria basin,Focus region,cropland,2026-01,2026,1,0.6110731894159184,0.385333798802823,0.9693794252519172,2526.4562712573393
Northern,Admin region,cropland,2026-01,2026,1,0.43997217556419105,0.2531366351927067,0.999992357547037,13981.458540091739
Eastern,Admin region,cropland,2026-01,2026,1,0.48177533825089036,0.29242162324842425,0.9998635055625498,6653.957887160815
Central,Admin region,cropland,2026-01,2026,1,0.6036653218144358,0.3695846976799189,0.9970500647143008,2740.0187003040382
Western,Admin region,cropland,2026-01,2026,1,0.549264656682805,0.3365691660904378,0.9481507354697009,3706.8906645577026
Uganda (national),Reference,cropland,2026-02,2026,2,0.5329627295113798,0.30682186098152914,0.9705968497469764,27077.93442541493
Karamoja,Focus region,cropland,2026-02,2026,2,0.40170168375495074,0.22562325029208108,0.9768779597738743,1090.6130090109775
Lake Victoria basin,Focus region,cropland,2026-02,2026,2,0.6227027029450538,0.37319472333996434,0.8748536974876187,2526.4562712573393
Northern,Admin region,cropland,2026-02,2026,2,0.5164674738762074,0.28595301143252416,0.9981925598742358,13981.458540091739
Eastern,Admin region,cropland,2026-02,2026,2,0.5228294065145718,0.3086011664258448,0.9656704367469349,6653.957887160815
Central,Admin region,cropland,2026-02,2026,2,0.6094387308841317,0.36532276198271785,0.9568317725616718,2740.0187003040382
Western,Admin region,cropland,2026-02,2026,2,0.5619554770210247,0.34540232524759285,0.883018450962422,3706.8906645577026
Uganda (national),Reference,cropland,2026-03,2026,3,0.6234458467206836,0.3644282552328684,0.9708000105599984,27077.93442541493
Karamoja,Focus region,cropland,2026-03,2026,3,0.5604499407928178,0.3258794399567003,0.9902711076506173,1090.6130090109775
Lake Victoria basin,Focus region,cropland,2026-03,2026,3,0.6892512213636723,0.4352462850350597,0.9580519578953932,2526.4562712573393
Northern,Admin region,cropland,2026-03,2026,3,0.6094189820631712,0.3417868512971021,0.9887044545205941,13981.458540091739
Eastern,Admin region,cropland,2026-03,2026,3,0.6144480835020806,0.3778396606885277,0.9922965814110132,6653.957887160815
Central,Admin region,cropland,2026-03,2026,3,0.6812503117145584,0.4091034149987773,0.9658958272179012,2740.0187003040382
Western,Admin region,cropland,2026-03,2026,3,0.6547503403219784,0.3972904420409319,0.8673046549462882,3706.8906645577026
Uganda (national),Reference,cropland,2026-04,2026,4,0.666984307310979,0.40472946338666976,0.6380997329329365,27077.93442541493
Karamoja,Focus region,cropland,2026-04,2026,4,0.5068100946979717,0.2879755126723113,0.7043004958482721,1090.6130090109775
Lake Victoria basin,Focus region,cropland,2026-04,2026,4,0.7519883898414551,0.4365741502132234,0.68180959518922,2526.4562712573393
Northern,Admin region,cropland,2026-04,2026,4,0.6413028325279974,0.38180922990831323,0.6785433382753031,13981.458540091739
Eastern,Admin region,cropland,2026-04,2026,4,0.6592412446875919,0.4223849681561466,0.5659388726585929,6653.957887160815
Central,Admin region,cropland,2026-04,2026,4,0.7394105034252829,0.44343439015241737,0.6148218726155549,2740.0187003040382
Western,Admin region,cropland,2026-04,2026,4,0.7313836385363506,0.44120744294792996,0.6311737644840946,3706.8906645577026
Uganda (national),Reference,cropland,2026-05,2026,5,0.6910021877069229,0.4437338763275954,0.9861118844208795,27077.93442541493
Karamoja,Focus region,cropland,2026-05,2026,5,0.5712321719372708,0.34552969010898427,0.9981874671856639,1090.6130090109775
Lake Victoria basin,Focus region,cropland,2026-05,2026,5,0.7185000732037161,0.4775310375831038,0.9575108645734219,2526.4562712573393
Northern,Admin region,cropland,2026-05,2026,5,0.6761622360966625,0.4282514281289658,0.999388603762955,13981.458540091739
Eastern,Admin region,cropland,2026-05,2026,5,0.6866973596257299,0.43636375959876766,0.9827747168598432,6653.957887160815
Central,Admin region,cropland,2026-05,2026,5,0.730155710576979,0.49051059718867,0.9477612185664246,2740.0187003040382
Western,Admin region,cropland,2026-05,2026,5,0.7282879523975606,0.4836110011226403,0.97004467557013,3706.8906645577026
Uganda (national),Reference,cropland,2026-06,2026,6,0.6392966352176928,0.4109475505882695,0.9993015452415926,27077.93442541493
Karamoja,Focus region,cropland,2026-06,2026,6,0.5090047869921188,0.32749190957780966,0.9993631641463143,1090.6130090109775
Lake Victoria basin,Focus region,cropland,2026-06,2026,6,0.6125056441900407,0.3630161561998197,0.9998519767693917,2526.4562712573393
Northern,Admin region,cropland,2026-06,2026,6,0.6461985234782126,0.4171571962911208,0.9997463604728377,13981.458540091739
Eastern,Admin region,cropland,2026-06,2026,6,0.6337195412863639,0.42072410322839615,0.9983620667505974,6653.957887160815
Central,Admin region,cropland,2026-06,2026,6,0.6290833596937041,0.38401345605043563,0.9996685337101217,2740.0187003040382
Western,Admin region,cropland,2026-06,2026,6,0.63091009202596,0.3896107912313548,0.9990444305595709,3706.8906645577026
Uganda (national),Reference,cropland,2026-07,2026,7,0.5953715245135659,0.3554990880237613,0.9921505121026649,27077.93442541493
Karamoja,Focus region,cropland,2026-07,2026,7,0.441792405737262,0.25295436430828533,0.9974526565852574,1090.6130090109775
Lake Victoria basin,Focus region,cropland,2026-07,2026,7,0.512498800571677,0.2826265818772266,0.9782693604849125,2526.4562712573393
Northern,Admin region,cropland,2026-07,2026,7,0.6305952108078963,0.38335691309590364,0.9979823924177516,13981.458540091739
Eastern,Admin region,cropland,2026-07,2026,7,0.5581539788274356,0.3393284333397614,0.9987554918938363,6653.957887160815
Central,Admin region,cropland,2026-07,2026,7,0.5479130949786295,0.3062325184017189,0.9914305832743869,2740.0187003040382
Western,Admin region,cropland,2026-07,2026,7,0.5626645029058157,0.3135300257015801,0.9584356400780754,3706.8906645577026
Uganda (national),Reference,cropland,2026-08,2026,8,0.6045924628706595,0.3556967457659866,0.9996573648823912,27077.93442541493
Karamoja,Focus region,cropland,2026-08,2026,8,0.47390784976779676,0.28267328222101507,0.9996570883864769,1090.6130090109775
Lake Victoria basin,Focus region,cropland,2026-08,2026,8,0.5023980863901794,0.2702132448062317,0.9999365614725965,2526.4562712573393
Northern,Admin region,cropland,2026-08,2026,8,0.644173722408422,0.38364905520958387,0.9999694301881478,13981.458540091739
Eastern,Admin region,cropland,2026-08,2026,8,0.5603400155431505,0.33113060097504987,0.999162834116972,6653.957887160815
Central,Admin region,cropland,2026-08,2026,8,0.5582522066288215,0.3042045360722109,1.0,2740.0187003040382
Western,Admin region,cropland,2026-08,2026,8,0.5688710049110288,0.3320191371077142,0.9990631949207361,3706.8906645577026
Uganda (national),Reference,pasture,2002-07,2002,7,0.6271829684972224,0.377414062435726,0.9842541273481007,123950.34640055614
Karamoja,Focus region,pasture,2002-07,2002,7,0.5117103609109716,0.3077538149383349,0.9922583001812303,24765.78560836989
Lake Victoria basin,Focus region,pasture,2002-07,2002,7,0.5828416329580889,0.32960096072634765,0.9884647101658257,20187.901015491654
Northern,Admin region,pasture,2002-07,2002,7,0.6270876864154001,0.3870283623477937,0.9940576413677178,60800.253680286456
Eastern,Admin region,pasture,2002-07,2002,7,0.6268735733653873,0.3749528072050193,0.9526680764379163,14882.637672862964
Central,Admin region,pasture,2002-07,2002,7,0.6436568512216836,0.37309038070069184,0.9807757573710233,23592.281274019013
Western,Admin region,pasture,2002-07,2002,7,0.6117494878188019,0.3588488516228561,0.9824137590528674,24630.704160004545
Uganda (national),Reference,pasture,2002-08,2002,8,0.6378175310106645,0.37322705708532594,0.9480962313751161,123950.34640055614
Karamoja,Focus region,pasture,2002-08,2002,8,0.5296247124179627,0.29182062099598843,0.9995150117229893,24765.78560836989
Lake Victoria basin,Focus region,pasture,2002-08,2002,8,0.5570948347752895,0.3195987987674763,0.8542315308652945,20187.901015491654
Northern,Admin region,pasture,2002-08,2002,8,0.6477006709217944,0.38169236465842593,0.9986337867823762,60800.253680286456
Eastern,Admin region,pasture,2002-08,2002,8,0.6288306282838579,0.3674888033084702,0.9525629454087986,14882.637672862964
Central,Admin region,pasture,2002-08,2002,8,0.6455317977044657,0.3677165848481703,0.86469984204295,23592.281274019013
Western,Admin region,pasture,2002-08,2002,8,0.6092850731428096,0.358665725678531,0.8999577598277341,24630.704160004545
Uganda (national),Reference,pasture,2002-09,2002,9,0.613695378970024,0.37057213454811005,0.9597945502792572,123950.34640055614
Karamoja,Focus region,pasture,2002-09,2002,9,0.39529429880989086,0.21854065706252188,0.9877115181644853,24765.78560836989
Lake Victoria basin,Focus region,pasture,2002-09,2002,9,0.623804894245117,0.36539168215759976,0.896265031191427,20187.901015491654
Northern,Admin region,pasture,2002-09,2002,9,0.5737938672393241,0.3463192758446508,0.992452204893167,60800.253680286456
Eastern,Admin region,pasture,2002-09,2002,9,0.595837847029797,0.35018406297810845,0.9689917662611188,14882.637672862964
Central,Admin region,pasture,2002-09,2002,9,0.6845543883149086,0.409920168198913,0.9464347628308257,23592.281274019013
Western,Admin region,pasture,2002-09,2002,9,0.6631446373068378,0.4105654417386353,0.8858006971742177,24630.704160004545
Uganda (national),Reference,pasture,2002-10,2002,10,0.6224107189599704,0.38809021654391573,0.9507938517379688,123950.34640055614
Karamoja,Focus region,pasture,2002-10,2002,10,0.3697126387824963,0.19355208924663866,0.967329709857506,24765.78560836989
Lake Victoria basin,Focus region,pasture,2002-10,2002,10,0.7001166482252598,0.4725899544001795,0.9080773918134727,20187.901015491654
Northern,Admin region,pasture,2002-10,2002,10,0.5431062055720715,0.32102768472979243,0.9786485705115573,60800.253680286456
Eastern,Admin region,pasture,2002-10,2002,10,0.6396082287335656,0.38341242874702264,0.9581560062540857,14882.637672862964
Central,Admin region,pasture,2002-10,2002,10,0.7282173694433866,0.47656594940597347,0.953525775214022,23592.281274019013
Western,Admin region,pasture,2002-10,2002,10,0.7194002212574786,0.48358418397487263,0.8739286816213555,24630.704160004545
Uganda (national),Reference,pasture,2002-11,2002,11,0.6344712389418157,0.38101340026834685,0.9871851728892012,123950.34640055614
Karamoja,Focus region,pasture,2002-11,2002,11,0.36803690315986676,0.19180781397119925,0.9973233009025624,24765.78560836989
Lake Victoria basin,Focus region,pasture,2002-11,2002,11,0.7818867099072564,0.5245266818489721,0.9773078526591559,20187.901015491654
Northern,Admin region,pasture,2002-11,2002,11,0.5226959024534467,0.2854870791679452,0.9983123183622702,60800.253680286456
Eastern,Admin region,pasture,2002-11,2002,11,0.6537080719213895,0.3944806612530403,0.9868215974440265,14882.637672862964
Central,Admin region,pasture,2002-11,2002,11,0.7777885413097986,0.5004060415780829,0.9837596786556965,23592.281274019013
Western,Admin region,pasture,2002-11,2002,11,0.7683358955427098,0.500179838515949,0.9626950269344364,24630.704160004545
Uganda (national),Reference,pasture,2002-12,2002,12,0.595104254431503,0.34758631955199254,0.9880722500934165,123950.34640055614
Karamoja,Focus region,pasture,2002-12,2002,12,0.36160482043026543,0.179981893346482,0.9985837645216779,24765.78560836989
Lake Victoria basin,Focus region,pasture,2002-12,2002,12,0.7665805706921414,0.5214603102764105,0.9849229198263021,20187.901015491654
Northern,Admin region,pasture,2002-12,2002,12,0.4691058190235458,0.23672506965362314,0.9994165269606775,60800.253680286456
Eastern,Admin region,pasture,2002-12,2002,12,0.6278574288654059,0.364230266398334,0.9711688992346255,14882.637672862964
Central,Admin region,pasture,2002-12,2002,12,0.7560728361981619,0.48697348322066775,0.9981136551374653,23592.281274019013
Western,Admin region,pasture,2002-12,2002,12,0.7385398681855586,0.48329419053901085,0.9600008560484374,24630.704160004545
Uganda (national),Reference,pasture,2003-01,2003,1,0.5125225665819793,0.28620865253900285,0.9997667793478935,123950.34640055614
Karamoja,Focus region,pasture,2003-01,2003,1,0.3133142394002229,0.16414780366204598,1.0,24765.78560836989
Lake Victoria basin,Focus region,pasture,2003-01,2003,1,0.685806037064778,0.423920535239262,0.9999026651090177,20187.901015491654
Northern,Admin region,pasture,2003-01,2003,1,0.38009512640980425,0.18926222464155532,0.9999938489288023,60800.253680286456
Eastern,Admin region,pasture,2003-01,2003,1,0.5729544901768023,0.3351834900622762,0.9999641022865224,14882.637672862964
Central,Admin region,pasture,2003-01,2003,1,0.6885356283377028,0.4088977634439397,1.0,23592.281274019013
Western,Admin region,pasture,2003-01,2003,1,0.634603646090879,0.37846282050318064,0.9988496593936886,24630.704160004545
Uganda (national),Reference,pasture,2003-02,2003,2,0.43047459748313033,0.23318405576597595,0.9924216911872806,123950.34640055614
Karamoja,Focus region,pasture,2003-02,2003,2,0.2510812154230233,0.13127189536926123,1.0,24765.78560836989
Lake Victoria basin,Focus region,pasture,2003-02,2003,2,0.5871495323948234,0.3418374683059006,0.9849765012360616,20187.901015491654
Northern,Admin region,pasture,2003-02,2003,2,0.326772257490206,0.16381570228159356,0.9999982425510864,60800.253680286456
Eastern,Admin region,pasture,2003-02,2003,2,0.44687541072070414,0.24995191614023454,0.9998384602893511,14882.637672862964
Central,Admin region,pasture,2003-02,2003,2,0.5708055008531654,0.32840930593701845,0.9904544818908684,23592.281274019013
Western,Admin region,pasture,2003-02,2003,2,0.54686104798618,0.30607241505691773,0.970751791792144,24630.704160004545
Uganda (national),Reference,pasture,2003-03,2003,3,0.47382579586438633,0.27933524590880987,0.9721259604160952,123950.34640055614
Karamoja,Focus region,pasture,2003-03,2003,3,0.24690055715906056,0.13765114061256337,0.999812605091333,24765.78560836989
Lake Victoria basin,Focus region,pasture,2003-03,2003,3,0.6229011910553658,0.38912952792877636,0.9248737783155774,20187.901015491654
Northern,Admin region,pasture,2003-03,2003,3,0.3708919273334616,0.20699871000084913,0.9953454310120545,60800.253680286456
Eastern,Admin region,pasture,2003-03,2003,3,0.46832576923297853,0.26948721347471694,0.9947688866493095,14882.637672862964
Central,Admin region,pasture,2003-03,2003,3,0.6203513585633591,0.3822381015696465,0.9453805228943057,23592.281274019013
Western,Admin region,pasture,2003-03,2003,3,0.6068557558960047,0.37676243404558935,0.9262764178534041,24630.704160004545
Uganda (national),Reference,pasture,2003-04,2003,4,0.6254346376832906,0.38131498189984225,0.39210058345476645,123950.34640055614
Karamoja,Focus region,pasture,2003-04,2003,4,0.4131385946048236,0.21458127699492205,0.3828406582639764,24765.78560836989
Lake Victoria basin,Focus region,pasture,2003-04,2003,4,0.6975398233355101,0.4446559652246031,0.39158798019225116,20187.901015491654
Northern,Admin region,pasture,2003-04,2003,4,0.5533007381243834,0.3251571531273647,0.3866324307347946,60800.253680286456
Eastern,Admin region,pasture,2003-04,2003,4,0.6627278412828133,0.397829222892969,0.45690108553981673,14882.637672862964
Central,Admin region,pasture,2003-04,2003,4,0.724725826287772,0.4560628351613064,0.3681417758100053,23592.281274019013
Western,Admin region,pasture,2003-04,2003,4,0.6853667270546049,0.43879639332326703,0.38703665538336884,24630.704160004545
Uganda (national),Reference,pasture,2003-05,2003,5,0.7086052377620078,0.4501455849924327,0.9677518460322475,123950.34640055614
Karamoja,Focus region,pasture,2003-05,2003,5,0.5666990287829854,0.3327942914627398,0.9984444725181021,24765.78560836989
Lake Victoria basin,Focus region,pasture,2003-05,2003,5,0.7649377888031806,0.5032676634931444,0.9076294167730489,20187.901015491654
Northern,Admin region,pasture,2003-05,2003,5,0.6630312417733114,0.40886957665336054,0.9953403206262919,60800.253680286456
Eastern,Admin region,pasture,2003-05,2003,5,0.7009059844799478,0.43144902418669673,0.9619313195091476,14882.637672862964
Central,Admin region,pasture,2003-05,2003,5,0.7794209438504007,0.5056181968248048,0.9435647419077393,23592.281274019013
Western,Admin region,pasture,2003-05,2003,5,0.7650970408476028,0.5171253014419978,0.9258023333971656,24630.704160004545
Uganda (national),Reference,pasture,2003-06,2003,6,0.7183137045861683,0.46509787056345,0.968414071253172,123950.34640055614
Karamoja,Focus region,pasture,2003-06,2003,6,0.6119129361700598,0.36953155526405257,0.9673275356671072,24765.78560836989
Lake Victoria basin,Focus region,pasture,2003-06,2003,6,0.7328888136068412,0.48198465067549123,0.9701716972325101,20187.901015491654
Northern,Admin region,pasture,2003-06,2003,6,0.6930688379869292,0.44391544413500245,0.9808270421572745,60800.253680286456
Eastern,Admin region,pasture,2003-06,2003,6,0.7097852579690481,0.44776053662528015,0.9528229293195842,14882.637672862964
Central,Admin region,pasture,2003-06,2003,6,0.7718195807145025,0.5061106479530765,0.9718332025201979,23592.281274019013
Western,Admin region,pasture,2003-06,2003,6,0.7355859755658346,0.4895980311466173,0.9433215892345309,24630.704160004545
Uganda (national),Reference,pasture,2003-07,2003,7,0.6842011856323661,0.4185414153506619,0.9708420146017634,123950.34640055614
Karamoja,Focus region,pasture,2003-07,2003,7,0.6225730345380094,0.37945366135468195,0.967869568947465,24765.78560836989
Lake Victoria basin,Focus region,pasture,2003-07,2003,7,0.6130639603246949,0.3561606331678876,0.9740272133161851,20187.901015491654
Northern,Admin region,pasture,2003-07,2003,7,0.6934034166734114,0.4296417844229832,0.9776579241267747,60800.253680286456
Eastern,Admin region,pasture,2003-07,2003,7,0.6922314778396997,0.41655687798796276,0.9342559561873335,14882.637672862964
Central,Admin region,pasture,2003-07,2003,7,0.6892669819848682,0.41188264694989224,0.9641551139632795,23592.281274019013
Western,Admin region,pasture,2003-07,2003,7,0.6522721006809172,0.39866413013614105,0.9819052166055601,24630.704160004545
Uganda (national),Reference,pasture,2003-08,2003,8,0.6715444572081513,0.40249398957986837,0.9726238395856509,123950.34640055614
Karamoja,Focus region,pasture,2003-08,2003,8,0.6290053464920693,0.3727802655848907,0.9919275948236976,24765.78560836989
Lake Victoria basin,Focus region,pasture,2003-08,2003,8,0.5764235907140633,0.32998640642765154,0.9675449627990077,20187.901015491654
Northern,Admin region,pasture,2003-08,2003,8,0.6941358215540859,0.42498760831121585,0.988884197648949,60800.253680286456
Eastern,Admin region,pasture,2003-08,2003,8,0.6733357365108827,0.3987416253715692,0.9571701001891104,14882.637672862964
Central,Admin region,pasture,2003-08,2003,8,0.6639983568433131,0.38421260170357213,0.957774367042432,23592.281274019013
Western,Admin region,pasture,2003-08,2003,8,0.6199542932472781,0.3646970580997421,0.9552410770283595,24630.704160004545
Uganda (national),Reference,pasture,2003-09,2003,9,0.6564424106186817,0.41838535472916955,0.9668007470748342,123950.34640055614
Karamoja,Focus region,pasture,2003-09,2003,9,0.5484515642126135,0.33275272008104595,0.999952540046155,24765.78560836989
Lake Victoria basin,Focus region,pasture,2003-09,2003,9,0.6581718251523184,0.4161804484012735,0.8962181228102309,20187.901015491654
Northern,Admin region,pasture,2003-09,2003,9,0.6357667011317872,0.4038579250955,0.9987186474430564,60800.253680286456
Eastern,Admin region,pasture,2003-09,2003,9,0.6431093821685298,0.3949982247491622,0.9659547352357105,14882.637672862964
Central,Admin region,pasture,2003-09,2003,9,0.6966328367398339,0.4425416449152548,0.9421453299168908,23592.281274019013
Western,Admin region,pasture,2003-09,2003,9,0.681167624427892,0.4485899630401567,0.911363601546845,24630.704160004545
Uganda (national),Reference,pasture,2003-10,2003,10,0.6234404851495328,0.3855763412722021,0.9561027773610487,123950.34640055614
Karamoja,Focus region,pasture,2003-10,2003,10,0.4030340854057681,0.22629495118519777,0.9761843667436547,24765.78560836989
Lake Victoria basin,Focus region,pasture,2003-10,2003,10,0.692925103883975,0.4612898187944056,0.8881667765640788,20187.901015491654
Northern,Admin region,pasture,2003-10,2003,10,0.5517566291250674,0.3266748593919707,0.9833999370288824,60800.253680286456
Eastern,Admin region,pasture,2003-10,2003,10,0.6340975758453749,0.3855405418072078,0.9693823052286848,14882.637672862964
Central,Admin region,pasture,2003-10,2003,10,0.7181227163835728,0.45387008475027785,0.9615129381655042,23592.281274019013
Western,Admin region,pasture,2003-10,2003,10,0.715274530329502,0.4766994997290601,0.8746229365640973,24630.704160004545
Uganda (national),Reference,pasture,2003-11,2003,11,0.6053622252018631,0.34892233006227585,0.958398319613221,123950.34640055614
Karamoja,Focus region,pasture,2003-11,2003,11,0.3401308789348071,0.17006559805170188,0.9858075364867007,24765.78560836989
Lake Victoria basin,Focus region,pasture,2003-11,2003,11,0.7548543292516255,0.45975481239394567,0.8826787346572101,20187.901015491654
Northern,Admin region,pasture,2003-11,2003,11,0.494349305203207,0.2593923547000441,0.9887749084483693,60800.253680286456
Eastern,Admin region,pasture,2003-11,2003,11,0.6266668093283766,0.3689120413531203,0.9732387895488102,14882.637672862964
Central,Admin region,pasture,2003-11,2003,11,0.7563985522430947,0.46210345706485045,0.9291759541506376,23592.281274019013
Western,Admin region,pasture,2003-11,2003,11,0.7424469224553886,0.4661414847054531,0.9011088489660659,24630.704160004545
Uganda (national),Reference,pasture,2003-12,2003,12,0.5614016019320445,0.3189855524076864,0.9983193546054214,123950.34640055614
Karamoja,Focus region,pasture,2003-12,2003,12,0.31548519349097426,0.15553261204002838,1.0,24765.78560836989
Lake Victoria basin,Focus region,pasture,2003-12,2003,12,0.7437093478395962,0.4678815118964415,0.9998608730623194,20187.901015491654
Northern,Admin region,pasture,2003-12,2003,12,0.42251990720699345,0.20978638221593562,0.9999991212755431,60800.253680286456
Eastern,Admin region,pasture,2003-12,2003,12,0.5939335406695695,0.3386822822629984,0.9950731303291829,14882.637672862964
Central,Admin region,pasture,2003-12,2003,12,0.7383860707573853,0.45309036244251805,0.9999864129461072,23592.281274019013
Western,Admin region,pasture,2003-12,2003,12,0.7158547552066785,0.44878970537754803,0.9941100482079288,24630.704160004545
Uganda (national),Reference,pasture,2004-01,2004,1,0.4954338204932247,0.27281399193381767,0.9961241620059005,123950.34640055614
Karamoja,Focus region,pasture,2004-01,2004,1,0.2935710320139045,0.14885939805093912,1.0,24765.78560836989
Lake Victoria basin,Focus region,pasture,2004-01,2004,1,0.6802927911327695,0.41224965851310674,0.9960701984754838,20187.901015491654
Northern,Admin region,pasture,2004-01,2004,1,0.3753148690536708,0.18655708769549834,1.0,60800.253680286456
Eastern,Admin region,pasture,2004-01,2004,1,0.5178131314072567,0.2815497806665618,0.9928444031910112,14882.637672862964
Central,Admin region,pasture,2004-01,2004,1,0.660948881454193,0.3892407646331332,0.9970493447962956,23592.281274019013
Western,Admin region,pasture,2004-01,2004,1,0.6218174504822853,0.37040641204827224,0.9872209847957751,24630.704160004545
Uganda (national),Reference,pasture,2004-02,2004,2,0.4605287024636469,0.25740259645128655,0.9832347284915051,123950.34640055614
Karamoja,Focus region,pasture,2004-02,2004,2,0.28799997663126087,0.14718985201580306,1.0,24765.78560836989
Lake Victoria basin,Focus region,pasture,2004-02,2004,2,0.6263646932940078,0.3838976063086049,0.9548586014824479,20187.901015491654
Northern,Admin region,pasture,2004-02,2004,2,0.36194211375536867,0.18464976743357933,0.9999876978576047,60800.253680286456
Eastern,Admin region,pasture,2004-02,2004,2,0.46859910313551795,0.2664712238124077,0.9822926433689567,14882.637672862964
Central,Admin region,pasture,2004-02,2004,2,0.6026108121794068,0.3547813957706876,0.98211051224765,23592.281274019013
Western,Admin region,pasture,2004-02,2004,2,0.5717578080840611,0.3450051080766233,0.9429212351822875,24630.704160004545
Uganda (national),Reference,pasture,2004-03,2004,3,0.4908157406619332,0.2816932159490868,0.9605062556137458,123950.34640055614
Karamoja,Focus region,pasture,2004-03,2004,3,0.2716984465272849,0.14482673164780407,0.9981543323082857,24765.78560836989
Lake Victoria basin,Focus region,pasture,2004-03,2004,3,0.6782868691210633,0.4238719439655079,0.8821525928187399,20187.901015491654
Northern,Admin region,pasture,2004-03,2004,3,0.3721221671580149,0.1966711094629356,0.9964488194676352,60800.253680286456
Eastern,Admin region,pasture,2004-03,2004,3,0.49528466362280177,0.2877942082411047,0.9811700303645384,14882.637672862964
Central,Admin region,pasture,2004-03,2004,3,0.659926228943181,0.40938678600959644,0.9533099009048205,23592.281274019013
Western,Admin region,pasture,2004-03,2004,3,0.6462970970123804,0.3839830060850429,0.8656045972659138,24630.704160004545
Uganda (national),Reference,pasture,2004-04,2004,4,0.6907770105488515,0.4235052274578858,0.9682996819795978,123950.34640055614
Karamoja,Focus region,pasture,2004-04,2004,4,0.5434755730045998,0.31080513421639844,0.9836818212277613,24765.78560836989
Lake Victoria basin,Focus region,pasture,2004-04,2004,4,0.7486694310802653,0.48154986153536444,0.9325573711555195,20187.901015491654
Northern,Admin region,pasture,2004-04,2004,4,0.6428537980877953,0.3812876562483615,0.9868775976150274,60800.253680286456
Eastern,Admin region,pasture,2004-04,2004,4,0.6901086429914661,0.4101890240773966,0.9674574979870886,14882.637672862964
Central,Admin region,pasture,2004-04,2004,4,0.7556527152986612,0.4724926602756955,0.9446283329342915,23592.281274019013
Western,Admin region,pasture,2004-04,2004,4,0.7526544295300509,0.49353921556097957,0.9448454132947676,24630.704160004545
Uganda (national),Reference,pasture,2004-05,2004,5,0.6912158481761259,0.44385269340384464,0.9729892990655022,123950.34640055614
Karamoja,Focus region,pasture,2004-05,2004,5,0.5745621166208104,0.3520938391999611,0.99042046634286,24765.78560836989
Lake Victoria basin,Focus region,pasture,2004-05,2004,5,0.7248548678234139,0.46420884634225595,0.9322810164469187,20187.901015491654
Northern,Admin region,pasture,2004-05,2004,5,0.660833688906215,0.42214337721941136,0.987323197064087,60800.253680286456
Eastern,Admin region,pasture,2004-05,2004,5,0.6752842175595497,0.42404459955157736,0.9867334298442186,14882.637672862964
Central,Admin region,pasture,2004-05,2004,5,0.73891915081098,0.4697166503843927,0.9531764547225684,23592.281274019013
Western,Admin region,pasture,2004-05,2004,5,0.7335403573381287,0.4873168976570689,0.9477018540142936,24630.704160004545
Uganda (national),Reference,pasture,2004-06,2004,6,0.6720136462899761,0.4165214897468054,0.98658088265589,123950.34640055614
Karamoja,Focus region,pasture,2004-06,2004,6,0.5585434530380361,0.33615577930221685,0.9910425639731624,24765.78560836989
Lake Victoria basin,Focus region,pasture,2004-06,2004,6,0.6548130287008832,0.40513188995874244,0.9832644698579249,20187.901015491654
Northern,Admin region,pasture,2004-06,2004,6,0.6571152034864958,0.4080269340965632,0.9948440756347154,60800.253680286456
Eastern,Admin region,pasture,2004-06,2004,6,0.6768459664311773,0.41237523632555,0.9662098623970253,14882.637672862964
Central,Admin region,pasture,2004-06,2004,6,0.7084210016384855,0.43069658946492323,0.9854938929167696,23592.281274019013
Western,Admin region,pasture,2004-06,2004,6,0.6715936336381306,0.4267021563742299,0.9790110515734223,24630.704160004545
Uganda (national),Reference,pasture,2004-07,2004,7,0.6010559335305239,0.344510028524597,0.9847301053175251,123950.34640055614
Karamoja,Focus region,pasture,2004-07,2004,7,0.49297059802518084,0.28134586508059733,0.9725320229693655,24765.78560836989
Lake Victoria basin,Focus region,pasture,2004-07,2004,7,0.5377480819770892,0.29767600305942155,0.9910114201463628,20187.901015491654
Northern,Admin region,pasture,2004-07,2004,7,0.6086269193938799,0.3548314691650604,0.9870786566627022,60800.253680286456
Eastern,Admin region,pasture,2004-07,2004,7,0.6221004749200261,0.35888146321082376,0.9750215826203824,14882.637672862964
Central,Admin region,pasture,2004-07,2004,7,0.6127360796993153,0.33404842105794835,0.9775858989753878,23592.281274019013
Western,Admin region,pasture,2004-07,2004,7,0.5589206666453682,0.3205061528138465,0.9912459350351951,24630.704160004545
Uganda (national),Reference,pasture,2004-08,2004,8,0.6326437665316137,0.36828222700244334,0.9720870159342682,123950.34640055614
Karamoja,Focus region,pasture,2004-08,2004,8,0.5607816693854148,0.3200328836904863,0.9942716258703244,24765.78560836989
Lake Victoria basin,Focus region,pasture,2004-08,2004,8,0.5497575664678247,0.3027220769201966,0.9413096344719402,20187.901015491654
Northern,Admin region,pasture,2004-08,2004,8,0.6495940406731345,0.3849230995555706,0.9926718033038919,60800.253680286456
Eastern,Admin region,pasture,2004-08,2004,8,0.6246386249836262,0.3581111820386165,0.9509412978769041,14882.637672862964
Central,Admin region,pasture,2004-08,2004,8,0.6265224845133873,0.3504773348147299,0.9507247108095485,23592.281274019013
Western,Admin region,pasture,2004-08,2004,8,0.5997465378183524,0.34854678893943136,0.9537962230962599,24630.704160004545
Uganda (national),Reference,pasture,2004-09,2004,9,0.6302110767043926,0.3833144425337808,0.9525282029928374,123950.34640055614
Karamoja,Focus region,pasture,2004-09,2004,9,0.4892096439701794,0.2620182065032489,0.9984684055322605,24765.78560836989
Lake Victoria basin,Focus region,pasture,2004-09,2004,9,0.616883462661863,0.3925774416164791,0.8327779931031603,20187.901015491654
Northern,Admin region,pasture,2004-09,2004,9,0.6103697229368381,0.3615287659850745,0.9966138956102981,60800.253680286456
Eastern,Admin region,pasture,2004-09,2004,9,0.6295741639847499,0.35951769124351796,0.9745707073391046,14882.637672862964
Central,Admin region,pasture,2004-09,2004,9,0.6620437122207026,0.4124632673852462,0.9010302121641554,23592.281274019013
Western,Admin region,pasture,2004-09,2004,9,0.6547401558630386,0.43140270481947085,0.8789243673124539,24630.704160004545
Uganda (national),Reference,pasture,2004-10,2004,10,0.6311211217838874,0.3892279206166222,0.962624646111671,123950.34640055614
Karamoja,Focus region,pasture,2004-10,2004,10,0.4251334327857683,0.23052475665831532,0.9919358347515133,24765.78560836989
Lake Victoria basin,Focus region,pasture,2004-10,2004,10,0.7022240591274055,0.4454210226243637,0.9328835504522005,20187.901015491654
Northern,Admin region,pasture,2004-10,2004,10,0.566740327687954,0.3408736508992759,0.9881387808612033,60800.253680286456
Eastern,Admin region,pasture,2004-10,2004,10,0.6223174166079403,0.36947694758775834,0.9652301082147129,14882.637672862964
Central,Admin region,pasture,2004-10,2004,10,0.7255955661410228,0.45604796113947776,0.966460872530585,23592.281274019013
Western,Admin region,pasture,2004-10,2004,10,0.714664391032575,0.4645966874504498,0.8933610151815818,24630.704160004545
Uganda (national),Reference,pasture,2004-11,2004,11,0.6424107262657587,0.3909817093892805,0.9715825513610145,123950.34640055614
Karamoja,Focus region,pasture,2004-11,2004,11,0.47440655023312606,0.2579759345709191,0.9987756516291846,24765.78560836989
Lake Victoria basin,Focus region,pasture,2004-11,2004,11,0.7530674418892888,0.506821798916118,0.929478188780642,20187.901015491654
Northern,Admin region,pasture,2004-11,2004,11,0.55968666123521,0.31479956345016163,0.9941783195264529,60800.253680286456
Eastern,Admin region,pasture,2004-11,2004,11,0.6384449690158589,0.3718394560922658,0.9715040571806934,14882.637672862964
Central,Admin region,pasture,2004-11,2004,11,0.7597423087115357,0.49373931144404953,0.9778556419570816,23592.281274019013
Western,Admin region,pasture,2004-11,2004,11,0.7471537227535004,0.5028134272438608,0.9088492484666217,24630.704160004545
Uganda (national),Reference,pasture,2004-12,2004,12,0.5613763425893414,0.3226950684306631,0.9932351254581523,123950.34640055614
Karamoja,Focus region,pasture,2004-12,2004,12,0.4159003385595152,0.22611786050925683,1.0,24765.78560836989
Lake Victoria basin,Focus region,pasture,2004-12,2004,12,0.6868960026289179,0.434800962734746,0.9797510424842881,20187.901015491654
Northern,Admin region,pasture,2004-12,2004,12,0.4669189077048719,0.24268527695139497,1.0,60800.253680286456
Eastern,Admin region,pasture,2004-12,2004,12,0.5794103597406388,0.34371918153783615,0.9929892047129052,14882.637672862964
Central,Admin region,pasture,2004-12,2004,12,0.6883064473599447,0.42341482040902845,0.9996580591436997,23592.281274019013
Western,Admin region,pasture,2004-12,2004,12,0.665159642159024,0.41368773721031116,0.9699128575183505,24630.704160004545
Uganda (national),Reference,pasture,2005-01,2005,1,0.4472893090840028,0.23755876532062234,0.9933730014320298,123950.34640055614
Karamoja,Focus region,pasture,2005-01,2005,1,0.3052625872392836,0.16200498148262327,1.0,24765.78560836989
Lake Victoria basin,Focus region,pasture,2005-01,2005,1,0.5965273362780245,0.3430646404243166,0.9850973940972465,20187.901015491654
Northern,Admin region,pasture,2005-01,2005,1,0.3460897858501711,0.16993353668485675,0.9999947276532591,60800.253680286456
Eastern,Admin region,pasture,2005-01,2005,1,0.466348946076751,0.24935347926208476,0.9922706591868972,14882.637672862964
Central,Admin region,pasture,2005-01,2005,1,0.5889485267143594,0.3308493285391857,0.9998007232095732,23592.281274019013
Western,Admin region,pasture,2005-01,2005,1,0.5531568585534684,0.31020355177834197,0.9709749393946372,24630.704160004545
Uganda (national),Reference,pasture,2005-02,2005,2,0.4132252615365745,0.21745997970333145,0.9993437009662838,123950.34640055614
Karamoja,Focus region,pasture,2005-02,2005,2,0.2609309830718637,0.1412143072539987,1.0,24765.78560836989
Lake Victoria basin,Focus region,pasture,2005-02,2005,2,0.5403799560038,0.2989912961124469,0.9987927526177445,20187.901015491654
Northern,Admin region,pasture,2005-02,2005,2,0.3276234441914068,0.16443995651657115,0.9999982425510864,60800.253680286456
Eastern,Admin region,pasture,2005-02,2005,2,0.4180567328254774,0.22545837358444432,0.9999641022865224,14882.637672862964
Central,Admin region,pasture,2005-02,2005,2,0.5197380501195069,0.28312612095067446,0.9987428689391094,23592.281274019013
Western,Admin region,pasture,2005-02,2005,2,0.5200714181250147,0.28077776031477125,0.9978811950562082,24630.704160004545
Uganda (national),Reference,pasture,2005-03,2005,3,0.5402430239520727,0.3178452454815038,0.9847963244590202,123950.34640055614
Karamoja,Focus region,pasture,2005-03,2005,3,0.3362870792750166,0.18236399779902585,1.0,24765.78560836989
Lake Victoria basin,Focus region,pasture,2005-03,2005,3,0.6769093591036401,0.41680304179467403,0.9400101996670814,20187.901015491654
Northern,Admin region,pasture,2005-03,2005,3,0.43680527873841496,0.24098906917044657,0.9998165154414613,60800.253680286456
Eastern,Admin region,pasture,2005-03,2005,3,0.5400639674474154,0.31502036178342585,0.9983954707502967,14882.637672862964
Central,Admin region,pasture,2005-03,2005,3,0.6771788743954706,0.4154924138392151,0.9900277329530806,23592.281274019013
Western,Admin region,pasture,2005-03,2005,3,0.6748309644972303,0.42368372360164674,0.933951592995649,24630.704160004545
Uganda (national),Reference,pasture,2005-04,2005,4,0.5970523921229766,0.37527592128593623,0.7683650880874231,123950.34640055614
Karamoja,Focus region,pasture,2005-04,2005,4,0.390557114684228,0.21586384374967335,0.8173439042752528,24765.78560836989
Lake Victoria basin,Focus region,pasture,2005-04,2005,4,0.7138010074731065,0.49123899364544327,0.6091968738220692,20187.901015491654
Northern,Admin region,pasture,2005-04,2005,4,0.5120174807298234,0.2990614547121567,0.8300461509186097,60800.253680286456
Eastern,Admin region,pasture,2005-04,2005,4,0.6306359825309221,0.39189179159368387,0.9140098710265542,14882.637672862964
Central,Admin region,pasture,2005-04,2005,4,0.7208356369995798,0.48378591110111735,0.6144032291081085,23592.281274019013
Western,Admin region,pasture,2005-04,2005,4,0.7208415104987246,0.49908587507669533,0.6734300334063887,24630.704160004545
Uganda (national),Reference,pasture,2005-05,2005,5,0.705508812834377,0.4396237224640902,0.9513683284829789,123950.34640055614
Karamoja,Focus region,pasture,2005-05,2005,5,0.5914469727748942,0.3323587525662244,0.9677290756402447,24765.78560836989
Lake Victoria basin,Focus region,pasture,2005-05,2005,5,0.7476430267352411,0.4870219317311101,0.9004832258586561,20187.901015491654
Northern,Admin region,pasture,2005-05,2005,5,0.6627737580163635,0.3954876997902532,0.9778481283429241,60800.253680286456
Eastern,Admin region,pasture,2005-05,2005,5,0.7201169056352726,0.43801310277590827,0.9409201344151169,14882.637672862964
Central,Admin region,pasture,2005-05,2005,5,0.7678764901613822,0.4944107032173759,0.9247020392382926,23592.281274019013
Western,Admin region,pasture,2005-05,2005,5,0.749106523903283,0.5039867487837597,0.9173191774813737,24630.704160004545
Uganda (national),Reference,pasture,2005-06,2005,6,0.6904480185959238,0.43559810711594216,0.9839619710515555,123950.34640055614
Karamoja,Focus region,pasture,2005-06,2005,6,0.6282999865238239,0.3825750874716902,0.9850904005103206,24765.78560836989
Lake Victoria basin,Focus region,pasture,2005-06,2005,6,0.6625298717856682,0.40891837551523275,0.9783801035319862,20187.901015491654
Northern,Admin region,pasture,2005-06,2005,6,0.6833188659088839,0.4290176041640606,0.990444171332289,60800.253680286456
Eastern,Admin region,pasture,2005-06,2005,6,0.6940298661887042,0.43579317793761785,0.9773034806071054,14882.637672862964
Central,Admin region,pasture,2005-06,2005,6,0.6998983500018168,0.44063413823570086,0.9920008040694167,23592.281274019013
Western,Admin region,pasture,2005-06,2005,6,0.6974017752228774,0.4475004499913514,0.9634501086098697,24630.704160004545
Uganda (national),Reference,pasture,2005-07,2005,7,0.6590233643979823,0.3967547611731269,0.9809596709691615,123950.34640055614
Karamoja,Focus region,pasture,2005-07,2005,7,0.6088299573289969,0.3627355650114856,0.9751953469889015,24765.78560836989
Lake Victoria basin,Focus region,pasture,2005-07,2005,7,0.5683910004471924,0.3258485568939317,0.9904722332116177,20187.901015491654
Northern,Admin region,pasture,2005-07,2005,7,0.6752191593467359,0.4117840052885297,0.9816484255358059,60800.253680286456
Eastern,Admin region,pasture,2005-07,2005,7,0.6776881632939245,0.4149042954457831,0.9515122686066825,14882.637672862964
Central,Admin region,pasture,2005-07,2005,7,0.6529721334234799,0.3819902056938573,0.9876448389935446,23592.281274019013
Western,Admin region,pasture,2005-07,2005,7,0.6145788953863078,0.3636938800973071,0.9906046047087037,24630.704160004545
Uganda (national),Reference,pasture,2005-08,2005,8,0.6478451187016951,0.3908684023648717,0.9798216790661483,123950.34640055614
Karamoja,Focus region,pasture,2005-08,2005,8,0.5592785478778789,0.32789534139364357,0.9927435930140944,24765.78560836989
Lake Victoria basin,Focus region,pasture,2005-08,2005,8,0.5882537235773894,0.3343601482672121,0.9754206309308034,20187.901015491654
Northern,Admin region,pasture,2005-08,2005,8,0.6514373255675654,0.3973032065423437,0.9935536532629861,60800.253680286456
Eastern,Admin region,pasture,2005-08,2005,8,0.6453844101435194,0.39396000038484613,0.943388756822061,14882.637672862964
Central,Admin region,pasture,2005-08,2005,8,0.6591589787288502,0.388142873691345,0.9786228309589423,23592.281274019013
Western,Admin region,pasture,2005-08,2005,8,0.6292211138967807,0.37526194480252056,0.9686615671618529,24630.704160004545
Uganda (national),Reference,pasture,2005-09,2005,9,0.6469868277668099,0.40001242705255763,0.9716154935921915,123950.34640055614
Karamoja,Focus region,pasture,2005-09,2005,9,0.5477225281600744,0.3180079359883848,0.997493995998593,24765.78560836989
Lake Victoria basin,Focus region,pasture,2005-09,2005,9,0.6518589288917228,0.42316414789714796,0.9011625671491659,20187.901015491654
Northern,Admin region,pasture,2005-09,2005,9,0.6259075440054072,0.3775363717165147,0.9973395531586894,60800.253680286456
Eastern,Admin region,pasture,2005-09,2005,9,0.62320385237623,0.3763358061037934,0.9761743778591914,14882.637672862964
Central,Admin region,pasture,2005-09,2005,9,0.6923725318385562,0.4411429032065717,0.9255629877924405,23592.281274019013
Western,Admin region,pasture,2005-09,2005,9,0.6738388530389515,0.4344975745966175,0.9490617580681394,24630.704160004545
Uganda (national),Reference,pasture,2005-10,2005,10,0.638145990840748,0.3987398859657093,0.9655389745987234,123950.34640055614
Karamoja,Focus region,pasture,2005-10,2005,10,0.47718445362660816,0.26557039770203544,0.9814839262315302,24765.78560836989
Lake Victoria basin,Focus region,pasture,2005-10,2005,10,0.6936278766280656,0.4750598248937082,0.9531236244337746,20187.901015491654
Northern,Admin region,pasture,2005-10,2005,10,0.5832427932834381,0.3436340438520032,0.9839447427461272,60800.253680286456
Eastern,Admin region,pasture,2005-10,2005,10,0.6326853474376516,0.3900961954319143,0.9713426864004612,14882.637672862964
Central,Admin region,pasture,2005-10,2005,10,0.7254488184814298,0.4765927162653554,0.9430997183279402,23592.281274019013
Western,Admin region,pasture,2005-10,2005,10,0.6995279191937185,0.4716900198307208,0.9369135767300312,24630.704160004545
Uganda (national),Reference,pasture,2005-11,2005,11,0.5838751658134633,0.34859581123332545,0.9892905886543788,123950.34640055614
Karamoja,Focus region,pasture,2005-11,2005,11,0.36303060296802747,0.19046190572291552,0.999657281606022,24765.78560836989
Lake Victoria basin,Focus region,pasture,2005-11,2005,11,0.721830154265526,0.4682229033535241,0.9835493241161268,20187.901015491654
Northern,Admin region,pasture,2005-11,2005,11,0.4804778296227479,0.2625919558280386,0.9971316331682948,60800.253680286456
Eastern,Admin region,pasture,2005-11,2005,11,0.5883403849551531,0.3434918662017115,0.9870510753371237,14882.637672862964
Central,Admin region,pasture,2005-11,2005,11,0.7183043338592103,0.4595340570311952,0.9886553250643589,23592.281274019013
Western,Admin region,pasture,2005-11,2005,11,0.7117264173376108,0.4610635763006372,0.9711600819850108,24630.704160004545
Uganda (national),Reference,pasture,2005-12,2005,12,0.45090421438109496,0.24335166911500175,0.9946451523420995,123950.34640055614
Karamoja,Focus region,pasture,2005-12,2005,12,0.26968648683308893,0.13285129590376826,1.0,24765.78560836989
Lake Victoria basin,Focus region,pasture,2005-12,2005,12,0.6223381813289831,0.36680412726570394,0.9880398053314634,20187.901015491654
Northern,Admin region,pasture,2005-12,2005,12,0.329787995044339,0.15637945830092015,0.9999973638266295,60800.253680286456
Eastern,Admin region,pasture,2005-12,2005,12,0.4513487596829078,0.24603241526245156,0.9901927446779352,14882.637672862964
Central,Admin region,pasture,2005-12,2005,12,0.6026350227934361,0.3443972157688584,0.9963981963390207,23592.281274019013
Western,Admin region,pasture,2005-12,2005,12,0.6073971800057654,0.36200969825882207,0.981992556682651,24630.704160004545
Uganda (national),Reference,pasture,2006-01,2006,1,0.4138516731659361,0.21469115418578508,0.9942630839873161,123950.34640055614
Karamoja,Focus region,pasture,2006-01,2006,1,0.2540648491485374,0.1265216892255559,1.0,24765.78560836989
Lake Victoria basin,Focus region,pasture,2006-01,2006,1,0.5890135498750407,0.33218559077955306,0.9951229293802518,20187.901015491654
Northern,Admin region,pasture,2006-01,2006,1,0.3052484904450456,0.14658385834937557,0.9999982425510864,60800.253680286456
Eastern,Admin region,pasture,2006-01,2006,1,0.4121510437796379,0.21149267368906974,0.9931261932030425,14882.637672862964
Central,Admin region,pasture,2006-01,2006,1,0.5606053159700929,0.3015507097540101,0.9988500645780239,23592.281274019013
Western,Admin region,pasture,2006-01,2006,1,0.545668647739145,0.30376526290960215,0.9761039488457981,24630.704160004545
Uganda (national),Reference,pasture,2006-02,2006,2,0.38987937694828606,0.20694234436804967,0.9625323727061622,123950.34640055614
Karamoja,Focus region,pasture,2006-02,2006,2,0.2496549274713354,0.12767324932095236,1.0,24765.78560836989
Lake Victoria basin,Focus region,pasture,2006-02,2006,2,0.5498290796634262,0.30754505853015424,0.8611716258632764,20187.901015491654
Northern,Admin region,pasture,2006-02,2006,2,0.296911618244206,0.1491914429761827,0.9989700281112913,60800.253680286456
Eastern,Admin region,pasture,2006-02,2006,2,0.40859698473480754,0.22137127998294517,0.9896995100947537,14882.637672862964
Central,Admin region,pasture,2006-02,2006,2,0.521976439771407,0.2865736027316201,0.9418850801120672,23592.281274019013
Western,Admin region,pasture,2006-02,2006,2,0.5027214709364971,0.2775901270010012,0.8750796771931847,24630.704160004545
Uganda (national),Reference,pasture,2006-03,2006,3,0.5490805780056175,0.33210708176234593,0.9691912097402648,123950.34640055614
Karamoja,Focus region,pasture,2006-03,2006,3,0.3416067783115417,0.19193639933893908,0.988453416223736,24765.78560836989
Lake Victoria basin,Focus region,pasture,2006-03,2006,3,0.6764430232840549,0.4361219943589958,0.9264729078620699,20187.901015491654
Northern,Admin region,pasture,2006-03,2006,3,0.4473935514979147,0.24604498660480945,0.994346765835856,60800.253680286456
Eastern,Admin region,pasture,2006-03,2006,3,0.5823551650758764,0.3627439031128514,0.9649513589501765,14882.637672862964
Central,Admin region,pasture,2006-03,2006,3,0.6803729899959896,0.44298346724449367,0.9344925772192902,23592.281274019013
Western,Admin region,pasture,2006-03,2006,3,0.6685214540128145,0.43178546164954407,0.9419043969629983,24630.704160004545
Uganda (national),Reference,pasture,2006-04,2006,4,0.6489714112589123,0.40490458461099166,0.8222386023433981,123950.34640055614
Karamoja,Focus region,pasture,2006-04,2006,4,0.4657111668554228,0.2481117182328617,0.7866649272015492,24765.78560836989
Lake Victoria basin,Focus region,pasture,2006-04,2006,4,0.7248125285296533,0.49776974553290254,0.7077778776483505,20187.901015491654
Northern,Admin region,pasture,2006-04,2006,4,0.5752261688786041,0.3344750124831311,0.8502157718241635,60800.253680286456
Eastern,Admin region,pasture,2006-04,2006,4,0.6792669449398795,0.41549731431912507,0.8613366633272409,14882.637672862964
Central,Admin region,pasture,2006-04,2006,4,0.7480231691569355,0.4938031044590486,0.810289259230536,23592.281274019013
Western,Admin region,pasture,2006-04,2006,4,0.7330069458604841,0.5041473498112701,0.7387107782937387,24630.704160004545
Uganda (national),Reference,pasture,2006-05,2006,5,0.6955681475555258,0.44348111670741464,0.9500102918061512,123950.34640055614
Karamoja,Focus region,pasture,2006-05,2006,5,0.569147412018035,0.336469964929779,0.9793744793311012,24765.78560836989
Lake Victoria basin,Focus region,pasture,2006-05,2006,5,0.7401109305273298,0.4764598113794598,0.885991483409787,20187.901015491654
Northern,Admin region,pasture,2006-05,2006,5,0.6490689909887357,0.4023108075066333,0.9797359765199587,60800.253680286456
Eastern,Admin region,pasture,2006-05,2006,5,0.7122896861429955,0.46686066611819466,0.9454967268676013,14882.637672862964
Central,Admin region,pasture,2006-05,2006,5,0.7607997082837865,0.48843101792706844,0.9142891875477264,23592.281274019013
Western,Admin region,pasture,2006-05,2006,5,0.7460897155395131,0.49497488957159486,0.9129187788914753,24630.704160004545
Uganda (national),Reference,pasture,2006-06,2006,6,0.6602466945706909,0.4115084375427566,0.9906290296984887,123950.34640055614
Karamoja,Focus region,pasture,2006-06,2006,6,0.5630765527048321,0.340692541190858,0.9863421589079555,24765.78560836989
Lake Victoria basin,Focus region,pasture,2006-06,2006,6,0.6440225509469264,0.38816507268445205,0.998628324212507,20187.901015491654
Northern,Admin region,pasture,2006-06,2006,6,0.6435546303743865,0.4025712141442317,0.9926543804377989,60800.253680286456
Eastern,Admin region,pasture,2006-06,2006,6,0.6882801820389572,0.44229647410398704,0.974292549331025,14882.637672862964
Central,Admin region,pasture,2006-06,2006,6,0.7003915591326196,0.43123733977961015,0.9945145511264097,23592.281274019013
Western,Admin region,pasture,2006-06,2006,6,0.6465009023837633,0.39642843972809744,0.9913996307746724,24630.704160004545
Uganda (national),Reference,pasture,2006-07,2006,7,0.6301847029696456,0.3781826977658606,0.9566691930716044,123950.34640055614
Karamoja,Focus region,pasture,2006-07,2006,7,0.5572508700574468,0.32827809040112044,0.9611457286308027,24765.78560836989
Lake Victoria basin,Focus region,pasture,2006-07,2006,7,0.5615514263178539,0.3252834376379837,0.9312187491720334,20187.901015491654
Northern,Admin region,pasture,2006-07,2006,7,0.6401876279952359,0.3924399223597282,0.9783556899271131,60800.253680286456
Eastern,Admin region,pasture,2006-07,2006,7,0.6588941739290957,0.39435695335552046,0.9490920447640266,14882.637672862964
Central,Admin region,pasture,2006-07,2006,7,0.63802918766102,0.37217382038892743,0.9287265690034562,23592.281274019013
Western,Admin region,pasture,2006-07,2006,7,0.5792355941098561,0.33695405279811724,0.9338312069310729,24630.704160004545
Uganda (national),Reference,pasture,2006-08,2006,8,0.651350367442846,0.38813500295166503,0.9817843389651295,123950.34640055614
Karamoja,Focus region,pasture,2006-08,2006,8,0.5800799388131916,0.34507691545799446,0.9912808620087967,24765.78560836989
Lake Victoria basin,Focus region,pasture,2006-08,2006,8,0.5785910631519522,0.32519846260123253,0.9794753104533138,20187.901015491654
Northern,Admin region,pasture,2006-08,2006,8,0.6624367078495653,0.4045591773683439,0.9929545664961584,60800.253680286456
Eastern,Admin region,pasture,2006-08,2006,8,0.6422699242473766,0.382250061871185,0.9625986931965315,14882.637672862964
Central,Admin region,pasture,2006-08,2006,8,0.6589432209410419,0.3808608601796121,0.9726805107378886,23592.281274019013
Western,Admin region,pasture,2006-08,2006,8,0.6217151753896147,0.3572274103326395,0.9741051386884806,24630.704160004545
Uganda (national),Reference,pasture,2006-09,2006,9,0.6346094984393441,0.3984353774669408,0.966767424526452,123950.34640055614
Karamoja,Focus region,pasture,2006-09,2006,9,0.529319492571117,0.31918880279885,0.9933058369592893,24765.78560836989
Lake Victoria basin,Focus region,pasture,2006-09,2006,9,0.5874667603046706,0.3630258921789014,0.932039542063363,20187.901015491654
Northern,Admin region,pasture,2006-09,2006,9,0.6263337175220389,0.39656450662473,0.9905305172096,60800.253680286456
Eastern,Admin region,pasture,2006-09,2006,9,0.6232308592933347,0.38212693992219526,0.9524753972205176,14882.637672862964
Central,Admin region,pasture,2006-09,2006,9,0.656409352753707,0.40340895601000765,0.9703870426820782,23592.281274019013
Western,Admin region,pasture,2006-09,2006,9,0.6418268151394994,0.4085854732635016,0.9130320368897678,24630.704160004545
Uganda (national),Reference,pasture,2006-10,2006,10,0.634166825961236,0.3905742469199374,0.9661771130633103,123950.34640055614
Karamoja,Focus region,pasture,2006-10,2006,10,0.46007963849791883,0.25501415464619576,0.9850235335806963,24765.78560836989
Lake Victoria basin,Focus region,pasture,2006-10,2006,10,0.6784683307208506,0.43023916643405946,0.9017594762998881,20187.901015491654
Northern,Admin region,pasture,2006-10,2006,10,0.5784687262574196,0.33810708343758994,0.9888757756780765,60800.253680286456
Eastern,Admin region,pasture,2006-10,2006,10,0.6373904078855838,0.3936505007266243,0.975135835891984,14882.637672862964
Central,Admin region,pasture,2006-10,2006,10,0.7100353395749286,0.45641264069408216,0.964942097437772,23592.281274019013
Western,Admin region,pasture,2006-10,2006,10,0.7046325994776629,0.46260358810894014,0.9057689286246732,24630.704160004545
Uganda (national),Reference,pasture,2006-11,2006,11,0.6606212899594841,0.40176570466519385,0.9653881661495666,123950.34640055614
Karamoja,Focus region,pasture,2006-11,2006,11,0.5148850668670043,0.2880906146940234,0.9852152599503918,24765.78560836989
Lake Victoria basin,Focus region,pasture,2006-11,2006,11,0.7631015467880679,0.4965400043194074,0.9359223936948412,20187.901015491654
Northern,Admin region,pasture,2006-11,2006,11,0.5830381420485637,0.3317329775863721,0.988222821379057,60800.253680286456
Eastern,Admin region,pasture,2006-11,2006,11,0.6669336507880294,0.4068797340446733,0.9558398998580493,14882.637672862964
Central,Admin region,pasture,2006-11,2006,11,0.7674441891346542,0.48999026937603135,0.9619960778171603,23592.281274019013
Western,Admin region,pasture,2006-11,2006,11,0.7558673953805072,0.4961399487262521,0.9170081198967289,24630.704160004545
Uganda (national),Reference,pasture,2006-12,2006,12,0.6190862732064827,0.3615766955956709,0.9799927187003313,123950.34640055614
Karamoja,Focus region,pasture,2006-12,2006,12,0.5063312792934266,0.27464528444641423,0.9998676366420928,24765.78560836989
Lake Victoria basin,Focus region,pasture,2006-12,2006,12,0.7482516444178944,0.4788985828204868,0.9361056373423594,20187.901015491654
Northern,Admin region,pasture,2006-12,2006,12,0.5246317179542883,0.2806525622816104,0.9999362494021531,60800.253680286456
Eastern,Admin region,pasture,2006-12,2006,12,0.6526977571795438,0.387013760627969,0.9710504227026151,14882.637672862964
Central,Admin region,pasture,2006-12,2006,12,0.7396861827396524,0.4651287260360713,0.9946630052309359,23592.281274019013
Western,Admin region,pasture,2006-12,2006,12,0.7260968983138792,0.455092218788194,0.9212687641560268,24630.704160004545
Uganda (national),Reference,pasture,2007-01,2007,1,0.5416360933532796,0.3109775317808097,0.960707950504978,123950.34640055614
Karamoja,Focus region,pasture,2007-01,2007,1,0.410407524129571,0.2137637488759787,0.9995209336423638,24765.78560836989
Lake Victoria basin,Focus region,pasture,2007-01,2007,1,0.7245901162570146,0.4814199490865928,0.8699027077624354,20187.901015491654
Northern,Admin region,pasture,2007-01,2007,1,0.4255821344621258,0.21392757400387719,0.9996351191457497,60800.253680286456
Eastern,Admin region,pasture,2007-01,2007,1,0.6024698825451487,0.3548010767912089,0.9800112380959487,14882.637672862964
Central,Admin region,pasture,2007-01,2007,1,0.7058715092298105,0.4490462764640939,0.9332775305037574,23592.281274019013
Western,Admin region,pasture,2007-01,2007,1,0.6596384318289163,0.41350186786644433,0.8787758262366615,24630.704160004545
Uganda (national),Reference,pasture,2007-02,2007,2,0.49518433855698235,0.28469313917310013,0.9884612436019342,123950.34640055614
Karamoja,Focus region,pasture,2007-02,2007,2,0.374365782960763,0.20207260480595532,0.9999913709174827,24765.78560836989
Lake Victoria basin,Focus region,pasture,2007-02,2007,2,0.6350744567823485,0.4055255383709702,0.9662394465093299,20187.901015491654
Northern,Admin region,pasture,2007-02,2007,2,0.3998969589388974,0.21181430707916374,0.999990334030975,60800.253680286456
Eastern,Admin region,pasture,2007-02,2007,2,0.5472251095217496,0.31255506461209376,0.9983810131221628,14882.637672862964
Central,Admin region,pasture,2007-02,2007,2,0.6294567003111997,0.3895920159361411,0.9914216581173461,23592.281274019013
Western,Admin region,pasture,2007-02,2007,2,0.5756655696438508,0.3513679997159984,0.9511153386536212,24630.704160004545
Uganda (national),Reference,pasture,2007-03,2007,3,0.5083840920660596,0.2947999857922875,0.9687470668563757,123950.34640055614
Karamoja,Focus region,pasture,2007-03,2007,3,0.3419816640310869,0.17861574175223452,0.9998554628678354,24765.78560836989
Lake Victoria basin,Focus region,pasture,2007-03,2007,3,0.6632399443859239,0.4176053568003133,0.903928573811796,20187.901015491654
Northern,Admin region,pasture,2007-03,2007,3,0.41456110725718415,0.22116178313718018,0.9997115026999048,60800.253680286456
Eastern,Admin region,pasture,2007-03,2007,3,0.5247775831663225,0.30643998359079366,0.9930246519452726,14882.637672862964
Central,Admin region,pasture,2007-03,2007,3,0.6488305147619344,0.4054266127426917,0.9704357784675443,23592.281274019013
Western,Admin region,pasture,2007-03,2007,3,0.6124981692048228,0.37678759059976463,0.875336338615676,24630.704160004545
Uganda (national),Reference,pasture,2007-04,2007,4,0.6070059543452866,0.36633893936983114,0.7711923797143091,123950.34640055614
Karamoja,Focus region,pasture,2007-04,2007,4,0.46432518107499987,0.253417557540147,0.8385879778827142,24765.78560836989
Lake Victoria basin,Focus region,pasture,2007-04,2007,4,0.6989950968873047,0.45868120282197167,0.6953185861062544,20187.901015491654
Northern,Admin region,pasture,2007-04,2007,4,0.5453862985392851,0.3124138446438717,0.8304966229809317,60800.253680286456
Eastern,Admin region,pasture,2007-04,2007,4,0.6244669368637822,0.365583493901886,0.7990536377299895,14882.637672862964
Central,Admin region,pasture,2007-04,2007,4,0.706345328593763,0.4619987451559565,0.7502006377159227,23592.281274019013
Western,Admin region,pasture,2007-04,2007,4,0.6808657080310468,0.4336221157558879,0.627042755579092,24630.704160004545
Uganda (national),Reference,pasture,2007-05,2007,5,0.6765066526516138,0.41534457181726914,0.9798677921047211,123950.34640055614
Karamoja,Focus region,pasture,2007-05,2007,5,0.5470207297966996,0.3126991885581429,0.9988644381203798,24765.78560836989
Lake Victoria basin,Focus region,pasture,2007-05,2007,5,0.7139511615545323,0.4486809989039374,0.9323540980443492,20187.901015491654
Northern,Admin region,pasture,2007-05,2007,5,0.6345340734377404,0.37804120365017446,0.999313854038361,60800.253680286456
Eastern,Admin region,pasture,2007-05,2007,5,0.6734892891153464,0.41047599454705835,0.9889488537121016,14882.637672862964
Central,Admin region,pasture,2007-05,2007,5,0.7429962564980828,0.46764375099009636,0.9796106275377987,23592.281274019013
Western,Admin region,pasture,2007-05,2007,5,0.7231920713044763,0.46499828713223074,0.9261276130901951,24630.704160004545
Uganda (national),Reference,pasture,2007-06,2007,6,0.7147406076983274,0.4422023277540007,0.9570690011111431,123950.34640055614
Karamoja,Focus region,pasture,2007-06,2007,6,0.6359811667663399,0.3744261632573709,0.9544756847217165,24765.78560836989
Lake Victoria basin,Focus region,pasture,2007-06,2007,6,0.6992051971594305,0.42019592589149235,0.9347544787826596,20187.901015491654
Northern,Admin region,pasture,2007-06,2007,6,0.702895680184949,0.43417449395645014,0.9663075540354291,60800.253680286456
Eastern,Admin region,pasture,2007-06,2007,6,0.7018979160752816,0.43202486701520404,0.9571833189941912,14882.637672862964
Central,Admin region,pasture,2007-06,2007,6,0.7421018191466532,0.45378526069184616,0.9453089910517528,23592.281274019013
Western,Admin region,pasture,2007-06,2007,6,0.726551195008786,0.45768184466029377,0.9450086783356398,24630.704160004545
Uganda (national),Reference,pasture,2007-07,2007,7,0.7104328559779699,0.43796427839284974,0.9130126537534776,123950.34640055614
Karamoja,Focus region,pasture,2007-07,2007,7,0.6730161531475216,0.41269072195532974,0.9698510516300934,24765.78560836989
Lake Victoria basin,Focus region,pasture,2007-07,2007,7,0.6371638949741232,0.37842709838097494,0.7886632758341399,20187.901015491654
Northern,Admin region,pasture,2007-07,2007,7,0.7243596048827541,0.4505209637350938,0.9733232211790436,60800.253680286456
Eastern,Admin region,pasture,2007-07,2007,7,0.7039790096503741,0.4256970990535343,0.8982081761899195,14882.637672862964
Central,Admin region,pasture,2007-07,2007,7,0.704106184158809,0.4309367473673617,0.8271872650266668,23592.281274019013
Western,Admin region,pasture,2007-07,2007,7,0.6814871896529129,0.417064824234766,0.854797776802059,24630.704160004545
Uganda (national),Reference,pasture,2007-08,2007,8,0.7035757176509696,0.4368979018000508,0.925966582304704,123950.34640055614
Karamoja,Focus region,pasture,2007-08,2007,8,0.6574442750934412,0.40604968438534955,0.9715791015431431,24765.78560836989
Lake Victoria basin,Focus region,pasture,2007-08,2007,8,0.6627362513867342,0.400653263331206,0.8007222894420015,20187.901015491654
Northern,Admin region,pasture,2007-08,2007,8,0.7096170277319378,0.44578844189556416,0.9748836497315134,60800.253680286456
Eastern,Admin region,pasture,2007-08,2007,8,0.6784835220422728,0.41102497426572937,0.9338289704824365,14882.637672862964
Central,Admin region,pasture,2007-08,2007,8,0.7151038875523512,0.4404207525111743,0.8778087737254937,23592.281274019013
Western,Admin region,pasture,2007-08,2007,8,0.6918007767633139,0.4253595486409278,0.8458757429531177,24630.704160004545
Uganda (national),Reference,pasture,2007-09,2007,9,0.6923103405604475,0.4452337595014765,0.9698002581643898,123950.34640055614
Karamoja,Focus region,pasture,2007-09,2007,9,0.6226399576947705,0.3819641395985614,0.9900081061770366,24765.78560836989
Lake Victoria basin,Focus region,pasture,2007-09,2007,9,0.6844353992686822,0.4550638009755419,0.945707928264673,20187.901015491654
Northern,Admin region,pasture,2007-09,2007,9,0.6831201397566677,0.43695483492669357,0.9889956819376815,60800.253680286456
Eastern,Admin region,pasture,2007-09,2007,9,0.6638387007020399,0.40691479195171854,0.9472645273647213,14882.637672862964
Central,Admin region,pasture,2007-09,2007,9,0.7259771032923771,0.4771624491420666,0.9583799944289526,23592.281274019013
Western,Admin region,pasture,2007-09,2007,9,0.700625239241374,0.45884263801094666,0.9464912480743058,24630.704160004545
Uganda (national),Reference,pasture,2007-10,2007,10,0.6710765337765641,0.4313867054341974,0.9653917698663743,123950.34640055614
Karamoja,Focus region,pasture,2007-10,2007,10,0.5440285468360967,0.3323184073547967,0.9759758136630506,24765.78560836989
Lake Victoria basin,Focus region,pasture,2007-10,2007,10,0.7165758839589131,0.48848634043177047,0.945101917642644,20187.901015491654
Northern,Admin region,pasture,2007-10,2007,10,0.6305037713146604,0.38905579000214324,0.9835973226637299,60800.253680286456
Eastern,Admin region,pasture,2007-10,2007,10,0.6523659312701413,0.40117427694504154,0.9568618021792448,14882.637672862964
Central,Admin region,pasture,2007-10,2007,10,0.7369338202887258,0.5028975502977466,0.9701436568088505,23592.281274019013
Western,Admin region,pasture,2007-10,2007,10,0.7232995668915296,0.4896673923062693,0.919917434196231,24630.704160004545
Uganda (national),Reference,pasture,2007-11,2007,11,0.6166835845920163,0.3689207854463326,0.97861167367773,123950.34640055614
Karamoja,Focus region,pasture,2007-11,2007,11,0.4058710363933941,0.21104755758087268,0.9994369523657471,24765.78560836989
Lake Victoria basin,Focus region,pasture,2007-11,2007,11,0.7444119220500779,0.489852492012296,0.9536632264869377,20187.901015491654
Northern,Admin region,pasture,2007-11,2007,11,0.5224587337273555,0.2822019578703205,0.998749102998936,60800.253680286456
Eastern,Admin region,pasture,2007-11,2007,11,0.6110184301170235,0.3706540112625307,0.9699916653955827,14882.637672862964
Central,Admin region,pasture,2007-11,2007,11,0.7499140738586698,0.48121914013920336,0.9802242117872524,23592.281274019013
Western,Admin region,pasture,2007-11,2007,11,0.7350779222987898,0.48386038619425714,0.9319936628938924,24630.704160004545
Uganda (national),Reference,pasture,2007-12,2007,12,0.5382637887501179,0.30343957077576633,0.9950398269445154,123950.34640055614
Karamoja,Focus region,pasture,2007-12,2007,12,0.3380709450771668,0.1586323914849094,1.0,24765.78560836989
Lake Victoria basin,Focus region,pasture,2007-12,2007,12,0.7019375173505421,0.45870714538930774,0.9886941461152695,20187.901015491654
Northern,Admin region,pasture,2007-12,2007,12,0.42133114904515157,0.2039307187617075,0.9999912127554319,60800.253680286456
Eastern,Admin region,pasture,2007-12,2007,12,0.5478899300526192,0.28597272762137554,0.996040482203427,14882.637672862964
Central,Admin region,pasture,2007-12,2007,12,0.7000995612704893,0.4358440796939335,0.9994444049413432,23592.281274019013
Western,Admin region,pasture,2007-12,2007,12,0.6689890521779015,0.43569286979896305,0.9775792459154032,24630.704160004545
Uganda (national),Reference,pasture,2008-01,2008,1,0.46077708114269084,0.2501772521824641,0.9629418306609245,123950.34640055614
Karamoja,Focus region,pasture,2008-01,2008,1,0.29808766780981044,0.14801406263067377,0.9998338901615422,24765.78560836989
Lake Victoria basin,Focus region,pasture,2008-01,2008,1,0.6475632878335652,0.4078581078053851,0.9088889171861276,20187.901015491654
Northern,Admin region,pasture,2008-01,2008,1,0.3522955350769082,0.17041477598986127,0.9998058018950448,60800.253680286456
Eastern,Admin region,pasture,2008-01,2008,1,0.4599376073372095,0.2529469203212271,0.9906171682715174,14882.637672862964
Central,Admin region,pasture,2008-01,2008,1,0.6326792853047559,0.3675255303088165,0.9761391707899156,23592.281274019013
Western,Admin region,pasture,2008-01,2008,1,0.5885799334129241,0.3516130464040267,0.8419004510084049,24630.704160004545
Uganda (national),Reference,pasture,2008-02,2008,2,0.4509455124444765,0.2457029786650292,0.9946806164989226,123950.34640055614
Karamoja,Focus region,pasture,2008-02,2008,2,0.26862114371822354,0.13987892280100456,1.0,24765.78560836989
Lake Victoria basin,Focus region,pasture,2008-02,2008,2,0.643581333874679,0.3815520929969556,0.9915104443741994,20187.901015491654
Northern,Admin region,pasture,2008-02,2008,2,0.3321575307050573,0.1664699163015804,0.9999964851021728,60800.253680286456
Eastern,Admin region,pasture,2008-02,2008,2,0.427797494522806,0.2354372597105806,0.9961231736422376,14882.637672862964
Central,Admin region,pasture,2008-02,2008,2,0.6292607042612731,0.3581418363514597,0.998561059949341,23592.281274019013
Western,Admin region,pasture,2008-02,2008,2,0.5910565821629804,0.342281260859812,0.9766309494122408,24630.704160004545
Uganda (national),Reference,pasture,2008-03,2008,3,0.533048213517294,0.30859168813149623,0.9582713950845589,123950.34640055614
Karamoja,Focus region,pasture,2008-03,2008,3,0.34024147244137004,0.17682021012360669,0.9997019074984519,24765.78560836989
Lake Victoria basin,Focus region,pasture,2008-03,2008,3,0.6760880546206722,0.4451528014922225,0.8897656051497181,20187.901015491654
Northern,Admin region,pasture,2008-03,2008,3,0.44435137037478234,0.23189681846746482,0.9985619898252878,60800.253680286456
Eastern,Admin region,pasture,2008-03,2008,3,0.5162097313732621,0.2881878374386358,0.9922101961753731,14882.637672862964
Central,Admin region,pasture,2008-03,2008,3,0.6771670105839579,0.42951957072121,0.908444338897605,23592.281274019013
Western,Admin region,pasture,2008-03,2008,3,0.6495796628661371,0.41706223618810784,0.8852006807116168,24630.704160004545
Uganda (national),Reference,pasture,2008-04,2008,4,0.6664564190045948,0.41507935451564687,0.9658052236872404,123950.34640055614
Karamoja,Focus region,pasture,2008-04,2008,4,0.4443311469317671,0.2341472928609763,0.9753427520220201,24765.78560836989
Lake Victoria basin,Focus region,pasture,2008-04,2008,4,0.7340586236396158,0.4899893249629056,0.9281150332986723,20187.901015491654
Northern,Admin region,pasture,2008-04,2008,4,0.6047538449712713,0.35518661821921743,0.9830256555459329,60800.253680286456
Eastern,Admin region,pasture,2008-04,2008,4,0.6687940025843476,0.4106824608284411,0.9626887612635235,14882.637672862964
Central,Admin region,pasture,2008-04,2008,4,0.7654667329051539,0.5092697672822294,0.9503239726435594,23592.281274019013
Western,Admin region,pasture,2008-04,2008,4,0.72849154363865,0.4811260479931117,0.9394694988555159,24630.704160004545
Uganda (national),Reference,pasture,2008-05,2008,5,0.6717164462904055,0.421054187523761,0.8527827391565795,123950.34640055614
Karamoja,Focus region,pasture,2008-05,2008,5,0.45433312120973596,0.24493623288601576,0.8341544821836053,24765.78560836989
Lake Victoria basin,Focus region,pasture,2008-05,2008,5,0.7278424518284028,0.47221487689345426,0.7120769581392618,20187.901015491654
Northern,Admin region,pasture,2008-05,2008,5,0.6185886619560346,0.3764143895711336,0.9083060471298108,60800.253680286456
Eastern,Admin region,pasture,2008-05,2008,5,0.6963858453236634,0.44121872206231055,0.8777740010880527,14882.637672862964
Central,Admin region,pasture,2008-05,2008,5,0.7638381306120219,0.500585571639256,0.7929847962731829,23592.281274019013
Western,Admin region,pasture,2008-05,2008,5,0.7195094532117924,0.4593194378023056,0.7572012459213405,24630.704160004545
Uganda (national),Reference,pasture,2008-06,2008,6,0.6632814987987327,0.41930559519023264,0.981750421431608,123950.34640055614
Karamoja,Focus region,pasture,2008-06,2008,6,0.5167843360878164,0.29805334522379007,0.9918650001359081,24765.78560836989
Lake Victoria basin,Focus region,pasture,2008-06,2008,6,0.6694587428072768,0.419377087067039,0.9854717997760996,20187.901015491654
Northern,Admin region,pasture,2008-06,2008,6,0.6327100868162436,0.394274972010557,0.9939549029718141,60800.253680286456
Eastern,Admin region,pasture,2008-06,2008,6,0.6763297871679995,0.43373831670759533,0.9485297176405517,14882.637672862964
Central,Admin region,pasture,2008-06,2008,6,0.723503690872595,0.46885872235183557,0.9921605984797082,23592.281274019013
Western,Admin region,pasture,2008-06,2008,6,0.6739376544243388,0.4253834442665896,0.9613525177440153,24630.704160004545
Uganda (national),Reference,pasture,2008-07,2008,7,0.655961322034492,0.38978257680097483,0.9604150859732822,123950.34640055614
Karamoja,Focus region,pasture,2008-07,2008,7,0.5912302562037159,0.34223554048711885,0.9457370213163464,24765.78560836989
Lake Victoria basin,Focus region,pasture,2008-07,2008,7,0.6032727669544706,0.34396478207959397,0.9598050176338674,20187.901015491654
Northern,Admin region,pasture,2008-07,2008,7,0.6649302191629975,0.39968474743250065,0.9592578578564774,60800.253680286456
Eastern,Admin region,pasture,2008-07,2008,7,0.648607837986898,0.3854977198852426,0.9415056753933071,14882.637672862964
Central,Admin region,pasture,2008-07,2008,7,0.6728094853149256,0.40179900731488105,0.9516924642638059,23592.281274019013
Western,Admin region,pasture,2008-07,2008,7,0.6228397656801073,0.35703454245023586,0.9823619657406929,24630.704160004545
Uganda (national),Reference,pasture,2008-08,2008,8,0.6728569678360373,0.4055961040635158,0.9621394053054233,123950.34640055614
Karamoja,Focus region,pasture,2008-08,2008,8,0.6288426912605142,0.3879924684540683,0.9906910642187402,24765.78560836989
Lake Victoria basin,Focus region,pasture,2008-08,2008,8,0.6025409791984835,0.33881891944046433,0.9076935214346966,20187.901015491654
Northern,Admin region,pasture,2008-08,2008,8,0.6856222249557343,0.4243562626994098,0.9915856619695124,60800.253680286456
Eastern,Admin region,pasture,2008-08,2008,8,0.6520753960122351,0.39065478275403903,0.9483992752040484,14882.637672862964
Central,Admin region,pasture,2008-08,2008,8,0.6797861371777743,0.3962543164592822,0.9459047700443078,23592.281274019013
Western,Admin region,pasture,2008-08,2008,8,0.6449272885821343,0.3739276597975777,0.9126868530498354,24630.704160004545
Uganda (national),Reference,pasture,2008-09,2008,9,0.6735256719276199,0.417987111042139,0.9539498067325153,123950.34640055614
Karamoja,Focus region,pasture,2008-09,2008,9,0.5862647610257707,0.3434044807306621,0.9879090480151675,24765.78560836989
Lake Victoria basin,Focus region,pasture,2008-09,2008,9,0.6621864688505006,0.413464767248522,0.873033074238211,20187.901015491654
Northern,Admin region,pasture,2008-09,2008,9,0.663462193688389,0.4046778521177827,0.9898660050994895,60800.253680286456
Eastern,Admin region,pasture,2008-09,2008,9,0.6507675915263631,0.40125198291354774,0.9641068194886295,14882.637672862964
Central,Admin region,pasture,2008-09,2008,9,0.7028628013694016,0.44815934205455343,0.9176937480361491,23592.281274019013
Western,Admin region,pasture,2008-09,2008,9,0.6871018471220104,0.4355645825707662,0.8934976222752787,24630.704160004545
Uganda (national),Reference,pasture,2008-10,2008,10,0.6850448317595815,0.4377844400101901,0.968500411710278,123950.34640055614
Karamoja,Focus region,pasture,2008-10,2008,10,0.5758894547562059,0.3437135361801661,0.9867118389548577,24765.78560836989
Lake Victoria basin,Focus region,pasture,2008-10,2008,10,0.722544506759427,0.5045952902268663,0.9686543148804166,20187.901015491654
Northern,Admin region,pasture,2008-10,2008,10,0.6462966068419411,0.3930477861623585,0.9814050981187692,60800.253680286456
Eastern,Admin region,pasture,2008-10,2008,10,0.6725174389564378,0.4269763871887555,0.9574044348316781,14882.637672862964
Central,Admin region,pasture,2008-10,2008,10,0.7415038833202602,0.5030420384433264,0.9882677476917482,23592.281274019013
Western,Admin region,pasture,2008-10,2008,10,0.7368258725293225,0.4950544386202496,0.9236935911054187,24630.704160004545
Uganda (national),Reference,pasture,2008-11,2008,11,0.6509332146990018,0.38634460709916985,0.9924600913929286,123950.34640055614
Karamoja,Focus region,pasture,2008-11,2008,11,0.5375631945875289,0.3032421935736025,1.0,24765.78560836989
Lake Victoria basin,Focus region,pasture,2008-11,2008,11,0.7510121479795016,0.4785007882932793,0.9847956133855642,20187.901015491654
Northern,Admin region,pasture,2008-11,2008,11,0.5834031447136127,0.3279876287572976,1.0,60800.253680286456
Eastern,Admin region,pasture,2008-11,2008,11,0.6345437493771151,0.3796820604070452,0.9884898275382341,14882.637672862964
Central,Admin region,pasture,2008-11,2008,11,0.7484091444703547,0.45758570900760703,0.9918951447444392,23592.281274019013
Western,Admin region,pasture,2008-11,2008,11,0.7369197660829231,0.4685297153143482,0.9762456680729513,24630.704160004545
Uganda (national),Reference,pasture,2008-12,2008,12,0.49263515447612904,0.27967712362500835,0.9935169929065684,123950.34640055614
Karamoja,Focus region,pasture,2008-12,2008,12,0.3458113779907739,0.1848075535263721,0.9999568545874136,24765.78560836989
Lake Victoria basin,Focus region,pasture,2008-12,2008,12,0.6615091611039909,0.4152619712375631,0.9876693432775782,20187.901015491654
Northern,Admin region,pasture,2008-12,2008,12,0.3879349601546772,0.20031468306796407,0.9999824255108638,60800.253680286456
Eastern,Admin region,pasture,2008-12,2008,12,0.4879309542792134,0.2765496678402177,0.9862248507482175,14882.637672862964
Central,Admin region,pasture,2008-12,2008,12,0.6354714386956251,0.37989462287564624,0.9969423267659288,23592.281274019013
Western,Admin region,pasture,2008-12,2008,12,0.6202629733691407,0.3840267979378231,0.9781458166063717,24630.704160004545
Uganda (national),Reference,pasture,2009-01,2009,1,0.4641519732277417,0.25039940258142657,0.9826370709902547,123950.34640055614
Karamoja,Focus region,pasture,2009-01,2009,1,0.30583086418978433,0.14926514413022748,0.9997454420657401,24765.78560836989
Lake Victoria basin,Focus region,pasture,2009-01,2009,1,0.6243956940091442,0.3844988383187351,0.9618492994155433,20187.901015491654
Northern,Admin region,pasture,2009-01,2009,1,0.36428262748933726,0.174194601015935,0.9983034553061807,60800.253680286456
Eastern,Admin region,pasture,2009-01,2009,1,0.4651055406555003,0.24932324960790828,0.9883211505174936,14882.637672862964
Central,Admin region,pasture,2009-01,2009,1,0.6114041867352635,0.3561123372773526,0.9884499296594668,23592.281274019013
Western,Admin region,pasture,2009-01,2009,1,0.5777999738025057,0.34507814644607837,0.9339037890189008,24630.704160004545
Uganda (national),Reference,pasture,2009-02,2009,2,0.4915539562535364,0.28776052976923194,0.9835190620857104,123950.34640055614
Karamoja,Focus region,pasture,2009-02,2009,2,0.28605639633215507,0.14934899958333872,0.9999913709174827,24765.78560836989
Lake Victoria basin,Focus region,pasture,2009-02,2009,2,0.6613743039353012,0.4244050799765451,0.9642577334511563,20187.901015491654
Northern,Admin region,pasture,2009-02,2009,2,0.3839922434525629,0.20236920357154412,0.9991833307197312,60800.253680286456
Eastern,Admin region,pasture,2009-02,2009,2,0.4676780020089899,0.27166548488714154,0.992145284662885,14882.637672862964
Central,Admin region,pasture,2009-02,2009,2,0.6602677524032508,0.4180333394823313,0.977006309001948,23592.281274019013
Western,Admin region,pasture,2009-02,2009,2,0.6205992954061935,0.3920062354328791,0.9453787508652456,24630.704160004545
Uganda (national),Reference,pasture,2009-03,2009,3,0.5074701261608497,0.30235619156710786,0.9734528854552277,123950.34640055614
Karamoja,Focus region,pasture,2009-03,2009,3,0.3042996446903526,0.15968482067664233,0.9897891728177571,24765.78560836989
Lake Victoria basin,Focus region,pasture,2009-03,2009,3,0.643645549056499,0.41218253414557166,0.9495667549177287,20187.901015491654
Northern,Admin region,pasture,2009-03,2009,3,0.4134477048334895,0.22710971586501022,0.9895678142625436,60800.253680286456
Eastern,Admin region,pasture,2009-03,2009,3,0.4782246199899373,0.2802243837613744,0.9854244865905499,14882.637672862964
Central,Admin region,pasture,2009-03,2009,3,0.6440141768096029,0.4071923444120565,0.9752743237281476,23592.281274019013
Western,Admin region,pasture,2009-03,2009,3,0.6370464195308627,0.40960875243883377,0.9239967465736226,24630.704160004545
Uganda (national),Reference,pasture,2009-04,2009,4,0.6341777824679403,0.38942717704240004,0.7813666577072382,123950.34640055614
Karamoja,Focus region,pasture,2009-04,2009,4,0.49766979030267916,0.27896450193019623,0.8196555085833612,24765.78560836989
Lake Victoria basin,Focus region,pasture,2009-04,2009,4,0.6946765565615342,0.4551358279380279,0.7108291848214816,20187.901015491654
Northern,Admin region,pasture,2009-04,2009,4,0.586896790172422,0.3425936397574689,0.8250088267871686,60800.253680286456
Eastern,Admin region,pasture,2009-04,2009,4,0.6208827382962069,0.3794199576331964,0.8414993616189952,14882.637672862964
Central,Admin region,pasture,2009-04,2009,4,0.7112271460635504,0.45943449182862056,0.8098870291527467,23592.281274019013
Western,Admin region,pasture,2009-04,2009,4,0.7056048596986773,0.46538448642766495,0.6080971039287631,24630.704160004545
Uganda (national),Reference,pasture,2009-05,2009,5,0.6740067618443516,0.4215835153001857,0.9804942353926691,123950.34640055614
Karamoja,Focus region,pasture,2009-05,2009,5,0.550921719207603,0.32686194511736233,0.9915069608905192,24765.78560836989
Lake Victoria basin,Focus region,pasture,2009-05,2009,5,0.7109580052247095,0.4500559509752142,0.963926977473921,20187.901015491654
Northern,Admin region,pasture,2009-05,2009,5,0.633003398728466,0.3898369795431778,0.9956133799437732,60800.253680286456
Eastern,Admin region,pasture,2009-05,2009,5,0.6744910294002975,0.4163403346173433,0.9716857559210289,14882.637672862964
Central,Admin region,pasture,2009-05,2009,5,0.7351907251733067,0.4670841826848405,0.9663005186533687,23592.281274019013
Western,Admin region,pasture,2009-05,2009,5,0.7198826342854786,0.46233869513301007,0.9616130068870644,24630.704160004545
Uganda (national),Reference,pasture,2009-06,2009,6,0.6483101483806416,0.4073029468313689,0.9957327834859305,123950.34640055614
Karamoja,Focus region,pasture,2009-06,2009,6,0.5535485861578192,0.33960093596801744,0.9997950592902145,24765.78560836989
Lake Victoria basin,Focus region,pasture,2009-06,2009,6,0.6297435122512327,0.39229675982258955,0.9974507577971149,20187.901015491654
Northern,Admin region,pasture,2009-06,2009,6,0.6263136116155721,0.3925671258141588,0.9992644766158448,60800.253680286456
Eastern,Admin region,pasture,2009-06,2009,6,0.6633991277388416,0.41135198568924175,0.9863097382824407,14882.637672862964
Central,Admin region,pasture,2009-06,2009,6,0.6830137032240611,0.4258021455927416,0.9940537191083345,23592.281274019013
Western,Admin region,pasture,2009-06,2009,6,0.6610131439116838,0.42391458208336186,0.9941803761936502,24630.704160004545
Uganda (national),Reference,pasture,2009-07,2009,7,0.5831372315488554,0.33953839865432045,0.9872328579055563,123950.34640055614
Karamoja,Focus region,pasture,2009-07,2009,7,0.4878919183745133,0.2808428259540478,0.9665766870497158,24765.78560836989
Lake Victoria basin,Focus region,pasture,2009-07,2009,7,0.5202297255263554,0.29482474010243687,0.9987343247004581,20187.901015491654
Northern,Admin region,pasture,2009-07,2009,7,0.587037286890176,0.3420350355066207,0.9846158125528696,60800.253680286456
Eastern,Admin region,pasture,2009-07,2009,7,0.589648917038703,0.3473359913216499,0.9683096674724413,14882.637672862964
Central,Admin region,pasture,2009-07,2009,7,0.5883363574028014,0.33742118344063005,0.9961299541495542,23592.281274019013
Western,Admin region,pasture,2009-07,2009,7,0.5650060111594937,0.33098763825853766,0.9965924440745146,24630.704160004545
Uganda (national),Reference,pasture,2009-08,2009,8,0.5726858184078844,0.3309568236992219,0.9742742979359179,123950.34640055614
Karamoja,Focus region,pasture,2009-08,2009,8,0.42424306292228436,0.23937176468520385,0.9922227009859039,24765.78560836989
Lake Victoria basin,Focus region,pasture,2009-08,2009,8,0.504435498127833,0.27280087818547455,0.9347066675189049,20187.901015491654
Northern,Admin region,pasture,2009-08,2009,8,0.5746352431474143,0.3418709495245495,0.9960990630119766,60800.253680286456
Eastern,Admin region,pasture,2009-08,2009,8,0.5616714687020341,0.32370510663236274,0.9690054918574482,14882.637672862964
Central,Admin region,pasture,2009-08,2009,8,0.5791585078802239,0.31420868315210615,0.9570562868039877,23592.281274019013
Western,Admin region,pasture,2009-08,2009,8,0.567952923333179,0.3230477116054864,0.9393242751375405,24630.704160004545
Uganda (national),Reference,pasture,2009-09,2009,9,0.607822373621364,0.3695139567663062,0.9588081392919034,123950.34640055614
Karamoja,Focus region,pasture,2009-09,2009,9,0.40694667060575984,0.21884901300017698,0.9378962562463242,24765.78560836989
Lake Victoria basin,Focus region,pasture,2009-09,2009,9,0.5853308384371895,0.3492145216309556,0.9189162478562897,20187.901015491654
Northern,Admin region,pasture,2009-09,2009,9,0.5833407096159409,0.3520282853863871,0.9691637427799564,60800.253680286456
Eastern,Admin region,pasture,2009-09,2009,9,0.5927126707482822,0.3649130699707828,0.9544767580957967,14882.637672862964
Central,Admin region,pasture,2009-09,2009,9,0.6351536839288181,0.3871282782351763,0.9536337434501186,23592.281274019013
Western,Admin region,pasture,2009-09,2009,9,0.6525987624008756,0.39948137666525957,0.9402778283769357,24630.704160004545
Uganda (national),Reference,pasture,2009-10,2009,10,0.6323585931467018,0.39156727164538513,0.959434619766422,123950.34640055614
Karamoja,Focus region,pasture,2009-10,2009,10,0.42021049184571946,0.22704542451879978,0.9969191975843238,24765.78560836989
Lake Victoria basin,Focus region,pasture,2009-10,2009,10,0.672652095007774,0.44445244209371837,0.8706791660067583,20187.901015491654
Northern,Admin region,pasture,2009-10,2009,10,0.5764002427601248,0.3382358489054002,0.9974871271777596,60800.253680286456
Eastern,Admin region,pasture,2009-10,2009,10,0.6302297193449643,0.3896899087411651,0.9741358804473814,14882.637672862964
Central,Admin region,pasture,2009-10,2009,10,0.7058417954500898,0.46406631967394546,0.9293101551692172,23592.281274019013
Western,Admin region,pasture,2009-10,2009,10,0.7152400716198944,0.467938389088029,0.8847891922455724,24630.704160004545
Uganda (national),Reference,pasture,2009-11,2009,11,0.6104551655192986,0.37403244486905346,0.9780776288773941,123950.34640055614
Karamoja,Focus region,pasture,2009-11,2009,11,0.3568906150908829,0.1822341058265001,0.9950108083065475,24765.78560836989
Lake Victoria basin,Focus region,pasture,2009-11,2009,11,0.7534239545922459,0.509490508001981,0.9442144152215954,20187.901015491654
Northern,Admin region,pasture,2009-11,2009,11,0.504831584714376,0.28235205224942983,0.9968267915933029,60800.253680286456
Eastern,Admin region,pasture,2009-11,2009,11,0.6174290010155876,0.3730979921290471,0.9719798778534545,14882.637672862964
Central,Admin region,pasture,2009-11,2009,11,0.7546892974725721,0.49535333411443383,0.9660328181699726,23592.281274019013
Western,Admin region,pasture,2009-11,2009,11,0.7392896944720481,0.4938742166946445,0.9460207191451635,24630.704160004545
Uganda (national),Reference,pasture,2009-12,2009,12,0.5815164538298155,0.33972378014442406,0.9530879538556569,123950.34640055614
Karamoja,Focus region,pasture,2009-12,2009,12,0.3825485263863312,0.18581933681664514,0.9982548526597272,24765.78560836989
Lake Victoria basin,Focus region,pasture,2009-12,2009,12,0.7429684505362648,0.5070810490083275,0.8367009347958245,20187.901015491654
Northern,Admin region,pasture,2009-12,2009,12,0.47461990880622607,0.24085733673258175,0.997838654866245,60800.253680286456
Eastern,Admin region,pasture,2009-12,2009,12,0.6185601240554565,0.3562366875879188,0.9815644265766118,14882.637672862964
Central,Admin region,pasture,2009-12,2009,12,0.7362885416626943,0.46847514454606853,0.9341459119756229,23592.281274019013
Western,Admin region,pasture,2009-12,2009,12,0.7034176887779012,0.4802317780224465,0.8426231246497796,24630.704160004545
Uganda (national),Reference,pasture,2010-01,2010,1,0.5363711469720277,0.3132693552088289,0.9958576441598914,123950.34640055614
Karamoja,Focus region,pasture,2010-01,2010,1,0.40188565246552926,0.21608530806869367,1.0,24765.78560836989
Lake Victoria basin,Focus region,pasture,2010-01,2010,1,0.7015675501331365,0.4609800686973068,0.9931478167049191,20187.901015491654
Northern,Admin region,pasture,2010-01,2010,1,0.4298685577755432,0.2247305783893679,0.9999868191331478,60800.253680286456
Eastern,Admin region,pasture,2010-01,2010,1,0.55587449460402,0.32489658395112453,0.9964913997173092,14882.637672862964
Central,Admin region,pasture,2010-01,2010,1,0.674752318998485,0.42270580527617796,0.9945156522994051,23592.281274019013
Western,Admin region,pasture,2010-01,2010,1,0.6574392577816708,0.4221009565813387,0.9857188511520347,24630.704160004545
Uganda (national),Reference,pasture,2010-02,2010,2,0.5418367044300825,0.3078350132853596,0.991408078223102,123950.34640055614
Karamoja,Focus region,pasture,2010-02,2010,2,0.3994914902387434,0.21417878951410357,0.9999956854587414,24765.78560836989
Lake Victoria basin,Focus region,pasture,2010-02,2010,2,0.7033404702863254,0.4398581196593241,0.9874646172519455,20187.901015491654
Northern,Admin region,pasture,2010-02,2010,2,0.44791148700451744,0.23807233486235066,0.9999721151439038,60800.253680286456
Eastern,Admin region,pasture,2010-02,2010,2,0.5343727039023987,0.30538380280570077,0.9922477409604102,14882.637672862964
Central,Admin region,pasture,2010-02,2010,2,0.6760638965013124,0.40031425555370104,0.9965007386339875,23592.281274019013
Western,Admin region,pasture,2010-02,2010,2,0.6539877870200259,0.3963790884506495,0.9641419053054091,24630.704160004545
Uganda (national),Reference,pasture,2010-03,2010,3,0.5969007735491663,0.3842412033756466,0.9132338259565191,123950.34640055614
Karamoja,Focus region,pasture,2010-03,2010,3,0.4865571024987486,0.2926445037210133,0.9999827418349654,24765.78560836989
Lake Victoria basin,Focus region,pasture,2010-03,2010,3,0.7008120132436595,0.4892369618612027,0.682811068181986,20187.901015491654
Northern,Admin region,pasture,2010-03,2010,3,0.5452988561134486,0.3296752521565966,0.9977185349559878,60800.253680286456
Eastern,Admin region,pasture,2010-03,2010,3,0.5888522261514805,0.36828171357970946,0.9772739318617758,14882.637672862964
Central,Admin region,pasture,2010-03,2010,3,0.6798250785129664,0.47895472364165265,0.8064047294030319,23592.281274019013
Western,Admin region,pasture,2010-03,2010,3,0.6857199689240372,0.47681400258166895,0.7673159889901487,24630.704160004545
Uganda (national),Reference,pasture,2010-04,2010,4,0.6617641264001742,0.4159051313338508,0.7846301714783511,123950.34640055614
Karamoja,Focus region,pasture,2010-04,2010,4,0.5422832136748267,0.3180337178219803,0.8499358558843055,24765.78560836989
Lake Victoria basin,Focus region,pasture,2010-04,2010,4,0.7546824582815838,0.4916462439098412,0.6228125711182171,20187.901015491654
Northern,Admin region,pasture,2010-04,2010,4,0.6050116039041803,0.3627056100685048,0.876115699643669,60800.253680286456
Eastern,Admin region,pasture,2010-04,2010,4,0.6824388089681642,0.43925323521904575,0.7577536984675127,14882.637672862964
Central,Admin region,pasture,2010-04,2010,4,0.7518707258438084,0.49382198308196296,0.6577024080513223,23592.281274019013
Western,Admin region,pasture,2010-04,2010,4,0.744106317875737,0.4963127115704964,0.6948525860177911,24630.704160004545
Uganda (national),Reference,pasture,2010-05,2010,5,0.7278466513675718,0.46498669372432305,0.9804883497726291,123950.34640055614
Karamoja,Focus region,pasture,2010-05,2010,5,0.6403050174802967,0.37763053799990326,0.9926910825090112,24765.78560836989
Lake Victoria basin,Focus region,pasture,2010-05,2010,5,0.76304543755958,0.5266422425075888,0.9546942976127362,20187.901015491654
Northern,Admin region,pasture,2010-05,2010,5,0.6951597542257031,0.42449470334200123,0.9915710785895075,60800.253680286456
Eastern,Admin region,pasture,2010-05,2010,5,0.7148691383561174,0.44090137934907525,0.9746108283129911,14882.637672862964
Central,Admin region,pasture,2010-05,2010,5,0.7778891493033602,0.5218039609516766,0.9800719302185253,23592.281274019013
Western,Admin region,pasture,2010-05,2010,5,0.7710715314949482,0.5281265778780067,0.9571146356629697,24630.704160004545
Uganda (national),Reference,pasture,2010-06,2010,6,0.7016588682175903,0.4488883194249028,0.9800282792041799,123950.34640055614
Karamoja,Focus region,pasture,2010-06,2010,6,0.6389811818529022,0.3898603542250775,0.9819315556571717,24765.78560836989
Lake Victoria basin,Focus region,pasture,2010-06,2010,6,0.691537882591287,0.4468571644615531,0.9735174478992918,20187.901015491654
Northern,Admin region,pasture,2010-06,2010,6,0.6883887647991984,0.4330770674649003,0.9898863536011268,60800.253680286456
Eastern,Admin region,pasture,2010-06,2010,6,0.692758838862563,0.44132382012714033,0.9459837110253774,14882.637672862964
Central,Admin region,pasture,2010-06,2010,6,0.7255896534235381,0.46746300067349866,0.9796978333346785,23592.281274019013
Western,Admin region,pasture,2010-06,2010,6,0.7172410235786159,0.47509578857916096,0.9765178530288172,24630.704160004545
Uganda (national),Reference,pasture,2010-07,2010,7,0.6548905680006077,0.39750173925273863,0.9755710325501409,123950.34640055614
Karamoja,Focus region,pasture,2010-07,2010,7,0.6153968277185684,0.3625723185443382,0.9801088480928618,24765.78560836989
Lake Victoria basin,Focus region,pasture,2010-07,2010,7,0.5723643393212571,0.3425954233601644,0.9660245812163463,20187.901015491654
Northern,Admin region,pasture,2010-07,2010,7,0.6713637776290273,0.408099204072992,0.9852065634982818,60800.253680286456
Eastern,Admin region,pasture,2010-07,2010,7,0.663947420270692,0.40554670532772835,0.9634507922942109,14882.637672862964
Central,Admin region,pasture,2010-07,2010,7,0.6418689039243076,0.38320126916135433,0.9569994431883226,23592.281274019013
Western,Admin region,pasture,2010-07,2010,7,0.620837319257591,0.379591276416839,0.9765956493226495,24630.704160004545
Uganda (national),Reference,pasture,2010-08,2010,8,0.6268698435224342,0.37782630347197693,0.9773039284578374,123950.34640055614
Karamoja,Focus region,pasture,2010-08,2010,8,0.602446670882637,0.35061034276355224,0.9760307098556534,24765.78560836989
Lake Victoria basin,Focus region,pasture,2010-08,2010,8,0.49426728418461935,0.28550328170916744,0.9431193847255955,20187.901015491654
Northern,Admin region,pasture,2010-08,2010,8,0.6629382225437455,0.40176613508310877,0.9860138355958301,60800.253680286456
Eastern,Admin region,pasture,2010-08,2010,8,0.6411534275759134,0.3896393070190278,0.9714074430600677,14882.637672862964
Central,Admin region,pasture,2010-08,2010,8,0.6028958083423106,0.3586331170979143,0.9461438045081187,23592.281274019013
Western,Admin region,pasture,2010-08,2010,8,0.5516734104874962,0.3293993828485697,0.9886692581582397,24630.704160004545
Uganda (national),Reference,pasture,2010-09,2010,9,0.6511190350418169,0.39687738110060766,0.9670827886240159,123950.34640055614
Karamoja,Focus region,pasture,2010-09,2010,9,0.5715984947469878,0.32963132889644386,0.9804010355948046,24765.78560836989
Lake Victoria basin,Focus region,pasture,2010-09,2010,9,0.597442647848966,0.36927395565671733,0.9152295085432771,20187.901015491654
Northern,Admin region,pasture,2010-09,2010,9,0.6466389246007871,0.3933161826551981,0.9903383453398625,60800.253680286456
Eastern,Admin region,pasture,2010-09,2010,9,0.6449976999354345,0.3931725012129403,0.9545163582008995,14882.637672862964
Central,Admin region,pasture,2010-09,2010,9,0.6720365342675947,0.4022180289517988,0.9526404321258587,23592.281274019013
Western,Admin region,pasture,2010-09,2010,9,0.6459780770928653,0.40299034739333056,0.9307362141603188,24630.704160004545
Uganda (national),Reference,pasture,2010-10,2010,10,0.6562594614886854,0.4097662565351867,0.9526510961591232,123950.34640055614
Karamoja,Focus region,pasture,2010-10,2010,10,0.5144842949781008,0.2816969187727646,0.9537624487522386,24765.78560836989
Lake Victoria basin,Focus region,pasture,2010-10,2010,10,0.697225402815954,0.465644796844071,0.9455008983318229,20187.901015491654
Northern,Admin region,pasture,2010-10,2010,10,0.6066862094767143,0.36172726362884267,0.9717854189198412,60800.253680286456
Eastern,Admin region,pasture,2010-10,2010,10,0.6616324640950482,0.40858854885887347,0.9303584921637051,14882.637672862964
Central,Admin region,pasture,2010-10,2010,10,0.7223038739989047,0.46713617184492795,0.9644744008493312,23592.281274019013
Western,Admin region,pasture,2010-10,2010,10,0.7167989530078461,0.4789502167267048,0.906321898148592,24630.704160004545
Uganda (national),Reference,pasture,2010-11,2010,11,0.6195272317052836,0.374375479792741,0.9842762939251263,123950.34640055614
Karamoja,Focus region,pasture,2010-11,2010,11,0.37568696596672696,0.1877717323187415,0.9999546973167842,24765.78560836989
Lake Victoria basin,Focus region,pasture,2010-11,2010,11,0.7459462391037562,0.4977039821423726,0.9477999382864206,20187.901015491654
Northern,Admin region,pasture,2010-11,2010,11,0.5211914559931126,0.28535449154831666,0.9999295435284551,60800.253680286456
Eastern,Admin region,pasture,2010-11,2010,11,0.6186827410408534,0.3715723420999749,0.977446803987856,14882.637672862964
Central,Admin region,pasture,2010-11,2010,11,0.7441365648864015,0.474371763393293,0.9741085811454335,23592.281274019013
Western,Admin region,pasture,2010-11,2010,11,0.7515482792466066,0.5075680674311759,0.95891851277133,24630.704160004545
Uganda (national),Reference,pasture,2010-12,2010,12,0.5392521880836754,0.30918004400544,0.9913805179029547,123950.34640055614
Karamoja,Focus region,pasture,2010-12,2010,12,0.3323432996092154,0.15313619242233073,1.0,24765.78560836989
Lake Victoria basin,Focus region,pasture,2010-12,2010,12,0.6931633862825031,0.4587582046502511,0.9803240096802711,20187.901015491654
Northern,Admin region,pasture,2010-12,2010,12,0.42465367525452635,0.213216016435162,0.9999964851021728,60800.253680286456
Eastern,Admin region,pasture,2010-12,2010,12,0.5625839236785005,0.3114281505997251,0.9911931787587176,14882.637672862964
Central,Admin region,pasture,2010-12,2010,12,0.6770518501665076,0.41736854849547483,0.9981340445987318,23592.281274019013
Western,Admin region,pasture,2010-12,2010,12,0.681414756361817,0.44612299138974254,0.9630778755446601,24630.704160004545
Uganda (national),Reference,pasture,2011-01,2011,1,0.4519475039896366,0.24561598574361113,0.995852336622004,123950.34640055614
Karamoja,Focus region,pasture,2011-01,2011,1,0.29537789272627435,0.14211932246364498,1.0,24765.78560836989
Lake Victoria basin,Focus region,pasture,2011-01,2011,1,0.5943304214822511,0.35031785768528156,0.9889482608546433,20187.901015491654
Northern,Admin region,pasture,2011-01,2011,1,0.35744675720040686,0.17698016681512083,1.0,60800.253680286456
Eastern,Admin region,pasture,2011-01,2011,1,0.4647186791294605,0.25955727574204046,0.9987733258591011,14882.637672862964
Central,Admin region,pasture,2011-01,2011,1,0.5709603825817949,0.32826306848065434,0.9989709715968144,23592.281274019013
Western,Admin region,pasture,2011-01,2011,1,0.5659579843905433,0.3291477165053443,0.9808406254457964,24630.704160004545
Uganda (national),Reference,pasture,2011-02,2011,2,0.3914726896016997,0.2131757011414531,0.9913567776578482,123950.34640055614
Karamoja,Focus region,pasture,2011-02,2011,2,0.2574246130112403,0.13541908865019456,1.0,24765.78560836989
Lake Victoria basin,Focus region,pasture,2011-02,2011,2,0.5117157644942223,0.297441650992396,0.9861286520263328,20187.901015491654
Northern,Admin region,pasture,2011-02,2011,2,0.31607425314546406,0.16318652271543935,1.0,60800.253680286456
Eastern,Admin region,pasture,2011-02,2011,2,0.3900717281204766,0.21954138919798552,0.9975558021157548,14882.637672862964
Central,Admin region,pasture,2011-02,2011,2,0.49136895282785487,0.26674448258421035,0.9973040354535789,23592.281274019013
Western,Admin region,pasture,2011-02,2011,2,0.4868804077647725,0.2845075493881133,0.960151642720291,24630.704160004545
Uganda (national),Reference,pasture,2011-03,2011,3,0.5153545011398192,0.30589519066479454,0.9819786945794478,123950.34640055614
Karamoja,Focus region,pasture,2011-03,2011,3,0.3549560316784428,0.19252737633572994,0.996836544509624,24765.78560836989
Lake Victoria basin,Focus region,pasture,2011-03,2011,3,0.6659633092619743,0.41868763052669816,0.9636529474284594,20187.901015491654
Northern,Admin region,pasture,2011-03,2011,3,0.4218778601162029,0.23558259297728237,0.9953453207407501,60800.253680286456
Eastern,Admin region,pasture,2011-03,2011,3,0.4893546413452632,0.28614524373198624,0.9963365749907108,14882.637672862964
Central,Admin region,pasture,2011-03,2011,3,0.6489230493066676,0.41208402718103115,0.9630428937163896,23592.281274019013
Western,Admin region,pasture,2011-03,2011,3,0.6430048620381715,0.3962679024000766,0.9582683276512806,24630.704160004545
Uganda (national),Reference,pasture,2011-04,2011,4,0.5792145624165093,0.3569195172369203,0.9022692843071662,123950.34640055614
Karamoja,Focus region,pasture,2011-04,2011,4,0.3689117112253381,0.20749196715790003,0.9344236511849393,24765.78560836989
Lake Victoria basin,Focus region,pasture,2011-04,2011,4,0.7285248327405519,0.502780245969597,0.7818211384047666,20187.901015491654
Northern,Admin region,pasture,2011-04,2011,4,0.4883025158978994,0.2766622883440218,0.9581649244989436,60800.253680286456
Eastern,Admin region,pasture,2011-04,2011,4,0.5703244832544094,0.34101278610990476,0.9447243770039813,14882.637672862964
Central,Admin region,pasture,2011-04,2011,4,0.7212762079104593,0.49818235699500757,0.8337523518590858,23592.281274019013
Western,Admin region,pasture,2011-04,2011,4,0.7118214242835949,0.46374925630957936,0.8036932757012446,24630.704160004545
Uganda (national),Reference,pasture,2011-05,2011,5,0.6814950159067263,0.43267486830501345,0.9502336664683863,123950.34640055614
Karamoja,Focus region,pasture,2011-05,2011,5,0.5269982170651664,0.29567565428998194,0.9829006439232871,24765.78560836989
Lake Victoria basin,Focus region,pasture,2011-05,2011,5,0.7661464365232298,0.5152033697650918,0.8697942269419385,20187.901015491654
Northern,Admin region,pasture,2011-05,2011,5,0.623069950250216,0.37336209957762684,0.9856018585566729,60800.253680286456
Eastern,Admin region,pasture,2011-05,2011,5,0.6795280297538562,0.4241361368133354,0.9511205471262015,14882.637672862964
Central,Admin region,pasture,2011-05,2011,5,0.7702888527310624,0.5214311637629024,0.9066895575667178,23592.281274019013
Western,Admin region,pasture,2011-05,2011,5,0.7552651291487672,0.5127603573131333,0.9035854692276316,24630.704160004545
Uganda (national),Reference,pasture,2011-06,2011,6,0.696547073586327,0.4469004345049606,0.9776237566342426,123950.34640055614
Karamoja,Focus region,pasture,2011-06,2011,6,0.6063648751182229,0.36490217636387895,0.9741982988034532,24765.78560836989
Lake Victoria basin,Focus region,pasture,2011-06,2011,6,0.7071251130021637,0.45342838445374073,0.9887963482696986,20187.901015491654
Northern,Admin region,pasture,2011-06,2011,6,0.6685265007339648,0.42205590110833424,0.982014298831796,60800.253680286456
Eastern,Admin region,pasture,2011-06,2011,6,0.6920046239764719,0.4409080910283527,0.9387827141669904,14882.637672862964
Central,Admin region,pasture,2011-06,2011,6,0.7367532518100585,0.47447893545959924,0.9806250831596521,23592.281274019013
Western,Admin region,pasture,2011-06,2011,6,0.7298698584694242,0.48516298948841513,0.9869190627041957,24630.704160004545
Uganda (national),Reference,pasture,2011-07,2011,7,0.6705770781687629,0.41096534466672846,0.9904648729605731,123950.34640055614
Karamoja,Focus region,pasture,2011-07,2011,7,0.6230087929964975,0.37680450331538584,0.9837928741358049,24765.78560836989
Lake Victoria basin,Focus region,pasture,2011-07,2011,7,0.6231795680868047,0.36844653656539106,0.9981125603344785,20187.901015491654
Northern,Admin region,pasture,2011-07,2011,7,0.672283981526326,0.4138877900348148,0.9880559016380239,60800.253680286456
Eastern,Admin region,pasture,2011-07,2011,7,0.6524712786212282,0.39787772737618693,0.9907605761174765,14882.637672862964
Central,Admin region,pasture,2011-07,2011,7,0.6772057278521877,0.4092794034485397,0.9961102840029056,23592.281274019013
Western,Admin region,pasture,2011-07,2011,7,0.6711725445029489,0.41343501835924684,0.9904528738657794,24630.704160004545
Uganda (national),Reference,pasture,2011-08,2011,8,0.6886267910154475,0.42624146397524687,0.935078642794612,123950.34640055614
Karamoja,Focus region,pasture,2011-08,2011,8,0.6628284631602962,0.402783231981752,0.9623000291553013,24765.78560836989
Lake Victoria basin,Focus region,pasture,2011-08,2011,8,0.6281787099869308,0.3735703568245204,0.8732529209522066,20187.901015491654
Northern,Admin region,pasture,2011-08,2011,8,0.7004224885584092,0.43899590794867455,0.9587960140658905,60800.253680286456
Eastern,Admin region,pasture,2011-08,2011,8,0.6596836551244917,0.3974390229955444,0.9470005172790127,14882.637672862964
Central,Admin region,pasture,2011-08,2011,8,0.6878793486571358,0.4180755159815799,0.9004179866200909,23592.281274019013
Western,Admin region,pasture,2011-08,2011,8,0.6769524516361735,0.4189538505914771,0.9012713909930554,24630.704160004545
Uganda (national),Reference,pasture,2011-09,2011,9,0.7002769378033181,0.4389901796361266,0.9470655903419305,123950.34640055614
Karamoja,Focus region,pasture,2011-09,2011,9,0.6579544321168157,0.3843861571155484,0.9997173890876739,24765.78560836989
Lake Victoria basin,Focus region,pasture,2011-09,2011,9,0.7024799140611493,0.45070548293463236,0.8482713436481337,20187.901015491654
Northern,Admin region,pasture,2011-09,2011,9,0.693871197885524,0.42369061616081066,0.9948908582356005,60800.253680286456
Eastern,Admin region,pasture,2011-09,2011,9,0.6518916341550177,0.4047763055050379,0.9409083796736449,14882.637672862964
Central,Admin region,pasture,2011-09,2011,9,0.7287683542899304,0.46979109228360283,0.9202240570902072,23592.281274019013
Western,Admin region,pasture,2011-09,2011,9,0.72157546356897,0.4736471494034761,0.8576593721852698,24630.704160004545
Uganda (national),Reference,pasture,2011-10,2011,10,0.6961052702647819,0.43690387062521824,0.9555786309498439,123950.34640055614
Karamoja,Focus region,pasture,2011-10,2011,10,0.5803919627505002,0.3333386049238576,0.9693704455734199,24765.78560836989
Lake Victoria basin,Focus region,pasture,2011-10,2011,10,0.7623114748119605,0.49049395237065524,0.9597886827241318,20187.901015491654
Northern,Admin region,pasture,2011-10,2011,10,0.6491401241914018,0.39294984016040657,0.9816934437958206,60800.253680286456
Eastern,Admin region,pasture,2011-10,2011,10,0.6848230701111497,0.4265404584662833,0.9263456486656995,14882.637672862964
Central,Admin region,pasture,2011-10,2011,10,0.7712656282481694,0.49168661332709984,0.9435045148492422,23592.281274019013
Western,Admin region,pasture,2011-10,2011,10,0.7529345199674344,0.504897579049749,0.9197509878942726,24630.704160004545
Uganda (national),Reference,pasture,2011-11,2011,11,0.6840479844231283,0.41246987692256637,0.9626345985903599,123950.34640055614
Karamoja,Focus region,pasture,2011-11,2011,11,0.5900344730598771,0.32632188991868616,0.9945653192317656,24765.78560836989
Lake Victoria basin,Focus region,pasture,2011-11,2011,11,0.764392983503325,0.4948591717441554,0.8795515334593696,20187.901015491654
Northern,Admin region,pasture,2011-11,2011,11,0.6287015303900979,0.3564003850063979,0.9972978706056324,60800.253680286456
Eastern,Admin region,pasture,2011-11,2011,11,0.6785363015782568,0.41012413424524036,0.9760816209830724,14882.637672862964
Central,Admin region,pasture,2011-11,2011,11,0.7676096413628497,0.4888893938201215,0.9397131318245364,23592.281274019013
Western,Admin region,pasture,2011-11,2011,11,0.7562381877586517,0.49157872513101813,0.8898621808798537,24630.704160004545
Uganda (national),Reference,pasture,2011-12,2011,12,0.613169340767262,0.36583589024835816,0.9949623199883659,123950.34640055614
Karamoja,Focus region,pasture,2011-12,2011,12,0.5012574864773617,0.26677055600537225,1.0,24765.78560836989
Lake Victoria basin,Focus region,pasture,2011-12,2011,12,0.738057456806072,0.5081235456372476,0.9917114447120332,20187.901015491654
Northern,Admin region,pasture,2011-12,2011,12,0.5270627778787921,0.2806855010235944,0.9999956063777159,60800.253680286456
Eastern,Admin region,pasture,2011-12,2011,12,0.6214485054150526,0.3612082433489665,0.9912710275255924,14882.637672862964
Central,Admin region,pasture,2011-12,2011,12,0.733271115898188,0.4700634972089737,0.9967303953664843,23592.281274019013
Western,Admin region,pasture,2011-12,2011,12,0.7077889575031802,0.4813085673815096,0.9824392771899215,24630.704160004545
Uganda (national),Reference,pasture,2012-01,2012,1,0.45548100302818706,0.25068804023748903,0.9994056740774686,123950.34640055614
Karamoja,Focus region,pasture,2012-01,2012,1,0.3570518449629837,0.1699359859529201,1.0,24765.78560836989
Lake Victoria basin,Focus region,pasture,2012-01,2012,1,0.58100846394701,0.3560815221462823,0.9997288965393828,20187.901015491654
Northern,Admin region,pasture,2012-01,2012,1,0.3686881888466183,0.18125562284959562,1.0,60800.253680286456
Eastern,Admin region,pasture,2012-01,2012,1,0.4845372061576898,0.27367214624514924,0.999971281829218,14882.637672862964
Central,Admin region,pasture,2012-01,2012,1,0.5694909163736889,0.34175136933025924,0.999963767856286,23592.281274019013
Western,Admin region,pasture,2012-01,2012,1,0.5434302115734151,0.3212196918819269,0.9970068841384117,24630.704160004545
Uganda (national),Reference,pasture,2012-02,2012,2,0.3862433369769422,0.21468321120237316,0.9792924668297686,123950.34640055614
Karamoja,Focus region,pasture,2012-02,2012,2,0.2757700964864252,0.13884608087883363,1.0,24765.78560836989
Lake Victoria basin,Focus region,pasture,2012-02,2012,2,0.532896766157376,0.32585589925806174,0.9454300687518086,20187.901015491654
Northern,Admin region,pasture,2012-02,2012,2,0.3070812421324103,0.1586090167630687,0.9999929702043455,60800.253680286456
Eastern,Admin region,pasture,2012-02,2012,2,0.3919804223230968,0.21628382335694527,0.9925792528249916,14882.637672862964
Central,Admin region,pasture,2012-02,2012,2,0.5069925013656885,0.29818029814613206,0.9747124502073327,23592.281274019013
Western,Admin region,pasture,2012-02,2012,2,0.4722031481863659,0.2791821061616204,0.924045962553954,24630.704160004545
Uganda (national),Reference,pasture,2012-03,2012,3,0.43098397649154974,0.2463169844485807,0.9780150726131611,123950.34640055614
Karamoja,Focus region,pasture,2012-03,2012,3,0.27656003646002386,0.14317102185979785,0.9963978910217772,24765.78560836989
Lake Victoria basin,Focus region,pasture,2012-03,2012,3,0.5927252357898043,0.3674529278990437,0.9610393618708357,20187.901015491654
Northern,Admin region,pasture,2012-03,2012,3,0.3434181811243231,0.18478297761860593,0.9961910361717894,60800.253680286456
Eastern,Admin region,pasture,2012-03,2012,3,0.40201108543172037,0.22613390305857015,0.9705548794037432,14882.637672862964
Central,Admin region,pasture,2012-03,2012,3,0.5647196245666354,0.339666437208447,0.9653027759958459,23592.281274019013
Western,Admin region,pasture,2012-03,2012,3,0.545615563655808,0.3273640159141669,0.9492089296705768,24630.704160004545
Uganda (national),Reference,pasture,2012-04,2012,4,0.6697893371775202,0.4116868046350161,0.9182031942368793,123950.34640055614
Karamoja,Focus region,pasture,2012-04,2012,4,0.5387847125598915,0.29522697739631804,0.9373952957067716,24765.78560836989
Lake Victoria basin,Focus region,pasture,2012-04,2012,4,0.738709120029815,0.49159910921355543,0.8111807828566721,20187.901015491654
Northern,Admin region,pasture,2012-04,2012,4,0.6208267623173881,0.35866157255790004,0.961270085172901,60800.253680286456
Eastern,Admin region,pasture,2012-04,2012,4,0.6361075343680975,0.3830797121002576,0.9279255140746137,14882.637672862964
Central,Admin region,pasture,2012-04,2012,4,0.7516382986960767,0.4982651509308184,0.8874883862880765,23592.281274019013
Western,Admin region,pasture,2012-04,2012,4,0.748504728655841,0.49355441325847155,0.8337383217628,24630.704160004545
Uganda (national),Reference,pasture,2012-05,2012,5,0.7493184169208408,0.49646367986923673,0.9403724453153087,123950.34640055614
Karamoja,Focus region,pasture,2012-05,2012,5,0.715298518975558,0.4457716841202435,0.977314776553419,24765.78560836989
Lake Victoria basin,Focus region,pasture,2012-05,2012,5,0.7751052732634695,0.520239463118315,0.8644844057497346,20187.901015491654
Northern,Admin region,pasture,2012-05,2012,5,0.7336629862398449,0.4763021991102174,0.973515127708454,60800.253680286456
Eastern,Admin region,pasture,2012-05,2012,5,0.7052155263997048,0.45160693973913174,0.943251782409459,14882.637672862964
Central,Admin region,pasture,2012-05,2012,5,0.7843497733352504,0.5319945166923971,0.9208441240516491,23592.281274019013
Western,Admin region,pasture,2012-05,2012,5,0.786006894143498,0.5455030232615886,0.8745793600920543,24630.704160004545
Uganda (national),Reference,pasture,2012-06,2012,6,0.7171799695361672,0.47248987805613746,0.9685491430215222,123950.34640055614
Karamoja,Focus region,pasture,2012-06,2012,6,0.6823280287148281,0.44069847069655654,0.9783951207648136,24765.78560836989
Lake Victoria basin,Focus region,pasture,2012-06,2012,6,0.7119660199035124,0.46239393517165167,0.9616460366823333,20187.901015491654
Northern,Admin region,pasture,2012-06,2012,6,0.7088795097937991,0.46630047272082203,0.9821841063026125,60800.253680286456
Eastern,Admin region,pasture,2012-06,2012,6,0.6929321919062597,0.4455771452495891,0.9514766524438988,14882.637672862964
Central,Admin region,pasture,2012-06,2012,6,0.7419594262942493,0.48463985653290387,0.944676988795911,23592.281274019013
Western,Admin region,pasture,2012-06,2012,6,0.7294485364991411,0.4927247631635674,0.9674910757333142,24630.704160004545
Uganda (national),Reference,pasture,2012-07,2012,7,0.7064863586443303,0.44373892716538693,0.9121770005063203,123950.34640055614
Karamoja,Focus region,pasture,2012-07,2012,7,0.7051094375714171,0.4403322313120247,0.8989936704749149,24765.78560836989
Lake Victoria basin,Focus region,pasture,2012-07,2012,7,0.6421073693884302,0.3901470962791155,0.933159998562445,20187.901015491654
Northern,Admin region,pasture,2012-07,2012,7,0.724348981490819,0.4614745777134692,0.8922883579309502,60800.253680286456
Eastern,Admin region,pasture,2012-07,2012,7,0.6952481020137963,0.42328529482249255,0.9307773128984778,14882.637672862964
Central,Admin region,pasture,2012-07,2012,7,0.6993859916138837,0.43078567760528086,0.9046093618548859,23592.281274019013
Western,Admin region,pasture,2012-07,2012,7,0.6786044788208943,0.42671590778915464,0.9570363970547615,24630.704160004545
Uganda (national),Reference,pasture,2012-08,2012,8,0.7002566498165906,0.44208695438883155,0.9533117341895776,123950.34640055614
Karamoja,Focus region,pasture,2012-08,2012,8,0.6978635100745536,0.43756788069589153,0.9725125906139324,24765.78560836989
Lake Victoria basin,Focus region,pasture,2012-08,2012,8,0.6260207280349603,0.3769431226740408,0.9490190476774608,20187.901015491654
Northern,Admin region,pasture,2012-08,2012,8,0.7276495668581194,0.46386191589647385,0.9595866903321291,60800.253680286456
Eastern,Admin region,pasture,2012-08,2012,8,0.658816360807191,0.4075807934187988,0.9498532029875626,14882.637672862964
Central,Admin region,pasture,2012-08,2012,8,0.6970627464494281,0.43251782406631617,0.968845791227564,23592.281274019013
Western,Admin region,pasture,2012-08,2012,8,0.6592859042550148,0.4174240033029713,0.9257429271741037,24630.704160004545
Uganda (national),Reference,pasture,2012-09,2012,9,0.6825747967208641,0.44020575484225083,0.9764445451073656,123950.34640055614
Karamoja,Focus region,pasture,2012-09,2012,9,0.6347139535802978,0.3891084937059222,0.9939254643032241,24765.78560836989
Lake Victoria basin,Focus region,pasture,2012-09,2012,9,0.6627228830536301,0.4276753280039113,0.949327636331193,20187.901015491654
Northern,Admin region,pasture,2012-09,2012,9,0.6832401071985077,0.43172309897694144,0.99453410644407,60800.253680286456
Eastern,Admin region,pasture,2012-09,2012,9,0.6417043508130373,0.40774070236634125,0.951147392984869,14882.637672862964
Central,Admin region,pasture,2012-09,2012,9,0.7000759924524245,0.46546962561156724,0.9724567683700277,23592.281274019013
Western,Admin region,pasture,2012-09,2012,9,0.6884553734073096,0.4569273167505465,0.9506567181884374,24630.704160004545
Uganda (national),Reference,pasture,2012-10,2012,10,0.6798567135322852,0.4318745148602464,0.9493770163308969,123950.34640055614
Karamoja,Focus region,pasture,2012-10,2012,10,0.5784446289863251,0.3263489743564984,0.9873778772269199,24765.78560836989
Lake Victoria basin,Focus region,pasture,2012-10,2012,10,0.7078801588854938,0.4982494368809136,0.8658889796718274,20187.901015491654
Northern,Admin region,pasture,2012-10,2012,10,0.649286842555601,0.38690821352734867,0.9854945611315287,60800.253680286456
Eastern,Admin region,pasture,2012-10,2012,10,0.6547093516655433,0.411424427992755,0.9435704977950008,14882.637672862964
Central,Admin region,pasture,2012-10,2012,10,0.7240029364349563,0.49661066567220596,0.9328518738585374,23592.281274019013
Western,Admin region,pasture,2012-10,2012,10,0.7359758764877136,0.5036336416833319,0.8786817408653426,24630.704160004545
Uganda (national),Reference,pasture,2012-11,2012,11,0.6696415846349861,0.4114828243270902,0.9776121054053697,123950.34640055614
Karamoja,Focus region,pasture,2012-11,2012,11,0.5483620039426388,0.2924658592311492,0.9983108570972414,24765.78560836989
Lake Victoria basin,Focus region,pasture,2012-11,2012,11,0.7532026186111844,0.5114132317255095,0.9528600242385569,20187.901015491654
Northern,Admin region,pasture,2012-11,2012,11,0.6068214849841705,0.3415862071815303,0.9992214294553958,60800.253680286456
Eastern,Admin region,pasture,2012-11,2012,11,0.665185243098724,0.40287540678632444,0.963509523768967,14882.637672862964
Central,Admin region,pasture,2012-11,2012,11,0.7547397931611486,0.5026440655405737,0.9617838711244672,23592.281274019013
Western,Admin region,pasture,2012-11,2012,11,0.7532506183872166,0.5100286184757379,0.9472408093260899,24630.704160004545
Uganda (national),Reference,pasture,2012-12,2012,12,0.6222145882599697,0.35653514473173453,0.9775323503519621,123950.34640055614
Karamoja,Focus region,pasture,2012-12,2012,12,0.45921786836933104,0.21775734906720978,0.999933124610491,24765.78560836989
Lake Victoria basin,Focus region,pasture,2012-12,2012,12,0.7582859353620557,0.4960746458756609,0.9381994116173815,20187.901015491654
Northern,Admin region,pasture,2012-12,2012,12,0.5231283671256746,0.2645675065811991,0.9999356498019354,60800.253680286456
Eastern,Admin region,pasture,2012-12,2012,12,0.6369141488525317,0.3671871147461921,0.9705765869622462,14882.637672862964
Central,Admin region,pasture,2012-12,2012,12,0.7511542476499043,0.46881491464679786,0.9729311075181493,23592.281274019013
Western,Admin region,pasture,2012-12,2012,12,0.7467892468397912,0.48132119673554985,0.9299889495408696,24630.704160004545
Uganda (national),Reference,pasture,2013-01,2013,1,0.5548399339402557,0.3173255401214093,0.9969228889878671,123950.34640055614
Karamoja,Focus region,pasture,2013-01,2013,1,0.4709525783343231,0.23840243325787475,1.0,24765.78560836989
Lake Victoria basin,Focus region,pasture,2013-01,2013,1,0.6717939752133152,0.4388853663118186,0.9911921523274542,20187.901015491654
Northern,Admin region,pasture,2013-01,2013,1,0.46368288361370064,0.23419130958070142,1.0,60800.253680286456
Eastern,Admin region,pasture,2013-01,2013,1,0.5943735329523789,0.3437277823487353,0.9956409054585852,14882.637672862964
Central,Admin region,pasture,2013-01,2013,1,0.6666600915665342,0.41256992544898097,0.9967801079989623,23592.281274019013
Western,Admin region,pasture,2013-01,2013,1,0.6504696602875781,0.41688115538919884,0.9897713014371533,24630.704160004545
Uganda (national),Reference,pasture,2013-02,2013,2,0.47312668982540623,0.27750597939981575,0.9909922529131729,123950.34640055614
Karamoja,Focus region,pasture,2013-02,2013,2,0.3761059120433035,0.20181579000489766,1.0,24765.78560836989
Lake Victoria basin,Focus region,pasture,2013-02,2013,2,0.588189322689944,0.3776115078093726,0.9724525550004143,20187.901015491654
Northern,Admin region,pasture,2013-02,2013,2,0.39497722309309347,0.2118427809445203,0.9999753957152093,60800.253680286456
Eastern,Admin region,pasture,2013-02,2013,2,0.4895659933927554,0.2955593858668335,0.9959163183473989,14882.637672862964
Central,Admin region,pasture,2013-02,2013,2,0.5684112198584769,0.3548434822207974,0.9968726420522709,23592.281274019013
Western,Admin region,pasture,2013-02,2013,2,0.5690950358861655,0.35824232897560626,0.9597546740742302,24630.704160004545
Uganda (national),Reference,pasture,2013-03,2013,3,0.5911117047460895,0.3600862258534064,0.9402290707997917,123950.34640055614
Karamoja,Focus region,pasture,2013-03,2013,3,0.46872582750236996,0.2585969230230025,0.9122967970563053,24765.78560836989
Lake Victoria basin,Focus region,pasture,2013-03,2013,3,0.6776125460829905,0.45255168007575913,0.9410890820566341,20187.901015491654
Northern,Admin region,pasture,2013-03,2013,3,0.5269283967424998,0.2994838975928574,0.946435517474647,60800.253680286456
Eastern,Admin region,pasture,2013-03,2013,3,0.6021204245576665,0.36259193227252373,0.9376980823511846,14882.637672862964
Central,Admin region,pasture,2013-03,2013,3,0.6788068417273495,0.44560833940842676,0.9507392303083161,23592.281274019013
Western,Admin region,pasture,2013-03,2013,3,0.6607353010308727,0.42790581758715285,0.9154009280827362,24630.704160004545
Uganda (national),Reference,pasture,2013-04,2013,4,0.6919000849852612,0.45729669083185454,0.621423771885808,123950.34640055614
Karamoja,Focus region,pasture,2013-04,2013,4,0.6332019960136108,0.38859419008792023,0.7619981618531458,24765.78560836989
Lake Victoria basin,Focus region,pasture,2013-04,2013,4,0.7452553675499582,0.5265903222012562,0.5688829807851957,20187.901015491654
Northern,Admin region,pasture,2013-04,2013,4,0.6601551823543048,0.415426933303292,0.6181272026843811,60800.253680286456
Eastern,Admin region,pasture,2013-04,2013,4,0.6521014427775835,0.4226719577021073,0.6914949940638556,14882.637672862964
Central,Admin region,pasture,2013-04,2013,4,0.7541923410669185,0.5210467552601057,0.5798098972238835,23592.281274019013
Western,Admin region,pasture,2013-04,2013,4,0.7409764189685223,0.5260353611207438,0.6252386488074979,24630.704160004545
Uganda (national),Reference,pasture,2013-05,2013,5,0.7177876111082625,0.4668645644135821,0.9846577453208877,123950.34640055614
Karamoja,Focus region,pasture,2013-05,2013,5,0.661742135803474,0.4137411388907436,0.9990335342981792,24765.78560836989
Lake Victoria basin,Focus region,pasture,2013-05,2013,5,0.7497925520886014,0.49492408373744956,0.9624043231179227,20187.901015491654
Northern,Admin region,pasture,2013-05,2013,5,0.6930344295145897,0.441415051633893,0.9981000943450267,60800.253680286456
Eastern,Admin region,pasture,2013-05,2013,5,0.6852561840853795,0.437194011277276,0.983817944253385,14882.637672862964
Central,Admin region,pasture,2013-05,2013,5,0.7676176899328129,0.5117006659762388,0.9817722745295676,23592.281274019013
Western,Admin region,pasture,2013-05,2013,5,0.7532443216054664,0.5071057075287686,0.9542875237889644,24630.704160004545
Uganda (national),Reference,pasture,2013-06,2013,6,0.6607732382866135,0.4115290644562939,0.9868978863431835,123950.34640055614
Karamoja,Focus region,pasture,2013-06,2013,6,0.6105521953996609,0.3628710009632774,0.981030036491121,24765.78560836989
Lake Victoria basin,Focus region,pasture,2013-06,2013,6,0.6344455193720663,0.40134750397385577,0.9945210491864785,20187.901015491654
Northern,Admin region,pasture,2013-06,2013,6,0.6592292474838704,0.40370185710482964,0.9895212832180713,60800.253680286456
Eastern,Admin region,pasture,2013-06,2013,6,0.6453178845477217,0.3947535952241663,0.9673230012205927,14882.637672862964
Central,Admin region,pasture,2013-06,2013,6,0.6803039592380913,0.4320380098997324,0.9934793952283314,23592.281274019013
Western,Admin region,pasture,2013-06,2013,6,0.6551597604813468,0.42130703909096673,0.9853793663627115,24630.704160004545
Uganda (national),Reference,pasture,2013-07,2013,7,0.6292980383161513,0.36324039328032465,0.9699079572357473,123950.34640055614
Karamoja,Focus region,pasture,2013-07,2013,7,0.6106204915505828,0.34394163500602043,0.9383284210025136,24765.78560836989
Lake Victoria basin,Focus region,pasture,2013-07,2013,7,0.5189518977892984,0.2928315077107509,0.98239914513834,20187.901015491654
Northern,Admin region,pasture,2013-07,2013,7,0.6688630134001217,0.38894522013954597,0.964899775428009,60800.253680286456
Eastern,Admin region,pasture,2013-07,2013,7,0.6096363473993884,0.34731526085936126,0.963959469932955,14882.637672862964
Central,Admin region,pasture,2013-07,2013,7,0.6038305701549886,0.3437588736980823,0.973166083626647,23592.281274019013
Western,Admin region,pasture,2013-07,2013,7,0.5691245827403912,0.32875949104090374,0.9820627911018699,24630.704160004545
Uganda (national),Reference,pasture,2013-08,2013,8,0.6454717390990479,0.38290852839673745,0.9547188081217126,123950.34640055614
Karamoja,Focus region,pasture,2013-08,2013,8,0.6232212103921128,0.34748002946685874,0.9601829852783029,24765.78560836989
Lake Victoria basin,Focus region,pasture,2013-08,2013,8,0.5250848210579889,0.3056963801207418,0.9570759668883703,20187.901015491654
Northern,Admin region,pasture,2013-08,2013,8,0.6806138923839147,0.40175265158673057,0.9683175897096776,60800.253680286456
Eastern,Admin region,pasture,2013-08,2013,8,0.6310769329680117,0.3592620249257087,0.9324671238533759,14882.637672862964
Central,Admin region,pasture,2013-08,2013,8,0.6162681782806642,0.36722277000324965,0.9310221772422655,23592.281274019013
Western,Admin region,pasture,2013-08,2013,8,0.5933655384276588,0.36425128748100655,0.9567427513456331,24630.704160004545
Uganda (national),Reference,pasture,2013-09,2013,9,0.6684091546436519,0.41377066444716687,0.966744135591096,123950.34640055614
Karamoja,Focus region,pasture,2013-09,2013,9,0.5886974191563829,0.3324165551593695,0.9977230981394267,24765.78560836989
Lake Victoria basin,Focus region,pasture,2013-09,2013,9,0.6405930189269984,0.408141255699205,0.9211613120386305,20187.901015491654
Northern,Admin region,pasture,2013-09,2013,9,0.6612641817408739,0.3962138840845946,0.9933915337696719,60800.253680286456
Eastern,Admin region,pasture,2013-09,2013,9,0.6324834171759826,0.3875016794451968,0.947287642676694,14882.637672862964
Central,Admin region,pasture,2013-09,2013,9,0.6890122690936097,0.44095397355464777,0.9626516842489804,23592.281274019013
Western,Admin region,pasture,2013-09,2013,9,0.6891247198541225,0.44952196056199983,0.9157485786759169,24630.704160004545
Uganda (national),Reference,pasture,2013-10,2013,10,0.6742248665453603,0.4151875230445993,0.9714655522662625,123950.34640055614
Karamoja,Focus region,pasture,2013-10,2013,10,0.5450866933014451,0.2924370479476427,0.9801012257366379,24765.78560836989
Lake Victoria basin,Focus region,pasture,2013-10,2013,10,0.6988670508724386,0.4517773775030089,0.9610922064454046,20187.901015491654
Northern,Admin region,pasture,2013-10,2013,10,0.6364778260416958,0.3701217401910139,0.9859394920608058,60800.253680286456
Eastern,Admin region,pasture,2013-10,2013,10,0.6622998052719004,0.40979126305768054,0.9554425614412241,14882.637672862964
Central,Admin region,pasture,2013-10,2013,10,0.7296236825636953,0.46829181551138915,0.965316602821278,23592.281274019013
Western,Admin region,pasture,2013-10,2013,10,0.7241581651932433,0.48207044006737876,0.9505372762949326,24630.704160004545
Uganda (national),Reference,pasture,2013-11,2013,11,0.6642012959501284,0.4074331459873427,0.9731229695762376,123950.34640055614
Karamoja,Focus region,pasture,2013-11,2013,11,0.5398244104404989,0.2812329591876815,0.9999482255048963,24765.78560836989
Lake Victoria basin,Focus region,pasture,2013-11,2013,11,0.7465669386086137,0.5119235139827968,0.9066237716503325,20187.901015491654
Northern,Admin region,pasture,2013-11,2013,11,0.6053975062857572,0.33655522909973806,0.9999288233189983,60800.253680286456
Eastern,Admin region,pasture,2013-11,2013,11,0.6520273297987325,0.3921869949115906,0.9743314314818583,14882.637672862964
Central,Admin region,pasture,2013-11,2013,11,0.7529594322796304,0.4991205449526971,0.9505135786485682,23592.281274019013
Western,Admin region,pasture,2013-11,2013,11,0.7412000889818452,0.5155179472192968,0.9272143114626935,24630.704160004545
Uganda (national),Reference,pasture,2013-12,2013,12,0.5653336023314878,0.32602036984288785,0.9766021130609861,123950.34640055614
Karamoja,Focus region,pasture,2013-12,2013,12,0.45151031245217427,0.2286998678794812,0.9998274183496543,24765.78560836989
Lake Victoria basin,Focus region,pasture,2013-12,2013,12,0.6942507972285956,0.44355283757168906,0.9312844001497874,20187.901015491654
Northern,Admin region,pasture,2013-12,2013,12,0.4818831878995536,0.25204838701440396,0.9999297020434551,60800.253680286456
Eastern,Admin region,pasture,2013-12,2013,12,0.5814871961377891,0.3356595447017611,0.9750333655169241,14882.637672862964
Central,Admin region,pasture,2013-12,2013,12,0.6752360251702867,0.4252584351143883,0.987490870143615,23592.281274019013
Western,Admin region,pasture,2013-12,2013,12,0.6669485258346145,0.41717608589318417,0.9088691270953868,24630.704160004545
Uganda (national),Reference,pasture,2014-01,2014,1,0.46512518733756325,0.24619475386504774,0.9664027713190761,123950.34640055614
Karamoja,Focus region,pasture,2014-01,2014,1,0.35783929419282884,0.17582066401622234,0.9999482255048963,24765.78560836989
Lake Victoria basin,Focus region,pasture,2014-01,2014,1,0.5878844780690622,0.33332751480070083,0.884731816949341,20187.901015491654
Northern,Admin region,pasture,2014-01,2014,1,0.38743733728489627,0.19020406735369488,0.9999604573994435,60800.253680286456
Eastern,Admin region,pasture,2014-01,2014,1,0.49135559492839065,0.27439595106896264,0.9907514538749929,14882.637672862964
Central,Admin region,pasture,2014-01,2014,1,0.5677305945963687,0.31539216012388854,0.9764216483044738,23592.281274019013
Western,Admin region,pasture,2014-01,2014,1,0.558294760008869,0.31204201352939254,0.8583759044616598,24630.704160004545
Uganda (national),Reference,pasture,2014-02,2014,2,0.40383986681595924,0.21963130148964277,0.9876302927657338,123950.34640055614
Karamoja,Focus region,pasture,2014-02,2014,2,0.30034939258026955,0.15564296328141827,1.0,24765.78560836989
Lake Victoria basin,Focus region,pasture,2014-02,2014,2,0.4799021312171508,0.2832490848888885,0.9747792937314305,20187.901015491654
Northern,Admin region,pasture,2014-02,2014,2,0.34698236414075684,0.17713564588003192,0.9999991212755431,60800.253680286456
Eastern,Admin region,pasture,2014-02,2014,2,0.40593924866783393,0.22982696262924104,0.9975066152095234,14882.637672862964
Central,Admin region,pasture,2014-02,2014,2,0.4771955663616276,0.2646260235633221,0.9909883110220143,23592.281274019013
Western,Admin region,pasture,2014-02,2014,2,0.47720508945554707,0.2787968665156683,0.9473245513458558,24630.704160004545
Uganda (national),Reference,pasture,2014-03,2014,3,0.530522704862251,0.3137780971121524,0.9799835234754555,123950.34640055614
Karamoja,Focus region,pasture,2014-03,2014,3,0.3723208943859608,0.20355661241305867,1.0,24765.78560836989
Lake Victoria basin,Focus region,pasture,2014-03,2014,3,0.6496664737602732,0.40946244401710635,0.935309813823852,20187.901015491654
Northern,Admin region,pasture,2014-03,2014,3,0.45024060377930125,0.252979572531488,0.9991541019321127,60800.253680286456
Eastern,Admin region,pasture,2014-03,2014,3,0.5065399297583871,0.29692204006675293,0.9933051890567157,14882.637672862964
Central,Admin region,pasture,2014-03,2014,3,0.6433572725731156,0.39610401329425815,0.968153508630661,23592.281274019013
Western,Admin region,pasture,2014-03,2014,3,0.645891783818436,0.4034230065634951,0.9351735034703517,24630.704160004545
Uganda (national),Reference,pasture,2014-04,2014,4,0.6239168646820616,0.39751416660907657,0.8739635897660968,123950.34640055614
Karamoja,Focus region,pasture,2014-04,2014,4,0.4026291761440407,0.21643786996161887,0.9122374086648627,24765.78560836989
Lake Victoria basin,Focus region,pasture,2014-04,2014,4,0.7396514245959748,0.5113873542204564,0.7779766125811994,20187.901015491654
Northern,Admin region,pasture,2014-04,2014,4,0.5379881681749722,0.31794540810224386,0.9138968229379558,60800.253680286456
Eastern,Admin region,pasture,2014-04,2014,4,0.6178262430460625,0.38455782787565584,0.898910997109671,14882.637672862964
Central,Admin region,pasture,2014-04,2014,4,0.7520327562448388,0.5135348887259589,0.8508432582987838,23592.281274019013
Western,Admin region,pasture,2014-04,2014,4,0.7431354971382447,0.51557042820556,0.7808277745119762,24630.704160004545
Uganda (national),Reference,pasture,2014-05,2014,5,0.6952039476814091,0.4353849095252404,0.9635832263310874,123950.34640055614
Karamoja,Focus region,pasture,2014-05,2014,5,0.5186418361974624,0.28443194639521896,0.9782520387328382,24765.78560836989
Lake Victoria basin,Focus region,pasture,2014-05,2014,5,0.7622411074590328,0.49172586839030635,0.9402409847513825,20187.901015491654
Northern,Admin region,pasture,2014-05,2014,5,0.6367095625372378,0.3796064111364116,0.9809171269209995,60800.253680286456
Eastern,Admin region,pasture,2014-05,2014,5,0.6986459723537894,0.43526689619939507,0.95462230572703,14882.637672862964
Central,Admin region,pasture,2014-05,2014,5,0.7864664279159698,0.5163782497976555,0.9662707425803608,23592.281274019013
Western,Admin region,pasture,2014-05,2014,5,0.7551001892328362,0.5005113600590775,0.9229728143122318,24630.704160004545
Uganda (national),Reference,pasture,2014-06,2014,6,0.6842203826852737,0.4333925874189797,0.9864219827469017,123950.34640055614
Karamoja,Focus region,pasture,2014-06,2014,6,0.597082607664102,0.35741175555915095,0.983585209343107,24765.78560836989
Lake Victoria basin,Focus region,pasture,2014-06,2014,6,0.6528409882655439,0.4046095962199754,0.9820341730255284,20187.901015491654
Northern,Admin region,pasture,2014-06,2014,6,0.6719346252334234,0.42057078962914624,0.9915121799290529,60800.253680286456
Eastern,Admin region,pasture,2014-06,2014,6,0.7027015114211606,0.45185299659354916,0.9693575146900837,14882.637672862964
Central,Admin region,pasture,2014-06,2014,6,0.721025830465023,0.46151175846988013,0.9817496027984642,23592.281274019013
Western,Admin region,pasture,2014-06,2014,6,0.6686171605255978,0.4272152431965901,0.9885048533072454,24630.704160004545
Uganda (national),Reference,pasture,2014-07,2014,7,0.6586334362833289,0.4073024606606171,0.9589234362558741,123950.34640055614
Karamoja,Focus region,pasture,2014-07,2014,7,0.6159374273216397,0.3654815731618931,0.9499819292630284,24765.78560836989
Lake Victoria basin,Focus region,pasture,2014-07,2014,7,0.5868186259353271,0.3556400365699443,0.9699307209910555,20187.901015491654
Northern,Admin region,pasture,2014-07,2014,7,0.6732330736237945,0.415908179320541,0.9652369712929022,60800.253680286456
Eastern,Admin region,pasture,2014-07,2014,7,0.6681293197128357,0.41361203874733066,0.9452006481578527,14882.637672862964
Central,Admin region,pasture,2014-07,2014,7,0.6586127737446023,0.40237516059326933,0.951029398272986,23592.281274019013
Western,Admin region,pasture,2014-07,2014,7,0.6167014563187188,0.38682322949117887,0.9583213798582162,24630.704160004545
Uganda (national),Reference,pasture,2014-08,2014,8,0.6753474110465931,0.4263859861417813,0.9324973775227103,123950.34640055614
Karamoja,Focus region,pasture,2014-08,2014,8,0.6328173974739131,0.38198106004196997,0.9450507131602536,24765.78560836989
Lake Victoria basin,Focus region,pasture,2014-08,2014,8,0.6268426682556268,0.3903570590277592,0.9195751238088085,20187.901015491654
Northern,Admin region,pasture,2014-08,2014,8,0.6840241515426876,0.43628093004303375,0.9572049679965624,60800.253680286456
Eastern,Admin region,pasture,2014-08,2014,8,0.6585516218284472,0.4085107995963987,0.8960604230313257,14882.637672862964
Central,Admin region,pasture,2014-08,2014,8,0.6871029669372702,0.4286030273204824,0.899099127708476,23592.281274019013
Western,Admin region,pasture,2014-08,2014,8,0.6523100853812409,0.4094872773238655,0.9257198757902977,24630.704160004545
Uganda (national),Reference,pasture,2014-09,2014,9,0.6939667081738379,0.4376441446374094,0.9597792141992392,123950.34640055614
Karamoja,Focus region,pasture,2014-09,2014,9,0.631641652295032,0.3667721473061728,0.9912350348127221,24765.78560836989
Lake Victoria basin,Focus region,pasture,2014-09,2014,9,0.692488343828887,0.44804815000099485,0.8740395911096042,20187.901015491654
Northern,Admin region,pasture,2014-09,2014,9,0.6863490062845216,0.42264004601794436,0.9904335267054373,60800.253680286456
Eastern,Admin region,pasture,2014-09,2014,9,0.6575057948201578,0.40928928782577784,0.9611340946417171,14882.637672862964
Central,Admin region,pasture,2014-09,2014,9,0.7276082001373255,0.47187955592234637,0.917937240474505,23592.281274019013
Western,Admin region,pasture,2014-09,2014,9,0.7052031521006186,0.4625099090923832,0.9226171680361074,24630.704160004545
Uganda (national),Reference,pasture,2014-10,2014,10,0.6890566211393794,0.44181886519461394,0.9749785439822859,123950.34640055614
Karamoja,Focus region,pasture,2014-10,2014,10,0.5914777204406848,0.34853952626895196,0.993068774066839,24765.78560836989
Lake Victoria basin,Focus region,pasture,2014-10,2014,10,0.7154233172504803,0.4838635608752359,0.9471865904463591,20187.901015491654
Northern,Admin region,pasture,2014-10,2014,10,0.6556787533995232,0.4007164656736454,0.9940089393569406,60800.253680286456
Eastern,Admin region,pasture,2014-10,2014,10,0.676631314137324,0.4369577355887523,0.9671287312417729,14882.637672862964
Central,Admin region,pasture,2014-10,2014,10,0.7463878087549396,0.50224777394261,0.9780469441237204,23592.281274019013
Western,Admin region,pasture,2014-10,2014,10,0.7274401675004699,0.49252148102059223,0.929183605641485,24630.704160004545
Uganda (national),Reference,pasture,2014-11,2014,11,0.6609094318325334,0.4064300039753164,0.9662509993996652,123950.34640055614
Karamoja,Focus region,pasture,2014-11,2014,11,0.5136416845568675,0.28784705222842316,0.9961926119165988,24765.78560836989
Lake Victoria basin,Focus region,pasture,2014-11,2014,11,0.7524617014659941,0.48992470315312403,0.9174951210872925,20187.901015491654
Northern,Admin region,pasture,2014-11,2014,11,0.5937680478994124,0.3455558789458979,0.9978180375783033,60800.253680286456
Eastern,Admin region,pasture,2014-11,2014,11,0.6525273596057273,0.4039110805202849,0.9659680948161381,14882.637672862964
Central,Admin region,pasture,2014-11,2014,11,0.761707647784748,0.4937253315350857,0.9531888873209015,23592.281274019013
Western,Admin region,pasture,2014-11,2014,11,0.7480366696747865,0.48595094325015054,0.9002064170612357,24630.704160004545
Uganda (national),Reference,pasture,2014-12,2014,12,0.5812791376177776,0.3318554790738274,0.9961668251448459,123950.34640055614
Karamoja,Focus region,pasture,2014-12,2014,12,0.4393664264707979,0.2261845593265881,1.0,24765.78560836989
Lake Victoria basin,Focus region,pasture,2014-12,2014,12,0.7075773853779181,0.4396496723354315,0.9971679064852778,20187.901015491654
Northern,Admin region,pasture,2014-12,2014,12,0.4939286263529118,0.2594090429209934,1.0,60800.253680286456
Eastern,Admin region,pasture,2014-12,2014,12,0.575377325426939,0.33168375111761256,0.9905868171067105,14882.637672862964
Central,Admin region,pasture,2014-12,2014,12,0.7020099291168334,0.42597146342540065,0.9998177913909994,23592.281274019013
Western,Admin region,pasture,2014-12,2014,12,0.6865122344421616,0.42202566881301823,0.9859667003111963,24630.704160004545
Uganda (national),Reference,pasture,2015-01,2015,1,0.44510939572050906,0.23751263538461095,0.9961601129687467,123950.34640055614
Karamoja,Focus region,pasture,2015-01,2015,1,0.3199834738975622,0.1591322974850141,1.0,24765.78560836989
Lake Victoria basin,Focus region,pasture,2015-01,2015,1,0.5722597163054844,0.3337303018820782,0.9956874281605148,20187.901015491654
Northern,Admin region,pasture,2015-01,2015,1,0.36001600511499615,0.17562860012574308,1.0,60800.253680286456
Eastern,Admin region,pasture,2015-01,2015,1,0.452694114670949,0.24948743208926416,0.9950766778679264,14882.637672862964
Central,Admin region,pasture,2015-01,2015,1,0.5620662404958756,0.31479273618634485,0.9999799302341191,23592.281274019013
Western,Admin region,pasture,2015-01,2015,1,0.5401372991284776,0.310316092936144,0.9830671254340029,24630.704160004545
Uganda (national),Reference,pasture,2015-02,2015,2,0.39282249830988364,0.21479907102843007,0.9930740484444507,123950.34640055614
Karamoja,Focus region,pasture,2015-02,2015,2,0.273912764140129,0.14247342110018277,1.0,24765.78560836989
Lake Victoria basin,Focus region,pasture,2015-02,2015,2,0.507727298349992,0.2930613583644831,0.9824988150704215,20187.901015491654
Northern,Admin region,pasture,2015-02,2015,2,0.3198778029669031,0.16795404307549328,1.0,60800.253680286456
Eastern,Admin region,pasture,2015-02,2015,2,0.38517341416393336,0.20938649006960927,0.9922669708728066,14882.637672862964
Central,Admin region,pasture,2015-02,2015,2,0.4918045312907518,0.26750692280141847,0.9942718312852358,23592.281274019013
Western,Admin region,pasture,2015-02,2015,2,0.4854715476119177,0.2851375120743079,0.974781811634792,24630.704160004545
Uganda (national),Reference,pasture,2015-03,2015,3,0.4611970724073338,0.2667768168215955,0.9730158114004607,123950.34640055614
Karamoja,Focus region,pasture,2015-03,2015,3,0.30514700351303164,0.15989946979221942,0.9992258613196969,24765.78560836989
Lake Victoria basin,Focus region,pasture,2015-03,2015,3,0.5579118684188602,0.333683907297565,0.9380787263154059,20187.901015491654
Northern,Admin region,pasture,2015-03,2015,3,0.39827444528122374,0.21961047935599787,0.9972007939520133,60800.253680286456
Eastern,Admin region,pasture,2015-03,2015,3,0.43407232215365366,0.25170583274956704,0.9866850735125345,14882.637672862964
Central,Admin region,pasture,2015-03,2015,3,0.5371383433278335,0.3066750534193506,0.9671754094785047,23592.281274019013
Western,Admin region,pasture,2015-03,2015,3,0.5718431071868358,0.3635405223772246,0.9101979670703922,24630.704160004545
Uganda (national),Reference,pasture,2015-04,2015,4,0.6716197238336379,0.4245036491121978,0.7813035994242944,123950.34640055614
Karamoja,Focus region,pasture,2015-04,2015,4,0.5131481289581907,0.28610512666932714,0.7595870862193138,24765.78560836989
Lake Victoria basin,Focus region,pasture,2015-04,2015,4,0.7480687230817802,0.47507482215208424,0.9316422010919336,20187.901015491654
Northern,Admin region,pasture,2015-04,2015,4,0.6064428694633798,0.3679365927224667,0.7051409829481381,60800.253680286456
Eastern,Admin region,pasture,2015-04,2015,4,0.6378520712355848,0.39908481029433385,0.8253812038023703,14882.637672862964
Central,Admin region,pasture,2015-04,2015,4,0.7523504711011565,0.4884943737380677,0.8764127083782295,23592.281274019013
Western,Admin region,pasture,2015-04,2015,4,0.7455310294020482,0.4923245532610391,0.8498277963810196,24630.704160004545
Uganda (national),Reference,pasture,2015-05,2015,5,0.7385120378534907,0.49089736440721493,0.9799833950127552,123950.34640055614
Karamoja,Focus region,pasture,2015-05,2015,5,0.6508522987410473,0.402015690731884,0.9907606129318528,24765.78560836989
Lake Victoria basin,Focus region,pasture,2015-05,2015,5,0.767853682995866,0.5246857458943747,0.9748036508045871,20187.901015491654
Northern,Admin region,pasture,2015-05,2015,5,0.7110287116791861,0.45890550755556875,0.9942747035384412,60800.253680286456
Eastern,Admin region,pasture,2015-05,2015,5,0.7189081631127898,0.4708765618937177,0.9552250494526199,14882.637672862964
Central,Admin region,pasture,2015-05,2015,5,0.7938629451485085,0.5473859500878189,0.9924364689562949,23592.281274019013
Western,Admin region,pasture,2015-05,2015,5,0.7667862959462519,0.5296970398286432,0.9473768295026341,24630.704160004545
Uganda (national),Reference,pasture,2015-06,2015,6,0.7229760269388564,0.48042975655306647,0.9312304986542559,123950.34640055614
Karamoja,Focus region,pasture,2015-06,2015,6,0.6566806621525169,0.41578835114200413,0.9634014807793236,24765.78560836989
Lake Victoria basin,Focus region,pasture,2015-06,2015,6,0.7213439062349708,0.4850980051026183,0.8450768309988684,20187.901015491654
Northern,Admin region,pasture,2015-06,2015,6,0.7059657394686837,0.4620048240581567,0.9707905925634267,60800.253680286456
Eastern,Admin region,pasture,2015-06,2015,6,0.7179024284007087,0.47101151580569783,0.9276828314539708,14882.637672862964
Central,Admin region,pasture,2015-06,2015,6,0.7688523804067683,0.5269099665649752,0.8678615850054978,23592.281274019013
Western,Admin region,pasture,2015-06,2015,6,0.7295491730956302,0.4928479101621229,0.8956384663834398,24630.704160004545
Uganda (national),Reference,pasture,2015-07,2015,7,0.6567226100028754,0.41295859855476713,0.991372955506614,123950.34640055614
Karamoja,Focus region,pasture,2015-07,2015,7,0.5992756610980374,0.366180514143681,0.9953840330451901,24765.78560836989
Lake Victoria basin,Focus region,pasture,2015-07,2015,7,0.6051678552291975,0.3668456729690895,0.9863258747865657,20187.901015491654
Northern,Admin region,pasture,2015-07,2015,7,0.6526064721601118,0.40951032280868366,0.9973246837624888,60800.253680286456
Eastern,Admin region,pasture,2015-07,2015,7,0.6631300420011608,0.41814015996337983,0.9859900797020743,14882.637672862964
Central,Admin region,pasture,2015-07,2015,7,0.6872684959263501,0.43209769153627553,0.9920730019440228,23592.281274019013
Western,Admin region,pasture,2015-07,2015,7,0.6336668440639982,0.3998673955789435,0.979168158237219,24630.704160004545
Uganda (national),Reference,pasture,2015-08,2015,8,0.6193114729350607,0.38013722504242625,0.9882449918583804,123950.34640055614
Karamoja,Focus region,pasture,2015-08,2015,8,0.5457289344323485,0.322884221792438,0.9971640097312701,24765.78560836989
Lake Victoria basin,Focus region,pasture,2015-08,2015,8,0.5202742899036868,0.30988008603635675,0.9842459966005747,20187.901015491654
Northern,Admin region,pasture,2015-08,2015,8,0.6360800847810356,0.3909869976794574,0.9980842462909997,60800.253680286456
Eastern,Admin region,pasture,2015-08,2015,8,0.624322641433176,0.3794344675498716,0.9567902742254488,14882.637672862964
Central,Admin region,pasture,2015-08,2015,8,0.61482737240145,0.37353179723478763,0.9833427781118741,23592.281274019013
Western,Admin region,pasture,2015-08,2015,8,0.5785449432409363,0.35972357520283965,0.9873754886095925,24630.704160004545
Uganda (national),Reference,pasture,2015-09,2015,9,0.5888581434394121,0.36171166438513186,0.981568173426809,123950.34640055614
Karamoja,Focus region,pasture,2015-09,2015,9,0.41940017588648915,0.23428690532894908,0.9979029806703729,24765.78560836989
Lake Victoria basin,Focus region,pasture,2015-09,2015,9,0.5542161799678726,0.33895776612013573,0.9483877252099143,20187.901015491654
Northern,Admin region,pasture,2015-09,2015,9,0.5638439586306596,0.3426813683736975,0.9985168544020119,60800.253680286456
Eastern,Admin region,pasture,2015-09,2015,9,0.5881814688593433,0.3547476671703768,0.9703813878661367,14882.637672862964
Central,Admin region,pasture,2015-09,2015,9,0.6224358197794786,0.38775192732113817,0.9925110734267217,23592.281274019013
Western,Admin region,pasture,2015-09,2015,9,0.6207110270646445,0.38954332226392563,0.9353743227029224,24630.704160004545
Uganda (national),Reference,pasture,2015-10,2015,10,0.6234343843957546,0.3748171131055171,0.9103532983723783,123950.34640055614
Karamoja,Focus region,pasture,2015-10,2015,10,0.39136289787793965,0.19588315201335849,0.9296061020946177,24765.78560836989
Lake Victoria basin,Focus region,pasture,2015-10,2015,10,0.6632422370162149,0.409914293785219,0.8407308525047215,20187.901015491654
Northern,Admin region,pasture,2015-10,2015,10,0.558795817143683,0.3188969572746244,0.9470577922291997,60800.253680286456
Eastern,Admin region,pasture,2015-10,2015,10,0.6309597364417352,0.3825794652078451,0.8824198268561775,14882.637672862964
Central,Admin region,pasture,2015-10,2015,10,0.7132059011191942,0.4427462915706796,0.9584211196881537,23592.281274019013
Western,Admin region,pasture,2015-10,2015,10,0.7050766265023632,0.45558580703428736,0.7893948000382195,24630.704160004545
Uganda (national),Reference,pasture,2015-11,2015,11,0.6952749867499654,0.4358299082638425,0.9722891435419649,123950.34640055614
Karamoja,Focus region,pasture,2015-11,2015,11,0.5966839988026541,0.3317466311556227,0.9950240903257164,24765.78560836989
Lake Victoria basin,Focus region,pasture,2015-11,2015,11,0.7615322495344842,0.529433332701718,0.9428550165613048,20187.901015491654
Northern,Admin region,pasture,2015-11,2015,11,0.6359955329972065,0.367785332796484,0.9939872951674769,60800.253680286456
Eastern,Admin region,pasture,2015-11,2015,11,0.7005719778043542,0.4345933014799085,0.9440141372234443,14882.637672862964
Central,Admin region,pasture,2015-11,2015,11,0.7810044088426993,0.5223398922214738,0.9559385962138315,23592.281274019013
Western,Admin region,pasture,2015-11,2015,11,0.7625199964932,0.5287553154956024,0.9508539563757749,24630.704160004545
Uganda (national),Reference,pasture,2015-12,2015,12,0.6400747174889275,0.3826097010964378,0.9862987954686437,123950.34640055614
Karamoja,Focus region,pasture,2015-12,2015,12,0.5475894563951069,0.3001651328475895,0.9997106550193566,24765.78560836989
Lake Victoria basin,Focus region,pasture,2015-12,2015,12,0.7361524786147079,0.48176993432483334,0.9724444186794278,20187.901015491654
Northern,Admin region,pasture,2015-12,2015,12,0.5630830805858648,0.30948054940320974,0.9998815686190916,60800.253680286456
Eastern,Admin region,pasture,2015-12,2015,12,0.6798323350619654,0.4120955243321486,0.9761728715629787,14882.637672862964
Central,Admin region,pasture,2015-12,2015,12,0.7428329927944946,0.4777450108463118,0.9939185590035976,23592.281274019013
Western,Admin region,pasture,2015-12,2015,12,0.7128040215859375,0.45910807639749984,0.9508671747707691,24630.704160004545
Uganda (national),Reference,pasture,2016-01,2016,1,0.5251286828769852,0.28832521241259057,0.9956052994684018,123950.34640055614
Karamoja,Focus region,pasture,2016-01,2016,1,0.39797365978483473,0.20257983596647097,1.0,24765.78560836989
Lake Victoria basin,Focus region,pasture,2016-01,2016,1,0.651056957579786,0.3921858638067699,0.994491503133101,20187.901015491654
Northern,Admin region,pasture,2016-01,2016,1,0.4239503612435154,0.21030605298995136,0.9999964851021728,60800.253680286456
Eastern,Admin region,pasture,2016-01,2016,1,0.5875842674283966,0.3266206875257207,0.9911974583292654,14882.637672862964
Central,Admin region,pasture,2016-01,2016,1,0.6600761980000754,0.3915053965264444,0.9993500859221311,23592.281274019013
Western,Admin region,pasture,2016-01,2016,1,0.6100174288102069,0.3604980992086643,0.9832128339965823,24630.704160004545
Uganda (national),Reference,pasture,2016-02,2016,2,0.44146009482779175,0.24252654798824183,0.9953041288089413,123950.34640055614
Karamoja,Focus region,pasture,2016-02,2016,2,0.3100913506704404,0.15440905185722426,1.0,24765.78560836989
Lake Victoria basin,Focus region,pasture,2016-02,2016,2,0.5697199521855483,0.352861205509055,0.9925276816787288,20187.901015491654
Northern,Admin region,pasture,2016-02,2016,2,0.3472847183879539,0.17247776989981212,1.0,60800.253680286456
Eastern,Admin region,pasture,2016-02,2016,2,0.4793934119899274,0.2589177374120045,0.9961089553321935,14882.637672862964
Central,Admin region,pasture,2016-02,2016,2,0.5681293616420013,0.3350367335837136,0.9999003616047867,23592.281274019013
Western,Admin region,pasture,2016-02,2016,2,0.5318699701284016,0.31869333165353103,0.9782767076373682,24630.704160004545
Uganda (national),Reference,pasture,2016-03,2016,3,0.5085503929135449,0.29585537898807623,0.9697084394492286,123950.34640055614
Karamoja,Focus region,pasture,2016-03,2016,3,0.3281074163242484,0.17546808837398728,0.9993275998945526,24765.78560836989
Lake Victoria basin,Focus region,pasture,2016-03,2016,3,0.6355694250662144,0.4073555054958931,0.8883035580826998,20187.901015491654
Northern,Admin region,pasture,2016-03,2016,3,0.41833099542236996,0.22727137789154,0.9970459247969622,60800.253680286456
Eastern,Admin region,pasture,2016-03,2016,3,0.509195318755578,0.2795759240902611,0.9926537511386085,14882.637672862964
Central,Admin region,pasture,2016-03,2016,3,0.6341979424653601,0.39193858665262327,0.9345667021466382,23592.281274019013
Western,Admin region,pasture,2016-03,2016,3,0.6269871030467763,0.3962451823830028,0.9212026806871024,24630.704160004545
Uganda (national),Reference,pasture,2016-04,2016,4,0.6938702206349943,0.4472197751749203,0.8996723888432744,123950.34640055614
Karamoja,Focus region,pasture,2016-04,2016,4,0.5667168905640173,0.31838358633259295,0.957018633040136,24765.78560836989
Lake Victoria basin,Focus region,pasture,2016-04,2016,4,0.7612260392198773,0.5419855067816229,0.8200291875986235,20187.901015491654
Northern,Admin region,pasture,2016-04,2016,4,0.6447788972071501,0.3894910253543912,0.9361597481364815,60800.253680286456
Eastern,Admin region,pasture,2016-04,2016,4,0.6815174863519123,0.4094188813639085,0.8739712507178663,14882.637672862964
Central,Admin region,pasture,2016-04,2016,4,0.7710329898258051,0.5299861865771788,0.843100760002072,23592.281274019013
Western,Admin region,pasture,2016-04,2016,4,0.7594519789262083,0.545531147281151,0.8786589276508163,24630.704160004545
Uganda (national),Reference,pasture,2016-05,2016,5,0.7238507117281732,0.47322311503620995,0.9242195436678653,123950.34640055614
Karamoja,Focus region,pasture,2016-05,2016,5,0.6499139685198664,0.39756872360184503,0.9485086910807833,24765.78560836989
Lake Victoria basin,Focus region,pasture,2016-05,2016,5,0.7437474491135537,0.5013416704291558,0.8762336061045322,20187.901015491654
Northern,Admin region,pasture,2016-05,2016,5,0.7037308137808709,0.4470970823971143,0.9526746851065926,60800.253680286456
Eastern,Admin region,pasture,2016-05,2016,5,0.6957470078913343,0.4414866701944406,0.9125444559747278,14882.637672862964
Central,Admin region,pasture,2016-05,2016,5,0.7705438289924736,0.5225043839661986,0.9020675615277969,23592.281274019013
Western,Admin region,pasture,2016-05,2016,5,0.7495240777059845,0.5143082242494637,0.8816138258491432,24630.704160004545
Uganda (national),Reference,pasture,2016-06,2016,6,0.6681664576431068,0.42749319132364577,0.9911743166754144,123950.34640055614
Karamoja,Focus region,pasture,2016-06,2016,6,0.5990530147190412,0.3739091244908795,0.9968359607775714,24765.78560836989
Lake Victoria basin,Focus region,pasture,2016-06,2016,6,0.6363776253090988,0.39368690035316256,0.9986775780127628,20187.901015491654
Northern,Admin region,pasture,2016-06,2016,6,0.6559717335207187,0.4213824727360368,0.9973759254592446,60800.253680286456
Eastern,Admin region,pasture,2016-06,2016,6,0.6657438079897164,0.4189546162633609,0.9747569390456123,14882.637672862964
Central,Admin region,pasture,2016-06,2016,6,0.7018387520198781,0.44726998994976663,0.9878693539585877,23592.281274019013
Western,Admin region,pasture,2016-06,2016,6,0.6678131454974094,0.4287964824392233,0.9885860179951691,24630.704160004545
Uganda (national),Reference,pasture,2016-07,2016,7,0.652782755025445,0.3930442387270273,0.9663145225147488,123950.34640055614
Karamoja,Focus region,pasture,2016-07,2016,7,0.6396942563880682,0.3804538628337396,0.9738059716448857,24765.78560836989
Lake Victoria basin,Focus region,pasture,2016-07,2016,7,0.5410633821268556,0.30794418375225163,0.9692643210172163,20187.901015491654
Northern,Admin region,pasture,2016-07,2016,7,0.6845494525151333,0.4173606108582479,0.9817082959621297,60800.253680286456
Eastern,Admin region,pasture,2016-07,2016,7,0.6477744780491598,0.388416459933891,0.9620109702004634,14882.637672862964
Central,Admin region,pasture,2016-07,2016,7,0.6316714884608935,0.3728524853929303,0.9369863699559585,23592.281274019013
Western,Admin region,pasture,2016-07,2016,7,0.5954111238785741,0.35331585374099855,0.9586693026448588,24630.704160004545
Uganda (national),Reference,pasture,2016-08,2016,8,0.6391725805722036,0.3805114018274331,0.9856965150004752,123950.34640055614
Karamoja,Focus region,pasture,2016-08,2016,8,0.6193093983419824,0.3588448300469648,0.9971562097174653,24765.78560836989
Lake Victoria basin,Focus region,pasture,2016-08,2016,8,0.5054550260457138,0.28838718257685686,0.968538610999453,20187.901015491654
Northern,Admin region,pasture,2016-08,2016,8,0.6770751818680019,0.40705996337829115,0.997645063253464,60800.253680286456
Eastern,Admin region,pasture,2016-08,2016,8,0.6237789563506504,0.3625647430639926,0.9769464461721177,14882.637672862964
Central,Admin region,pasture,2016-08,2016,8,0.606634363008737,0.3569321486562026,0.9836778011152448,23592.281274019013
Western,Admin region,pasture,2016-08,2016,8,0.5834640649118584,0.3466031216224506,0.9630313474747647,24630.704160004545
Uganda (national),Reference,pasture,2016-09,2016,9,0.6005505895507194,0.37023950581061,0.9686063393486076,123950.34640055614
Karamoja,Focus region,pasture,2016-09,2016,9,0.49678089548860793,0.29328785299877363,0.9806757111351688,24765.78560836989
Lake Victoria basin,Focus region,pasture,2016-09,2016,9,0.5136957624631251,0.3007876979609741,0.9305144903985032,20187.901015491654
Northern,Admin region,pasture,2016-09,2016,9,0.6090229591720122,0.38083618515834405,0.9895866465337455,60800.253680286456
Eastern,Admin region,pasture,2016-09,2016,9,0.5782494588375702,0.3537862772021362,0.9528163691884153,14882.637672862964
Central,Admin region,pasture,2016-09,2016,9,0.5999298951880643,0.36225138730137874,0.9493527824639053,23592.281274019013
Western,Admin region,pasture,2016-09,2016,9,0.5926837071581061,0.36027961868372355,0.9441744904353386,24630.704160004545
Uganda (national),Reference,pasture,2016-10,2016,10,0.6219718549048303,0.38897839138032375,0.9867200398761745,123950.34640055614
Karamoja,Focus region,pasture,2016-10,2016,10,0.4434167270503738,0.2358059256084338,0.996933960083336,24765.78560836989
Lake Victoria basin,Focus region,pasture,2016-10,2016,10,0.6502988734454327,0.4424228645755186,0.9759310397812444,20187.901015491654
Northern,Admin region,pasture,2016-10,2016,10,0.5779925544841341,0.34064712968192673,0.9983671990120712,60800.253680286456
Eastern,Admin region,pasture,2016-10,2016,10,0.6022441339150039,0.3560146134215753,0.9696854649383867,14882.637672862964
Central,Admin region,pasture,2016-10,2016,10,0.6809274644272739,0.44675547433595997,0.9893352905084848,23592.281274019013
Western,Admin region,pasture,2016-10,2016,10,0.6882309272764218,0.4754008778073151,0.9654063375024893,24630.704160004545
Uganda (national),Reference,pasture,2016-11,2016,11,0.596201963158901,0.3600012334573976,0.9862895715086902,123950.34640055614
Karamoja,Focus region,pasture,2016-11,2016,11,0.3478743030493804,0.17570512527258525,0.9999445708346538,24765.78560836989
Lake Victoria basin,Focus region,pasture,2016-11,2016,11,0.7337357708175551,0.48714902104242436,0.971254876097686,20187.901015491654
Northern,Admin region,pasture,2016-11,2016,11,0.49731355337360417,0.2747768660833744,0.9998812171293088,60800.253680286456
Eastern,Admin region,pasture,2016-11,2016,11,0.5860637919782226,0.34476691865216963,0.9749830946405206,14882.637672862964
Central,Admin region,pasture,2016-11,2016,11,0.7240978130115773,0.4594667517750578,0.9946941400093332,23592.281274019013
Western,Admin region,pasture,2016-11,2016,11,0.7308993326512666,0.4907281418372229,0.9509435505549722,24630.704160004545
Uganda (national),Reference,pasture,2016-12,2016,12,0.483632745461428,0.27918012566139777,0.9990299375815794,123950.34640055614
Karamoja,Focus region,pasture,2016-12,2016,12,0.29557100788419904,0.15359927052655092,1.0,24765.78560836989
Lake Victoria basin,Focus region,pasture,2016-12,2016,12,0.6286312209016798,0.39717341740116446,0.9984459730695868,20187.901015491654
Northern,Admin region,pasture,2016-12,2016,12,0.3893009667237148,0.20592606992774856,1.0,60800.253680286456
Eastern,Admin region,pasture,2016-12,2016,12,0.4452248407483325,0.2557738746374372,0.9978281883346086,14882.637672862964
Central,Admin region,pasture,2016-12,2016,12,0.6079138531780484,0.36962785039099316,0.9999343292395185,23592.281274019013
Western,Admin region,pasture,2016-12,2016,12,0.621096685583622,0.38778056247955367,0.996494599031003,24630.704160004545
Uganda (national),Reference,pasture,2017-01,2017,1,0.38822467195668775,0.20841496144824667,0.9963243778857782,123950.34640055614
Karamoja,Focus region,pasture,2017-01,2017,1,0.25844784294890466,0.13019582567541035,1.0,24765.78560836989
Lake Victoria basin,Focus region,pasture,2017-01,2017,1,0.5308314709123234,0.3087662263305542,0.9864138072453877,20187.901015491654
Northern,Admin region,pasture,2017-01,2017,1,0.3008911019718825,0.14815949791435082,1.0,60800.253680286456
Eastern,Admin region,pasture,2017-01,2017,1,0.36949288959214355,0.20110776336572295,0.9958579669660793,14882.637672862964
Central,Admin region,pasture,2017-01,2017,1,0.5061166351930927,0.28046157812550065,0.9962658868514731,23592.281274019013
Western,Admin region,pasture,2017-01,2017,1,0.5040181745391303,0.2939094220868706,0.9872835212436492,24630.704160004545
Uganda (national),Reference,pasture,2017-02,2017,2,0.4160065666114407,0.2319956350085029,0.9894894404632135,123950.34640055614
Karamoja,Focus region,pasture,2017-02,2017,2,0.26677322066530385,0.1369783978851101,0.9995728604153943,24765.78560836989
Lake Victoria basin,Focus region,pasture,2017-02,2017,2,0.590093952521747,0.3493386765017151,0.9801347468156967,20187.901015491654
Northern,Admin region,pasture,2017-02,2017,2,0.31065378218003403,0.16211144012398943,0.9994560488853644,60800.253680286456
Eastern,Admin region,pasture,2017-02,2017,2,0.40706363100969645,0.22803243124123682,0.9885745742971103,14882.637672862964
Central,Admin region,pasture,2017-02,2017,2,0.5726761846855973,0.3310701791867493,0.9907979235393959,23592.281274019013
Western,Admin region,pasture,2017-02,2017,2,0.5370407047154485,0.31581181213331644,0.9639066110696777,24630.704160004545
Uganda (national),Reference,pasture,2017-03,2017,3,0.49156348442618847,0.296280168806968,0.9887907233838616,123950.34640055614
Karamoja,Focus region,pasture,2017-03,2017,3,0.2830134441561877,0.1532044116155795,0.9983587654249821,24765.78560836989
Lake Victoria basin,Focus region,pasture,2017-03,2017,3,0.6733005759334544,0.432135240363109,0.9814711686715695,20187.901015491654
Northern,Admin region,pasture,2017-03,2017,3,0.3718425191540732,0.20722028828733033,0.9972897346509554,60800.253680286456
Eastern,Admin region,pasture,2017-03,2017,3,0.48957578017897524,0.29469925998845287,0.9931307965568884,14882.637672862964
Central,Admin region,pasture,2017-03,2017,3,0.6704542556385908,0.4373383500445078,0.9848557365247529,23592.281274019013
Western,Admin region,pasture,2017-03,2017,3,0.6231450448755257,0.38632922023924327,0.968405968995072,24630.704160004545
Uganda (national),Reference,pasture,2017-04,2017,4,0.5357867734096378,0.3338929757301292,0.7407961964357972,123950.34640055614
Karamoja,Focus region,pasture,2017-04,2017,4,0.34406777748712947,0.1864337788359305,0.7954587405960661,24765.78560836989
Lake Victoria basin,Focus region,pasture,2017-04,2017,4,0.6996702518075322,0.4845563831110016,0.6711236166918162,20187.901015491654
Northern,Admin region,pasture,2017-04,2017,4,0.43906220799618356,0.24972801744153514,0.7911625178931987,60800.253680286456
Eastern,Admin region,pasture,2017-04,2017,4,0.5501903813814079,0.340037078117311,0.8137617755938202,14882.637672862964
Central,Admin region,pasture,2017-04,2017,4,0.7061433955869364,0.4855129195554915,0.6652370066626206,23592.281274019013
Western,Admin region,pasture,2017-04,2017,4,0.6497620935504578,0.43472310192140495,0.6429875168420769,24630.704160004545
Uganda (national),Reference,pasture,2017-05,2017,5,0.6578161025080232,0.4111997641332301,0.9734908647765015,123950.34640055614
Karamoja,Focus region,pasture,2017-05,2017,5,0.5048870553521692,0.2805835851519147,0.989218925821522,24765.78560836989
Lake Victoria basin,Focus region,pasture,2017-05,2017,5,0.7210012128355873,0.4796233873417635,0.940994466191288,20187.901015491654
Northern,Admin region,pasture,2017-05,2017,5,0.604695744314716,0.3586107557241216,0.9942210014132059,60800.253680286456
Eastern,Admin region,pasture,2017-05,2017,5,0.6796131651820483,0.42741324360077715,0.9569360330197023,14882.637672862964
Central,Admin region,pasture,2017-05,2017,5,0.7470697336261323,0.49517722254044727,0.9827166813402408,23592.281274019013
Western,Admin region,pasture,2017-05,2017,5,0.6944935403311815,0.4552404523677342,0.9231742970163658,24630.704160004545
Uganda (national),Reference,pasture,2017-06,2017,6,0.6359410928703126,0.3964083931329641,0.98107534486974,123950.34640055614
Karamoja,Focus region,pasture,2017-06,2017,6,0.5469176801257297,0.32154737750203344,0.9904600501439369,24765.78560836989
Lake Victoria basin,Focus region,pasture,2017-06,2017,6,0.6108472471081082,0.38151765874708354,0.9660336100419307,20187.901015491654
Northern,Admin region,pasture,2017-06,2017,6,0.6348090297821719,0.3958605250371816,0.9956771960152073,60800.253680286456
Eastern,Admin region,pasture,2017-06,2017,6,0.63985175591542,0.39798880522047225,0.9681533223720957,14882.637672862964
Central,Admin region,pasture,2017-06,2017,6,0.6745610056659005,0.42413436598571397,0.975148052931219,23592.281274019013
Western,Admin region,pasture,2017-06,2017,6,0.5987889955043846,0.3696770343086692,0.958491747447236,24630.704160004545
Uganda (national),Reference,pasture,2017-07,2017,7,0.6427645335268828,0.39365837962022865,0.9544754034199967,123950.34640055614
Karamoja,Focus region,pasture,2017-07,2017,7,0.6092978481506827,0.36138802779035284,0.9789664590861908,24765.78560836989
Lake Victoria basin,Focus region,pasture,2017-07,2017,7,0.540351528601988,0.30751997621930144,0.9294722422093094,20187.901015491654
Northern,Admin region,pasture,2017-07,2017,7,0.6787046626047764,0.4273802344155478,0.984541830845563,60800.253680286456
Eastern,Admin region,pasture,2017-07,2017,7,0.634928073674969,0.3789256114302853,0.9280916008289698,14882.637672862964
Central,Admin region,pasture,2017-07,2017,7,0.6371381943899923,0.37239591849627995,0.9287073517586039,23592.281274019013
Western,Admin region,pasture,2017-07,2017,7,0.5580783546003591,0.3340244374583168,0.9202606191154273,24630.704160004545
Uganda (national),Reference,pasture,2017-08,2017,8,0.6640124210220112,0.4188145386540208,0.9231319480203064,123950.34640055614
Karamoja,Focus region,pasture,2017-08,2017,8,0.6333485439424669,0.39128063884086817,0.9749030664282252,24765.78560836989
Lake Victoria basin,Focus region,pasture,2017-08,2017,8,0.5636432953344567,0.34535699820965227,0.781210416188697,20187.901015491654
Northern,Admin region,pasture,2017-08,2017,8,0.6944530493902948,0.44425569768652556,0.9731995553571545,60800.253680286456
Eastern,Admin region,pasture,2017-08,2017,8,0.6475476284520765,0.3919231373398133,0.9305124722382216,14882.637672862964
Central,Admin region,pasture,2017-08,2017,8,0.6504616520865462,0.4050527113623568,0.8672121060685705,23592.281274019013
Western,Admin region,pasture,2017-08,2017,8,0.6019518906757864,0.3778556789773989,0.8482130256803221,24630.704160004545
Uganda (national),Reference,pasture,2017-09,2017,9,0.6762936876564755,0.44736868917657086,0.9821465665938851,123950.34640055614
Karamoja,Focus region,pasture,2017-09,2017,9,0.621296424022084,0.39609897344278444,0.9993200113778684,24765.78560836989
Lake Victoria basin,Focus region,pasture,2017-09,2017,9,0.651353455203294,0.42161199013681083,0.9586134721057601,20187.901015491654
Northern,Admin region,pasture,2017-09,2017,9,0.6790759123642857,0.45280241390802267,0.9978627801600573,60800.253680286456
Eastern,Admin region,pasture,2017-09,2017,9,0.6518100135321411,0.4191000833510073,0.9665668827544781,14882.637672862964
Central,Admin region,pasture,2017-09,2017,9,0.6883127628056016,0.448424118286642,0.9658297938391909,23592.281274019013
Western,Admin region,pasture,2017-09,2017,9,0.6726159951118952,0.44944955326909136,0.9676952038176562,24630.704160004545
Uganda (national),Reference,pasture,2017-10,2017,10,0.699336431426589,0.4503796541249964,0.9527166442520377,123950.34640055614
Karamoja,Focus region,pasture,2017-10,2017,10,0.6203537592890451,0.35861368089409806,0.9611868605908015,24765.78560836989
Lake Victoria basin,Focus region,pasture,2017-10,2017,10,0.7211860837929092,0.5008418853068002,0.9591253546265837,20187.901015491654
Northern,Admin region,pasture,2017-10,2017,10,0.6759274247501832,0.4163571923957632,0.9684032050395969,60800.253680286456
Eastern,Admin region,pasture,2017-10,2017,10,0.6833303392859877,0.4287910230309778,0.9023964539253202,14882.637672862964
Central,Admin region,pasture,2017-10,2017,10,0.740083358801446,0.48279045153394484,0.969004226932466,23592.281274019013
Western,Admin region,pasture,2017-10,2017,10,0.7284015461689951,0.5181275131930058,0.9278165565092638,24630.704160004545
Uganda (national),Reference,pasture,2017-11,2017,11,0.6501666553799121,0.41162660040545274,0.9833183019296542,123950.34640055614
Karamoja,Focus region,pasture,2017-11,2017,11,0.5341271698272255,0.309299024424778,0.9999827418349654,24765.78560836989
Lake Victoria basin,Focus region,pasture,2017-11,2017,11,0.7335632185477959,0.5014004510661502,0.9686313276980386,20187.901015491654
Northern,Admin region,pasture,2017-11,2017,11,0.5894810187232447,0.3525450407883846,0.9999929702043455,60800.253680286456
Eastern,Admin region,pasture,2017-11,2017,11,0.6497372433729333,0.4071421305992161,0.9727134722640539,14882.637672862964
Central,Admin region,pasture,2017-11,2017,11,0.7262931829720983,0.4869500689148845,0.9908300529256597,23592.281274019013
Western,Admin region,pasture,2017-11,2017,11,0.7328918115546899,0.49335408216461674,0.9406141319051728,24630.704160004545
Uganda (national),Reference,pasture,2017-12,2017,12,0.48240698174806995,0.27691805144720993,0.9950006306081834,123950.34640055614
Karamoja,Focus region,pasture,2017-12,2017,12,0.340250451317512,0.17976649670983688,1.0,24765.78560836989
Lake Victoria basin,Focus region,pasture,2017-12,2017,12,0.6097881026447302,0.3750109574502695,0.9972566276690935,20187.901015491654
Northern,Admin region,pasture,2017-12,2017,12,0.39934295027315125,0.21358059567211293,1.0,60800.253680286456
Eastern,Admin region,pasture,2017-12,2017,12,0.49289726669413303,0.2955077206638187,0.9906907937779831,14882.637672862964
Central,Admin region,pasture,2017-12,2017,12,0.5737640877160626,0.34069409174450926,0.9993995055005057,23592.281274019013
Western,Admin region,pasture,2017-12,2017,12,0.5959022532692749,0.3627212290931939,0.9802421740956015,24630.704160004545
Uganda (national),Reference,pasture,2018-01,2018,1,0.39080277080602116,0.2100267219785644,0.994346606716505,123950.34640055614
Karamoja,Focus region,pasture,2018-01,2018,1,0.2847702511390403,0.14837106204691858,1.0,24765.78560836989
Lake Victoria basin,Focus region,pasture,2018-01,2018,1,0.5117410678090422,0.2855966115381457,0.9904481978552347,20187.901015491654
Northern,Admin region,pasture,2018-01,2018,1,0.31682185576339655,0.16157211596111748,1.0,60800.253680286456
Eastern,Admin region,pasture,2018-01,2018,1,0.41019435044994274,0.2293208398996885,0.9889222894041282,14882.637672862964
Central,Admin region,pasture,2018-01,2018,1,0.4784580891468124,0.26085781457030555,0.9972318286985451,23592.281274019013
Western,Admin region,pasture,2018-01,2018,1,0.4799493922930415,0.27082553279962673,0.9802542016441999,24630.704160004545
Uganda (national),Reference,pasture,2018-02,2018,2,0.4040712884240368,0.22171141605872272,0.9451259472402165,123950.34640055614
Karamoja,Focus region,pasture,2018-02,2018,2,0.2855003792634052,0.1490396296244668,1.0,24765.78560836989
Lake Victoria basin,Focus region,pasture,2018-02,2018,2,0.5374913069521802,0.3107587668307664,0.8228544420374151,20187.901015491654
Northern,Admin region,pasture,2018-02,2018,2,0.339087292213584,0.1797216995236778,0.9996714225267397,60800.253680286456
Eastern,Admin region,pasture,2018-02,2018,2,0.40272081510643387,0.21941255329872283,0.9878380799143635,14882.637672862964
Central,Admin region,pasture,2018-02,2018,2,0.5061117087103613,0.2806336983427893,0.8993089366857762,23592.281274019013
Western,Admin region,pasture,2018-02,2018,2,0.492552946760028,0.2872602926370595,0.8276415624819964,24630.704160004545
Uganda (national),Reference,pasture,2018-03,2018,3,0.6202565478177635,0.38057341619803997,0.9022784406551722,123950.34640055614
Karamoja,Focus region,pasture,2018-03,2018,3,0.5108941720162969,0.290193743735156,0.9607745173447478,24765.78560836989
Lake Victoria basin,Focus region,pasture,2018-03,2018,3,0.6920495335145121,0.4551334702515187,0.8343383402114825,20187.901015491654
Northern,Admin region,pasture,2018-03,2018,3,0.5717951175711726,0.3331727637893242,0.9558612191112288,60800.253680286456
Eastern,Admin region,pasture,2018-03,2018,3,0.5950076291360792,0.3565762944014081,0.9243459207844453,14882.637672862964
Central,Admin region,pasture,2018-03,2018,3,0.7056502215407304,0.45688405756472233,0.8078280043797911,23592.281274019013
Western,Admin region,pasture,2018-03,2018,3,0.6939765176548167,0.4588657719163971,0.8463502612176861,24630.704160004545
Uganda (national),Reference,pasture,2018-04,2018,4,0.7301153205947231,0.48255593834364685,0.7775626658589742,123950.34640055614
Karamoja,Focus region,pasture,2018-04,2018,4,0.6788404424174622,0.407939145856419,0.8411333034287685,24765.78560836989
Lake Victoria basin,Focus region,pasture,2018-04,2018,4,0.7726395064549925,0.5308267886883943,0.75564974869198,20187.901015491654
Northern,Admin region,pasture,2018-04,2018,4,0.7025999735387907,0.44923873956370414,0.8136356305358158,60800.253680286456
Eastern,Admin region,pasture,2018-04,2018,4,0.7058678112447341,0.45798975018468857,0.7290898951244782,14882.637672862964
Central,Admin region,pasture,2018-04,2018,4,0.7797283530333387,0.5333182688727085,0.8307569126600998,23592.281274019013
Western,Admin region,pasture,2018-04,2018,4,0.7704387233985603,0.5389236584493552,0.6650328991306064,24630.704160004545
Uganda (national),Reference,pasture,2018-05,2018,5,0.7397435981649377,0.4892691305363597,0.9772478139219137,123950.34640055614
Karamoja,Focus region,pasture,2018-05,2018,5,0.700262575450332,0.43699438715503996,0.9876465631688306,24765.78560836989
Lake Victoria basin,Focus region,pasture,2018-05,2018,5,0.754533136648222,0.5302801257741697,0.9886806443887347,20187.901015491654
Northern,Admin region,pasture,2018-05,2018,5,0.7248852568018713,0.4600617882514001,0.9918760786794992,60800.253680286456
Eastern,Admin region,pasture,2018-05,2018,5,0.7143289981381183,0.46244723065053367,0.9402537883877655,14882.637672862964
Central,Admin region,pasture,2018-05,2018,5,0.7704354133966597,0.5387031075984569,0.9701181611018402,23592.281274019013
Western,Admin region,pasture,2018-05,2018,5,0.7631365872878525,0.5316982917025631,0.9696665139292747,24630.704160004545
Uganda (national),Reference,pasture,2018-06,2018,6,0.7141792787797003,0.4600802625073661,0.9787147835881425,123950.34640055614
Karamoja,Focus region,pasture,2018-06,2018,6,0.691414278099248,0.4398415127233421,0.971068725151785,24765.78560836989
Lake Victoria basin,Focus region,pasture,2018-06,2018,6,0.7051537306297437,0.4462847291979247,0.9766304520472485,20187.901015491654
Northern,Admin region,pasture,2018-06,2018,6,0.7105467962391863,0.4580179903071197,0.9861343276717393,60800.253680286456
Eastern,Admin region,pasture,2018-06,2018,6,0.6940647686247773,0.4442965854855332,0.9455458011535556,14882.637672862964
Central,Admin region,pasture,2018-06,2018,6,0.7320762988322965,0.4672933466127094,0.9752455422630062,23592.281274019013
Western,Admin region,pasture,2018-06,2018,6,0.7180988983832292,0.4677383947742427,0.9834069929953821,24630.704160004545
Uganda (national),Reference,pasture,2018-07,2018,7,0.646128815004487,0.40326199359592174,0.9854167147873577,123950.34640055614
Karamoja,Focus region,pasture,2018-07,2018,7,0.6691306748295298,0.4200222391608445,0.9814064929057648,24765.78560836989
Lake Victoria basin,Focus region,pasture,2018-07,2018,7,0.5487488619595347,0.3256924202856113,0.9795908275309898,20187.901015491654
Northern,Admin region,pasture,2018-07,2018,7,0.6767673088444226,0.42832273414744515,0.990712196075529,60800.253680286456
Eastern,Admin region,pasture,2018-07,2018,7,0.6573184884508592,0.4090173810177585,0.9608736180172172,14882.637672862964
Central,Admin region,pasture,2018-07,2018,7,0.6092374716847307,0.3673109184382249,0.9802523094594854,23592.281274019013
Western,Admin region,pasture,2018-07,2018,7,0.5992604651313311,0.37216450704166254,0.992262237373607,24630.704160004545
Uganda (national),Reference,pasture,2018-08,2018,8,0.6265417763641794,0.3786941081497608,0.9304464265619348,123950.34640055614
Karamoja,Focus region,pasture,2018-08,2018,8,0.6045492650548112,0.369519989630938,0.9636084264818118,24765.78560836989
Lake Victoria basin,Focus region,pasture,2018-08,2018,8,0.5179361874769624,0.2932680361693817,0.814467213101569,20187.901015491654
Northern,Admin region,pasture,2018-08,2018,8,0.6494986889719603,0.40042413607440747,0.9784476458570347,60800.253680286456
Eastern,Admin region,pasture,2018-08,2018,8,0.6241243270126706,0.3806210361419181,0.9321396522412526,14882.637672862964
Central,Admin region,pasture,2018-08,2018,8,0.6052054473666402,0.34986150430029345,0.8842949934823435,23592.281274019013
Western,Admin region,pasture,2018-08,2018,8,0.5846897248585612,0.34474730912316615,0.8546011595560563,24630.704160004545
Uganda (national),Reference,pasture,2018-09,2018,9,0.6392527085237706,0.38902312558956886,0.9762000231182151,123950.34640055614
Karamoja,Focus region,pasture,2018-09,2018,9,0.5410471645150551,0.3007667313588528,0.9987487830349937,24765.78560836989
Lake Victoria basin,Focus region,pasture,2018-09,2018,9,0.6386487191798778,0.39821971759250735,0.9329399235333196,20187.901015491654
Northern,Admin region,pasture,2018-09,2018,9,0.6238385082832351,0.36782595235796384,0.9986356786244422,60800.253680286456
Eastern,Admin region,pasture,2018-09,2018,9,0.6173756809915523,0.3717624447240648,0.979696422187518,14882.637672862964
Central,Admin region,pasture,2018-09,2018,9,0.6629574463474168,0.40209176817919406,0.9577088117275065,23592.281274019013
Western,Admin region,pasture,2018-09,2018,9,0.6703945839106495,0.44290758805316105,0.9359296909317242,24630.704160004545
Uganda (national),Reference,pasture,2018-10,2018,10,0.6293724633506517,0.40610039530690645,0.9605107365955743,123950.34640055614
Karamoja,Focus region,pasture,2018-10,2018,10,0.4570280400383404,0.2507975340874288,0.9841730190602304,24765.78560836989
Lake Victoria basin,Focus region,pasture,2018-10,2018,10,0.7016984339407955,0.49943703461454253,0.9498569538255585,20187.901015491654
Northern,Admin region,pasture,2018-10,2018,10,0.5738729342717411,0.34181284520888644,0.9913095322853996,60800.253680286456
Eastern,Admin region,pasture,2018-10,2018,10,0.6287530363471596,0.4020518262158828,0.9627791390362788,14882.637672862964
Central,Admin region,pasture,2018-10,2018,10,0.69780902539475,0.4881409766037897,0.9451235055650485,23592.281274019013
Western,Admin region,pasture,2018-10,2018,10,0.7119294563906701,0.5011954861929632,0.8970949906102188,24630.704160004545
Uganda (national),Reference,pasture,2018-11,2018,11,0.6108355049985528,0.37207229843843953,0.9573749840509752,123950.34640055614
Karamoja,Focus region,pasture,2018-11,2018,11,0.4168121653047983,0.21141548439209842,0.9984374338939314,24765.78560836989
Lake Victoria basin,Focus region,pasture,2018-11,2018,11,0.7409457864826727,0.5105772336041118,0.8614998081063224,20187.901015491654
Northern,Admin region,pasture,2018-11,2018,11,0.5281371583726167,0.29470695712104256,0.9974834641028673,60800.253680286456
Eastern,Admin region,pasture,2018-11,2018,11,0.6194081829228297,0.3581113804416166,0.9829033268241162,14882.637672862964
Central,Admin region,pasture,2018-11,2018,11,0.7236369710422522,0.4787034098356984,0.9381156051017098,23592.281274019013
Western,Admin region,pasture,2018-11,2018,11,0.7241357671442427,0.4918836833984096,0.8606145425770585,24630.704160004545
Uganda (national),Reference,pasture,2018-12,2018,12,0.5640568487260665,0.33237603357417334,0.9791780217763375,123950.34640055614
Karamoja,Focus region,pasture,2018-12,2018,12,0.38694689695534207,0.20153518864478862,0.9978681767042199,24765.78560836989
Lake Victoria basin,Focus region,pasture,2018-12,2018,12,0.7316687460441138,0.4788730173733104,0.95128592633265,20187.901015491654
Northern,Admin region,pasture,2018-12,2018,12,0.4558288728984981,0.24218969522597072,0.9972866401624761,60800.253680286456
Eastern,Admin region,pasture,2018-12,2018,12,0.5819079495936418,0.34876382819133156,0.9742475152975292,14882.637672862964
Central,Admin region,pasture,2018-12,2018,12,0.7027529572121952,0.44973183390057847,0.9741788963694353,23592.281274019013
Western,Admin region,pasture,2018-12,2018,12,0.6986031230818366,0.44166640722877337,0.941522271366657,24630.704160004545
Uganda (national),Reference,pasture,2019-01,2019,1,0.46356071109345887,0.2573318863604584,0.994987062580596,123950.34640055614
Karamoja,Focus region,pasture,2019-01,2019,1,0.3117588994731265,0.1593537926196625,1.0,24765.78560836989
Lake Victoria basin,Focus region,pasture,2019-01,2019,1,0.6361340115377475,0.39228619748894566,0.9893277517341131,20187.901015491654
Northern,Admin region,pasture,2019-01,2019,1,0.3590291349207212,0.17994961294961717,1.0,60800.253680286456
Eastern,Admin region,pasture,2019-01,2019,1,0.4699708232823743,0.26143504326234773,0.9958029941930875,14882.637672862964
Central,Admin region,pasture,2019-01,2019,1,0.6029601085318564,0.35950887812538196,0.9983448925860359,23592.281274019013
Western,Admin region,pasture,2019-01,2019,1,0.5871255911457227,0.3502221232264033,0.9784509029469458,24630.704160004545
Uganda (national),Reference,pasture,2019-02,2019,2,0.4148838299336344,0.23967988299003692,0.9943915771131627,123950.34640055614
Karamoja,Focus region,pasture,2019-02,2019,2,0.2871953257981589,0.1580070287235682,1.0,24765.78560836989
Lake Victoria basin,Focus region,pasture,2019-02,2019,2,0.5857321216748691,0.3619665473295348,0.9931826762740427,20187.901015491654
Northern,Admin region,pasture,2019-02,2019,2,0.3244089810087024,0.1736068916636638,0.9999745169907525,60800.253680286456
Eastern,Admin region,pasture,2019-02,2019,2,0.41034871022767466,0.24229709478673453,0.9938845781522434,14882.637672862964
Central,Admin region,pasture,2019-02,2019,2,0.5465377805567734,0.33204939647856396,0.9915016530071928,23592.281274019013
Western,Admin region,pasture,2019-02,2019,2,0.5177789861334819,0.31478084065234435,0.9831010560502391,24630.704160004545
Uganda (national),Reference,pasture,2019-03,2019,3,0.4305792557259095,0.2466938713797999,0.9856816792488695,123950.34640055614
Karamoja,Focus region,pasture,2019-03,2019,3,0.2891735200733084,0.1545810595527932,0.9997028042462429,24765.78560836989
Lake Victoria basin,Focus region,pasture,2019-03,2019,3,0.6026044704131838,0.3706441642733299,0.9586414199532292,20187.901015491654
Northern,Admin region,pasture,2019-03,2019,3,0.33612874121840325,0.18183302818904049,0.9993207666707546,60800.253680286456
Eastern,Admin region,pasture,2019-03,2019,3,0.4281488651358629,0.24435383429933571,0.993981769451792,14882.637672862964
Central,Admin region,pasture,2019-03,2019,3,0.551426683649527,0.3308264614240583,0.9679255835815035,23592.281274019013
Western,Admin region,pasture,2019-03,2019,3,0.5578794750119158,0.3334678610642626,0.9635126790819267,24630.704160004545
Uganda (national),Reference,pasture,2019-04,2019,4,0.5280356911265645,0.2988887598927052,0.8292844873522258,123950.34640055614
Karamoja,Focus region,pasture,2019-04,2019,4,0.3032711964692951,0.1573107900429148,0.8294266247921543,24765.78560836989
Lake Victoria basin,Focus region,pasture,2019-04,2019,4,0.6755036132373146,0.41172895439702584,0.700630036638248,20187.901015491654
Northern,Admin region,pasture,2019-04,2019,4,0.45275088904629374,0.2407996871732037,0.8825971815750421,60800.253680286456
Eastern,Admin region,pasture,2019-04,2019,4,0.5036729640652539,0.28243258676879696,0.8892555820768487,14882.637672862964
Central,Admin region,pasture,2019-04,2019,4,0.6398925825332515,0.3788221421358796,0.7672253139282138,23592.281274019013
Western,Admin region,pasture,2019-04,2019,4,0.6593039930614304,0.40492534452966916,0.7201519050467398,24630.704160004545
Uganda (national),Reference,pasture,2019-05,2019,5,0.6401976003317085,0.3982297761151857,0.958464286900211,123950.34640055614
Karamoja,Focus region,pasture,2019-05,2019,5,0.46639008857308184,0.2591985927711087,0.9839944985707404,24765.78560836989
Lake Victoria basin,Focus region,pasture,2019-05,2019,5,0.7194043515670042,0.4605037525353343,0.8991767444186577,20187.901015491654
Northern,Admin region,pasture,2019-05,2019,5,0.5788254807007776,0.34711874255199243,0.9848302488881576,60800.253680286456
Eastern,Admin region,pasture,2019-05,2019,5,0.6484747834454768,0.39640177040869884,0.9480668905323161,14882.637672862964
Central,Admin region,pasture,2019-05,2019,5,0.7173610848355161,0.46557035239974176,0.9342891799105586,23592.281274019013
Western,Admin region,pasture,2019-05,2019,5,0.7217254264123,0.4683107168085329,0.9221327827585448,24630.704160004545
Uganda (national),Reference,pasture,2019-06,2019,6,0.7186857004159853,0.4688378524527193,0.9779741842878402,123950.34640055614
Karamoja,Focus region,pasture,2019-06,2019,6,0.6712396040997608,0.42509618719804726,0.9545810695069298,24765.78560836989
Lake Victoria basin,Focus region,pasture,2019-06,2019,6,0.7102358866965451,0.4556647284085347,0.991860607137461,20187.901015491654
Northern,Admin region,pasture,2019-06,2019,6,0.7123912529769545,0.4634089150964972,0.974454549626372,60800.253680286456
Eastern,Admin region,pasture,2019-06,2019,6,0.7134881534188486,0.4583108943641684,0.9604597103420538,14882.637672862964
Central,Admin region,pasture,2019-06,2019,6,0.7332107644692891,0.47958397157654103,0.985203174365602,23592.281274019013
Western,Admin region,pasture,2019-06,2019,6,0.7233445191007306,0.4778560951019741,0.9899445270575231,24630.704160004545
Uganda (national),Reference,pasture,2019-07,2019,7,0.7056876392499091,0.4519441085762735,0.975206634577867,123950.34640055614
Karamoja,Focus region,pasture,2019-07,2019,7,0.7017127742868922,0.44434837794798343,0.9860493199948811,24765.78560836989
Lake Victoria basin,Focus region,pasture,2019-07,2019,7,0.631462740140192,0.3859014150757045,0.9538071169084611,20187.901015491654
Northern,Admin region,pasture,2019-07,2019,7,0.7276341902125028,0.4707287136683105,0.9889535824212544,60800.253680286456
Eastern,Admin region,pasture,2019-07,2019,7,0.7046603147298905,0.44820811401662347,0.9638840847346523,14882.637672862964
Central,Admin region,pasture,2019-07,2019,7,0.6878507195635182,0.43169438776493024,0.9501983678786844,23592.281274019013
Western,Admin region,pasture,2019-07,2019,7,0.6681712912016754,0.42612392240176195,0.971739556347283,24630.704160004545
Uganda (national),Reference,pasture,2019-08,2019,8,0.6899603903509645,0.44183319893200657,0.9480061046489443,123950.34640055614
Karamoja,Focus region,pasture,2019-08,2019,8,0.7060823812797192,0.4517859338367668,0.9671277893266014,24765.78560836989
Lake Victoria basin,Focus region,pasture,2019-08,2019,8,0.574307048206957,0.33498582451625386,0.891650740908022,20187.901015491654
Northern,Admin region,pasture,2019-08,2019,8,0.7272577375557523,0.4761605836235389,0.9737184852236295,60800.253680286456
Eastern,Admin region,pasture,2019-08,2019,8,0.6760316352608439,0.4287974008139433,0.9518705700197924,14882.637672862964
Central,Admin region,pasture,2019-08,2019,8,0.6583653074491039,0.4003750181233239,0.905164566174738,23592.281274019013
Western,Admin region,pasture,2019-08,2019,8,0.6316104660986529,0.39962791995108576,0.9227421898955814,24630.704160004545
Uganda (national),Reference,pasture,2019-09,2019,9,0.6834352554194528,0.4454844176187543,0.9657849840507219,123950.34640055614
Karamoja,Focus region,pasture,2019-09,2019,9,0.6431677773399398,0.408854056485055,0.9923740060259252,24765.78560836989
Lake Victoria basin,Focus region,pasture,2019-09,2019,9,0.625235283859278,0.40032232677240037,0.9146844891947635,20187.901015491654
Northern,Admin region,pasture,2019-09,2019,9,0.6985253881939781,0.45452484459962783,0.9926954806205298,60800.253680286456
Eastern,Admin region,pasture,2019-09,2019,9,0.6628157449283585,0.4227740556525906,0.9645507967779058,14882.637672862964
Central,Admin region,pasture,2019-09,2019,9,0.6785791109856469,0.44380943416250757,0.9563748205676345,23592.281274019013
Western,Admin region,pasture,2019-09,2019,9,0.660847118402959,0.437342278912736,0.9080840360907775,24630.704160004545
Uganda (national),Reference,pasture,2019-10,2019,10,0.7025371628516461,0.46896081504467396,0.9264023260944008,123950.34640055614
Karamoja,Focus region,pasture,2019-10,2019,10,0.6341493771028983,0.3942098608194491,0.9777942066861026,24765.78560836989
Lake Victoria basin,Focus region,pasture,2019-10,2019,10,0.7052994984530888,0.4865194959862214,0.8118965092764904,20187.901015491654
Northern,Admin region,pasture,2019-10,2019,10,0.6840553278130361,0.44332985478459414,0.9820997522007371,60800.253680286456
Eastern,Admin region,pasture,2019-10,2019,10,0.6938686151268687,0.4628929645947743,0.8850599558683364,14882.637672862964
Central,Admin region,pasture,2019-10,2019,10,0.7384883448470413,0.5002987536707681,0.8756036392808404,23592.281274019013
Western,Admin region,pasture,2019-10,2019,10,0.7253581630553967,0.514458607207731,0.8614731853587034,24630.704160004545
Uganda (national),Reference,pasture,2019-11,2019,11,0.6871014733971362,0.44315432699795765,0.9212847862308403,123950.34640055614
Karamoja,Focus region,pasture,2019-11,2019,11,0.5742201103581951,0.33930767971436593,0.9909641493007579,24765.78560836989
Lake Victoria basin,Focus region,pasture,2019-11,2019,11,0.7587580425944701,0.5349720757374424,0.775131567371846,20187.901015491654
Northern,Admin region,pasture,2019-11,2019,11,0.6368001215012571,0.389285930704403,0.9907808192866387,60800.253680286456
Eastern,Admin region,pasture,2019-11,2019,11,0.6943012800670183,0.43784640557362237,0.9604439575807276,14882.637672862964
Central,Admin region,pasture,2019-11,2019,11,0.766592452628047,0.5256021761678709,0.8818606374461353,23592.281274019013
Western,Admin region,pasture,2019-11,2019,11,0.7551315562502201,0.5287138993598544,0.7625129822459007,24630.704160004545
Uganda (national),Reference,pasture,2019-12,2019,12,0.6651539102090257,0.41075148873607414,0.9791254754609492,123950.34640055614
Karamoja,Focus region,pasture,2019-12,2019,12,0.561815854372548,0.3209291442076318,0.9986605464363121,24765.78560836989
Lake Victoria basin,Focus region,pasture,2019-12,2019,12,0.7580389021992002,0.5037658277736184,0.9312613195657652,20187.901015491654
Northern,Admin region,pasture,2019-12,2019,12,0.5993842589233435,0.3476477887389232,0.9990978945806813,60800.253680286456
Eastern,Admin region,pasture,2019-12,2019,12,0.6688340040908718,0.41769552189004244,0.9843711772894452,14882.637672862964
Central,Admin region,pasture,2019-12,2019,12,0.7563537110979145,0.49673285505036424,0.9929443761199163,23592.281274019013
Western,Admin region,pasture,2019-12,2019,12,0.7454425179979983,0.4870123744334032,0.9124966068320508,24630.704160004545
Uganda (national),Reference,pasture,2020-01,2020,1,0.5702515473624434,0.3290980240901571,0.9961883409568763,123950.34640055614
Karamoja,Focus region,pasture,2020-01,2020,1,0.4518298173665803,0.24291873247806026,0.9999676409405602,24765.78560836989
Lake Victoria basin,Focus region,pasture,2020-01,2020,1,0.6915713262259572,0.43231567953817324,0.9959502084968578,20187.901015491654
Northern,Admin region,pasture,2020-01,2020,1,0.4820458823302767,0.2564030206611659,0.9999868191331478,60800.253680286456
Eastern,Admin region,pasture,2020-01,2020,1,0.5949781610175091,0.354679849773864,0.9915794663108053,14882.637672862964
Central,Admin region,pasture,2020-01,2020,1,0.6796307412993239,0.41490984236235223,0.99985054240718,23592.281274019013
Western,Admin region,pasture,2020-01,2020,1,0.6698526597953771,0.4121658009868381,0.98574121354614,24630.704160004545
Uganda (national),Reference,pasture,2020-02,2020,2,0.5551500557211074,0.32041059389682053,0.9928820981251688,123950.34640055614
Karamoja,Focus region,pasture,2020-02,2020,2,0.46176881505469375,0.23711931174444079,0.9998012096264793,24765.78560836989
Lake Victoria basin,Focus region,pasture,2020-02,2020,2,0.665485334541227,0.4238429387176379,0.9753382610587781,20187.901015491654
Northern,Admin region,pasture,2020-02,2020,2,0.4744266595225529,0.2493143552865388,0.9998854384526795,60800.253680286456
Eastern,Admin region,pasture,2020-02,2020,2,0.597143208604642,0.3454538878168012,0.9944143157828943,14882.637672862964
Central,Admin region,pasture,2020-02,2020,2,0.6645723937005613,0.4095679469097154,0.9858168385389022,23592.281274019013
Western,Admin region,pasture,2020-02,2020,2,0.6274755426257669,0.39816276287754204,0.9812314357147816,24630.704160004545
Uganda (national),Reference,pasture,2020-03,2020,3,0.6208992481355021,0.38903595569739974,0.9071623406725507,123950.34640055614
Karamoja,Focus region,pasture,2020-03,2020,3,0.5437315629333431,0.3011616364078441,0.9636447109278082,24765.78560836989
Lake Victoria basin,Focus region,pasture,2020-03,2020,3,0.6927320583997588,0.48630901674758603,0.8326485591805323,20187.901015491654
Northern,Admin region,pasture,2020-03,2020,3,0.5774905523279096,0.33429890105491566,0.9504064353892153,60800.253680286456
Eastern,Admin region,pasture,2020-03,2020,3,0.6230589311102233,0.3702455611377061,0.9572398966061387,14882.637672862964
Central,Admin region,pasture,2020-03,2020,3,0.6897511763953904,0.4773284161368964,0.8826989941930262,23592.281274019013
Western,Admin region,pasture,2020-03,2020,3,0.6748449200884058,0.4709723837482547,0.7922498032360246,24630.704160004545
Uganda (national),Reference,pasture,2020-04,2020,4,0.697466124576661,0.4485477399253339,0.9040099336149555,123950.34640055614
Karamoja,Focus region,pasture,2020-04,2020,4,0.6756155230807853,0.40911913934649446,0.9159445048137126,24765.78560836989
Lake Victoria basin,Focus region,pasture,2020-04,2020,4,0.7445478518110374,0.5015181743933581,0.8583700020404109,20187.901015491654
Northern,Admin region,pasture,2020-04,2020,4,0.6745526464460541,0.4195908856046727,0.9130678239474654,60800.253680286456
Eastern,Admin region,pasture,2020-04,2020,4,0.6547585156225662,0.4052472236031218,0.926337962331755,14882.637672862964
Central,Admin region,pasture,2020-04,2020,4,0.7452595471397452,0.4992994985980779,0.9209732987483312,23592.281274019013
Western,Admin region,pasture,2020-04,2020,4,0.737225500585576,0.5013907382701493,0.8507773347668516,24630.704160004545
Uganda (national),Reference,pasture,2020-05,2020,5,0.7136234672493525,0.46065850597656627,0.9189869992620069,123950.34640055614
Karamoja,Focus region,pasture,2020-05,2020,5,0.7031871578889094,0.4339540515823516,0.9358944952197802,24765.78560836989
Lake Victoria basin,Focus region,pasture,2020-05,2020,5,0.7287790869377074,0.49521283386924686,0.894386174099191,20187.901015491654
Northern,Admin region,pasture,2020-05,2020,5,0.7033185841225057,0.4399266252515553,0.9451110316077983,60800.253680286456
Eastern,Admin region,pasture,2020-05,2020,5,0.6838587977576401,0.42266192666633506,0.9126328488150904,14882.637672862964
Central,Admin region,pasture,2020-05,2020,5,0.7517020429654884,0.5027236911368816,0.865350759609113,23592.281274019013
Western,Admin region,pasture,2020-05,2020,5,0.7238275749193522,0.49905434056282394,0.9089736919149889,24630.704160004545
Uganda (national),Reference,pasture,2020-06,2020,6,0.6899709054911011,0.4287022144991767,0.9607409823219856,123950.34640055614
Karamoja,Focus region,pasture,2020-06,2020,6,0.677020827280715,0.406606086466446,0.9618839212605018,24765.78560836989
Lake Victoria basin,Focus region,pasture,2020-06,2020,6,0.6737093302021965,0.426282134706945,0.9487553852144803,20187.901015491654
Northern,Admin region,pasture,2020-06,2020,6,0.69020035839917,0.42004851927495873,0.9747420131329888,60800.253680286456
Eastern,Admin region,pasture,2020-06,2020,6,0.6728660156376107,0.4146177469826196,0.9510179218982597,14882.637672862964
Central,Admin region,pasture,2020-06,2020,6,0.7069918814328114,0.4526272584828846,0.9408007266462987,23592.281274019013
Western,Admin region,pasture,2020-06,2020,6,0.6838891208063851,0.43665839804506046,0.9505240323818017,24630.704160004545
Uganda (national),Reference,pasture,2020-07,2020,7,0.6552985036465486,0.3870817416296086,0.908302925493755,123950.34640055614
Karamoja,Focus region,pasture,2020-07,2020,7,0.6618684676305798,0.3883782388682474,0.8326067462556276,24765.78560836989
Lake Victoria basin,Focus region,pasture,2020-07,2020,7,0.5626589172897448,0.31920721686102205,0.9631544628545661,20187.901015491654
Northern,Admin region,pasture,2020-07,2020,7,0.6860310964733068,0.4082971200978119,0.877556304640013,60800.253680286456
Eastern,Admin region,pasture,2020-07,2020,7,0.6595843126555466,0.3844932779109667,0.923098341504521,14882.637672862964
Central,Admin region,pasture,2020-07,2020,7,0.6340133645762761,0.3720748819109045,0.9463585776443248,23592.281274019013
Western,Admin region,pasture,2020-07,2020,7,0.6026341799790372,0.3542504570117663,0.9391521467970643,24630.704160004545
Uganda (national),Reference,pasture,2020-08,2020,8,0.6519186214427342,0.38296058740241784,0.7748617578651688,123950.34640055614
Karamoja,Focus region,pasture,2020-08,2020,8,0.6420295083185045,0.38094479136000536,0.7998818475566148,24765.78560836989
Lake Victoria basin,Focus region,pasture,2020-08,2020,8,0.549153872171149,0.31185426256136833,0.6872513927145076,20187.901015491654
Northern,Admin region,pasture,2020-08,2020,8,0.6812645219748055,0.4017838178209581,0.829173691250279,60800.253680286456
Eastern,Admin region,pasture,2020-08,2020,8,0.643248401625537,0.3737652095936093,0.7954392166189802,14882.637672862964
Central,Admin region,pasture,2020-08,2020,8,0.6295759588327976,0.3699886401871302,0.6687595347483707,23592.281274019013
Western,Admin region,pasture,2020-08,2020,8,0.5953782968882666,0.3478909749626758,0.7318352309881776,24630.704160004545
Uganda (national),Reference,pasture,2020-09,2020,9,0.6729801429116617,0.41886718175755044,0.9686261648619474,123950.34640055614
Karamoja,Focus region,pasture,2020-09,2020,9,0.6251648620670721,0.3727099858549426,0.9799310974528902,24765.78560836989
Lake Victoria basin,Focus region,pasture,2020-09,2020,9,0.6406682153074814,0.3991229630887514,0.9215615173271413,20187.901015491654
Northern,Admin region,pasture,2020-09,2020,9,0.6715646843520805,0.41671131384908106,0.9855842806215582,60800.253680286456
Eastern,Admin region,pasture,2020-09,2020,9,0.6510672011161821,0.4067210114260875,0.9717059290282497,14882.637672862964
Central,Admin region,pasture,2020-09,2020,9,0.6903530524878152,0.4274404060912335,0.9525792459812047,23592.281274019013
Western,Admin region,pasture,2020-09,2020,9,0.6735518091606205,0.42353750362152437,0.9396458291825601,24630.704160004545
Uganda (national),Reference,pasture,2020-10,2020,10,0.6911008299798065,0.44601936717206936,0.9511634811846892,123950.34640055614
Karamoja,Focus region,pasture,2020-10,2020,10,0.6174001578045862,0.35078397766664393,0.9783240069730091,24765.78560836989
Lake Victoria basin,Focus region,pasture,2020-10,2020,10,0.7135570886775893,0.5045811916571565,0.9043451866557652,20187.901015491654
Northern,Admin region,pasture,2020-10,2020,10,0.6649068148655976,0.4028425740014143,0.9866544843064756,60800.253680286456
Eastern,Admin region,pasture,2020-10,2020,10,0.6786527399290326,0.44023109244358843,0.9247694997259457,14882.637672862964
Central,Admin region,pasture,2020-10,2020,10,0.7366428842790828,0.5042306923891166,0.9450008313412092,23592.281274019013
Western,Admin region,pasture,2020-10,2020,10,0.7246305036916628,0.5088349662281835,0.8844942791356369,24630.704160004545
Uganda (national),Reference,pasture,2020-11,2020,11,0.6841055656442467,0.41864014860395027,0.9718113992104089,123950.34640055614
Karamoja,Focus region,pasture,2020-11,2020,11,0.5514678888675468,0.29931625795104905,0.9902809966817032,24765.78560836989
Lake Victoria basin,Focus region,pasture,2020-11,2020,11,0.7646528068605031,0.4969869750359989,0.9683404853566614,20187.901015491654
Northern,Admin region,pasture,2020-11,2020,11,0.6228205085920147,0.35851316253943494,0.9918799106073267,60800.253680286456
Eastern,Admin region,pasture,2020-11,2020,11,0.6791152130931708,0.41748113786991914,0.9808709531398991,14882.637672862964
Central,Admin region,pasture,2020-11,2020,11,0.7662274965136024,0.49730708634384424,0.9621020035549592,23592.281274019013
Western,Admin region,pasture,2020-11,2020,11,0.7678961669004338,0.4998851895214819,0.9252610852042005,24630.704160004545
Uganda (national),Reference,pasture,2020-12,2020,12,0.601531909120851,0.3643726546227157,0.9830950303756392,123950.34640055614
Karamoja,Focus region,pasture,2020-12,2020,12,0.44961098825041296,0.22033145782410346,1.0,24765.78560836989
Lake Victoria basin,Focus region,pasture,2020-12,2020,12,0.7243855249265837,0.5064947082073225,0.9519492440522376,20187.901015491654
Northern,Admin region,pasture,2020-12,2020,12,0.5200969716777493,0.2798170571694034,1.0,60800.253680286456
Eastern,Admin region,pasture,2020-12,2020,12,0.6043747311676128,0.36419537940196495,0.9900464790924326,14882.637672862964
Central,Admin region,pasture,2020-12,2020,12,0.7088014134839241,0.4711071594956628,0.9877151719784009,23592.281274019013
Western,Admin region,pasture,2020-12,2020,12,0.7065642230106587,0.47998547024853816,0.9317747683142416,24630.704160004545
Uganda (national),Reference,pasture,2021-01,2021,1,0.4922254765566818,0.2775871017785754,0.9876101545471362,123950.34640055614
Karamoja,Focus region,pasture,2021-01,2021,1,0.3832604355771356,0.1848640621504081,1.0,24765.78560836989
Lake Victoria basin,Focus region,pasture,2021-01,2021,1,0.6382607468244691,0.4062160225698554,0.9672072847221571,20187.901015491654
Northern,Admin region,pasture,2021-01,2021,1,0.40742602616117285,0.2044713028856765,0.9998866445450714,60800.253680286456
Eastern,Admin region,pasture,2021-01,2021,1,0.5312401500415438,0.3094378717281687,0.9961723605484692,14882.637672862964
Central,Admin region,pasture,2021-01,2021,1,0.588327903174428,0.36148599487755206,0.9934183156488057,23592.281274019013
Western,Admin region,pasture,2021-01,2021,1,0.5920895702755444,0.36373014531071796,0.9457954875614775,24630.704160004545
Uganda (national),Reference,pasture,2021-02,2021,2,0.4506000588169263,0.25585653682505666,0.9862080602349433,123950.34640055614
Karamoja,Focus region,pasture,2021-02,2021,2,0.3433920311349367,0.17233082201446578,0.998374399292131,24765.78560836989
Lake Victoria basin,Focus region,pasture,2021-02,2021,2,0.6169240463592631,0.40189986864751615,0.96989628691831,20187.901015491654
Northern,Admin region,pasture,2021-02,2021,2,0.3633068824370556,0.18315477217358078,0.9985561488921334,60800.253680286456
Eastern,Admin region,pasture,2021-02,2021,2,0.47235271750605046,0.2734924915862174,0.9840055696358276,14882.637672862964
Central,Admin region,pasture,2021-02,2021,2,0.5572395779133008,0.34282199134079877,0.9730010852859106,23592.281274019013
Western,Admin region,pasture,2021-02,2021,2,0.5568653776198371,0.346313061251776,0.9691231137067517,24630.704160004545
Uganda (national),Reference,pasture,2021-03,2021,3,0.4958284028243577,0.28117819448491194,0.9625539983876072,123950.34640055614
Karamoja,Focus region,pasture,2021-03,2021,3,0.347468322113413,0.1687658383191155,0.9982257844954827,24765.78560836989
Lake Victoria basin,Focus region,pasture,2021-03,2021,3,0.6598439316541514,0.4223763746709176,0.884326702885541,20187.901015491654
Northern,Admin region,pasture,2021-03,2021,3,0.4025322618973256,0.20400489034524039,0.9976238153515005,60800.253680286456
Eastern,Admin region,pasture,2021-03,2021,3,0.4975814412670877,0.2767680197112875,0.9830191004694647,14882.637672862964
Central,Admin region,pasture,2021-03,2021,3,0.6298557366554198,0.38960873264404444,0.9436969004280212,23592.281274019013
Western,Admin region,pasture,2021-03,2021,3,0.617967328975462,0.38856646491037644,0.8809227096372586,24630.704160004545
Uganda (national),Reference,pasture,2021-04,2021,4,0.6431207914543798,0.388399018832657,0.8125297819008445,123950.34640055614
Karamoja,Focus region,pasture,2021-04,2021,4,0.523710851258302,0.2743208296818817,0.8311234746499846,24765.78560836989
Lake Victoria basin,Focus region,pasture,2021-04,2021,4,0.7238889029707887,0.4833406595510293,0.6928105028944808,20187.901015491654
Northern,Admin region,pasture,2021-04,2021,4,0.587731246679753,0.33127677007925277,0.8641356080387463,60800.253680286456
Eastern,Admin region,pasture,2021-04,2021,4,0.6293414034571644,0.37669745279934547,0.8378678785359339,14882.637672862964
Central,Admin region,pasture,2021-04,2021,4,0.7414623794175833,0.4830592749303275,0.7188312828293304,23592.281274019013
Western,Admin region,pasture,2021-04,2021,4,0.7195932274665309,0.47124927933191346,0.7573707969299743,24630.704160004545
Uganda (national),Reference,pasture,2021-05,2021,5,0.7142131696885781,0.4785642546494846,0.9673855515448428,123950.34640055614
Karamoja,Focus region,pasture,2021-05,2021,5,0.6713462071216634,0.42776629467272237,0.9993268977241125,24765.78560836989
Lake Victoria basin,Focus region,pasture,2021-05,2021,5,0.7256886921038093,0.49659863698372564,0.9070967679533811,20187.901015491654
Northern,Admin region,pasture,2021-05,2021,5,0.7021843000283728,0.46170989169717747,0.9988571137415804,60800.253680286456
Eastern,Admin region,pasture,2021-05,2021,5,0.6866195542160543,0.4431943221960665,0.9798970692895554,14882.637672862964
Central,Admin region,pasture,2021-05,2021,5,0.7522007539017496,0.523106036131541,0.943385081981397,23592.281274019013
Western,Admin region,pasture,2021-05,2021,5,0.727548238054521,0.5033596813596082,0.9045815016591763,24630.704160004545
Uganda (national),Reference,pasture,2021-06,2021,6,0.6713789385278124,0.4263156376869627,0.9876246471681074,123950.34640055614
Karamoja,Focus region,pasture,2021-06,2021,6,0.6357350743379415,0.40322190752351134,0.9938210016454561,24765.78560836989
Lake Victoria basin,Focus region,pasture,2021-06,2021,6,0.6438590846150792,0.39327123596588354,0.9887478416825944,20187.901015491654
Northern,Admin region,pasture,2021-06,2021,6,0.6738526354526003,0.4330353600638101,0.9932310407780975,60800.253680286456
Eastern,Admin region,pasture,2021-06,2021,6,0.6563361579172815,0.4141603957555281,0.9760975426748146,14882.637672862964
Central,Admin region,pasture,2021-06,2021,6,0.6982658809916134,0.4429666223644519,0.9837805387796141,23592.281274019013
Western,Admin region,pasture,2021-06,2021,6,0.6488218418010879,0.40094350617535396,0.9843444442902959,24630.704160004545
Uganda (national),Reference,pasture,2021-07,2021,7,0.6346944093067634,0.3862553907176202,0.9315349180677994,123950.34640055614
Karamoja,Focus region,pasture,2021-07,2021,7,0.645506440221491,0.3867099646957613,0.8657376940463876,24765.78560836989
Lake Victoria basin,Focus region,pasture,2021-07,2021,7,0.5428614832872399,0.3158538779782916,0.9673940361203045,20187.901015491654
Northern,Admin region,pasture,2021-07,2021,7,0.6800083516545045,0.4216433604112741,0.9273593433773885,60800.253680286456
Eastern,Admin region,pasture,2021-07,2021,7,0.6183082180453705,0.36826148905158945,0.9367697111705168,14882.637672862964
Central,Admin region,pasture,2021-07,2021,7,0.619310091407035,0.3704881587228762,0.9141365951640408,23592.281274019013
Western,Admin region,pasture,2021-07,2021,7,0.5500373451778404,0.326585562898774,0.9554141580459525,24630.704160004545
Uganda (national),Reference,pasture,2021-08,2021,8,0.6216409333438334,0.3799719359648215,0.9698338038321994,123950.34640055614
Karamoja,Focus region,pasture,2021-08,2021,8,0.6234801041417973,0.3783996605283262,0.9904523262690956,24765.78560836989
Lake Victoria basin,Focus region,pasture,2021-08,2021,8,0.5283701411117319,0.30346089147643146,0.9330452183199603,20187.901015491654
Northern,Admin region,pasture,2021-08,2021,8,0.6611002808487763,0.4143894615646364,0.9899589638090855,60800.253680286456
Eastern,Admin region,pasture,2021-08,2021,8,0.5853942506147963,0.34860481489798617,0.9629632450350472,14882.637672862964
Central,Admin region,pasture,2021-08,2021,8,0.6016001566881358,0.3605897497900785,0.9690600404185548,23592.281274019013
Western,Admin region,pasture,2021-08,2021,8,0.5604663985062995,0.3282841647813734,0.9244316947136653,24630.704160004545
Uganda (national),Reference,pasture,2021-09,2021,9,0.6508792489723261,0.4178513014930189,0.9592304959159724,123950.34640055614
Karamoja,Focus region,pasture,2021-09,2021,9,0.5883986860467011,0.36605170555136995,0.980206492083464,24765.78560836989
Lake Victoria basin,Focus region,pasture,2021-09,2021,9,0.6056754925291415,0.37965843452965253,0.9164498010218076,20187.901015491654
Northern,Admin region,pasture,2021-09,2021,9,0.6529895967193147,0.4192979233850233,0.979817839179551,60800.253680286456
Eastern,Admin region,pasture,2021-09,2021,9,0.6178025006894129,0.39701843296559836,0.9439469733054043,14882.637672862964
Central,Admin region,pasture,2021-09,2021,9,0.652767634035358,0.4261731676516626,0.959371636232865,23592.281274019013
Western,Admin region,pasture,2021-09,2021,9,0.6639342162633811,0.4183833005306094,0.916588601723558,24630.704160004545
Uganda (national),Reference,pasture,2021-10,2021,10,0.6724829820658261,0.42494556520208926,0.9699149838074034,123950.34640055614
Karamoja,Focus region,pasture,2021-10,2021,10,0.5805786726091701,0.33660054536093525,0.9934297742719148,24765.78560836989
Lake Victoria basin,Focus region,pasture,2021-10,2021,10,0.6910992479814054,0.45343238068073655,0.9455343983881281,20187.901015491654
Northern,Admin region,pasture,2021-10,2021,10,0.645408790139466,0.3952381886513697,0.9943235640642181,60800.253680286456
Eastern,Admin region,pasture,2021-10,2021,10,0.6422294179506688,0.402363024267908,0.9685674271327447,14882.637672862964
Central,Admin region,pasture,2021-10,2021,10,0.7190538059193976,0.46266984033099506,0.9473590199517717,23592.281274019013
Western,Admin region,pasture,2021-10,2021,10,0.7173620991015299,0.4804080760245753,0.9314723103417839,24630.704160004545
Uganda (national),Reference,pasture,2021-11,2021,11,0.6230799838848647,0.3844018258966077,0.978034384275699,123950.34640055614
Karamoja,Focus region,pasture,2021-11,2021,11,0.43681637424373054,0.22978681057173836,0.9981567687551142,24765.78560836989
Lake Victoria basin,Focus region,pasture,2021-11,2021,11,0.7241893783605386,0.48902962128979005,0.9340022219420866,20187.901015491654
Northern,Admin region,pasture,2021-11,2021,11,0.5491986016763676,0.31324631995365143,0.9987724288257915,60800.253680286456
Eastern,Admin region,pasture,2021-11,2021,11,0.6047728172722612,0.3600752234275518,0.959252449121502,14882.637672862964
Central,Admin region,pasture,2021-11,2021,11,0.7238799873961966,0.4793209899435495,0.9840699874296662,23592.281274019013
Western,Admin region,pasture,2021-11,2021,11,0.7278874756175362,0.49158287922484656,0.931903150061761,24630.704160004545
Uganda (national),Reference,pasture,2021-12,2021,12,0.5326806866340258,0.30587514875360694,0.9600737605781322,123950.34640055614
Karamoja,Focus region,pasture,2021-12,2021,12,0.3363884912098494,0.170377991801249,0.9999374391517497,24765.78560836989
Lake Victoria basin,Focus region,pasture,2021-12,2021,12,0.7104140665967763,0.4529244521420105,0.8449252816425389,20187.901015491654
Northern,Admin region,pasture,2021-12,2021,12,0.42826304930711323,0.22410010282059398,0.9995574950394195,60800.253680286456
Eastern,Admin region,pasture,2021-12,2021,12,0.5220718295494373,0.30167010163284996,0.9960487316387596,14882.637672862964
Central,Admin region,pasture,2021-12,2021,12,0.6799218939537917,0.41047256151755573,0.942075458714258,23592.281274019013
Western,Admin region,pasture,2021-12,2021,12,0.68547831321817,0.4338581224098018,0.8572719473224673,24630.704160004545
Uganda (national),Reference,pasture,2022-01,2022,1,0.46561597857249737,0.2562981123697692,0.9874728701778004,123950.34640055614
Karamoja,Focus region,pasture,2022-01,2022,1,0.3202419220411645,0.15769643189747695,0.9999956854587414,24765.78560836989
Lake Victoria basin,Focus region,pasture,2022-01,2022,1,0.626195296614727,0.3781275887050528,0.9570528863043474,20187.901015491654
Northern,Admin region,pasture,2022-01,2022,1,0.3739385944461271,0.18601264477325294,0.9999982425510864,60800.253680286456
Eastern,Admin region,pasture,2022-01,2022,1,0.4531041983122667,0.26080878313278116,0.9941222632480688,14882.637672862964
Central,Admin region,pasture,2022-01,2022,1,0.5736079800070063,0.3354127766735287,0.980522514223403,23592.281274019013
Western,Admin region,pasture,2022-01,2022,1,0.6036220311999182,0.3569139797572472,0.9584152610844385,24630.704160004545
Uganda (national),Reference,pasture,2022-02,2022,2,0.4287686350943711,0.24355872682250526,0.9873102296378109,123950.34640055614
Karamoja,Focus region,pasture,2022-02,2022,2,0.2998052605411458,0.1528317012326424,0.9999848991055947,24765.78560836989
Lake Victoria basin,Focus region,pasture,2022-02,2022,2,0.5779379749632247,0.35138338816176623,0.9667602852100147,20187.901015491654
Northern,Admin region,pasture,2022-02,2022,2,0.3482428722276859,0.1828530718444549,0.9998068219046105,60800.253680286456
Eastern,Admin region,pasture,2022-02,2022,2,0.44035320321430205,0.26268093235196205,0.9873497161581872,14882.637672862964
Central,Admin region,pasture,2022-02,2022,2,0.5294988786379493,0.3079228628086055,0.9731152254190369,23592.281274019013
Western,Admin region,pasture,2022-02,2022,2,0.5296448421142931,0.32438489429430867,0.9693710564324157,24630.704160004545
Uganda (national),Reference,pasture,2022-03,2022,3,0.4205226880772103,0.24407992689431404,0.8851352589266724,123950.34640055614
Karamoja,Focus region,pasture,2022-03,2022,3,0.28498874101499094,0.15655474379121823,0.9233740264227075,24765.78560836989
Lake Victoria basin,Focus region,pasture,2022-03,2022,3,0.582214920636382,0.3576846342858477,0.7216773498948145,20187.901015491654
Northern,Admin region,pasture,2022-03,2022,3,0.34341129832366957,0.19099046821999596,0.951269070573521,60800.253680286456
Eastern,Admin region,pasture,2022-03,2022,3,0.4258580006296111,0.25309905189915827,0.9571942994712551,14882.637672862964
Central,Admin region,pasture,2022-03,2022,3,0.5307138977302931,0.3174015294901254,0.8214346751366048,23592.281274019013
Western,Admin region,pasture,2022-03,2022,3,0.5436973187014479,0.32743551630753764,0.7384362286571726,24630.704160004545
Uganda (national),Reference,pasture,2022-04,2022,4,0.5828102184766635,0.3354088098851479,0.542106750932113,123950.34640055614
Karamoja,Focus region,pasture,2022-04,2022,4,0.41010769213316983,0.20356223864961803,0.6376274831675999,24765.78560836989
Lake Victoria basin,Focus region,pasture,2022-04,2022,4,0.6920616782705462,0.4425208324607248,0.5194772679442125,20187.901015491654
Northern,Admin region,pasture,2022-04,2022,4,0.5043774473821798,0.2651547061875137,0.5628963898026099,60800.253680286456
Eastern,Admin region,pasture,2022-04,2022,4,0.5728602659101748,0.32849182471061084,0.641880313785433,14882.637672862964
Central,Admin region,pasture,2022-04,2022,4,0.6954810157710865,0.43613349817336305,0.43170771515457274,23592.281274019013
Western,Admin region,pasture,2022-04,2022,4,0.707493958949125,0.44526540195366343,0.5337675425815412,24630.704160004545
Uganda (national),Reference,pasture,2022-05,2022,5,0.6660681194257078,0.43174102430115907,0.9388254349351931,123950.34640055614
Karamoja,Focus region,pasture,2022-05,2022,5,0.593989739131949,0.35306096905501017,0.9914649152629595,24765.78560836989
Lake Victoria basin,Focus region,pasture,2022-05,2022,5,0.6923543072623964,0.45908479429116306,0.8045719419780274,20187.901015491654
Northern,Admin region,pasture,2022-05,2022,5,0.6398720197707604,0.4042453098105739,0.9907839861406615,60800.253680286456
Eastern,Admin region,pasture,2022-05,2022,5,0.6438639320486477,0.40516235282099533,0.9689920196567431,14882.637672862964
Central,Admin region,pasture,2022-05,2022,5,0.711140216914201,0.4746930120965905,0.8574045975908485,23592.281274019013
Western,Admin region,pasture,2022-05,2022,5,0.7124588578445797,0.4864116607391949,0.8695843804027483,24630.704160004545
Uganda (national),Reference,pasture,2022-06,2022,6,0.6708668627654188,0.43094985745459685,0.9848575217231058,123950.34640055614
Karamoja,Focus region,pasture,2022-06,2022,6,0.6556219008526136,0.4177978063263134,0.9940013410101824,24765.78560836989
Lake Victoria basin,Focus region,pasture,2022-06,2022,6,0.6116779592369959,0.3860324146482164,0.9679586490581323,20187.901015491654
Northern,Admin region,pasture,2022-06,2022,6,0.6794757878119287,0.437080974469692,0.9952086463509227,60800.253680286456
Eastern,Admin region,pasture,2022-06,2022,6,0.6732244917836804,0.426787532687534,0.9727916448142268,14882.637672862964
Central,Admin region,pasture,2022-06,2022,6,0.6613737767451725,0.4207808797889837,0.9683052396128905,23592.281274019013
Western,Admin region,pasture,2022-06,2022,6,0.6574298492906824,0.4279079036095227,0.9823423763174813,24630.704160004545
Uganda (national),Reference,pasture,2022-07,2022,7,0.6190740280667256,0.3708501901357416,0.9342003111958207,123950.34640055614
Karamoja,Focus region,pasture,2022-07,2022,7,0.6453198457419376,0.390996354005971,0.880136324952771,24765.78560836989
Lake Victoria basin,Focus region,pasture,2022-07,2022,7,0.5071035208533764,0.29072950494443933,0.9707609785823077,20187.901015491654
Northern,Admin region,pasture,2022-07,2022,7,0.6642442420672892,0.4044182478242711,0.9222525896759239,60800.253680286456
Eastern,Admin region,pasture,2022-07,2022,7,0.6247752448125142,0.37244484094293184,0.9319967089539386,14882.637672862964
Central,Admin region,pasture,2022-07,2022,7,0.565544801711157,0.3260996565095416,0.9286444605718924,23592.281274019013
Western,Admin region,pasture,2022-07,2022,7,0.5590973767305982,0.3323782926365801,0.9698898826889563,24630.704160004545
Uganda (national),Reference,pasture,2022-08,2022,8,0.6369821809469072,0.38750372417919765,0.9481668909312712,123950.34640055614
Karamoja,Focus region,pasture,2022-08,2022,8,0.6602260519674494,0.39940792199307673,0.9572716174358191,24765.78560836989
Lake Victoria basin,Focus region,pasture,2022-08,2022,8,0.5199360909409456,0.30034050568999904,0.9367471509670593,20187.901015491654
Northern,Admin region,pasture,2022-08,2022,8,0.6801475106950691,0.4252548130961129,0.9589818866873651,60800.253680286456
Eastern,Admin region,pasture,2022-08,2022,8,0.6204111658862378,0.36321492210887785,0.9450680940911449,14882.637672862964
Central,Admin region,pasture,2022-08,2022,8,0.5915824988352449,0.34658362349831157,0.9231683894296165,23592.281274019013
Western,Admin region,pasture,2022-08,2022,8,0.5814794087529068,0.3459332737072136,0.946693802540196,24630.704160004545
Uganda (national),Reference,pasture,2022-09,2022,9,0.6691752633512081,0.4380406608718646,0.9705530512794449,123950.34640055614
Karamoja,Focus region,pasture,2022-09,2022,9,0.6064072190924914,0.3711930863965221,0.9922375565436494,24765.78560836989
Lake Victoria basin,Focus region,pasture,2022-09,2022,9,0.6500076693090856,0.42748313597206244,0.945319398181659,20187.901015491654
Northern,Admin region,pasture,2022-09,2022,9,0.6638611001044155,0.42867478351323385,0.986515745775669,60800.253680286456
Eastern,Admin region,pasture,2022-09,2022,9,0.6431902351022006,0.41772867954150544,0.9402489597933645,14882.637672862964
Central,Admin region,pasture,2022-09,2022,9,0.6810827338474672,0.44675530929553736,0.9568119507250302,23592.281274019013
Western,Admin region,pasture,2022-09,2022,9,0.6867924814191971,0.4654717897638322,0.9619712730252596,24630.704160004545
Uganda (national),Reference,pasture,2022-10,2022,10,0.6511798882890064,0.42712641261154627,0.9624125017939351,123950.34640055614
Karamoja,Focus region,pasture,2022-10,2022,10,0.4862971678725416,0.2745391807003532,0.9915660447261082,24765.78560836989
Lake Victoria basin,Focus region,pasture,2022-10,2022,10,0.6930929679032635,0.4716109089372521,0.9105484983521928,20187.901015491654
Northern,Admin region,pasture,2022-10,2022,10,0.6110417604425097,0.38501819446211155,0.994221487296141,60800.253680286456
Eastern,Admin region,pasture,2022-10,2022,10,0.6463811474299954,0.41075165621412507,0.9596075971668399,14882.637672862964
Central,Admin region,pasture,2022-10,2022,10,0.700719371424026,0.4811750944766953,0.9275756123323311,23592.281274019013
Western,Admin region,pasture,2022-10,2022,10,0.7135739185924991,0.4975321256482843,0.9181252614067327,24630.704160004545
Uganda (national),Reference,pasture,2022-11,2022,11,0.6260870803781075,0.3982964319704425,0.9231744691741622,123950.34640055614
Karamoja,Focus region,pasture,2022-11,2022,11,0.36636358738028824,0.18959257422462808,0.9415967452251288,24765.78560836989
Lake Victoria basin,Focus region,pasture,2022-11,2022,11,0.7385328434379701,0.5205332955899602,0.844011491847692,20187.901015491654
Northern,Admin region,pasture,2022-11,2022,11,0.5462742818165458,0.32052937181117597,0.9684291670398231,60800.253680286456
Eastern,Admin region,pasture,2022-11,2022,11,0.6324415193530456,0.4078261874308793,0.9451637931720155,14882.637672862964
Central,Admin region,pasture,2022-11,2022,11,0.730124617719554,0.5036987400236705,0.8690609400058487,23592.281274019013
Western,Admin region,pasture,2022-11,2022,11,0.7443151280969903,0.5071095579955481,0.8488568993144735,24630.704160004545
Uganda (national),Reference,pasture,2022-12,2022,12,0.5875895735670754,0.3542175350874904,0.9804945447173291,123950.34640055614
Karamoja,Focus region,pasture,2022-12,2022,12,0.352471803185107,0.1656896571473282,0.999993528188112,24765.78560836989
Lake Victoria basin,Focus region,pasture,2022-12,2022,12,0.7318805791490909,0.4993397461307218,0.928954983904977,20187.901015491654
Northern,Admin region,pasture,2022-12,2022,12,0.4847126535309106,0.25904084780588277,0.9999666084706412,60800.253680286456
Eastern,Admin region,pasture,2022-12,2022,12,0.615560339313803,0.37788888509418816,0.9846189841327179,14882.637672862964
Central,Admin region,pasture,2022-12,2022,12,0.7155548490550219,0.4750840230345008,0.9739058232274738,23592.281274019013
Western,Admin region,pasture,2022-12,2022,12,0.7135214700561967,0.4694381486417255,0.9357185963959662,24630.704160004545
Uganda (national),Reference,pasture,2023-01,2023,1,0.4941076883847548,0.27607847530690466,0.9934221401052581,123950.34640055614
Karamoja,Focus region,pasture,2023-01,2023,1,0.311909442474136,0.15280377083713295,0.9998511483265768,24765.78560836989
Lake Victoria basin,Focus region,pasture,2023-01,2023,1,0.6699865982117281,0.41458441509017635,0.993335377583981,20187.901015491654
Northern,Admin region,pasture,2023-01,2023,1,0.3846283817420139,0.194898153865548,0.999445521421774,60800.253680286456
Eastern,Admin region,pasture,2023-01,2023,1,0.5204964167782594,0.29510055469607416,0.9951215007384019,14882.637672862964
Central,Admin region,pasture,2023-01,2023,1,0.6323123308218884,0.3746685924440782,0.9974844857379581,23592.281274019013
Western,Admin region,pasture,2023-01,2023,1,0.6196600510469795,0.37330306250569795,0.9728826157784883,24630.704160004545
Uganda (national),Reference,pasture,2023-02,2023,2,0.4088233114731169,0.23056368719756434,0.9925176781790122,123950.34640055614
Karamoja,Focus region,pasture,2023-02,2023,2,0.2675050489836217,0.13327017686082931,1.0,24765.78560836989
Lake Victoria basin,Focus region,pasture,2023-02,2023,2,0.5597781958540946,0.3584587097117849,0.9864406238951691,20187.901015491654
Northern,Admin region,pasture,2023-02,2023,2,0.32069273438327495,0.1636900499201924,0.9999973638266295,60800.253680286456
Eastern,Admin region,pasture,2023-02,2023,2,0.4245590795461412,0.2350855082938995,0.9968735484741957,14882.637672862964
Central,Admin region,pasture,2023-02,2023,2,0.5167128502972124,0.31910375974752014,0.9934226936995046,23592.281274019013
Western,Admin region,pasture,2023-02,2023,2,0.5175599058843586,0.31111283275651314,0.9697603356131775,24630.704160004545
Uganda (national),Reference,pasture,2023-03,2023,3,0.5764030759693294,0.3506197007841806,0.9321475042870834,123950.34640055614
Karamoja,Focus region,pasture,2023-03,2023,3,0.46058142650634515,0.25559362254547136,0.9655467045326599,24765.78560836989
Lake Victoria basin,Focus region,pasture,2023-03,2023,3,0.6847856484170949,0.4638018318207895,0.8143017469002877,20187.901015491654
Northern,Admin region,pasture,2023-03,2023,3,0.5198248275967148,0.2967465547607942,0.975028363588626,60800.253680286456
Eastern,Admin region,pasture,2023-03,2023,3,0.5509417795119358,0.3239921886795436,0.957389428179691,14882.637672862964
Central,Admin region,pasture,2023-03,2023,3,0.6729809454403932,0.43590479986385716,0.864254755022621,23592.281274019013
Western,Admin region,pasture,2023-03,2023,3,0.6578609546812038,0.4360319431479335,0.8752996690527287,24630.704160004545
Uganda (national),Reference,pasture,2023-04,2023,4,0.6591606858266233,0.41144950322022134,0.75604357126882,123950.34640055614
Karamoja,Focus region,pasture,2023-04,2023,4,0.5296932607343674,0.29500767393487004,0.8810019572874124,24765.78560836989
Lake Victoria basin,Focus region,pasture,2023-04,2023,4,0.7377864171428671,0.5283794909424955,0.4602564225902171,20187.901015491654
Northern,Admin region,pasture,2023-04,2023,4,0.61743317083684,0.362504499308086,0.8615470891016985,60800.253680286456
Eastern,Admin region,pasture,2023-04,2023,4,0.6359371806328225,0.3843065223191382,0.8323465004973243,14882.637672862964
Central,Admin region,pasture,2023-04,2023,4,0.7493218276139683,0.5148266534422412,0.5919780985926892,23592.281274019013
Western,Admin region,pasture,2023-04,2023,4,0.7414963372685,0.5094599381803434,0.6047526543562127,24630.704160004545
Uganda (national),Reference,pasture,2023-05,2023,5,0.718963463860777,0.4757758637629137,0.9832222152102996,123950.34640055614
Karamoja,Focus region,pasture,2023-05,2023,5,0.6544791473254545,0.4066669478362191,0.9931577212958455,24765.78560836989
Lake Victoria basin,Focus region,pasture,2023-05,2023,5,0.7389775336291735,0.5109343902971991,0.9850161761788303,20187.901015491654
Northern,Admin region,pasture,2023-05,2023,5,0.6994622334307588,0.44560709870930687,0.9926905356417237,60800.253680286456
Eastern,Admin region,pasture,2023-05,2023,5,0.6949940994937596,0.454079345001484,0.9564483590627261,14882.637672862964
Central,Admin region,pasture,2023-05,2023,5,0.7571715491008325,0.5261215763093829,0.9792816521054741,23592.281274019013
Western,Admin region,pasture,2023-05,2023,5,0.7458489558493222,0.5161289248688246,0.9793738089037393,24630.704160004545
Uganda (national),Reference,pasture,2023-06,2023,6,0.6837579663825074,0.43275842742605,0.9716394975238938,123950.34640055614
Karamoja,Focus region,pasture,2023-06,2023,6,0.6282214774690824,0.3831394424536682,0.9839283253516717,24765.78560836989
Lake Victoria basin,Focus region,pasture,2023-06,2023,6,0.6708968968731258,0.4161677262361795,0.9737259203686432,20187.901015491654
Northern,Admin region,pasture,2023-06,2023,6,0.6751069812970686,0.4257076346259218,0.9857863355569508,60800.253680286456
Eastern,Admin region,pasture,2023-06,2023,6,0.6778514236180289,0.4277833273093897,0.9467294121158164,14882.637672862964
Central,Admin region,pasture,2023-06,2023,6,0.7160245047788688,0.45888392716633236,0.9722769929981294,23592.281274019013
Western,Admin region,pasture,2023-06,2023,6,0.6782744609437463,0.4283538101400326,0.9505693610992554,24630.704160004545
Uganda (national),Reference,pasture,2023-07,2023,7,0.627151112221648,0.38816685316711386,0.9841247349833503,123950.34640055614
Karamoja,Focus region,pasture,2023-07,2023,7,0.6097528238037531,0.3755753585433499,0.9728487610570588,24765.78560836989
Lake Victoria basin,Focus region,pasture,2023-07,2023,7,0.5380579867816904,0.31925635529482216,0.9904823621010087,20187.901015491654
Northern,Admin region,pasture,2023-07,2023,7,0.6582349721487617,0.412338956945984,0.9872524028866726,60800.253680286456
Eastern,Admin region,pasture,2023-07,2023,7,0.6407874148874183,0.3958080934799149,0.9643174334852326,14882.637672862964
Central,Admin region,pasture,2023-07,2023,7,0.5945652792632805,0.36469523824973493,0.9831760392073711,23592.281274019013
Western,Admin region,pasture,2023-07,2023,7,0.5739268727010078,0.3466280956027001,0.9889810302507223,24630.704160004545
Uganda (national),Reference,pasture,2023-08,2023,8,0.5852117480361811,0.3562327549967277,0.9867118791140973,123950.34640055614
Karamoja,Focus region,pasture,2023-08,2023,8,0.5106681954145111,0.3038957052161533,0.999342032458057,24765.78560836989
Lake Victoria basin,Focus region,pasture,2023-08,2023,8,0.5095254074579866,0.31352022104591254,0.9664921394681236,20187.901015491654
Northern,Admin region,pasture,2023-08,2023,8,0.6073241967107532,0.36947447450967225,0.9992991362652042,60800.253680286456
Eastern,Admin region,pasture,2023-08,2023,8,0.5910440618269005,0.35824326661621075,0.9778231809555169,14882.637672862964
Central,Admin region,pasture,2023-08,2023,8,0.5670232463622038,0.34187326038486765,0.9912903965202294,23592.281274019013
Western,Admin region,pasture,2023-08,2023,8,0.5429040014699363,0.33515326310940596,0.9562140495700528,24630.704160004545
Uganda (national),Reference,pasture,2023-09,2023,9,0.6230791918027159,0.39730347100632424,0.9687259212197589,123950.34640055614
Karamoja,Focus region,pasture,2023-09,2023,9,0.49781990317233255,0.2848769969145039,0.9772900736897423,24765.78560836989
Lake Victoria basin,Focus region,pasture,2023-09,2023,9,0.613635083812007,0.4043474110769024,0.9311064803959758,20187.901015491654
Northern,Admin region,pasture,2023-09,2023,9,0.6062107914355254,0.3782067720545322,0.9883273826974613,60800.253680286456
Eastern,Admin region,pasture,2023-09,2023,9,0.6150499459558588,0.3827308545350094,0.9470349650064165,14882.637672862964
Central,Admin region,pasture,2023-09,2023,9,0.6602203545736408,0.42687048092755575,0.9813218503723826,23592.281274019013
Western,Admin region,pasture,2023-09,2023,9,0.6348248769840953,0.42681153490561535,0.9205082726355379,24630.704160004545
Uganda (national),Reference,pasture,2023-10,2023,10,0.6807119209070672,0.4434508150254346,0.9623919224073796,123950.34640055614
Karamoja,Focus region,pasture,2023-10,2023,10,0.5228086229976102,0.27929336694683227,0.9619489185555807,24765.78560836989
Lake Victoria basin,Focus region,pasture,2023-10,2023,10,0.7246648431871299,0.5079908657662957,0.974714939998732,20187.901015491654
Northern,Admin region,pasture,2023-10,2023,10,0.6321407851228421,0.3880294620337935,0.9699742334212017,60800.253680286456
Eastern,Admin region,pasture,2023-10,2023,10,0.679357373872153,0.4428968399252141,0.919008719132278,14882.637672862964
Central,Admin region,pasture,2023-10,2023,10,0.7406431212953178,0.514706865543638,0.9803119148880658,23592.281274019013
Western,Admin region,pasture,2023-10,2023,10,0.744772119292699,0.512764966302325,0.9518492572873908,24630.704160004545
Uganda (national),Reference,pasture,2023-11,2023,11,0.6913776030122931,0.44306151203885163,0.941086851747105,123950.34640055614
Karamoja,Focus region,pasture,2023-11,2023,11,0.5549452464669368,0.30244849004219804,0.9874432213772761,24765.78560836989
Lake Victoria basin,Focus region,pasture,2023-11,2023,11,0.7685174976918535,0.5551601234564507,0.8385693620378172,20187.901015491654
Northern,Admin region,pasture,2023-11,2023,11,0.63392577556084,0.3715839101552906,0.9891776606037195,60800.253680286456
Eastern,Admin region,pasture,2023-11,2023,11,0.6972097412140238,0.4349006406172203,0.9376010177494486,14882.637672862964
Central,Admin region,pasture,2023-11,2023,11,0.7718418114679568,0.5369931434571871,0.9289035470407293,23592.281274019013
Western,Admin region,pasture,2023-11,2023,11,0.7701489360175072,0.557647072078272,0.8351703230598702,24630.704160004545
Uganda (national),Reference,pasture,2023-12,2023,12,0.6282777480840478,0.3746617062998828,0.9669107905904755,123950.34640055614
Karamoja,Focus region,pasture,2023-12,2023,12,0.4445127055379778,0.22800017590630622,0.9994834478927226,24765.78560836989
Lake Victoria basin,Focus region,pasture,2023-12,2023,12,0.7458482793156357,0.49076631882724103,0.8908052484708413,20187.901015491654
Northern,Admin region,pasture,2023-12,2023,12,0.5442216003811541,0.29542054653025646,0.9995517643775699,60800.253680286456
Eastern,Admin region,pasture,2023-12,2023,12,0.6599466517434739,0.40115165032553307,0.9763838656530185,14882.637672862964
Central,Admin region,pasture,2023-12,2023,12,0.7338659993001975,0.47277571937477414,0.9610332085979625,23592.281274019013
Western,Admin region,pasture,2023-12,2023,12,0.731697065692146,0.47572405399909223,0.885520091233124,24630.704160004545
Uganda (national),Reference,pasture,2024-01,2024,1,0.5370221568826871,0.31467939176475335,0.9826723999231823,123950.34640055614
Karamoja,Focus region,pasture,2024-01,2024,1,0.38107638961254675,0.1937540671838388,0.9814618205524932,24765.78560836989
Lake Victoria basin,Focus region,pasture,2024-01,2024,1,0.6764229158721102,0.4331779275804394,0.9706461256941001,20187.901015491654
Northern,Admin region,pasture,2024-01,2024,1,0.43774819637109813,0.23063097828203621,0.9912414673227684,60800.253680286456
Eastern,Admin region,pasture,2024-01,2024,1,0.59994569852843,0.35841749391340955,0.9649265543340402,14882.637672862964
Central,Admin region,pasture,2024-01,2024,1,0.6530753830196188,0.41602296295840296,0.9995765368203433,23592.281274019013
Western,Admin region,pasture,2024-01,2024,1,0.6367442373610306,0.4015994365095502,0.9555198541696309,24630.704160004545
Uganda (national),Reference,pasture,2024-02,2024,2,0.5282017889023137,0.30039508409210663,0.9832111014964103,123950.34640055614
Karamoja,Focus region,pasture,2024-02,2024,2,0.36192955637606034,0.17214759109079544,0.9940024661748637,24765.78560836989
Lake Victoria basin,Focus region,pasture,2024-02,2024,2,0.6839737374771583,0.4322819061860902,0.9915976192419091,20187.901015491654
Northern,Admin region,pasture,2024-02,2024,2,0.42539939065151405,0.21696358166012314,0.9899352830464688,60800.253680286456
Eastern,Admin region,pasture,2024-02,2024,2,0.5726105063363572,0.3314208337756661,0.987261435938102,14882.637672862964
Central,Admin region,pasture,2024-02,2024,2,0.658381554058301,0.4086768788439779,0.9895444423341587,23592.281274019013
Western,Admin region,pasture,2024-02,2024,2,0.634141447457868,0.3867852487828339,0.9572736221628627,24630.704160004545
Uganda (national),Reference,pasture,2024-03,2024,3,0.5523273189858099,0.3283639330129309,0.9815738815654866,123950.34640055614
Karamoja,Focus region,pasture,2024-03,2024,3,0.3790217617842223,0.19163335209820762,0.9966260456555112,24765.78560836989
Lake Victoria basin,Focus region,pasture,2024-03,2024,3,0.6809846282295684,0.4386748183917923,0.9686525298712207,20187.901015491654
Northern,Admin region,pasture,2024-03,2024,3,0.46606246610859475,0.2569384192471269,0.9934903058445959,60800.253680286456
Eastern,Admin region,pasture,2024-03,2024,3,0.5613274573336504,0.3386375694956523,0.9912825007163707,14882.637672862964
Central,Admin region,pasture,2024-03,2024,3,0.6679860740272847,0.4181704951123422,0.9709577078260001,23592.281274019013
Western,Admin region,pasture,2024-03,2024,3,0.6556082068536345,0.41770324309857415,0.9562212201665653,24630.704160004545
Uganda (national),Reference,pasture,2024-04,2024,4,0.706488579714053,0.4587663015078065,0.9647794709978675,123950.34640055614
Karamoja,Focus region,pasture,2024-04,2024,4,0.638213467173461,0.3867784806279085,0.9935127911216622,24765.78560836989
Lake Victoria basin,Focus region,pasture,2024-04,2024,4,0.7489817877245044,0.5169726278895432,0.8939134580010741,20187.901015491654
Northern,Admin region,pasture,2024-04,2024,4,0.6808817412509662,0.4239692898411631,0.9934131676212007,60800.253680286456
Eastern,Admin region,pasture,2024-04,2024,4,0.6859097961352549,0.4316027186667737,0.9596496749180493,14882.637672862964
Central,Admin region,pasture,2024-04,2024,4,0.7490727084416317,0.5155201087461122,0.9333209646740772,23592.281274019013
Western,Admin region,pasture,2024-04,2024,4,0.7465081448573261,0.5133038446209132,0.92683246656586,24630.704160004545
Uganda (national),Reference,pasture,2024-05,2024,5,0.7321887307984273,0.4789018692996993,0.9324034679080693,123950.34640055614
Karamoja,Focus region,pasture,2024-05,2024,5,0.7065540243369849,0.446103204739876,0.9176483679160595,24765.78560836989
Lake Victoria basin,Focus region,pasture,2024-05,2024,5,0.7357964669102108,0.48422146871336413,0.9041811318571039,20187.901015491654
Northern,Admin region,pasture,2024-05,2024,5,0.7298545884183294,0.465438550494432,0.9560835777505413,60800.253680286456
Eastern,Admin region,pasture,2024-05,2024,5,0.6926226141368895,0.4595706729851691,0.9229238504619507,14882.637672862964
Central,Admin region,pasture,2024-05,2024,5,0.7529627671741718,0.5092535418129125,0.907257665147554,23592.281274019013
Western,Admin region,pasture,2024-05,2024,5,0.7431365393122271,0.4967736583371081,0.9035447763050759,24630.704160004545
Uganda (national),Reference,pasture,2024-06,2024,6,0.6808616176245281,0.4317375887995765,0.9855392462297233,123950.34640055614
Karamoja,Focus region,pasture,2024-06,2024,6,0.6848742772627437,0.4295578186936385,0.9764959866010314,24765.78560836989
Lake Victoria basin,Focus region,pasture,2024-06,2024,6,0.6181546600392263,0.39916348192194023,0.999395525316116,20187.901015491654
Northern,Admin region,pasture,2024-06,2024,6,0.7014214135736406,0.44144957526604484,0.9866814938840934,60800.253680286456
Eastern,Admin region,pasture,2024-06,2024,6,0.6827121379892148,0.42021051585111985,0.9678322982708634,14882.637672862964
Central,Admin region,pasture,2024-06,2024,6,0.6756774553079463,0.4369204215703507,0.9917678793396439,23592.281274019013
Western,Admin region,pasture,2024-06,2024,6,0.6344068925978382,0.40951092044384224,0.9873596843767106,24630.704160004545
Uganda (national),Reference,pasture,2024-07,2024,7,0.6432762254414539,0.37622132302008754,0.9631776560633134,123950.34640055614
Karamoja,Focus region,pasture,2024-07,2024,7,0.6540859975548897,0.3955228393283622,0.9611367949924318,24765.78560836989
Lake Victoria basin,Focus region,pasture,2024-07,2024,7,0.5570928612536877,0.3165366988020858,0.9889166703430592,20187.901015491654
Northern,Admin region,pasture,2024-07,2024,7,0.6732795780003484,0.4024597683101668,0.9654473792796022,60800.253680286456
Eastern,Admin region,pasture,2024-07,2024,7,0.6565736369595536,0.3820109418521139,0.9310362973043,14882.637672862964
Central,Admin region,pasture,2024-07,2024,7,0.6263201886335342,0.3534828969573994,0.9663200289523246,23592.281274019013
Western,Admin region,pasture,2024-07,2024,7,0.5785594225879668,0.3305518400040557,0.9734472896212693,24630.704160004545
Uganda (national),Reference,pasture,2024-08,2024,8,0.6706199589466384,0.4045486160363227,0.9686273311680436,123950.34640055614
Karamoja,Focus region,pasture,2024-08,2024,8,0.6916001517786299,0.4155935769014671,0.9699051864330621,24765.78560836989
Lake Victoria basin,Focus region,pasture,2024-08,2024,8,0.565350559394882,0.3223930543950014,0.9671034117160969,20187.901015491654
Northern,Admin region,pasture,2024-08,2024,8,0.708088967895385,0.4336120022306868,0.9686211941784735,60800.253680286456
Eastern,Admin region,pasture,2024-08,2024,8,0.6554930793019204,0.3929938819409041,0.976624943434706,14882.637672862964
Central,Admin region,pasture,2024-08,2024,8,0.6459702853513243,0.38679763049370874,0.9671224466096051,23592.281274019013
Western,Admin region,pasture,2024-08,2024,8,0.6110149980334979,0.3565875990168778,0.9646230412735195,24630.704160004545
Uganda (national),Reference,pasture,2024-09,2024,9,0.6719993601378578,0.41183729832346677,0.979471925841728,123950.34640055614
Karamoja,Focus region,pasture,2024-09,2024,9,0.6365402949313557,0.3735125580239188,0.996894443961338,24765.78560836989
Lake Victoria basin,Focus region,pasture,2024-09,2024,9,0.6047657800449557,0.35717329119846863,0.964767146017395,20187.901015491654
Northern,Admin region,pasture,2024-09,2024,9,0.6854901589132797,0.4186445909519492,0.9950552899803286,60800.253680286456
Eastern,Admin region,pasture,2024-09,2024,9,0.6582490050144109,0.40971964438585967,0.9798580041307714,14882.637672862964
Central,Admin region,pasture,2024-09,2024,9,0.6667008813974877,0.4063398945215617,0.9703829044029184,23592.281274019013
Western,Admin region,pasture,2024-09,2024,9,0.6512112019413484,0.40078581369764754,0.9489642022301814,24630.704160004545
Uganda (national),Reference,pasture,2024-10,2024,10,0.6895187070733385,0.437956430702494,0.972996734689441,123950.34640055614
Karamoja,Focus region,pasture,2024-10,2024,10,0.589442708908398,0.34310732531452404,0.9843479102591323,24765.78560836989
Lake Victoria basin,Focus region,pasture,2024-10,2024,10,0.6996432286054597,0.44865338120292275,0.9496807775691013,20187.901015491654
Northern,Admin region,pasture,2024-10,2024,10,0.66534760396266,0.41004122697933504,0.9899100722695043,60800.253680286456
Eastern,Admin region,pasture,2024-10,2024,10,0.6837785048418397,0.44816264423705077,0.9484144789415215,14882.637672862964
Central,Admin region,pasture,2024-10,2024,10,0.7271249523857568,0.47685169527228727,0.9869059430333192,23592.281274019013
Western,Admin region,pasture,2024-10,2024,10,0.7185197335953988,0.46508868188987973,0.9321328388133857,24630.704160004545
Uganda (national),Reference,pasture,2024-11,2024,11,0.6872873858779086,0.4306471379508119,0.9878161089910679,123950.34640055614
Karamoja,Focus region,pasture,2024-11,2024,11,0.558601371780824,0.3179742871870926,0.997832941283941,24765.78560836989
Lake Victoria basin,Focus region,pasture,2024-11,2024,11,0.7526688651417718,0.49358160838198784,0.9760064252858922,20187.901015491654
Northern,Admin region,pasture,2024-11,2024,11,0.6336262704881358,0.3798352873319838,0.9983607584786995,60800.253680286456
Eastern,Admin region,pasture,2024-11,2024,11,0.6903785963183077,0.44362163537427746,0.9762873078425314,14882.637672862964
Central,Admin region,pasture,2024-11,2024,11,0.7628317429286532,0.4997881026532805,0.9912221149140977,23592.281274019013
Western,Admin region,pasture,2024-11,2024,11,0.7484579915009146,0.48411646737943537,0.9650356525375946,24630.704160004545
Uganda (national),Reference,pasture,2024-12,2024,12,0.6194093002545885,0.3719039209185412,0.9950479099528529,123950.34640055614
Karamoja,Focus region,pasture,2024-12,2024,12,0.465084655228165,0.24545340533598412,0.999939596422379,24765.78560836989
Lake Victoria basin,Focus region,pasture,2024-12,2024,12,0.7369888074839437,0.4668735882172524,0.9954162831880561,20187.901015491654
Northern,Admin region,pasture,2024-12,2024,12,0.5340429993057386,0.298074090205428,0.9998515575944076,60800.253680286456
Eastern,Admin region,pasture,2024-12,2024,12,0.6410260418358117,0.4015420655393788,0.9891097599336893,14882.637672862964
Central,Admin region,pasture,2024-12,2024,12,0.7306332591153213,0.4662645931948304,0.996442456389087,23592.281274019013
Western,Admin region,pasture,2024-12,2024,12,0.7125469534781022,0.44736871726057037,0.9848407040076343,24630.704160004545
Uganda (national),Reference,pasture,2025-01,2025,1,0.5017201936971978,0.28164768915490795,0.9928949410146183,123950.34640055614
Karamoja,Focus region,pasture,2025-01,2025,1,0.3631258833263953,0.16966701845589013,1.0,24765.78560836989
Lake Victoria basin,Focus region,pasture,2025-01,2025,1,0.6286749667361308,0.3976294909666515,0.9929049309187433,20187.901015491654
Northern,Admin region,pasture,2025-01,2025,1,0.41382150334802464,0.2063664136917164,1.0,60800.253680286456
Eastern,Admin region,pasture,2025-01,2025,1,0.5425948294526273,0.3122737868036318,0.9857958941884629,14882.637672862964
Central,Admin region,pasture,2025-01,2025,1,0.6219262719818389,0.38940587784419284,0.9984882848469546,23592.281274019013
Western,Admin region,pasture,2025-01,2025,1,0.5815627380776867,0.3479002031697635,0.9734256842652299,24630.704160004545
Uganda (national),Reference,pasture,2025-02,2025,2,0.42485277619006195,0.23708022016516833,0.9962325659318116,123950.34640055614
Karamoja,Focus region,pasture,2025-02,2025,2,0.3096115086653028,0.1627654721158434,1.0,24765.78560836989
Lake Victoria basin,Focus region,pasture,2025-02,2025,2,0.5493696364142707,0.3248065997930644,0.9941965407414287,20187.901015491654
Northern,Admin region,pasture,2025-02,2025,2,0.34812758809159633,0.1831515877944425,0.9999313113153036,60800.253680286456
Eastern,Admin region,pasture,2025-02,2025,2,0.43808936146718497,0.2561787341101056,0.997014351976236,14882.637672862964
Central,Admin region,pasture,2025-02,2025,2,0.5240168318947948,0.30473516449136834,0.9965301772507552,23592.281274019013
Western,Admin region,pasture,2025-02,2025,2,0.5129919467803984,0.2949344872393643,0.985799888249273,24630.704160004545
Uganda (national),Reference,pasture,2025-03,2025,3,0.5606889301824617,0.301605060892132,0.966358696780724,123950.34640055614
Karamoja,Focus region,pasture,2025-03,2025,3,0.4753642692216529,0.24318149587634164,0.9921831679441362,24765.78560836989
Lake Victoria basin,Focus region,pasture,2025-03,2025,3,0.6515183469932139,0.37997331223147013,0.9584503098116964,20187.901015491654
Northern,Admin region,pasture,2025-03,2025,3,0.5090929581060779,0.2619620953245958,0.9916220962976763,60800.253680286456
Eastern,Admin region,pasture,2025-03,2025,3,0.5577658026876566,0.30067154694915516,0.9566582551050598,14882.637672862964
Central,Admin region,pasture,2025-03,2025,3,0.6367751264507907,0.3630859619512324,0.9781506586351015,23592.281274019013
Western,Admin region,pasture,2025-03,2025,3,0.6242694442030964,0.34627154466960114,0.8974448527752771,24630.704160004545
Uganda (national),Reference,pasture,2025-04,2025,4,0.702705451958201,0.45228784011928436,0.92942651047394,123950.34640055614
Karamoja,Focus region,pasture,2025-04,2025,4,0.663443763998775,0.4258823207294394,0.9575575023235712,24765.78560836989
Lake Victoria basin,Focus region,pasture,2025-04,2025,4,0.7274260724116732,0.47845618005562823,0.8918094925688977,20187.901015491654
Northern,Admin region,pasture,2025-04,2025,4,0.6832562831063105,0.4379543116599679,0.9556551220433351,60800.253680286456
Eastern,Admin region,pasture,2025-04,2025,4,0.6822538462315798,0.4260148055533833,0.9040949929517303,14882.637672862964
Central,Admin region,pasture,2025-04,2025,4,0.7343182673612593,0.478650202633559,0.9340544080518904,23592.281274019013
Western,Admin region,pasture,2025-04,2025,4,0.7362408312019676,0.4807452220895809,0.8739820485519812,24630.704160004545
Uganda (national),Reference,pasture,2025-05,2025,5,0.71805910742949,0.4792600208619115,0.9709309158613849,123950.34640055614
Karamoja,Focus region,pasture,2025-05,2025,5,0.689855591088941,0.43703007258815985,0.9905192608777982,24765.78560836989
Lake Victoria basin,Focus region,pasture,2025-05,2025,5,0.7208661555302606,0.4932482370168102,0.9577488945993271,20187.901015491654
Northern,Admin region,pasture,2025-05,2025,5,0.7083205201152453,0.46238443214509384,0.9907943895490346,60800.253680286456
Eastern,Admin region,pasture,2025-05,2025,5,0.7032208932348318,0.454404889219368,0.9445548694086936,14882.637672862964
Central,Admin region,pasture,2025-05,2025,5,0.7389731202919243,0.5067290124548324,0.9754790086988494,23592.281274019013
Western,Admin region,pasture,2025-05,2025,5,0.7323460365915593,0.5117258959741859,0.9329858250746506,24630.704160004545
Uganda (national),Reference,pasture,2025-06,2025,6,0.6890922609875938,0.448136825519688,0.9873801505334371,123950.34640055614
Karamoja,Focus region,pasture,2025-06,2025,6,0.6598287479195801,0.4202841521418958,0.9938662704891325,24765.78560836989
Lake Victoria basin,Focus region,pasture,2025-06,2025,6,0.6553504727811909,0.41935840091231724,0.9915429377683423,20187.901015491654
Northern,Admin region,pasture,2025-06,2025,6,0.6920989188199026,0.4499764118945365,0.9958749744915767,60800.253680286456
Eastern,Admin region,pasture,2025-06,2025,6,0.6897805039769057,0.4474565918669467,0.9522402601584723,14882.637672862964
Central,Admin region,pasture,2025-06,2025,6,0.6888487298068149,0.45017887107573756,0.9923109352348387,23592.281274019013
Western,Admin region,pasture,2025-06,2025,6,0.6817600269098444,0.4420252909002483,0.9825724393351162,24630.704160004545
Uganda (national),Reference,pasture,2025-07,2025,7,0.6662475818174991,0.4097287116229482,0.980121042796309,123950.34640055614
Karamoja,Focus region,pasture,2025-07,2025,7,0.6539772434329562,0.40145880324864475,0.9834010630302112,24765.78560836989
Lake Victoria basin,Focus region,pasture,2025-07,2025,7,0.5782568471243883,0.3330607997935596,0.994744600832352,20187.901015491654
Northern,Admin region,pasture,2025-07,2025,7,0.6894158737482186,0.4315137682706631,0.9816685259270082,60800.253680286456
Eastern,Admin region,pasture,2025-07,2025,7,0.6712163352395508,0.41204326025273286,0.9468682447629988,14882.637672862964
Central,Admin region,pasture,2025-07,2025,7,0.6505472968845385,0.38749101301812805,0.98924375994347,23592.281274019013
Western,Admin region,pasture,2025-07,2025,7,0.6217434499809404,0.3762422426996682,0.9873989738017281,24630.704160004545
Uganda (national),Reference,pasture,2025-08,2025,8,0.6689004111506176,0.4009536667857572,0.9721942941212518,123950.34640055614
Karamoja,Focus region,pasture,2025-08,2025,8,0.6695221817103983,0.4016137502848977,0.9563121142192061,24765.78560836989
Lake Victoria basin,Focus region,pasture,2025-08,2025,8,0.5618549288628966,0.31139793031079244,0.9895030977537351,20187.901015491654
Northern,Admin region,pasture,2025-08,2025,8,0.7020583978678588,0.43332324201646194,0.9690900505348232,60800.253680286456
Eastern,Admin region,pasture,2025-08,2025,8,0.6622401761458274,0.4106829837294924,0.9461789945866951,14882.637672862964
Central,Admin region,pasture,2025-08,2025,8,0.6310882440485802,0.3538040274217674,0.9933966918081334,23592.281274019013
Western,Admin region,pasture,2025-08,2025,8,0.6285657554014278,0.36215707076769243,0.975390266094712,24630.704160004545
Uganda (national),Reference,pasture,2025-09,2025,9,0.6647833377897164,0.4242011102498574,0.972552546167487,123950.34640055614
Karamoja,Focus region,pasture,2025-09,2025,9,0.6344596255478293,0.3650833519447916,0.9760303122410666,24765.78560836989
Lake Victoria basin,Focus region,pasture,2025-09,2025,9,0.5976570159343891,0.3707301807659192,0.9684652076852496,20187.901015491654
Northern,Admin region,pasture,2025-09,2025,9,0.6747369180724003,0.4324457327463914,0.9784706994516075,60800.253680286456
Eastern,Admin region,pasture,2025-09,2025,9,0.6601388212410073,0.4120072561718824,0.9743861930918299,14882.637672862964
Central,Admin region,pasture,2025-09,2025,9,0.64369994884618,0.4116005169686001,0.982008174202513,23592.281274019013
Western,Admin region,pasture,2025-09,2025,9,0.6634726913305797,0.4231099882762738,0.9469472401713726,24630.704160004545
Uganda (national),Reference,pasture,2025-10,2025,10,0.6911563798120872,0.4270045185416852,0.9618279424172366,123950.34640055614
Karamoja,Focus region,pasture,2025-10,2025,10,0.6091094467630868,0.3504205548434148,0.9863289191882106,24765.78560836989
Lake Victoria basin,Focus region,pasture,2025-10,2025,10,0.6913657798331511,0.4437803656285073,0.9729760089471302,20187.901015491654
Northern,Admin region,pasture,2025-10,2025,10,0.6714584002606948,0.40575054508778297,0.9795136178806464,60800.253680286456
Eastern,Admin region,pasture,2025-10,2025,10,0.6904704652819151,0.4252821382522706,0.9576242273809036,14882.637672862964
Central,Admin region,pasture,2025-10,2025,10,0.7111326739451067,0.45153316526394305,0.9707310437975307,23592.281274019013
Western,Admin region,pasture,2025-10,2025,10,0.7237036594904992,0.4592050568693812,0.911350374645805,24630.704160004545
Uganda (national),Reference,pasture,2025-11,2025,11,0.6334407447763175,0.39382104738693824,0.9859558879539196,123950.34640055614
Karamoja,Focus region,pasture,2025-11,2025,11,0.505032091183138,0.26043694214341895,0.9996462076167913,24765.78560836989
Lake Victoria basin,Focus region,pasture,2025-11,2025,11,0.6952433534222066,0.475729824243673,0.9833216731758792,20187.901015491654
Northern,Admin region,pasture,2025-11,2025,11,0.5855048428568169,0.3390471594396798,0.9998407337766866,60800.253680286456
Eastern,Admin region,pasture,2025-11,2025,11,0.6377640102977262,0.3999523468933436,0.9736971118459429,14882.637672862964
Central,Admin region,pasture,2025-11,2025,11,0.6863107180211586,0.45940887351906606,0.9818419503627979,23592.281274019013
Western,Admin region,pasture,2025-11,2025,11,0.7020336553467259,0.46602706417629386,0.9629094813582398,24630.704160004545
Uganda (national),Reference,pasture,2025-12,2025,12,0.5795387406809147,0.3349469900048487,0.9743077607790918,123950.34640055614
Karamoja,Focus region,pasture,2025-12,2025,12,0.441583449290718,0.2140832013302256,1.0,24765.78560836989
Lake Victoria basin,Focus region,pasture,2025-12,2025,12,0.6926108732976506,0.44064682297315355,0.9189910106833113,20187.901015491654
Northern,Admin region,pasture,2025-12,2025,12,0.49746861194060166,0.2632002217747294,0.9999191504580168,60800.253680286456
Eastern,Admin region,pasture,2025-12,2025,12,0.6174575823344045,0.3600164921645414,0.9833340712307771,14882.637672862964
Central,Admin region,pasture,2025-12,2025,12,0.687691112594642,0.424588784023969,0.9790312062924789,23592.281274019013
Western,Admin region,pasture,2025-12,2025,12,0.666954821570268,0.42165566854452,0.9005745842366076,24630.704160004545
Uganda (national),Reference,pasture,2026-01,2026,1,0.49160548215063943,0.2871134691860811,0.9928674263325362,123950.34640055614
Karamoja,Focus region,pasture,2026-01,2026,1,0.37256969608261514,0.18985238116232778,1.0,24765.78560836989
Lake Victoria basin,Focus region,pasture,2026-01,2026,1,0.6297546468484129,0.4103003142602156,0.9898287581523937,20187.901015491654
Northern,Admin region,pasture,2026-01,2026,1,0.40044073838259214,0.2129932369027253,0.9999365629861748,60800.253680286456
Eastern,Admin region,pasture,2026-01,2026,1,0.5199699720150455,0.31194221362397084,0.9930500618954007,14882.637672862964
Central,Admin region,pasture,2026-01,2026,1,0.6205545667349697,0.38374513319204206,0.9984913752356832,23592.281274019013
Western,Admin region,pasture,2026-01,2026,1,0.5790957954901769,0.3651236161270245,0.9693616317337973,24630.704160004545
Uganda (national),Reference,pasture,2026-02,2026,2,0.5459382579009938,0.31611155575431155,0.9649195359085487,123950.34640055614
Karamoja,Focus region,pasture,2026-02,2026,2,0.459543653614413,0.24030965104754368,0.9896429437086286,24765.78560836989
Lake Victoria basin,Focus region,pasture,2026-02,2026,2,0.6539154132024362,0.4041139153702571,0.9020362253709855,20187.901015491654
Northern,Admin region,pasture,2026-02,2026,2,0.48427510946246327,0.257307851485281,0.9957601544958867,60800.253680286456
Eastern,Admin region,pasture,2026-02,2026,2,0.5690501929470126,0.33308269975728416,0.9604536710796688,14882.637672862964
Central,Admin region,pasture,2026-02,2026,2,0.6379481341615545,0.40496100162429166,0.946142969747945,23592.281274019013
Western,Admin region,pasture,2026-02,2026,2,0.6062518458296453,0.3755989366205032,0.9084334389293691,24630.704160004545
Uganda (national),Reference,pasture,2026-03,2026,3,0.6659824318033651,0.40087065921232473,0.963326136971174,123950.34640055614
Karamoja,Focus region,pasture,2026-03,2026,3,0.6418187443647626,0.3649688382107741,0.988271021106998,24765.78560836989
Lake Victoria basin,Focus region,pasture,2026-03,2026,3,0.7071695784536272,0.4540954016876199,0.9739093715753702,20187.901015491654
Northern,Admin region,pasture,2026-03,2026,3,0.6449243460342728,0.37232005346932356,0.9859063968855774,60800.253680286456
Eastern,Admin region,pasture,2026-03,2026,3,0.6597712294961786,0.4041103816878964,0.9718631187806774,14882.637672862964
Central,Admin region,pasture,2026-03,2026,3,0.7009682209436803,0.4288267691911775,0.9684613131241089,23592.281274019013
Western,Admin region,pasture,2026-03,2026,3,0.6915230142725545,0.44735541718092936,0.8964202825604605,24630.704160004545
Uganda (national),Reference,pasture,2026-04,2026,4,0.6904765146598105,0.4111081619444066,0.6622305267723748,123950.34640055614
Karamoja,Focus region,pasture,2026-04,2026,4,0.5926406080256279,0.3321046305971814,0.7193877100833679,24765.78560836989
Lake Victoria basin,Focus region,pasture,2026-04,2026,4,0.7522872156417462,0.440841202514974,0.7386148870368863,20187.901015491654
Northern,Admin region,pasture,2026-04,2026,4,0.6515392129098134,0.3853011513224004,0.7143736408824826,60800.253680286456
Eastern,Admin region,pasture,2026-04,2026,4,0.687959021668432,0.4219873535075903,0.6313741088656585,14882.637672862964
Central,Admin region,pasture,2026-04,2026,4,0.7514496915700655,0.4482439216336394,0.5941851689705114,23592.281274019013
Western,Admin region,pasture,2026-04,2026,4,0.7474256518704486,0.4436631247504798,0.6154697955804135,24630.704160004545
Uganda (national),Reference,pasture,2026-05,2026,5,0.711863802613875,0.4618216763044418,0.9752580551543277,123950.34640055614
Karamoja,Focus region,pasture,2026-05,2026,5,0.6634293593151084,0.4065932541194664,0.9985800506322414,24765.78560836989
Lake Victoria basin,Focus region,pasture,2026-05,2026,5,0.7189668655799638,0.4763483408117636,0.9559372140450292,20187.901015491654
Northern,Admin region,pasture,2026-05,2026,5,0.6989914180307931,0.4428436552829825,0.9973534680189114,60800.253680286456
Eastern,Admin region,pasture,2026-05,2026,5,0.7031600747605383,0.44351218503991835,0.9676710260333736,14882.637672862964
Central,Admin region,pasture,2026-05,2026,5,0.7346601085521426,0.5001968210969845,0.9381243967248166,23592.281274019013
Western,Admin region,pasture,2026-05,2026,5,0.7291465526242968,0.48590360121433773,0.9605878922853238,24630.704160004545
Uganda (national),Reference,pasture,2026-06,2026,6,0.6390725242070326,0.4091144273935583,0.998162751812353,123950.34640055614
Karamoja,Focus region,pasture,2026-06,2026,6,0.5627335542909621,0.3534488266872023,0.9996128502909427,24765.78560836989
Lake Victoria basin,Focus region,pasture,2026-06,2026,6,0.6096343662364326,0.37267931574271407,0.999922715328591,20187.901015491654
Northern,Admin region,pasture,2026-06,2026,6,0.6325628551892927,0.4086893354475289,0.9995966654743237,60800.253680286456
Eastern,Admin region,pasture,2026-06,2026,6,0.6605986307592226,0.427502474068776,0.9909833812591271,14882.637672862964
Central,Admin region,pasture,2026-06,2026,6,0.647692628797619,0.40780701121625756,0.9997501846973488,23592.281274019013
Western,Admin region,pasture,2026-06,2026,6,0.634293010621155,0.4003608919084526,0.9973111964288288,24630.704160004545
Uganda (national),Reference,pasture,2026-07,2026,7,0.5880709817595241,0.34399847004610046,0.9909337144889269,123950.34640055614
Karamoja,Focus region,pasture,2026-07,2026,7,0.4763692128198705,0.2569431883502681,0.9951966635161774,24765.78560836989
Lake Victoria basin,Focus region,pasture,2026-07,2026,7,0.5257197797319829,0.3018204116099932,0.9955953964073182,20187.901015491654
Northern,Admin region,pasture,2026-07,2026,7,0.5936869443879419,0.3466071010588019,0.994346117991943,60800.253680286456
Eastern,Admin region,pasture,2026-07,2026,7,0.5970554318159811,0.35408067344412375,0.9885126472219781,14882.637672862964
Central,Admin region,pasture,2026-07,2026,7,0.5774971714656715,0.33601005525969757,0.9963778246386089,23592.281274019013
Western,Admin region,pasture,2026-07,2026,7,0.5789430659249296,0.3391409032752472,0.9782201764577477,24630.704160004545
Uganda (national),Reference,pasture,2026-08,2026,8,0.5995754720641272,0.35029936070515705,0.9981073505824763,123950.34640055614
Karamoja,Focus region,pasture,2026-08,2026,8,0.4813181088762761,0.262442084969152,0.9990340588110381,24765.78560836989
Lake Victoria basin,Focus region,pasture,2026-08,2026,8,0.525822023499935,0.29303433390755257,0.9998870047667116,20187.901015491654
Northern,Admin region,pasture,2026-08,2026,8,0.6043095227139155,0.3546675817601327,0.999557987814311,60800.253680286456
Eastern,Admin region,pasture,2026-08,2026,8,0.6022392562971411,0.3496422027065547,0.9912109868401094,14882.637672862964
Central,Admin region,pasture,2026-08,2026,8,0.5945929387258685,0.3331558445046668,0.9999682968742503,23592.281274019013
Western,Admin region,pasture,2026-08,2026,8,0.5912781966482689,0.3562011725427282,0.9968033089470391,24630.704160004545
