region,group,cover,date,year,month,ndvi,evi,good_frac,cover_km2
Uganda (national),Reference,cropland,2000-02,2000,2,0.3608934853029139,0.18395062573145912,0.9936075644004381,27077.93442541493
Karamoja,Focus region,cropland,2000-02,2000,2,0.22676531590228097,0.12681172319713493,1.0,1090.6130090109777
Lake Victoria basin,Focus region,cropland,2000-02,2000,2,0.5417012027163911,0.3125668317977663,0.9654318073976457,2526.456271257339
Northern,Admin region,cropland,2000-02,2000,2,0.3143976055829608,0.1538429129631523,0.9999503240557401,13981.458540091737
Eastern,Admin region,cropland,2000-02,2000,2,0.3384148399065036,0.173486008745619,0.9994138768274197,6653.9578871608155
Central,Admin region,cropland,2000-02,2000,2,0.4958172506268268,0.27284829299919383,0.9939556147139836,2740.0187003040382
Western,Admin region,cropland,2000-02,2000,2,0.48311918109979274,0.2541727920392579,0.9588391303622904,3706.890664557702
Uganda (national),Reference,cropland,2000-03,2000,3,0.38566394509889174,0.21338235608563305,0.9964533555245985,27077.93442541493
Karamoja,Focus region,cropland,2000-03,2000,3,0.23453939016099173,0.12967058394678008,1.0,1090.6130090109777
Lake Victoria basin,Focus region,cropland,2000-03,2000,3,0.5936340283233683,0.37627377768333586,0.9836299575136012,2526.456271257339
Northern,Admin region,cropland,2000-03,2000,3,0.3308327393701306,0.17206228576162655,1.0,13981.458540091737
Eastern,Admin region,cropland,2000-03,2000,3,0.36005560784956114,0.1950083422519146,1.0,6653.9578871608155
Central,Admin region,cropland,2000-03,2000,3,0.5451850304786252,0.3351816120691824,0.9998440158635866,2740.0187003040382
Western,Admin region,cropland,2000-03,2000,3,0.5246771065326948,0.3151151697346242,0.9738758833591484,3706.890664557702
Uganda (national),Reference,cropland,2000-04,2000,4,0.5755837421505091,0.33302681342226026,0.9923705404394859,27077.93442541493
Karamoja,Focus region,cropland,2000-04,2000,4,0.30063255156408625,0.16633503251948584,0.9992162020262331,1090.6130090109777
Lake Victoria basin,Focus region,cropland,2000-04,2000,4,0.727064846510442,0.4477226530239164,0.9616849538242153,2526.456271257339
Northern,Admin region,cropland,2000-04,2000,4,0.5431021651768343,0.304551320121379,0.999071441964988,13981.458540091737
Eastern,Admin region,cropland,2000-04,2000,4,0.5138907515523915,0.29475304300794813,0.9981693687212558,6653.9578871608155
Central,Admin region,cropland,2000-04,2000,4,0.7208268625098547,0.4372950231550475,0.983777649813014,2740.0187003040382
Western,Admin region,cropland,2000-04,2000,4,0.7080635646747885,0.4371031010389267,0.9627920804222433,3706.890664557702
Uganda (national),Reference,cropland,2000-05,2000,5,0.6873209778383701,0.4340187178748595,0.9985743537935571,27077.93442541493
Karamoja,Focus region,cropland,2000-05,2000,5,0.43500745522506074,0.24945174548735072,1.0,1090.6130090109777
Lake Victoria basin,Focus region,cropland,2000-05,2000,5,0.6980723483614066,0.45172269136218984,0.9954624453039652,2526.456271257339
Northern,Admin region,cropland,2000-05,2000,5,0.6847109224386797,0.43309306531535535,1.0,13981.458540091737
Eastern,Admin region,cropland,2000-05,2000,5,0.64270134781132,0.38904749868426935,0.9999518254926646,6653.9578871608155
Central,Admin region,cropland,2000-05,2000,5,0.7432481036366232,0.4853013249575535,0.9997270277612766,2740.0187003040382
Western,Admin region,cropland,2000-05,2000,5,0.7366503931600774,0.4809064213176779,0.9898038869922001,3706.890664557702
Uganda (national),Reference,cropland,2000-06,2000,6,0.66296197095101,0.4129284944873646,0.9989227223217785,27077.93442541493
Karamoja,Focus region,cropland,2000-06,2000,6,0.45929908149887694,0.2695214032906369,0.9998040505065583,1090.6130090109777
Lake Victoria basin,Focus region,cropland,2000-06,2000,6,0.617915967502522,0.3777844132672846,0.9976104821344668,2526.456271257339
Northern,Admin region,cropland,2000-06,2000,6,0.6790627354921133,0.4288083932671902,0.9999847150940738,13981.458540091737
Eastern,Admin region,cropland,2000-06,2000,6,0.6136233810886119,0.3683163176952659,0.9965876390637445,6653.9578871608155
Central,Admin region,cropland,2000-06,2000,6,0.686965021269245,0.4293671829757447,0.9977187320049551,2740.0187003040382
Western,Admin region,cropland,2000-06,2000,6,0.6727534799581637,0.4205690378234695,1.0,3706.890664557702
Uganda (national),Reference,cropland,2000-07,2000,7,0.6533302113666096,0.396617423046084,0.999168771522148,27077.93442541493
Karamoja,Focus region,cropland,2000-07,2000,7,0.569585581233882,0.35405106668987446,0.9999510126266395,1090.6130090109777
Lake Victoria basin,Focus region,cropland,2000-07,2000,7,0.5253303380815759,0.292601934466466,0.9995982226597776,2526.456271257339
Northern,Admin region,cropland,2000-07,2000,7,0.6946444221544978,0.4355518053290555,0.9995499194612832,13981.458540091737
Eastern,Admin region,cropland,2000-07,2000,7,0.5979632269357805,0.34793545851667146,0.9988438118239511,6653.9578871608155
Central,Admin region,cropland,2000-07,2000,7,0.6234019126717889,0.3540090713772574,0.99953204759076,2740.0187003040382
Western,Admin region,cropland,2000-07,2000,7,0.6183037585723228,0.3680309575787379,0.998179687409481,3706.890664557702
Uganda (national),Reference,cropland,2000-08,2000,8,0.657167594781642,0.4066316850197626,0.9992127586197612,27077.93442541493
Karamoja,Focus region,cropland,2000-08,2000,8,0.5798195914049639,0.3659883160215794,1.0,1090.6130090109777
Lake Victoria basin,Focus region,cropland,2000-08,2000,8,0.5229894275572163,0.2955552561885772,0.9945791156387332,2526.456271257339
Northern,Admin region,cropland,2000-08,2000,8,0.7010533080325498,0.44809582011456867,0.9999617877351847,13981.458540091737
Eastern,Admin region,cropland,2000-08,2000,8,0.5925187486534889,0.3520660407158432,0.9999518254926646,6653.9578871608155
Central,Admin region,cropland,2000-08,2000,8,0.637432907302409,0.37847724573344715,0.9929692444396052,2740.0187003040382
Western,Admin region,cropland,2000-08,2000,8,0.6215827771916739,0.36818329797482946,0.9996769929998194,3706.890664557702
Uganda (national),Reference,cropland,2000-09,2000,9,0.6496746589152625,0.42126169817140735,0.9912601621801581,27077.93442541493
Karamoja,Focus region,cropland,2000-09,2000,9,0.48352373616951466,0.29651318046795017,0.9999510126266395,1090.6130090109777
Lake Victoria basin,Focus region,cropland,2000-09,2000,9,0.5763800619491525,0.35987645753537334,0.9398295104088112,2526.456271257339
Northern,Admin region,cropland,2000-09,2000,9,0.669271032114866,0.4455047183404126,0.999992357547037,13981.458540091737
Eastern,Admin region,cropland,2000-09,2000,9,0.5915190429039971,0.3598597678191111,0.9998715346471057,6653.9578871608155
Central,Admin region,cropland,2000-09,2000,9,0.6724510762870182,0.43632200085189665,0.951054548340669,2740.0187003040382
Western,Admin region,cropland,2000-09,2000,9,0.6642802022906958,0.429367410312347,0.9724508657746244,3706.890664557702
Uganda (national),Reference,cropland,2000-10,2000,10,0.6782145523019443,0.43715061365845487,0.980554097228307,27077.93442541493
Karamoja,Focus region,cropland,2000-10,2000,10,0.4982254659419608,0.2989374003995453,1.0,1090.6130090109777
Lake Victoria basin,Focus region,cropland,2000-10,2000,10,0.7086927196595828,0.4767152156796332,0.8897488978696099,2526.456271257339
Northern,Admin region,cropland,2000-10,2000,10,0.6756465577418101,0.43122977541936514,0.9999007530078934,13981.458540091737
Eastern,Admin region,cropland,2000-10,2000,10,0.6279771432029411,0.40078575329348104,0.9997832147169908,6653.9578871608155
Central,Admin region,cropland,2000-10,2000,10,0.7362825727873871,0.5010294427738415,0.9084500047521636,2740.0187003040382
Western,Admin region,cropland,2000-10,2000,10,0.7440648394748768,0.4856049135638644,0.9263730552816731,3706.890664557702
Uganda (national),Reference,cropland,2000-11,2000,11,0.6503237469524151,0.4056504946646538,0.9698925609918055,27077.93442541493
Karamoja,Focus region,cropland,2000-11,2000,11,0.4162597820572683,0.24936861900641966,0.9898596137143898,1090.6130090109777
Lake Victoria basin,Focus region,cropland,2000-11,2000,11,0.7773755645292234,0.5277131060128942,0.8462549459246678,2526.456271257339
Northern,Admin region,cropland,2000-11,2000,11,0.6163129596777368,0.3715905884597232,0.9976269284437579,13981.458540091737
Eastern,Admin region,cropland,2000-11,2000,11,0.6196879423426572,0.3917552304035986,0.9724556114421823,6653.9578871608155
Central,Admin region,cropland,2000-11,2000,11,0.7650565077728745,0.5021039603792702,0.9074166098484255,2740.0187003040382
Western,Admin region,cropland,2000-11,2000,11,0.7658757317728571,0.5027205462895065,0.9060103322676643,3706.890664557702
Uganda (national),Reference,cropland,2000-12,2000,12,0.6095724777768832,0.36258002978550824,0.9950716654661839,27077.93442541493
Karamoja,Focus region,cropland,2000-12,2000,12,0.36870368118018465,0.20658705515382697,1.0,1090.6130090109777
Lake Victoria basin,Focus region,cropland,2000-12,2000,12,0.7659435238474481,0.5017745831543224,0.9739774331328896,2526.456271257339
Northern,Admin region,cropland,2000-12,2000,12,0.5606658052633167,0.3213798777607632,1.0,13981.458540091737
Eastern,Admin region,cropland,2000-12,2000,12,0.5952069968066974,0.35795931967256994,0.9999919709154441,6653.9578871608155
Central,Admin region,cropland,2000-12,2000,12,0.7437228229706985,0.46693461015822446,0.9950182184118934,2740.0187003040382
Western,Admin region,cropland,2000-12,2000,12,0.7252778011734917,0.4524981404265307,0.9670412474004716,3706.890664557702
Uganda (national),Reference,cropland,2001-01,2001,1,0.5232610404376491,0.27073294702281253,0.9994702514291667,27077.93442541493
Karamoja,Focus region,cropland,2001-01,2001,1,0.2979428075873948,0.15432882961672845,1.0,1090.6130090109777
Lake Victoria basin,Focus region,cropland,2001-01,2001,1,0.7233355233137742,0.4271708517617968,0.9976083260537968,2526.456271257339
Northern,Admin region,cropland,2001-01,2001,1,0.4514590389658857,0.2156107804621317,1.0,13981.458540091737
Eastern,Admin region,cropland,2001-01,2001,1,0.5372881919811421,0.2867904062326348,1.0,6653.9578871608155
Central,Admin region,cropland,2001-01,2001,1,0.6931678204414705,0.39278362741949685,0.9998050198294833,2740.0187003040382
Western,Admin region,cropland,2001-01,2001,1,0.6441765347413371,0.36016500068025237,0.9961956388120464,3706.890664557702
Uganda (national),Reference,cropland,2001-02,2001,2,0.4540716704124754,0.22927116415747786,0.9997091048510348,27077.93442541493
Karamoja,Focus region,cropland,2001-02,2001,2,0.2589408549795091,0.14164323565058953,1.0,1090.6130090109777
Lake Victoria basin,Focus region,cropland,2001-02,2001,2,0.6939251465958489,0.3981463083677422,0.9990455196726605,2526.456271257339
Northern,Admin region,cropland,2001-02,2001,2,0.376793324983429,0.17787642985387236,1.0,13981.458540091737
Eastern,Admin region,cropland,2001-02,2001,2,0.46681204144638594,0.2433841615507229,1.0,6653.9578871608155
Central,Admin region,cropland,2001-02,2001,2,0.6433956585524079,0.3516741107088236,1.0,2740.0187003040382
Western,Admin region,cropland,2001-02,2001,2,0.5834435354990993,0.3076201541228431,0.9978718840633771,3706.890664557702
Uganda (national),Reference,cropland,2001-03,2001,3,0.509808405835067,0.28487454036010285,0.9972509263288151,27077.93442541493
Karamoja,Focus region,cropland,2001-03,2001,3,0.2836531239247994,0.16788756826294415,1.0,1090.6130090109777
Lake Victoria basin,Focus region,cropland,2001-03,2001,3,0.6878933708743048,0.4357132109790117,0.9821881200286793,2526.456271257339
Northern,Admin region,cropland,2001-03,2001,3,0.45793755265724306,0.23866314801067748,0.9999503240557401,13981.458540091737
Eastern,Admin region,cropland,2001-03,2001,3,0.4768567242107911,0.2739796844991548,0.9999919709154441,6653.9578871608155
Central,Admin region,cropland,2001-03,2001,3,0.6681828726405473,0.4156131011590116,0.989844056388877,2740.0187003040382
Western,Admin region,cropland,2001-03,2001,3,0.6507792666223868,0.3844921960893283,0.98752791693266,3706.890664557702
Uganda (national),Reference,cropland,2001-04,2001,4,0.677723089115338,0.42170427873029004,0.9966414438897487,27077.93442541493
Karamoja,Focus region,cropland,2001-04,2001,4,0.46067831728564596,0.2775336651123258,1.0,1090.6130090109777
Lake Victoria basin,Focus region,cropland,2001-04,2001,4,0.763890760043593,0.5168905794618273,0.9851577894467812,2526.456271257339
Northern,Admin region,cropland,2001-04,2001,4,0.6577384984234911,0.4007749750655571,0.999992357547037,13981.458540091737
Eastern,Admin region,cropland,2001-04,2001,4,0.6286915150816973,0.3752807793364381,0.9999598545772205,6653.9578871608155
Central,Admin region,cropland,2001-04,2001,4,0.7725977766367668,0.527672179536699,0.9939556147139836,2740.0187003040382
Western,Admin region,cropland,2001-04,2001,4,0.7736268924862707,0.5079744025363103,0.9798723966921596,3706.890664557702
Uganda (national),Reference,cropland,2001-05,2001,5,0.7168763210380005,0.4640227125330728,0.9933533831966223,27077.93442541493
Karamoja,Focus region,cropland,2001-05,2001,5,0.5375414721360886,0.3273351744123973,0.9986283535459078,1090.6130090109777
Lake Victoria basin,Focus region,cropland,2001-05,2001,5,0.7607111853169749,0.5063624758002453,0.973535768300274,2526.456271257339
Northern,Admin region,cropland,2001-05,2001,5,0.7012986906655447,0.4464487283621948,0.9993274641392506,13981.458540091737
Eastern,Admin region,cropland,2001-05,2001,5,0.6832443993493097,0.4393415525903509,0.9972299658282161,6653.9578871608155
Central,Admin region,cropland,2001-05,2001,5,0.7915918750192278,0.5257426353092924,0.9916158526677837,2740.0187003040382
Western,Admin region,cropland,2001-05,2001,5,0.7836570457458266,0.5318857756558428,0.9648917107021573,3706.890664557702
Uganda (national),Reference,cropland,2001-06,2001,6,0.6925488283327699,0.433165624676776,0.9832595861464829,27077.93442541493
Karamoja,Focus region,cropland,2001-06,2001,6,0.5434393014524971,0.3401371154001631,0.9884591511583208,1090.6130090109777
Lake Victoria basin,Focus region,cropland,2001-06,2001,6,0.6724884591495259,0.41430735242722644,0.9927802809505794,2526.456271257339
Northern,Admin region,cropland,2001-06,2001,6,0.6906987588494196,0.43190558809151064,0.9782634401788719,13981.458540091737
Eastern,Admin region,cropland,2001-06,2001,6,0.6706459333611312,0.4219689976782224,0.9906750211967831,6653.9578871608155
Central,Admin region,cropland,2001-06,2001,6,0.7286458067828289,0.4619223579541993,0.9850819524595524,2740.0187003040382
Western,Admin region,cropland,2001-06,2001,6,0.7122730417962975,0.43665453010616356,0.987273015520444,3706.890664557702
Uganda (national),Reference,cropland,2001-07,2001,7,0.6864920071041862,0.4039596970613512,0.9957606496515958,27077.93442541493
Karamoja,Focus region,cropland,2001-07,2001,7,0.5814022199595916,0.3450911793923297,0.9996081010131165,1090.6130090109777
Lake Victoria basin,Focus region,cropland,2001-07,2001,7,0.6255669187274538,0.3447555280074749,0.9990633488012771,2526.456271257339
Northern,Admin region,cropland,2001-07,2001,7,0.7002093339884699,0.41529456902161854,0.9977075937855228,13981.458540091737
Eastern,Admin region,cropland,2001-07,2001,7,0.6548555434959936,0.3859698492481814,0.9897723946596703,6653.9578871608155
Central,Admin region,cropland,2001-07,2001,7,0.6941078055883326,0.3951900204856461,0.9990800759092212,2740.0187003040382
Western,Admin region,cropland,2001-07,2001,7,0.6852816108605528,0.39949174440827506,0.9967348315997496,3706.890664557702
Uganda (national),Reference,cropland,2001-08,2001,8,0.6872712376703958,0.4338675330553091,0.9985969779401572,27077.93442541493
Karamoja,Focus region,cropland,2001-08,2001,8,0.5935049922071649,0.36236732324155035,1.0,1090.6130090109777
Lake Victoria basin,Focus region,cropland,2001-08,2001,8,0.6466445132425926,0.384165478428931,0.998482450913092,2526.456271257339
Northern,Admin region,cropland,2001-08,2001,8,0.7003687396755649,0.4489203525799505,0.9996637320696252,13981.458540091737
Eastern,Admin region,cropland,2001-08,2001,8,0.6472816563404509,0.40303127466031724,0.9999518254926646,6653.9578871608155
Central,Admin region,cropland,2001-08,2001,8,0.7039946222713781,0.44026051561108315,0.99918108328383,2740.0187003040382
Western,Admin region,cropland,2001-08,2001,8,0.6972281068437498,0.42727242643580726,0.9917410246867215,3706.890664557702
Uganda (national),Reference,cropland,2001-09,2001,9,0.674025070690425,0.4331785524127697,0.99923618745557,27077.93442541493
Karamoja,Focus region,cropland,2001-09,2001,9,0.51019475992633,0.30312452240672816,1.0,1090.6130090109777
Lake Victoria basin,Focus region,cropland,2001-09,2001,9,0.6855065895307523,0.4589087277242465,0.9992126988507591,2526.456271257339
Northern,Admin region,cropland,2001-09,2001,9,0.6735904859431961,0.4322547653597848,0.9999566777813407,13981.458540091737
Eastern,Admin region,cropland,2001-09,2001,9,0.6320171135829574,0.38158166488091705,0.9995664294339817,6653.9578871608155
Central,Admin region,cropland,2001-09,2001,9,0.7203233917603004,0.4900618597381586,0.9969778073569918,2740.0187003040382
Western,Admin region,cropland,2001-09,2001,9,0.7170320751145062,0.487307212829344,0.9976075439514184,3706.890664557702
Uganda (national),Reference,cropland,2001-10,2001,10,0.6685117598601144,0.4044492231514055,0.913396871386926,27077.93442541493
Karamoja,Focus region,cropland,2001-10,2001,10,0.4372736293770837,0.25699696694378643,0.9997060757598374,1090.6130090109777
Lake Victoria basin,Focus region,cropland,2001-10,2001,10,0.7099191022278928,0.4671919020886036,0.6167837777817213,2526.456271257339
Northern,Admin region,cropland,2001-10,2001,10,0.6669938022701333,0.3996788409547002,0.9975332709319557,13981.458540091737
Eastern,Admin region,cropland,2001-10,2001,10,0.6285211121974958,0.3752048926910101,0.9891878458173948,6653.9578871608155
Central,Admin region,cropland,2001-10,2001,10,0.7312654480579123,0.4649186189239676,0.5749686903900696,2740.0187003040382
Western,Admin region,cropland,2001-10,2001,10,0.7391035303955642,0.4666983586922275,0.7099451961963734,3706.890664557702
Uganda (national),Reference,cropland,2001-11,2001,11,0.689866421527475,0.42515928715986506,0.9988404196379945,27077.93442541493
Karamoja,Focus region,cropland,2001-11,2001,11,0.4762894392252086,0.2731960915568244,1.0,1090.6130090109777
Lake Victoria basin,Focus region,cropland,2001-11,2001,11,0.7735270540459919,0.5193951610105964,0.9955147717233005,2526.456271257339
Northern,Admin region,cropland,2001-11,2001,11,0.6620611193764494,0.3993404903032183,1.0,13981.458540091737
Eastern,Admin region,cropland,2001-11,2001,11,0.6615913565562722,0.397079783277823,0.9999759127463324,6653.9578871608155
Central,Admin region,cropland,2001-11,2001,11,0.7790579961054481,0.5101570023730272,0.9998050198294833,2740.0187003040382
Western,Admin region,cropland,2001-11,2001,11,0.7805836765243219,0.5111228579121944,0.9916694149108284,3706.890664557702
Uganda (national),Reference,cropland,2001-12,2001,12,0.6321722320802431,0.3703446147768299,0.9971681671386531,27077.93442541493
Karamoja,Focus region,cropland,2001-12,2001,12,0.37660464666368143,0.2106563106879112,1.0,1090.6130090109777
Lake Victoria basin,Focus region,cropland,2001-12,2001,12,0.76177693794361,0.5096649340489845,0.9881831852575829,2526.456271257339
Northern,Admin region,cropland,2001-12,2001,12,0.5972608690074425,0.32853284210567757,1.0,13981.458540091737
Eastern,Admin region,cropland,2001-12,2001,12,0.5840024577012088,0.3494979865307231,1.0,6653.9578871608155
Central,Admin region,cropland,2001-12,2001,12,0.7635055057222994,0.48032370284353004,0.9996100396589667,2740.0187003040382
Western,Admin region,cropland,2001-12,2001,12,0.7562835779369136,0.4869674165533104,0.9794932096468032,3706.890664557702
Uganda (national),Reference,cropland,2002-01,2002,1,0.5277969465998442,0.2895137423009669,0.9994416308004822,27077.93442541493
Karamoja,Focus region,cropland,2002-01,2002,1,0.30041694273452885,0.16435855222524656,1.0,1090.6130090109777
Lake Victoria basin,Focus region,cropland,2002-01,2002,1,0.7056623125930123,0.4442389577228626,0.9992143573743514,2526.456271257339
Northern,Admin region,cropland,2002-01,2002,1,0.4735074375438142,0.23883059954174327,1.0,13981.458540091737
Eastern,Admin region,cropland,2002-01,2002,1,0.5038718658678022,0.2888558711819112,0.9996229164053279,6653.9578871608155
Central,Admin region,cropland,2002-01,2002,1,0.6926581955743862,0.4161274003449368,0.9999603922634009,2740.0187003040382
Western,Admin region,cropland,2002-01,2002,1,0.6543905780662823,0.38888110138432985,0.99662750171465,3706.890664557702
Uganda (national),Reference,cropland,2002-02,2002,2,0.4233615887657618,0.22541492504522143,0.9997079906659766,27077.93442541493
Karamoja,Focus region,cropland,2002-02,2002,2,0.2568476652809963,0.14605717347082076,1.0,1090.6130090109777
Lake Victoria basin,Focus region,cropland,2002-02,2002,2,0.6268119979082449,0.37051128757895985,0.9990365636452624,2526.456271257339
Northern,Admin region,cropland,2002-02,2002,2,0.3639432647151948,0.17759732698838934,1.0,13981.458540091737
Eastern,Admin region,cropland,2002-02,2002,2,0.4082440258824939,0.23047916050316408,1.0,6653.9578871608155
Central,Admin region,cropland,2002-02,2002,2,0.592116982323401,0.33118139287187115,0.9999220079317933,2740.0187003040382
Western,Admin region,cropland,2002-02,2002,2,0.5507228180267251,0.319079543546008,0.9978525545106105,3706.890664557702
Uganda (national),Reference,cropland,2002-03,2002,3,0.5534158667671785,0.31343998548277424,0.9919084244491694,27077.93442541493
Karamoja,Focus region,cropland,2002-03,2002,3,0.31075128722488077,0.17704011256145746,1.0,1090.6130090109777
Lake Victoria basin,Focus region,cropland,2002-03,2002,3,0.7361169458852421,0.4376214555590764,0.9620766970967047,2526.456271257339
Northern,Admin region,cropland,2002-03,2002,3,0.4936930226461284,0.26688221790667216,0.9986893193168348,13981.458540091737
Eastern,Admin region,cropland,2002-03,2002,3,0.5428338546669359,0.3244208159081441,0.9985708229490506,6653.9578871608155
Central,Admin region,cropland,2002-03,2002,3,0.7131543195280037,0.42616840957456276,0.9732487206051145,2740.0187003040382
Western,Admin region,cropland,2002-03,2002,3,0.6871072095711299,0.3905264280028488,0.967982687050867,3706.890664557702
Uganda (national),Reference,cropland,2002-04,2002,4,0.6672212056920538,0.4001669119901229,0.9943595774156052,27077.93442541493
Karamoja,Focus region,cropland,2002-04,2002,4,0.3824618772095945,0.21724896256269674,1.0,1090.6130090109777
Lake Victoria basin,Focus region,cropland,2002-04,2002,4,0.7817397573026436,0.5371122788293339,0.9730589427675019,2526.456271257339
Northern,Admin region,cropland,2002-04,2002,4,0.6295109658815268,0.3530940791294484,1.0,13981.458540091737
Eastern,Admin region,cropland,2002-04,2002,4,0.6393201688494441,0.39282255454865644,1.0,6653.9578871608155
Central,Admin region,cropland,2002-04,2002,4,0.7883788594572995,0.5330445684345964,0.9993955614713984,2740.0187003040382
Western,Admin region,cropland,2002-04,2002,4,0.7746215113452652,0.4967049225383228,0.9589151486326745,3706.890664557702
Uganda (national),Reference,cropland,2002-05,2002,5,0.7196746918571375,0.463806047375386,0.9990078723673781,27077.93442541493
Karamoja,Focus region,cropland,2002-05,2002,5,0.5152714810496675,0.3171305753634238,1.0,1090.6130090109777
Lake Victoria basin,Focus region,cropland,2002-05,2002,5,0.7714459191656641,0.5247819147395422,0.9945621986980923,2526.456271257339
Northern,Admin region,cropland,2002-05,2002,5,0.7042867318467498,0.4402876337835733,1.0,13981.458540091737
Eastern,Admin region,cropland,2002-05,2002,5,0.6831065426949293,0.4379127021114887,0.9999759127463324,6653.9578871608155
Central,Admin region,cropland,2002-05,2002,5,0.7904803862973168,0.5436488137065507,0.9965293529648035,2740.0187003040382
Western,Admin region,cropland,2002-05,2002,5,0.7917449222350792,0.5407083161801417,0.9952440822319866,3706.890664557702
Uganda (national),Reference,cropland,2002-06,2002,6,0.6817299560487531,0.4185043638607707,0.9999565932071046,27077.93442541493
Karamoja,Focus region,cropland,2002-06,2002,6,0.5137875562613932,0.30890291395974173,0.9999510126266395,1090.6130090109777
Lake Victoria basin,Focus region,cropland,2002-06,2002,6,0.6515618131357928,0.40854030871724556,0.999767392066187,2526.456271257339
Northern,Admin region,cropland,2002-06,2002,6,0.6885263869988733,0.41722584208764696,0.9999961787735184,13981.458540091737
Eastern,Admin region,cropland,2002-06,2002,6,0.6484293374692411,0.39424364716475213,0.9999197091544411,6653.9578871608155
Central,Admin region,cropland,2002-06,2002,6,0.696932903553287,0.44188506800684774,0.9997855218124316,2740.0187003040382
Western,Admin region,cropland,2002-06,2002,6,0.7044047605382098,0.44938679904866935,1.0,3706.890664557702
Uganda (national),Reference,cropland,2002-07,2002,7,0.6677891148524445,0.3874768736949555,0.9990351853760983,27077.93442541493
Karamoja,Focus region,cropland,2002-07,2002,7,0.49470664118938956,0.29062852798898375,1.0,1090.6130090109777
Lake Victoria basin,Focus region,cropland,2002-07,2002,7,0.5732176837494662,0.3347380102828331,0.999017407697772,2526.456271257339
Northern,Admin region,cropland,2002-07,2002,7,0.6970182536744739,0.4086053839642548,1.0,13981.458540091737
Eastern,Admin region,cropland,2002-07,2002,7,0.6246746830441595,0.3488218464475229,0.9975591582950081,6653.9578871608155
Central,Admin region,cropland,2002-07,2002,7,0.6412687217491057,0.3757523993499218,0.9968608192546818,2740.0187003040382
Western,Admin region,cropland,2002-07,2002,7,0.653785221469221,0.38516105704219405,0.9996541027399641,3706.890664557702
Uganda (national),Reference,cropland,2002-08,2002,8,0.6468784179468895,0.408341851298875,0.9989065279514522,27077.93442541493
Karamoja,Focus region,cropland,2002-08,2002,8,0.44684323465163206,0.2693441041006658,1.0,1090.6130090109777
Lake Victoria basin,Focus region,cropland,2002-08,2002,8,0.5618583918786527,0.3275081336786058,0.9949694491661689,2526.456271257339
Northern,Admin region,cropland,2002-08,2002,8,0.6803824699642032,0.43871277255886515,0.9997286929198113,13981.458540091737
Eastern,Admin region,cropland,2002-08,2002,8,0.5781153861131408,0.3488741303626951,0.9999437964081087,6653.9578871608155
Central,Admin region,cropland,2002-08,2002,8,0.6490441693587717,0.39146655214919845,0.9971922855445601,2740.0187003040382
Western,Admin region,cropland,2002-08,2002,8,0.6419813817900941,0.41267273272961147,0.9951582861468997,3706.890664557702
Uganda (national),Reference,cropland,2002-09,2002,9,0.6347353867207018,0.40647511370665446,0.9986424041934707,27077.93442541493
Karamoja,Focus region,cropland,2002-09,2002,9,0.34535540060817355,0.20719637049669148,1.0,1090.6130090109777
Lake Victoria basin,Focus region,cropland,2002-09,2002,9,0.6088871303571333,0.4109589616759779,0.994042500330461,2526.456271257339
Northern,Admin region,cropland,2002-09,2002,9,0.6532489222732717,0.414660598467605,1.0,13981.458540091737
Eastern,Admin region,cropland,2002-09,2002,9,0.5556032500852651,0.3348970296149795,1.0,6653.9578871608155
Central,Admin region,cropland,2002-09,2002,9,0.6860575553765809,0.4743949819016366,0.9984791546699701,2740.0187003040382
Western,Admin region,cropland,2002-09,2002,9,0.6691221935365854,0.454216383297781,0.9911020190622172,3706.890664557702
Uganda (national),Reference,cropland,2002-10,2002,10,0.6643331638205864,0.4156973616578041,0.9244739986501648,27077.93442541493
Karamoja,Focus region,cropland,2002-10,2002,10,0.35131950809895357,0.2021593869239623,0.9331812227363655,1090.6130090109777
Lake Victoria basin,Focus region,cropland,2002-10,2002,10,0.7090567522296388,0.4689231975270886,0.6430981618748878,2526.456271257339
Northern,Admin region,cropland,2002-10,2002,10,0.6588744596337055,0.41052820340503293,0.9882329601283787,13981.458540091737
Eastern,Admin region,cropland,2002-10,2002,10,0.6178050105174531,0.3722500785743493,0.99892410266951,6653.9578871608155
Central,Admin region,cropland,2002-10,2002,10,0.7594703340363396,0.5155628073341975,0.8561644280776644,2740.0187003040382
Western,Admin region,cropland,2002-10,2002,10,0.737002673689957,0.472403202749873,0.5986292973283676,3706.890664557702
Uganda (national),Reference,cropland,2002-11,2002,11,0.6816347927202956,0.42337819253750103,0.9959459448167044,27077.93442541493
Karamoja,Focus region,cropland,2002-11,2002,11,0.34032689459783033,0.18528980132821832,0.9999510126266395,1090.6130090109777
Lake Victoria basin,Focus region,cropland,2002-11,2002,11,0.7718194120258148,0.5401108914724527,0.9746327158041873,2526.456271257339
Northern,Admin region,cropland,2002-11,2002,11,0.652025937464746,0.39153447169724487,0.9999885363205554,13981.458540091737
Eastern,Admin region,cropland,2002-11,2002,11,0.6512206173164505,0.39125292017271296,0.9996708075332082,6653.9578871608155
Central,Admin region,cropland,2002-11,2002,11,0.7892523205662108,0.5347172238560519,0.9974067637321284,2740.0187003040382
Western,Admin region,cropland,2002-11,2002,11,0.7712227010071026,0.5220471021131865,0.9728325961821873,3706.890664557702
Uganda (national),Reference,cropland,2002-12,2002,12,0.6352787049645571,0.38890628985972364,0.9978733456943912,27077.93442541493
Karamoja,Focus region,cropland,2002-12,2002,12,0.31180200646518047,0.1741790543054812,1.0,1090.6130090109777
Lake Victoria basin,Focus region,cropland,2002-12,2002,12,0.7719701092348692,0.5348950997693566,0.9891028365894852,2526.456271257339
Northern,Admin region,cropland,2002-12,2002,12,0.591151656153273,0.3405543944569071,1.0,13981.458540091737
Eastern,Admin region,cropland,2002-12,2002,12,0.6074338828741661,0.37688330321300917,0.9998875928162174,6653.9578871608155
Central,Admin region,cropland,2002-12,2002,12,0.7702112426603073,0.5220166007195642,0.9948525234983602,2740.0187003040382
Western,Admin region,cropland,2002-12,2002,12,0.754183796347468,0.4965127450530232,0.9884244238507466,3706.890664557702
Uganda (national),Reference,cropland,2003-01,2003,1,0.5980611640189476,0.33318212214504606,0.9999960539279186,27077.93442541493
Karamoja,Focus region,cropland,2003-01,2003,1,0.3066767500739134,0.1659015839827042,1.0,1090.6130090109777
Lake Victoria basin,Focus region,cropland,2003-01,2003,1,0.7327975110686252,0.44022288760257566,0.9999577076483976,2526.456271257339
Northern,Admin region,cropland,2003-01,2003,1,0.5341844488047891,0.28378229197793664,1.0,13981.458540091737
Eastern,Admin region,cropland,2003-01,2003,1,0.6131078782495436,0.35251432750151035,1.0,6653.9578871608155
Central,Admin region,cropland,2003-01,2003,1,0.7478909216598003,0.4394736265577327,0.9999610039658967,2740.0187003040382
Western,Admin region,cropland,2003-01,2003,1,0.7015338630591615,0.4065344526924739,1.0,3706.890664557702
Uganda (national),Reference,cropland,2003-02,2003,2,0.4893517480410693,0.26031637922639367,1.0,27077.93442541493
Karamoja,Focus region,cropland,2003-02,2003,2,0.2558254103076732,0.13884030303589165,1.0,1090.6130090109777
Lake Victoria basin,Focus region,cropland,2003-02,2003,2,0.6324519802108286,0.3798854375616448,1.0,2526.456271257339
Northern,Admin region,cropland,2003-02,2003,2,0.42979151373706154,0.2132541351394874,1.0,13981.458540091737
Eastern,Admin region,cropland,2003-02,2003,2,0.4995786552549133,0.274307595121981,1.0,6653.9578871608155
Central,Admin region,cropland,2003-02,2003,2,0.6385098857049182,0.36683739308300484,1.0,2740.0187003040382
Western,Admin region,cropland,2003-02,2003,2,0.5857832095733291,0.3342167122776292,1.0,3706.890664557702
Uganda (national),Reference,cropland,2003-03,2003,3,0.49160477573126743,0.26734450127692827,0.9999467280269011,27077.93442541493
Karamoja,Focus region,cropland,2003-03,2003,3,0.2446150526960055,0.13713575883266343,1.0,1090.6130090109777
Lake Victoria basin,Focus region,cropland,2003-03,2003,3,0.5985955559046525,0.355899746243936,0.9995347841323741,2526.456271257339
Northern,Admin region,cropland,2003-03,2003,3,0.446381612179498,0.23282715477799965,1.0,13981.458540091737
Eastern,Admin region,cropland,2003-03,2003,3,0.47336626867281784,0.2611351807139122,1.0,6653.9578871608155
Central,Admin region,cropland,2003-03,2003,3,0.6136874572532884,0.3474141378143654,0.9995710436248634,2740.0187003040382
Western,Admin region,cropland,2003-03,2003,3,0.6048766964515842,0.3497135639566039,0.9999279380708258,3706.890664557702
Uganda (national),Reference,cropland,2003-04,2003,4,0.6247084158810988,0.3659644232796566,0.9960054376563786,27077.93442541493
Karamoja,Focus region,cropland,2003-04,2003,4,0.3305478110742825,0.19002282194376813,0.9976975934520596,1090.6130090109777
Lake Victoria basin,Focus region,cropland,2003-04,2003,4,0.7144899371177289,0.4307672884540641,0.984224869926141,2526.456271257339
Northern,Admin region,cropland,2003-04,2003,4,0.6098076464656292,0.3462630897111274,0.9981123141181236,13981.458540091737
Eastern,Admin region,cropland,2003-04,2003,4,0.5571905097308901,0.33152252649581126,0.9985387066108271,6653.9578871608155
Central,Admin region,cropland,2003-04,2003,4,0.7315033844241587,0.44639882153977567,0.9861732297119501,2740.0187003040382
Western,Admin region,cropland,2003-04,2003,4,0.7249984240322986,0.4440984225119287,0.9907032763874535,3706.890664557702
Uganda (national),Reference,cropland,2003-05,2003,5,0.728720859337258,0.4786956164415846,0.9974601996848652,27077.93442541493
Karamoja,Focus region,cropland,2003-05,2003,5,0.5311559618017592,0.33291470377143234,1.0,1090.6130090109777
Lake Victoria basin,Focus region,cropland,2003-05,2003,5,0.7631752922451263,0.5186453378023796,0.9870011554933869,2526.456271257339
Northern,Admin region,cropland,2003-05,2003,5,0.7261353414284328,0.4734372627843363,0.999633162257773,13981.458540091737
Eastern,Admin region,cropland,2003-05,2003,5,0.6755083916540198,0.4308084637313985,0.9998715346471057,6653.9578871608155
Central,Admin region,cropland,2003-05,2003,5,0.7889514625084274,0.5438274835509029,0.9991030912156234,2740.0187003040382
Western,Admin region,cropland,2003-05,2003,5,0.7907448920077432,0.5374279082607756,0.9834724976353797,3706.890664557702
Uganda (national),Reference,cropland,2003-06,2003,6,0.717592626529296,0.45802260958311947,0.9985502363294833,27077.93442541493
Karamoja,Focus region,cropland,2003-06,2003,6,0.5967468079751314,0.37241174163774504,0.9995101262663957,1090.6130090109777
Lake Victoria basin,Focus region,cropland,2003-06,2003,6,0.700494635839496,0.44428396928564123,0.9987312294519293,2526.456271257339
Northern,Admin region,cropland,2003-06,2003,6,0.7159384979789694,0.4611895255450987,0.9997592627316635,13981.458540091737
Eastern,Admin region,cropland,2003-06,2003,6,0.6915324300742255,0.42636193417421514,0.9963424843486379,6653.9578871608155
Central,Admin region,cropland,2003-06,2003,6,0.7573415288410797,0.49572171093879774,0.9984505575782943,2740.0187003040382
Western,Admin region,cropland,2003-06,2003,6,0.7409911407865142,0.47460693228129563,0.9979678535972891,3706.890664557702
Uganda (national),Reference,cropland,2003-07,2003,7,0.6930633301676961,0.4270520045375642,0.9987826367628888,27077.93442541493
Karamoja,Focus region,cropland,2003-07,2003,7,0.6243308994485179,0.3938285937185121,1.0,1090.6130090109777
Lake Victoria basin,Focus region,cropland,2003-07,2003,7,0.6004437891835375,0.341512671370482,0.9995136379565729,2526.456271257339
Northern,Admin region,cropland,2003-07,2003,7,0.7157536852583485,0.4482256546437109,0.9999465028292586,13981.458540091737
Eastern,Admin region,cropland,2003-07,2003,7,0.6605918977426899,0.39973306263666314,0.9954635672259192,6653.9578871608155
Central,Admin region,cropland,2003-07,2003,7,0.6861800551557836,0.413501313902622,0.9996100396589667,2740.0187003040382
Western,Admin region,cropland,2003-07,2003,7,0.6701803707007788,0.40553340608106064,0.9997405770549731,3706.890664557702
Uganda (national),Reference,cropland,2003-08,2003,8,0.6823313738725999,0.4252978528636487,0.9992837879172263,27077.93442541493
Karamoja,Focus region,cropland,2003-08,2003,8,0.6040822226262872,0.3776515012516754,1.0,1090.6130090109777
Lake Victoria basin,Focus region,cropland,2003-08,2003,8,0.5863301298723322,0.33972678770718256,0.9976950668376715,2526.456271257339
Northern,Admin region,cropland,2003-08,2003,8,0.7078992964925619,0.4586116367965058,0.9998165811288865,13981.458540091737
Eastern,Admin region,cropland,2003-08,2003,8,0.6408979343654725,0.38731487134333786,0.9999116800698852,6653.9578871608155
Central,Admin region,cropland,2003-08,2003,8,0.6821815067986267,0.39544416799162113,0.9960224045214602,2740.0187003040382
Western,Admin region,cropland,2003-08,2003,8,0.6601338116095465,0.38945289331638655,0.9985587614165171,3706.890664557702
Uganda (national),Reference,cropland,2003-09,2003,9,0.6680978012104221,0.42386088607594574,0.9990149133979547,27077.93442541493
Karamoja,Focus region,cropland,2003-09,2003,9,0.49604092713502884,0.29547286704653986,1.0,1090.6130090109777
Lake Victoria basin,Focus region,cropland,2003-09,2003,9,0.6508268669907776,0.43610411696502643,0.9950813165824661,2526.456271257339
Northern,Admin region,cropland,2003-09,2003,9,0.6783783507962396,0.42871292928000615,0.9999885363205554,13981.458540091737
Eastern,Admin region,cropland,2003-09,2003,9,0.6164650657802972,0.3730915888319385,0.9999919709154441,6653.9578871608155
Central,Admin region,cropland,2003-09,2003,9,0.7050318528255103,0.47411365807832295,0.9959532056766297,2740.0187003040382
Western,Admin region,cropland,2003-09,2003,9,0.6949216464536381,0.4597037239293751,0.9958716144669834,3706.890664557702
Uganda (national),Reference,cropland,2003-10,2003,10,0.6499297404392107,0.4079739152176678,0.967732009153278,27077.93442541493
Karamoja,Focus region,cropland,2003-10,2003,10,0.385085661072756,0.22518535558430178,0.9923301141905277,1090.6130090109777
Lake Victoria basin,Focus region,cropland,2003-10,2003,10,0.6830542254411178,0.4446693237233874,0.8870820748594526,2526.456271257339
Northern,Admin region,cropland,2003-10,2003,10,0.6454420915745758,0.40441203958301597,0.9989287378874051,13981.458540091737
Eastern,Admin region,cropland,2003-10,2003,10,0.598123267750713,0.36203905276488463,0.9999598545772205,6653.9578871608155
Central,Admin region,cropland,2003-10,2003,10,0.7186587104897415,0.466237964267445,0.9339394183611526,2740.0187003040382
Western,Admin region,cropland,2003-10,2003,10,0.7263504365166422,0.4762964291670852,0.8166933860996212,3706.890664557702
Uganda (national),Reference,cropland,2003-11,2003,11,0.6422906146769385,0.3956239411365878,0.9914768402244081,27077.93442541493
Karamoja,Focus region,cropland,2003-11,2003,11,0.3234461770352096,0.19190903383433439,0.9996081010131165,1090.6130090109777
Lake Victoria basin,Focus region,cropland,2003-11,2003,11,0.730547568423261,0.4893874134395205,0.9635588367049183,2526.456271257339
Northern,Admin region,cropland,2003-11,2003,11,0.6104950408285651,0.3728197767637854,0.9998395084877757,13981.458540091737
Eastern,Admin region,cropland,2003-11,2003,11,0.60538587919356,0.3541053528440928,0.9998956219007734,6653.9578871608155
Central,Admin region,cropland,2003-11,2003,11,0.7576489627819778,0.482983495057871,0.9973092736468702,2740.0187003040382
Western,Admin region,cropland,2003-11,2003,11,0.7500748076498932,0.49802337511992967,0.9399482227973986,3706.890664557702
Uganda (national),Reference,cropland,2003-12,2003,12,0.6171114457690228,0.36435727172820825,0.9999881617837558,27077.93442541493
Karamoja,Focus region,cropland,2003-12,2003,12,0.3133954821538997,0.17383031921709335,1.0,1090.6130090109777
Lake Victoria basin,Focus region,cropland,2003-12,2003,12,0.7471048374406392,0.4915259750004105,1.0,2526.456271257339
Northern,Admin region,cropland,2003-12,2003,12,0.5670596306513366,0.31780594985567817,1.0,13981.458540091737
Eastern,Admin region,cropland,2003-12,2003,12,0.592068779029076,0.347667567566164,1.0,6653.9578871608155
Central,Admin region,cropland,2003-12,2003,12,0.7644758262743493,0.49096305024073195,1.0,2740.0187003040382
Western,Admin region,cropland,2003-12,2003,12,0.7422953893273813,0.4767774278693908,0.9998999610865582,3706.890664557702
Uganda (national),Reference,cropland,2004-01,2004,1,0.5561653871899681,0.3026180663399834,0.9986725413518177,27077.93442541493
Karamoja,Focus region,cropland,2004-01,2004,1,0.2836551548260344,0.1587121982978138,1.0,1090.6130090109777
Lake Victoria basin,Focus region,cropland,2004-01,2004,1,0.7178418653838557,0.44939089373041996,0.9912444881041569,2526.456271257339
Northern,Admin region,cropland,2004-01,2004,1,0.5002657404965242,0.2524420256218186,1.0,13981.458540091737
Eastern,Admin region,cropland,2004-01,2004,1,0.5352830103059422,0.2953730764234085,1.0,6653.9578871608155
Central,Admin region,cropland,2004-01,2004,1,0.7224969897688832,0.4347078188430115,0.999707529744225,2740.0187003040382
Western,Admin region,cropland,2004-01,2004,1,0.6829913266607972,0.4085243882565255,0.990338501727932,3706.890664557702
Uganda (national),Reference,cropland,2004-02,2004,2,0.48714857328371136,0.2691504883596908,1.0,27077.93442541493
Karamoja,Focus region,cropland,2004-02,2004,2,0.28819028415173964,0.15927381035124333,1.0,1090.6130090109777
Lake Victoria basin,Focus region,cropland,2004-02,2004,2,0.6336513313756676,0.37297623247790573,1.0,2526.456271257339
Northern,Admin region,cropland,2004-02,2004,2,0.44737353029373156,0.2337124030065948,1.0,13981.458540091737
Eastern,Admin region,cropland,2004-02,2004,2,0.462638243052417,0.26909437123231295,1.0,6653.9578871608155
Central,Admin region,cropland,2004-02,2004,2,0.6176449783277629,0.35442336399594015,1.0,2740.0187003040382
Western,Admin region,cropland,2004-02,2004,2,0.5850064760784068,0.3400579701397974,1.0,3706.890664557702
Uganda (national),Reference,cropland,2004-03,2004,3,0.4729046727562244,0.265791726098933,0.9987734524735543,27077.93442541493
Karamoja,Focus region,cropland,2004-03,2004,3,0.2618005154912485,0.14775742762884017,1.0,1090.6130090109777
Lake Victoria basin,Focus region,cropland,2004-03,2004,3,0.6584717043566635,0.4146240297600726,0.9930497081081403,2526.456271257339
Northern,Admin region,cropland,2004-03,2004,3,0.4090713095587406,0.21626501389255617,1.0,13981.458540091737
Eastern,Admin region,cropland,2004-03,2004,3,0.4527606727351004,0.25396929748163144,0.9999759127463324,6653.9578871608155
Central,Admin region,cropland,2004-03,2004,3,0.648461930612047,0.40827536737517695,0.9980746663946629,2740.0187003040382
Western,Admin region,cropland,2004-03,2004,3,0.6217378091774993,0.36965520120519035,0.9924980423175906,3706.890664557702
Uganda (national),Reference,cropland,2004-04,2004,4,0.6770495515260634,0.4251647784991053,0.9929959541774064,27077.93442541493
Karamoja,Focus region,cropland,2004-04,2004,4,0.44949546616189495,0.2701658225065604,0.9980405050655826,1090.6130090109777
Lake Victoria basin,Focus region,cropland,2004-04,2004,4,0.7578195498502074,0.48193594920602184,0.9726859408116051,2526.456271257339
Northern,Admin region,cropland,2004-04,2004,4,0.6629736483130606,0.4141690720527408,0.9998204023553681,13981.458540091737
Eastern,Admin region,cropland,2004-04,2004,4,0.6191869322642042,0.37802898863516043,0.9984262994270445,6653.9578871608155
Central,Admin region,cropland,2004-04,2004,4,0.7653673838058606,0.4962523888855603,0.9941505948845002,2740.0187003040382
Western,Admin region,cropland,2004-04,2004,4,0.7734146786521148,0.5024249332821723,0.9562485746574303,3706.890664557702
Uganda (national),Reference,cropland,2004-05,2004,5,0.7055933853456408,0.45243575994283447,0.9997757083578518,27077.93442541493
Karamoja,Focus region,cropland,2004-05,2004,5,0.5313504083337708,0.327141340242666,1.0,1090.6130090109777
Lake Victoria basin,Focus region,cropland,2004-05,2004,5,0.7292065525948974,0.48086893448827434,0.9998942691209941,2526.456271257339
Northern,Admin region,cropland,2004-05,2004,5,0.7087394217399401,0.45103951412071264,1.0,13981.458540091737
Eastern,Admin region,cropland,2004-05,2004,5,0.6463778137974066,0.400276810087843,1.0,6653.9578871608155
Central,Admin region,cropland,2004-05,2004,5,0.7573049422013981,0.49903853123773234,0.9999805019829483,2740.0187003040382
Western,Admin region,cropland,2004-05,2004,5,0.7622344642442169,0.517266401361478,0.9983897691277086,3706.890664557702
Uganda (national),Reference,cropland,2004-06,2004,6,0.6749745473640997,0.4164614144511116,0.9998599144411103,27077.93442541493
Karamoja,Focus region,cropland,2004-06,2004,6,0.520600718567924,0.3098232549881152,1.0,1090.6130090109777
Lake Victoria basin,Focus region,cropland,2004-06,2004,6,0.6065351485287276,0.3680405429099764,0.9999577076483976,2526.456271257339
Northern,Admin region,cropland,2004-06,2004,6,0.6926642254146892,0.4286457636474614,1.0,13981.458540091737
Eastern,Admin region,cropland,2004-06,2004,6,0.6401093611477626,0.3848817068764008,0.9994459931656432,6653.9578871608155
Central,Admin region,cropland,2004-06,2004,6,0.6729895910861683,0.4111698194214396,0.9999610039658967,2740.0187003040382
Western,Admin region,cropland,2004-06,2004,6,0.6722944235568462,0.43102638166314966,1.0,3706.890664557702
Uganda (national),Reference,cropland,2004-07,2004,7,0.6308381196120304,0.3623116158765699,0.9997908581796859,27077.93442541493
Karamoja,Focus region,cropland,2004-07,2004,7,0.4933303804411311,0.2828617406393033,0.9999510126266395,1090.6130090109777
Lake Victoria basin,Focus region,cropland,2004-07,2004,7,0.5141431635013703,0.2880339454225423,0.999767392066187,2526.456271257339
Northern,Admin region,cropland,2004-07,2004,7,0.6653856894768818,0.3867509127331441,0.999992357547037,13981.458540091737
Eastern,Admin region,cropland,2004-07,2004,7,0.5892898457178086,0.3347812409579906,0.9992773823899694,6653.9578871608155
Central,Admin region,cropland,2004-07,2004,7,0.6088639001279335,0.33306588728355613,0.9997855218124316,2740.0187003040382
Western,Admin region,cropland,2004-07,2004,7,0.5908240493179252,0.34080635368676315,0.9999567628424955,3706.890664557702
Uganda (national),Reference,cropland,2004-08,2004,8,0.6461918664976783,0.39950723699845847,0.999986188747715,27077.93442541493
Karamoja,Focus region,cropland,2004-08,2004,8,0.521829136383345,0.31881855391963354,1.0,1090.6130090109777
Lake Victoria basin,Focus region,cropland,2004-08,2004,8,0.5569264267329181,0.323299764942447,0.9999154152967953,2526.456271257339
Northern,Admin region,cropland,2004-08,2004,8,0.681397745266583,0.430770152184915,1.0,13981.458540091737
Eastern,Admin region,cropland,2004-08,2004,8,0.5809914940633891,0.3508686916348525,1.0,6653.9578871608155
Central,Admin region,cropland,2004-08,2004,8,0.633317567080131,0.39202803679493897,0.9999220079317933,2740.0187003040382
Western,Admin region,cropland,2004-08,2004,8,0.6394565087905221,0.3739793393613622,0.9999567628424955,3706.890664557702
Uganda (national),Reference,cropland,2004-09,2004,9,0.6446966911824257,0.4184700395421109,0.9970533132288956,27077.93442541493
Karamoja,Focus region,cropland,2004-09,2004,9,0.4214289211174577,0.2549285558829703,1.0,1090.6130090109777
Lake Victoria basin,Focus region,cropland,2004-09,2004,9,0.6236465992044836,0.4051404671636366,0.9783317209719811,2526.456271257339
Northern,Admin region,cropland,2004-09,2004,9,0.6601502861549647,0.4279227570514384,0.9999273966968509,13981.458540091737
Eastern,Admin region,cropland,2004-09,2004,9,0.579023666721706,0.36394627603658997,1.0,6653.9578871608155
Central,Admin region,cropland,2004-09,2004,9,0.6739797251869065,0.4563548911179886,0.9791420153746835,2740.0187003040382
Western,Admin region,cropland,2004-09,2004,9,0.6832925124408552,0.4532981860646833,0.9941168075830628,3706.890664557702
Uganda (national),Reference,cropland,2004-10,2004,10,0.6570609130022492,0.41713585515482005,0.989340622497049,27077.93442541493
Karamoja,Focus region,cropland,2004-10,2004,10,0.3942488558758819,0.2365454600903713,1.0,1090.6130090109777
Lake Victoria basin,Focus region,cropland,2004-10,2004,10,0.7191473460578757,0.4833819422614644,0.9435698957402313,2526.456271257339
Northern,Admin region,cropland,2004-10,2004,10,0.6424251831824801,0.40555682838486756,1.0,13981.458540091737
Eastern,Admin region,cropland,2004-10,2004,10,0.6022594957763238,0.36827180074828536,1.0,6653.9578871608155
Central,Admin region,cropland,2004-10,2004,10,0.7498838660767293,0.4898571366040859,0.9857569661636,2740.0187003040382
Western,Admin region,cropland,2004-10,2004,10,0.7493209408767196,0.5013254199309375,0.9324570602745758,3706.890664557702
Uganda (national),Reference,cropland,2004-11,2004,11,0.6554768828219458,0.4108530273997635,0.9829972419896361,27077.93442541493
Karamoja,Focus region,cropland,2004-11,2004,11,0.4625698562659265,0.2683994987481669,0.9999510126266395,1090.6130090109777
Lake Victoria basin,Focus region,cropland,2004-11,2004,11,0.7724308328795203,0.514768082160305,0.8982801773757811,2526.456271257339
Northern,Admin region,cropland,2004-11,2004,11,0.6158009942491922,0.3774818843486091,0.9995834863135131,13981.458540091737
Eastern,Admin region,cropland,2004-11,2004,11,0.6267198474680911,0.39114073242675246,0.9994379640810873,6653.9578871608155
Central,Admin region,cropland,2004-11,2004,11,0.7843727965721874,0.5108118174350457,0.9898415331160821,2740.0187003040382
Western,Admin region,cropland,2004-11,2004,11,0.7764912749032161,0.5107880515349505,0.88475958020959,3706.890664557702
Uganda (national),Reference,cropland,2004-12,2004,12,0.6084428802844776,0.34566663803166336,0.9992593377451141,27077.93442541493
Karamoja,Focus region,cropland,2004-12,2004,12,0.422228302186008,0.23886213829308392,1.0,1090.6130090109777
Lake Victoria basin,Focus region,cropland,2004-12,2004,12,0.7158729301261716,0.44384867319086974,0.9950916823549177,2526.456271257339
Northern,Admin region,cropland,2004-12,2004,12,0.5639912523726645,0.30252753372453367,1.0,13981.458540091737
Eastern,Admin region,cropland,2004-12,2004,12,0.5924280956529089,0.3444541191864384,1.0,6653.9578871608155
Central,Admin region,cropland,2004-12,2004,12,0.7301152313100063,0.44777795285744243,0.9997270277612766,2740.0187003040382
Western,Admin region,cropland,2004-12,2004,12,0.715945993101994,0.43589170380492565,0.994762538987623,3706.890664557702
Uganda (national),Reference,cropland,2005-01,2005,1,0.49228923959787196,0.26587678129171355,0.9999092403421278,27077.93442541493
Karamoja,Focus region,cropland,2005-01,2005,1,0.3211390183084062,0.1745133719200149,1.0,1090.6130090109777
Lake Victoria basin,Focus region,cropland,2005-01,2005,1,0.6209614150777675,0.3773931640346695,0.9998308305935906,2526.456271257339
Northern,Admin region,cropland,2005-01,2005,1,0.44357751345330315,0.2258233524058986,1.0,13981.458540091737
Eastern,Admin region,cropland,2005-01,2005,1,0.4797381876548832,0.2599533504078904,1.0,6653.9578871608155
Central,Admin region,cropland,2005-01,2005,1,0.6261329915595644,0.37463774979931924,0.9999805019829483,2740.0187003040382
Western,Admin region,cropland,2005-01,2005,1,0.600183182391452,0.3476121725077539,0.9993514426374327,3706.890664557702
Uganda (national),Reference,cropland,2005-02,2005,2,0.42471044230214344,0.2186489997720874,1.0,27077.93442541493
Karamoja,Focus region,cropland,2005-02,2005,2,0.26630408054254195,0.1478625870846615,1.0,1090.6130090109777
Lake Victoria basin,Focus region,cropland,2005-02,2005,2,0.5633837504202287,0.318225299628872,1.0,2526.456271257339
Northern,Admin region,cropland,2005-02,2005,2,0.378664515069651,0.18505519723515257,1.0,13981.458540091737
Eastern,Admin region,cropland,2005-02,2005,2,0.41134048634558124,0.2182042788975256,1.0,6653.9578871608155
Central,Admin region,cropland,2005-02,2005,2,0.5528063566250021,0.30018620990127626,1.0,2740.0187003040382
Western,Admin region,cropland,2005-02,2005,2,0.5281442456345309,0.2861901041195971,1.0,3706.890664557702
Uganda (national),Reference,cropland,2005-03,2005,3,0.5110698161600795,0.29331323001962817,0.9999940808918779,27077.93442541493
Karamoja,Focus region,cropland,2005-03,2005,3,0.2846627803350465,0.15892775457441222,1.0,1090.6130090109777
Lake Victoria basin,Focus region,cropland,2005-03,2005,3,0.6261408702228284,0.3993691404106419,0.9999365614725965,2526.456271257339
Northern,Admin region,cropland,2005-03,2005,3,0.48186291178866514,0.26201405126266686,1.0,13981.458540091737
Eastern,Admin region,cropland,2005-03,2005,3,0.4635175727913658,0.2614410390441468,1.0,6653.9578871608155
Central,Admin region,cropland,2005-03,2005,3,0.6319048159440109,0.39362187303096696,0.999941505948845,2740.0187003040382
Western,Admin region,cropland,2005-03,2005,3,0.6176017235546146,0.3947083151073174,1.0,3706.890664557702
Uganda (national),Reference,cropland,2005-04,2005,4,0.6555106956598297,0.4017550967028704,0.9946243665896631,27077.93442541493
Karamoja,Focus region,cropland,2005-04,2005,4,0.3709393738572901,0.21062603926329987,0.9996570883864769,1090.6130090109777
Lake Victoria basin,Focus region,cropland,2005-04,2005,4,0.7269070383156202,0.5023476071580537,0.9748143241375385,2526.456271257339
Northern,Admin region,cropland,2005-04,2005,4,0.635712849846591,0.36648816054910505,0.9993847825364734,13981.458540091737
Eastern,Admin region,cropland,2005-04,2005,4,0.6158301388169937,0.37640083518450773,0.9998313892243262,6653.9578871608155
Central,Admin region,cropland,2005-04,2005,4,0.742947615986819,0.515535823097309,0.9937801325605186,2740.0187003040382
Western,Admin region,cropland,2005-04,2005,4,0.740155862311475,0.499928063073167,0.9675967177062942,3706.890664557702
Uganda (national),Reference,cropland,2005-05,2005,5,0.7095632070838856,0.4500020517135293,0.99710949446298,27077.93442541493
Karamoja,Focus region,cropland,2005-05,2005,5,0.5285850521443297,0.326282988128337,0.9999510126266395,1090.6130090109777
Lake Victoria basin,Focus region,cropland,2005-05,2005,5,0.72935523795532,0.4883812185172714,0.9877909444280158,2526.456271257339
Northern,Admin region,cropland,2005-05,2005,5,0.7035405285362983,0.43468660484097477,0.9999847150940738,13981.458540091737
Eastern,Admin region,cropland,2005-05,2005,5,0.6749344242995027,0.4189558337656241,0.9998635055625498,6653.9578871608155
Central,Admin region,cropland,2005-05,2005,5,0.7580337151568844,0.5157135560790298,0.9944625631573267,2740.0187003040382
Western,Admin region,cropland,2005-05,2005,5,0.759956861078124,0.5165943471912835,0.9830527298330453,3706.890664557702
Uganda (national),Reference,cropland,2005-06,2005,6,0.6874932180634727,0.43106031365498937,0.9991149579313124,27077.93442541493
Karamoja,Focus region,cropland,2005-06,2005,6,0.574800420926667,0.36334695090242636,0.9996570883864769,1090.6130090109777
Lake Victoria basin,Focus region,cropland,2005-06,2005,6,0.6344343401492848,0.37954456054690394,0.9997039535387835,2526.456271257339
Northern,Admin region,cropland,2005-06,2005,6,0.6954884897591115,0.4420218541349791,0.9997284082009755,13981.458540091737
Eastern,Admin region,cropland,2005-06,2005,6,0.6629524457707895,0.4061300444689613,0.9971015004753221,6653.9578871608155
Central,Admin region,cropland,2005-06,2005,6,0.6944963474616246,0.42580365321526786,0.999707529744225,2740.0187003040382
Western,Admin region,cropland,2005-06,2005,6,0.696021492027318,0.438117803446694,0.9999711752283303,3706.890664557702
Uganda (national),Reference,cropland,2005-07,2005,7,0.6678783759351996,0.406348680066291,0.9998835908735988,27077.93442541493
Karamoja,Focus region,cropland,2005-07,2005,7,0.5794875168038346,0.3600609203362282,0.9999020252532791,1090.6130090109777
Lake Victoria basin,Focus region,cropland,2005-07,2005,7,0.5415285317891761,0.30669368510898176,0.9997885382419882,2526.456271257339
Northern,Admin region,cropland,2005-07,2005,7,0.6933190574607626,0.42875117713181954,0.999992357547037,13981.458540091737
Eastern,Admin region,cropland,2005-07,2005,7,0.6451582435082939,0.3932621293450315,0.999622633025873,6653.9578871608155
Central,Admin region,cropland,2005-07,2005,7,0.6326902808743823,0.3620040473732078,0.9998050198294833,2740.0187003040382
Western,Admin region,cropland,2005-07,2005,7,0.6381989446177231,0.37771526917391307,1.0,3706.890664557702
Uganda (national),Reference,cropland,2005-08,2005,8,0.6672596052009157,0.40701518396894715,0.9998283458644592,27077.93442541493
Karamoja,Focus region,cropland,2005-08,2005,8,0.5381678950874889,0.32139821787777856,1.0,1090.6130090109777
Lake Victoria basin,Focus region,cropland,2005-08,2005,8,0.590405776446852,0.33079169392024604,0.9997250997145847,2526.456271257339
Northern,Admin region,cropland,2005-08,2005,8,0.6914609712777001,0.4343673690215811,1.0,13981.458540091737
Eastern,Admin region,cropland,2005-08,2005,8,0.6241385154662138,0.3670801377684018,0.9999678836617765,6653.9578871608155
Central,Admin region,cropland,2005-08,2005,8,0.663495526755078,0.3887269471526359,0.9997465257783283,2740.0187003040382
Western,Admin region,cropland,2005-08,2005,8,0.6557775815044362,0.388580638372324,0.998991132991562,3706.890664557702
Uganda (national),Reference,cropland,2005-09,2005,9,0.6553157770332205,0.3989541214480154,0.9973245631288123,27077.93442541493
Karamoja,Focus region,cropland,2005-09,2005,9,0.5046447066933852,0.30703363112853643,1.0,1090.6130090109777
Lake Victoria basin,Focus region,cropland,2005-09,2005,9,0.6565088010202575,0.42992240568262363,0.9828986315355986,2526.456271257339
Northern,Admin region,cropland,2005-09,2005,9,0.6601623805759949,0.39496948394606135,1.0,13981.458540091737
Eastern,Admin region,cropland,2005-09,2005,9,0.6066586901395539,0.35935002327647336,1.0,6653.9578871608155
Central,Admin region,cropland,2005-09,2005,9,0.7125684386285017,0.45804613292911567,0.9815513585797736,2740.0187003040382
Western,Admin region,cropland,2005-09,2005,9,0.6830038757910453,0.442410513216996,0.9940930695358052,3706.890664557702
Uganda (national),Reference,cropland,2005-10,2005,10,0.6531047490085073,0.4133915673829632,0.935608382645565,27077.93442541493
Karamoja,Focus region,cropland,2005-10,2005,10,0.43788663585226034,0.2520886943571985,0.9959974434354325,1090.6130090109777
Lake Victoria basin,Focus region,cropland,2005-10,2005,10,0.6966303478541258,0.49733433313123454,0.8957423045749213,2526.456271257339
Northern,Admin region,cropland,2005-10,2005,10,0.6412199850280678,0.3985158346811303,0.9705995733623112,13981.458540091737
Eastern,Admin region,cropland,2005-10,2005,10,0.6214245848161901,0.36898761438071837,0.9723025235633166,6653.9578871608155
Central,Admin region,cropland,2005-10,2005,10,0.7326006991570022,0.5159955006080156,0.8554693811168814,2740.0187003040382
Western,Admin region,cropland,2005-10,2005,10,0.7141754304588589,0.4978757849322689,0.7965892947623976,3706.890664557702
Uganda (national),Reference,cropland,2005-11,2005,11,0.6398843053052367,0.39089742769530056,0.9971531256403663,27077.93442541493
Karamoja,Focus region,cropland,2005-11,2005,11,0.3859079105867096,0.22417764762825232,1.0,1090.6130090109777
Lake Victoria basin,Focus region,cropland,2005-11,2005,11,0.7307605409721676,0.47761310953385755,0.9834692465775121,2526.456271257339
Northern,Admin region,cropland,2005-11,2005,11,0.6110060581207633,0.364124352374415,1.0,13981.458540091737
Eastern,Admin region,cropland,2005-11,2005,11,0.5997336962164675,0.3678800020944891,1.0,6653.9578871608155
Central,Admin region,cropland,2005-11,2005,11,0.7475522149685874,0.48210043835901306,0.990367979576477,2740.0187003040382
Western,Admin region,cropland,2005-11,2005,11,0.7439580064504734,0.4678495817535711,0.9862525620841781,3706.890664557702
Uganda (national),Reference,cropland,2005-12,2005,12,0.48202567667331897,0.2698008193817208,0.9995699090927126,27077.93442541493
Karamoja,Focus region,cropland,2005-12,2005,12,0.28570192203400185,0.15775364357517124,1.0,1090.6130090109777
Lake Victoria basin,Focus region,cropland,2005-12,2005,12,0.6310264843196166,0.3993517210597481,0.9968720245050177,2526.456271257339
Northern,Admin region,cropland,2005-12,2005,12,0.41713108265266385,0.21810857509821202,1.0,13981.458540091737
Eastern,Admin region,cropland,2005-12,2005,12,0.4658923156276593,0.2609244996148565,1.0,6653.9578871608155
Central,Admin region,cropland,2005-12,2005,12,0.6485788733250536,0.3934150483478182,1.0,2740.0187003040382
Western,Admin region,cropland,2005-12,2005,12,0.6338955767745694,0.3904414301194583,0.9966811383976195,3706.890664557702
Uganda (national),Reference,cropland,2006-01,2006,1,0.42110329759017523,0.22015589876083363,0.9999921078558373,27077.93442541493
Karamoja,Focus region,cropland,2006-01,2006,1,0.2603274125849135,0.14294468019217654,1.0,1090.6130090109777
Lake Victoria basin,Focus region,cropland,2006-01,2006,1,0.592018217919717,0.34463069620342396,1.0,2526.456271257339
Northern,Admin region,cropland,2006-01,2006,1,0.3625641775684383,0.17688507392222555,1.0,13981.458540091737
Eastern,Admin region,cropland,2006-01,2006,1,0.3965490764458909,0.217048292841873,1.0,6653.9578871608155
Central,Admin region,cropland,2006-01,2006,1,0.5847022179567871,0.325231265915256,1.0,2740.0187003040382
Western,Admin region,cropland,2006-01,2006,1,0.5655856816222162,0.31162397291558747,0.9999423504566607,3706.890664557702
Uganda (national),Reference,cropland,2006-02,2006,2,0.383989703082712,0.20951376864435275,0.999995674795503,27077.93442541493
Karamoja,Focus region,cropland,2006-02,2006,2,0.24458051593501612,0.14151936165418275,1.0,1090.6130090109777
Lake Victoria basin,Focus region,cropland,2006-02,2006,2,0.5196757692978755,0.3118142808044635,1.0,2526.456271257339
Northern,Admin region,cropland,2006-02,2006,2,0.3329277906330834,0.17501032722346258,1.0,13981.458540091737
Eastern,Admin region,cropland,2006-02,2006,2,0.37654226335516966,0.20711207611943708,1.0,6653.9578871608155
Central,Admin region,cropland,2006-02,2006,2,0.5104207543431071,0.28723414814272186,1.0,2740.0187003040382
Western,Admin region,cropland,2006-02,2006,2,0.4968371468337389,0.28685540731903314,0.9999621886818686,3706.890664557702
Uganda (national),Reference,cropland,2006-03,2006,3,0.5542782495841954,0.3290352658248357,0.9984597552178757,27077.93442541493
Karamoja,Focus region,cropland,2006-03,2006,3,0.3033810764850429,0.17238189778237065,1.0,1090.6130090109777
Lake Victoria basin,Focus region,cropland,2006-03,2006,3,0.6484708172721098,0.4009755061145528,0.9948274795466724,2526.456271257339
Northern,Admin region,cropland,2006-03,2006,3,0.5211685498974468,0.29836857672320755,1.0,13981.458540091737
Eastern,Admin region,cropland,2006-03,2006,3,0.5251630593356401,0.3228203421379243,0.9999759127463324,6653.9578871608155
Central,Admin region,cropland,2006-03,2006,3,0.6634064489158372,0.40515323180296786,0.9980696963118851,2740.0187003040382
Western,Admin region,cropland,2006-03,2006,3,0.6517093500357944,0.4002730796736578,0.9900223900652882,3706.890664557702
Uganda (national),Reference,cropland,2006-04,2006,4,0.688378796299838,0.43491584284871265,0.9940754911753293,27077.93442541493
Karamoja,Focus region,cropland,2006-04,2006,4,0.46082613872109873,0.2716305395738256,1.0,1090.6130090109777
Lake Victoria basin,Focus region,cropland,2006-04,2006,4,0.7387684636628061,0.4967297262768887,0.9695969406210408,2526.456271257339
Northern,Admin region,cropland,2006-04,2006,4,0.6713741089904963,0.41370486476333435,0.9999694301881478,13981.458540091737
Eastern,Admin region,cropland,2006-04,2006,4,0.6610781518669867,0.40645112058585287,0.9997671565478791,6653.9578871608155
Central,Admin region,cropland,2006-04,2006,4,0.7589454778363732,0.5142301463481286,0.9928223593778159,2740.0187003040382
Western,Admin region,cropland,2006-04,2006,4,0.7522572979350801,0.5106450571425871,0.9622015682371361,3706.890664557702
Uganda (national),Reference,cropland,2006-05,2006,5,0.7109356603439718,0.4739541247553137,0.9978691210760453,27077.93442541493
Karamoja,Focus region,cropland,2006-05,2006,5,0.5202621761149712,0.3259920125192307,0.9967178459848508,1090.6130090109777
Lake Victoria basin,Focus region,cropland,2006-05,2006,5,0.7267108831660838,0.4901695157136657,0.9990669146270005,2526.456271257339
Northern,Admin region,cropland,2006-05,2006,5,0.7000668918491609,0.4590051385848681,0.9994382797072149,13981.458540091737
Eastern,Admin region,cropland,2006-05,2006,5,0.6860091387222506,0.4523033261232718,0.994243146373423,6653.9578871608155
Central,Admin region,cropland,2006-05,2006,5,0.7635180970151272,0.5230429621960972,0.9975627478685418,2740.0187003040382
Western,Admin region,cropland,2006-05,2006,5,0.7578191665350863,0.532981975587312,0.9986884728890305,3706.890664557702
Uganda (national),Reference,cropland,2006-06,2006,6,0.6716881806789454,0.41451948091193147,0.9998243997923778,27077.93442541493
Karamoja,Focus region,cropland,2006-06,2006,6,0.5233110078990779,0.3169844189474122,0.9998530378799186,1090.6130090109777
Lake Victoria basin,Focus region,cropland,2006-06,2006,6,0.6290093973252777,0.375771379227063,0.9998493231316441,2526.456271257339
Northern,Admin region,cropland,2006-06,2006,6,0.6755312600235801,0.4158437207842283,0.9999273966968509,13981.458540091737
Eastern,Admin region,cropland,2006-06,2006,6,0.6572179142542786,0.4084168085199621,0.9995313218681784,6653.9578871608155
Central,Admin region,cropland,2006-06,2006,6,0.6911301022499573,0.42102976451536434,0.9998124367222442,2740.0187003040382
Western,Admin region,cropland,2006-06,2006,6,0.6686291998945317,0.41545865238329766,0.9999711752283303,3706.890664557702
Uganda (national),Reference,cropland,2006-07,2006,7,0.6561187430835127,0.4001487855952266,0.9987372569339528,27077.93442541493
Karamoja,Focus region,cropland,2006-07,2006,7,0.5368347150091326,0.3166696151216853,0.9998530378799186,1090.6130090109777
Lake Victoria basin,Focus region,cropland,2006-07,2006,7,0.571147643196979,0.3347509259820924,0.992491531993169,2526.456271257339
Northern,Admin region,cropland,2006-07,2006,7,0.6735421213321818,0.41307251387139277,0.9998700782996279,13981.458540091737
Eastern,Admin region,cropland,2006-07,2006,7,0.6427010705989246,0.38895418180570973,0.9997992728861026,6653.9578871608155
Central,Admin region,cropland,2006-07,2006,7,0.638887736621981,0.38708836718109146,0.9892669150841478,2740.0187003040382
Western,Admin region,cropland,2006-07,2006,7,0.6265705468515422,0.38054394045516854,0.9995599983383368,3706.890664557702
Uganda (national),Reference,cropland,2006-08,2006,8,0.6566439420865432,0.39456996581596143,0.9999210785583721,27077.93442541493
Karamoja,Focus region,cropland,2006-08,2006,8,0.5681711503752908,0.3389912528914559,1.0,1090.6130090109777
Lake Victoria basin,Focus region,cropland,2006-08,2006,8,0.5641664359492846,0.3351445604947066,0.9999154152967953,2526.456271257339
Northern,Admin region,cropland,2006-08,2006,8,0.6875640496772321,0.4097952437860824,1.0,13981.458540091737
Eastern,Admin region,cropland,2006-08,2006,8,0.608584937310625,0.367098297071062,0.9997109529559878,6653.9578871608155
Central,Admin region,cropland,2006-08,2006,8,0.6431462394070672,0.3895466920257524,0.9999220079317933,2740.0187003040382
Western,Admin region,cropland,2006-08,2006,8,0.635918853418406,0.38976282768749293,1.0,3706.890664557702
Uganda (national),Reference,cropland,2006-09,2006,9,0.6568199808066775,0.4071612232500735,0.9965403315957102,27077.93442541493
Karamoja,Focus region,cropland,2006-09,2006,9,0.49372397351761826,0.2975308209630611,1.0,1090.6130090109777
Lake Victoria basin,Focus region,cropland,2006-09,2006,9,0.6149104343451388,0.38391469379166754,0.9803479051768988,2526.456271257339
Northern,Admin region,cropland,2006-09,2006,9,0.6700248100019003,0.4167358954425123,0.9999961787735184,13981.458540091737
Eastern,Admin region,cropland,2006-09,2006,9,0.6077667158589819,0.36560464777162865,0.9999839418308882,6653.9578871608155
Central,Admin region,cropland,2006-09,2006,9,0.678325394138704,0.4292055354282621,0.9847330526485456,2740.0187003040382
Western,Admin region,cropland,2006-09,2006,9,0.6796507915562827,0.4297981235465796,0.9859803658089602,3706.890664557702
Uganda (national),Reference,cropland,2006-10,2006,10,0.6346695536679112,0.4127895746782682,0.9088652950574039,27077.93442541493
Karamoja,Focus region,cropland,2006-10,2006,10,0.4191095292719532,0.25342901440070537,0.92125635130901,1090.6130090109777
Lake Victoria basin,Focus region,cropland,2006-10,2006,10,0.666903338191339,0.4510263434256989,0.7829442077639137,2526.456271257339
Northern,Admin region,cropland,2006-10,2006,10,0.6220284850067853,0.40360704392553565,0.9363018628658919,13981.458540091737
Eastern,Admin region,cropland,2006-10,2006,10,0.5994300258016565,0.3768969644191151,0.9629157680389283,6653.9578871608155
Central,Admin region,cropland,2006-10,2006,10,0.7098324824888035,0.48795459051086776,0.8105880043764253,2740.0187003040382
Western,Admin region,cropland,2006-10,2006,10,0.7124643816093122,0.47591294997850575,0.7810834327364063,3706.890664557702
Uganda (national),Reference,cropland,2006-11,2006,11,0.6811176693910451,0.4114493921386688,0.9698734805726824,27077.93442541493
Karamoja,Focus region,cropland,2006-11,2006,11,0.4827062479784037,0.27284336467738635,0.9936316414631433,1090.6130090109777
Lake Victoria basin,Focus region,cropland,2006-11,2006,11,0.7537703930079929,0.49639173820623783,0.8380184689870184,2526.456271257339
Northern,Admin region,cropland,2006-11,2006,11,0.6532178378278013,0.3835937743070244,0.9972105046684823,13981.458540091737
Eastern,Admin region,cropland,2006-11,2006,11,0.6636170217116399,0.3989201273089607,0.9953222238511293,6653.9578871608155
Central,Admin region,cropland,2006-11,2006,11,0.7692955790166263,0.49660014696861643,0.9355167697092264,2740.0187003040382
Western,Admin region,cropland,2006-11,2006,11,0.770395636385761,0.4924971438691956,0.8443924091376785,3706.890664557702
Uganda (national),Reference,cropland,2006-12,2006,12,0.6649734095544093,0.396160716316263,0.9932052816952303,27077.93442541493
Karamoja,Focus region,cropland,2006-12,2006,12,0.4938160251722098,0.2818078273273853,1.0,1090.6130090109777
Lake Victoria basin,Focus region,cropland,2006-12,2006,12,0.7539470933365734,0.5049962005593711,0.972512625096215,2526.456271257339
Northern,Admin region,cropland,2006-12,2006,12,0.6276545552863365,0.35500831701257424,1.0,13981.458540091737
Eastern,Admin region,cropland,2006-12,2006,12,0.6570995109113345,0.39171984503412766,0.9994058477428638,6653.9578871608155
Central,Admin region,cropland,2006-12,2006,12,0.7646045623550355,0.4929176768248108,0.9990056011303651,2740.0187003040382
Western,Admin region,cropland,2006-12,2006,12,0.7508157508419215,0.49297393126243627,0.9515848396396,3706.890664557702
Uganda (national),Reference,cropland,2007-01,2007,1,0.6093294099403808,0.3474391633706302,0.999672476017244,27077.93442541493
Karamoja,Focus region,cropland,2007-01,2007,1,0.41187336701551414,0.2349337431079091,1.0,1090.6130090109777
Lake Victoria basin,Focus region,cropland,2007-01,2007,1,0.7415593706442516,0.4527955433228562,0.9983820273095813,2526.456271257339
Northern,Admin region,cropland,2007-01,2007,1,0.5521381701623908,0.2930844731167801,1.0,13981.458540091737
Eastern,Admin region,cropland,2007-01,2007,1,0.6195330018863139,0.37944481960274784,0.9999759127463324,6653.9578871608155
Central,Admin region,cropland,2007-01,2007,1,0.7424081000000541,0.4387685328957935,1.0,2740.0187003040382
Western,Admin region,cropland,2007-01,2007,1,0.7090801018075029,0.42789183408731396,0.9976562069482959,3706.890664557702
Uganda (national),Reference,cropland,2007-02,2007,2,0.5441094454268449,0.31665734413572394,1.0,27077.93442541493
Karamoja,Focus region,cropland,2007-02,2007,2,0.4012156185481951,0.23586123637790815,1.0,1090.6130090109777
Lake Victoria basin,Focus region,cropland,2007-02,2007,2,0.6626317855383044,0.42658678776155556,1.0,2526.456271257339
Northern,Admin region,cropland,2007-02,2007,2,0.49827011040767094,0.26678798298298495,1.0,13981.458540091737
Eastern,Admin region,cropland,2007-02,2007,2,0.5462389057242539,0.3456349044425593,1.0,6653.9578871608155
Central,Admin region,cropland,2007-02,2007,2,0.6672451335587412,0.41795638036670474,1.0,2740.0187003040382
Western,Admin region,cropland,2007-02,2007,2,0.6226374698067588,0.37821002647357455,1.0,3706.890664557702
Uganda (national),Reference,cropland,2007-03,2007,3,0.5180255912170187,0.28414888938736155,0.9997335782353358,27077.93442541493
Karamoja,Focus region,cropland,2007-03,2007,3,0.344593806814547,0.20015066119506536,1.0,1090.6130090109777
Lake Victoria basin,Focus region,cropland,2007-03,2007,3,0.6238797613127901,0.37671212634978773,0.9986035231353263,2526.456271257339
Northern,Admin region,cropland,2007-03,2007,3,0.47799966801933624,0.24737294040575444,1.0,13981.458540091737
Eastern,Admin region,cropland,2007-03,2007,3,0.5116773069496364,0.2984205583828435,1.0,6653.9578871608155
Central,Admin region,cropland,2007-03,2007,3,0.6396301593203564,0.3655835664810004,0.9993175694031917,2740.0187003040382
Western,Admin region,cropland,2007-03,2007,3,0.5909926797796768,0.33744925432751227,0.9985546355178273,3706.890664557702
Uganda (national),Reference,cropland,2007-04,2007,4,0.6317679360337586,0.35716634435917965,0.9931476380932567,27077.93442541493
Karamoja,Focus region,cropland,2007-04,2007,4,0.42736162677845735,0.2466854212232128,1.0,1090.6130090109777
Lake Victoria basin,Focus region,cropland,2007-04,2007,4,0.7029882799550632,0.4581453234327113,0.9654346268877524,2526.456271257339
Northern,Admin region,cropland,2007-04,2007,4,0.6139343617072195,0.3257750151482777,0.9996216985783284,13981.458540091737
Eastern,Admin region,cropland,2007-04,2007,4,0.5881912091946229,0.33641410799485405,0.9999036509853293,6653.9578871608155
Central,Admin region,cropland,2007-04,2007,4,0.7226706676964436,0.45709486081450224,0.9953204759076002,2740.0187003040382
Western,Admin region,cropland,2007-04,2007,4,0.7141934568082703,0.4430996560019134,0.9543576131167404,3706.890664557702
Uganda (national),Reference,cropland,2007-05,2007,5,0.6974132135305815,0.4381116580165536,0.999017428051732,27077.93442541493
Karamoja,Focus region,cropland,2007-05,2007,5,0.5172428309092268,0.30566845532053766,1.0,1090.6130090109777
Lake Victoria basin,Focus region,cropland,2007-05,2007,5,0.7100787598234285,0.47638138148641995,0.9983545787441295,2526.456271257339
Northern,Admin region,cropland,2007-05,2007,5,0.6983218672674949,0.4280971074327043,1.0,13981.458540091737
Eastern,Admin region,cropland,2007-05,2007,5,0.6468311169895551,0.3917916555975505,1.0,6653.9578871608155
Central,Admin region,cropland,2007-05,2007,5,0.7483222199508968,0.5009510518529748,0.9974012584096668,2740.0187003040382
Western,Admin region,cropland,2007-05,2007,5,0.7475807992737898,0.5132755224109656,0.9947309447771069,3706.890664557702
Uganda (national),Reference,cropland,2007-06,2007,6,0.7145000327577022,0.44991884878933597,0.9873548661769348,27077.93442541493
Karamoja,Focus region,cropland,2007-06,2007,6,0.5827183756715014,0.3505631494566137,0.9906464854057009,1090.6130090109777
Lake Victoria basin,Focus region,cropland,2007-06,2007,6,0.6941521435028124,0.4372084633398658,0.9978441681086148,2526.456271257339
Northern,Admin region,cropland,2007-06,2007,6,0.7201671230631634,0.45413532256141365,0.9883583712829825,13981.458540091737
Eastern,Admin region,cropland,2007-06,2007,6,0.6731019660762902,0.4079382865402573,0.9884376774270253,6653.9578871608155
Central,Admin region,cropland,2007-06,2007,6,0.7414365616325198,0.4776339548576886,0.9961879465093695,2740.0187003040382
Western,Admin region,cropland,2007-06,2007,6,0.7477314996888402,0.48916092644933046,0.9749524038022701,3706.890664557702
Uganda (national),Reference,cropland,2007-07,2007,7,0.71457487222869,0.42792025102534825,0.99663751329246,27077.93442541493
Karamoja,Focus region,cropland,2007-07,2007,7,0.6143011429632672,0.3786581418034229,0.9997550631331978,1090.6130090109777
Lake Victoria basin,Focus region,cropland,2007-07,2007,7,0.645233728011729,0.3685597251296033,0.9989261059740188,2526.456271257339
Northern,Admin region,cropland,2007-07,2007,7,0.7343154530574739,0.44186833396218445,0.9995670925026473,13981.458540091737
Eastern,Admin region,cropland,2007-07,2007,7,0.6777859877918674,0.4048826421721871,0.9959542859820119,6653.9578871608155
Central,Admin region,cropland,2007-07,2007,7,0.717031819518024,0.4153738649146133,0.9969950114896844,2740.0187003040382
Western,Admin region,cropland,2007-07,2007,7,0.7036919292834319,0.4254445544217811,0.9865453878528457,3706.890664557702
Uganda (national),Reference,cropland,2007-08,2007,8,0.6999910016161641,0.4315308510002725,0.9964524811988235,27077.93442541493
Karamoja,Focus region,cropland,2007-08,2007,8,0.6172417183341966,0.37317792718149173,0.9999020252532791,1090.6130090109777
Lake Victoria basin,Focus region,cropland,2007-08,2007,8,0.6280838393829737,0.3883077263708537,0.9806752148078293,2526.456271257339
Northern,Admin region,cropland,2007-08,2007,8,0.7237333327967874,0.4466041717042792,0.9998586146201833,13981.458540091737
Eastern,Admin region,cropland,2007-08,2007,8,0.6552913495344933,0.3922590645620379,0.9983299504123738,6653.9578871608155
Central,Admin region,cropland,2007-08,2007,8,0.7026613373189085,0.44637672832392494,0.9772653121177576,2740.0187003040382
Western,Admin region,cropland,2007-08,2007,8,0.6881079340223009,0.43392297923547346,0.994422406681921,3706.890664557702
Uganda (national),Reference,cropland,2007-09,2007,9,0.6920311692135883,0.4462558014690002,0.9991019126812549,27077.93442541493
Karamoja,Focus region,cropland,2007-09,2007,9,0.5858052895317052,0.37314509084084013,1.0,1090.6130090109777
Lake Victoria basin,Focus region,cropland,2007-09,2007,9,0.6666476825760117,0.43544509665244213,0.9963974379790956,2526.456271257339
Northern,Admin region,cropland,2007-09,2007,9,0.7093222592466593,0.45328372765768277,1.0,13981.458540091737
Eastern,Admin region,cropland,2007-09,2007,9,0.6346455312987249,0.40731004662265125,0.9999839418308882,6653.9578871608155
Central,Admin region,cropland,2007-09,2007,9,0.7221510111821684,0.4785223483999837,0.9989454248973467,2740.0187003040382
Western,Admin region,cropland,2007-09,2007,9,0.7074685729577205,0.4658304484053913,0.994150493002504,3706.890664557702
Uganda (national),Reference,cropland,2007-10,2007,10,0.6902008778116075,0.42883545210195606,0.976849664031423,27077.93442541493
Karamoja,Focus region,cropland,2007-10,2007,10,0.524757462957381,0.3010516807183585,1.0,1090.6130090109777
Lake Victoria basin,Focus region,cropland,2007-10,2007,10,0.7033984156268059,0.47182803389668493,0.9213681525987656,2526.456271257339
Northern,Admin region,cropland,2007-10,2007,10,0.6934285421417224,0.42159946569543266,0.9995546248146762,13981.458540091737
Eastern,Admin region,cropland,2007-10,2007,10,0.6357613585056027,0.3814128244447707,0.9998153310552144,6653.9578871608155
Central,Admin region,cropland,2007-10,2007,10,0.7572495045751404,0.5070071922769307,0.9677138070352361,2740.0187003040382
Western,Admin region,cropland,2007-10,2007,10,0.7340425142474154,0.4947904860256353,0.8561131264901629,3706.890664557702
Uganda (national),Reference,cropland,2007-11,2007,11,0.6645384047774425,0.41423655018371247,0.992500273362209,27077.93442541493
Karamoja,Focus region,cropland,2007-11,2007,11,0.41648949084445197,0.25006727284218777,1.0,1090.6130090109777
Lake Victoria basin,Focus region,cropland,2007-11,2007,11,0.7360041242169895,0.5101094076329865,0.9600723713354712,2526.456271257339
Northern,Admin region,cropland,2007-11,2007,11,0.649077308580118,0.393022632224588,1.0,13981.458540091737
Eastern,Admin region,cropland,2007-11,2007,11,0.611944392598508,0.37152780900247345,0.9999678836617765,6653.9578871608155
Central,Admin region,cropland,2007-11,2007,11,0.7593046075990926,0.5170731031359219,0.9836565327188578,2740.0187003040382
Western,Admin region,cropland,2007-11,2007,11,0.7525109670390888,0.49997042564393435,0.9572462508721612,3706.890664557702
Uganda (national),Reference,cropland,2007-12,2007,12,0.5616652919733506,0.32731548860147613,0.9995179756891628,27077.93442541493
Karamoja,Focus region,cropland,2007-12,2007,12,0.3361157501033055,0.1861924369162697,1.0,1090.6130090109777
Lake Victoria basin,Focus region,cropland,2007-12,2007,12,0.7126112800071075,0.4965486521263533,0.9996248419634332,2526.456271257339
Northern,Admin region,cropland,2007-12,2007,12,0.5123576483826074,0.2765095576486789,1.0,13981.458540091737
Eastern,Admin region,cropland,2007-12,2007,12,0.5180710604399275,0.29339405683697656,1.0,6653.9578871608155
Central,Admin region,cropland,2007-12,2007,12,0.7229842802934001,0.48739773140189313,1.0,2740.0187003040382
Western,Admin region,cropland,2007-12,2007,12,0.7075748402333837,0.4624467562019914,0.9964910079429204,3706.890664557702
Uganda (national),Reference,cropland,2008-01,2008,1,0.4715095103568295,0.25833650633111993,0.9988745725049891,27077.93442541493
Karamoja,Focus region,cropland,2008-01,2008,1,0.29533982253699653,0.162510745812588,1.0,1090.6130090109777
Lake Victoria basin,Focus region,cropland,2008-01,2008,1,0.6657066884481286,0.4176518014836045,0.9940828853799322,2526.456271257339
Northern,Admin region,cropland,2008-01,2008,1,0.40885155563778464,0.20486655984765237,1.0,13981.458540091737
Eastern,Admin region,cropland,2008-01,2008,1,0.43632071773183423,0.2461542843226674,1.0,6653.9578871608155
Central,Admin region,cropland,2008-01,2008,1,0.6653001468621236,0.40549160416532654,1.0,2740.0187003040382
Western,Admin region,cropland,2008-01,2008,1,0.6296904945820165,0.3744925996298007,0.9915450727585277,3706.890664557702
Uganda (national),Reference,cropland,2008-02,2008,2,0.4416067872447087,0.23918074286066937,0.9999826218080494,27077.93442541493
Karamoja,Focus region,cropland,2008-02,2008,2,0.27702165984397414,0.15343735528313446,1.0,1090.6130090109777
Lake Victoria basin,Focus region,cropland,2008-02,2008,2,0.6378072348116142,0.3907649083690594,1.0,2526.456271257339
Northern,Admin region,cropland,2008-02,2008,2,0.377795767168235,0.187677141209648,1.0,13981.458540091737
Eastern,Admin region,cropland,2008-02,2008,2,0.41597015440968615,0.23557828038325226,1.0,6653.9578871608155
Central,Admin region,cropland,2008-02,2008,2,0.6304284115508396,0.3724939877826188,1.0,2740.0187003040382
Western,Admin region,cropland,2008-02,2008,2,0.5893638066761172,0.34190920079254533,0.9998720406214507,3706.890664557702
Uganda (national),Reference,cropland,2008-03,2008,3,0.4941066413127777,0.2886386213912946,0.9961226359971961,27077.93442541493
Karamoja,Focus region,cropland,2008-03,2008,3,0.302926724725349,0.16860542866545142,1.0,1090.6130090109777
Lake Victoria basin,Focus region,cropland,2008-03,2008,3,0.6297824011523725,0.4233432650761096,0.9796807640619167,2526.456271257339
Northern,Admin region,cropland,2008-03,2008,3,0.45418487097014454,0.2515778809623812,1.0,13981.458540091737
Eastern,Admin region,cropland,2008-03,2008,3,0.4501189387653527,0.2567687426069449,1.0,6653.9578871608155
Central,Admin region,cropland,2008-03,2008,3,0.6341370049521423,0.4110271124226619,0.999824517846535,2740.0187003040382
Western,Admin region,cropland,2008-03,2008,3,0.6241865299631997,0.3985872044715315,0.9710533730210876,3706.890664557702
Uganda (national),Reference,cropland,2008-04,2008,4,0.6411255830617785,0.4098861785945544,0.9879435582323095,27077.93442541493
Karamoja,Focus region,cropland,2008-04,2008,4,0.3650053148418484,0.22115151001177036,1.0,1090.6130090109777
Lake Victoria basin,Focus region,cropland,2008-04,2008,4,0.7279482914164177,0.4903678893560806,0.9115560782484797,2526.456271257339
Northern,Admin region,cropland,2008-04,2008,4,0.617986377096822,0.39354469467134096,1.0,13981.458540091737
Eastern,Admin region,cropland,2008-04,2008,4,0.5972532210701296,0.3678001511869412,0.9999839418308882,6653.9578871608155
Central,Admin region,cropland,2008-04,2008,4,0.7515017331638836,0.5074588684951575,0.9414690937696343,2740.0187003040382
Western,Admin region,cropland,2008-04,2008,4,0.7350679823004488,0.4826763135715588,0.9546742899709858,3706.890664557702
Uganda (national),Reference,cropland,2008-05,2008,5,0.6993621662358248,0.45192570975637497,0.9953728823017305,27077.93442541493
Karamoja,Focus region,cropland,2008-05,2008,5,0.3984014513270901,0.2310248782477908,0.9992162020262331,1090.6130090109777
Lake Victoria basin,Focus region,cropland,2008-05,2008,5,0.7308365179053178,0.4954477708862448,0.9779395630685936,2526.456271257339
Northern,Admin region,cropland,2008-05,2008,5,0.6920375893455238,0.4389371354046623,0.9998280448083311,13981.458540091737
Eastern,Admin region,cropland,2008-05,2008,5,0.6612714068168954,0.4296183721822934,0.9995664294339817,6653.9578871608155
Central,Admin region,cropland,2008-05,2008,5,0.7682949156528175,0.5281628437003938,0.9982061824312467,2740.0187003040382
Western,Admin region,cropland,2008-05,2008,5,0.7462235214832071,0.4858736035026953,0.9687287399646701,3706.890664557702
Uganda (national),Reference,cropland,2008-06,2008,6,0.6616270399434031,0.4109508483706636,0.9999881617837558,27077.93442541493
Karamoja,Focus region,cropland,2008-06,2008,6,0.4998468190385292,0.30446441450579514,1.0,1090.6130090109777
Lake Victoria basin,Focus region,cropland,2008-06,2008,6,0.663487259790015,0.4084676776320719,0.9999577076483976,2526.456271257339
Northern,Admin region,cropland,2008-06,2008,6,0.660223226530951,0.40658788160284837,1.0,13981.458540091737
Eastern,Admin region,cropland,2008-06,2008,6,0.6236973049669577,0.39128774222479434,0.9999678836617765,6653.9578871608155
Central,Admin region,cropland,2008-06,2008,6,0.7254684559331066,0.4580001801304703,0.9999610039658967,2740.0187003040382
Western,Admin region,cropland,2008-06,2008,6,0.6878643415786314,0.4278345588298046,1.0,3706.890664557702
Uganda (national),Reference,cropland,2008-07,2008,7,0.6598040132695967,0.3883567418796275,0.9995679051070869,27077.93442541493
Karamoja,Focus region,cropland,2008-07,2008,7,0.5899405713686448,0.3574272692065015,0.9992651893995934,1090.6130090109777
Lake Victoria basin,Focus region,cropland,2008-07,2008,7,0.5932187145289707,0.3506416806118499,0.9995213500912769,2526.456271257339
Northern,Admin region,cropland,2008-07,2008,7,0.679459922092873,0.4025353856353049,0.9999273966968509,13981.458540091737
Eastern,Admin region,cropland,2008-07,2008,7,0.6169942199559463,0.35706100850023637,0.9992051206289664,6653.9578871608155
Central,Admin region,cropland,2008-07,2008,7,0.6736105508505302,0.4036598115055745,0.999473553539605,2740.0187003040382
Western,Admin region,cropland,2008-07,2008,7,0.6519340498840508,0.3794838437558903,0.9988485916696973,3706.890664557702
Uganda (national),Reference,cropland,2008-08,2008,8,0.662453983563635,0.4069748803486216,0.9992458901504524,27077.93442541493
Karamoja,Focus region,cropland,2008-08,2008,8,0.5801375000096077,0.36191176541289755,0.9997550631331978,1090.6130090109777
Lake Victoria basin,Focus region,cropland,2008-08,2008,8,0.5764707223662389,0.33173718985292616,0.9983922272296734,2526.456271257339
Northern,Admin region,cropland,2008-08,2008,8,0.6891884631914421,0.4240621377162496,0.9996178773518469,13981.458540091737
Eastern,Admin region,cropland,2008-08,2008,8,0.6115241498098901,0.37494400953910806,0.9998956219007734,6653.9578871608155
Central,Admin region,cropland,2008-08,2008,8,0.6607448135033729,0.404748677619798,0.9965293529648035,2740.0187003040382
Western,Admin region,cropland,2008-08,2008,8,0.6540610791537715,0.40136537548295365,0.9986884728890305,3706.890664557702
Uganda (national),Reference,cropland,2008-09,2008,9,0.6792634372598605,0.41998762224716907,0.9990657635660309,27077.93442541493
Karamoja,Focus region,cropland,2008-09,2008,9,0.5360606018513449,0.31728692782499557,0.9997060757598374,1090.6130090109777
Lake Victoria basin,Focus region,cropland,2008-09,2008,9,0.6287826695194086,0.42047320411920225,0.9961926103154528,2526.456271257339
Northern,Admin region,cropland,2008-09,2008,9,0.6939651687754997,0.4204609273688887,0.9999732514146292,13981.458540091737
Eastern,Admin region,cropland,2008-09,2008,9,0.6361535367540856,0.3771945426889689,0.9999197091544411,6653.9578871608155
Central,Admin region,cropland,2008-09,2008,9,0.6947136054150519,0.4612679029463211,0.9971727875275085,2740.0187003040382
Western,Admin region,cropland,2008-09,2008,9,0.6897692198400682,0.46457432981100183,0.9954961011670359,3706.890664557702
Uganda (national),Reference,cropland,2008-10,2008,10,0.6936704457414692,0.46087682796237367,0.9767796096458838,27077.93442541493
Karamoja,Focus region,cropland,2008-10,2008,10,0.5283305269019328,0.32641240239274344,0.9998040505065583,1090.6130090109777
Lake Victoria basin,Focus region,cropland,2008-10,2008,10,0.7205429289676081,0.5072687590166521,0.8180159281288752,2526.456271257339
Northern,Admin region,cropland,2008-10,2008,10,0.6893573115540477,0.4486845717232332,0.9999503240557401,13981.458540091737
Eastern,Admin region,cropland,2008-10,2008,10,0.6521010568685301,0.43087408059644716,0.9994219059119755,6653.9578871608155
Central,Admin region,cropland,2008-10,2008,10,0.7608923749908924,0.5241838767598066,0.8500363160125438,2740.0187003040382
Western,Admin region,cropland,2008-10,2008,10,0.745477734275382,0.5247122556730417,0.9425692988487328,3706.890664557702
Uganda (national),Reference,cropland,2008-11,2008,11,0.6695845857381768,0.4143797897989669,0.9986706147401546,27077.93442541493
Karamoja,Focus region,cropland,2008-11,2008,11,0.4932085629928634,0.29918905531788714,1.0,1090.6130090109777
Lake Victoria basin,Focus region,cropland,2008-11,2008,11,0.7410676736611854,0.495726161085844,0.9934121784392264,2526.456271257339
Northern,Admin region,cropland,2008-11,2008,11,0.657646072729989,0.38912821391933183,1.0,13981.458540091737
Eastern,Admin region,cropland,2008-11,2008,11,0.6101472695193022,0.38542506637061663,1.0,6653.9578871608155
Central,Admin region,cropland,2008-11,2008,11,0.7624222120288446,0.494120232447756,0.9997465257783283,2740.0187003040382
Western,Admin region,cropland,2008-11,2008,11,0.7537225245991066,0.5037617070579166,0.9904423274251031,3706.890664557702
Uganda (national),Reference,cropland,2008-12,2008,12,0.5381955410477945,0.31399138959330286,0.9969501582622502,27077.93442541493
Karamoja,Focus region,cropland,2008-12,2008,12,0.3683436603711173,0.22025132862401406,1.0,1090.6130090109777
Lake Victoria basin,Focus region,cropland,2008-12,2008,12,0.6993809538910457,0.4398503362182966,0.9871550664827474,2526.456271257339
Northern,Admin region,cropland,2008-12,2008,12,0.49497130107262216,0.2764211029375327,1.0,13981.458540091737
Eastern,Admin region,cropland,2008-12,2008,12,0.49577733507662014,0.2933293525069135,1.0,6653.9578871608155
Central,Admin region,cropland,2008-12,2008,12,0.6873028535984887,0.4287747279905746,0.999941505948845,2740.0187003040382
Western,Admin region,cropland,2008-12,2008,12,0.6706584415683146,0.4104482318139766,0.9776386464452415,3706.890664557702
Uganda (national),Reference,cropland,2009-01,2009,1,0.45210039049855555,0.24736650945707492,0.9994117644510034,27077.93442541493
Karamoja,Focus region,cropland,2009-01,2009,1,0.2952281867006771,0.16840425729090608,1.0,1090.6130090109777
Lake Victoria basin,Focus region,cropland,2009-01,2009,1,0.6007083474083955,0.3441622046187784,0.9989393741627567,2526.456271257339
Northern,Admin region,cropland,2009-01,2009,1,0.40414439377523115,0.2103777819911169,1.0,13981.458540091737
Eastern,Admin region,cropland,2009-01,2009,1,0.4251325870204777,0.24481025160915473,1.0,6653.9578871608155
Central,Admin region,cropland,2009-01,2009,1,0.5907604511956338,0.3339954687284542,0.99976602379538,2740.0187003040382
Western,Admin region,cropland,2009-01,2009,1,0.5800362178783524,0.328063384991966,0.9958000046910904,3706.890664557702
Uganda (national),Reference,cropland,2009-02,2009,2,0.4961048882026938,0.2666490922344874,0.9954877671610731,27077.93442541493
Karamoja,Focus region,cropland,2009-02,2009,2,0.2929485406181206,0.15643750649082694,1.0,1090.6130090109777
Lake Victoria basin,Focus region,cropland,2009-02,2009,2,0.6535432838468317,0.3934997940630972,0.9766341391491344,2526.456271257339
Northern,Admin region,cropland,2009-02,2009,2,0.4459666013813859,0.22210537020184545,1.0,13981.458540091737
Eastern,Admin region,cropland,2009-02,2009,2,0.45328650976355567,0.2594305008580728,1.0,6653.9578871608155
Central,Admin region,cropland,2009-02,2009,2,0.6706784257756532,0.3923735948728721,0.9998050198294833,2740.0187003040382
Western,Admin region,cropland,2009-02,2009,2,0.6380069780554469,0.3578438419178603,0.9664574044762608,3706.890664557702
Uganda (national),Reference,cropland,2009-03,2009,3,0.4724275908065308,0.2609921907693999,0.9998855639096395,27077.93442541493
Karamoja,Focus region,cropland,2009-03,2009,3,0.25877818820871945,0.1423003813811095,1.0,1090.6130090109777
Lake Victoria basin,Focus region,cropland,2009-03,2009,3,0.6464567206576409,0.4113240465213324,0.9992175914953564,2526.456271257339
Northern,Admin region,cropland,2009-03,2009,3,0.4233530784517566,0.21207713067607525,0.9999961787735184,13981.458540091737
Eastern,Admin region,cropland,2009-03,2009,3,0.4103189759825204,0.23212693900030554,1.0,6653.9578871608155
Central,Admin region,cropland,2009-03,2009,3,0.6602910471862149,0.4111478951283523,0.9998440158635866,2740.0187003040382
Western,Admin region,cropland,2009-03,2009,3,0.6306690003998725,0.386722498608646,0.9992937930940934,3706.890664557702
Uganda (national),Reference,cropland,2009-04,2009,4,0.6413263269680237,0.38714779849368225,0.9961704763181359,27077.93442541493
Karamoja,Focus region,cropland,2009-04,2009,4,0.43608117838894894,0.2503499905263236,0.9997060757598374,1090.6130090109777
Lake Victoria basin,Focus region,cropland,2009-04,2009,4,0.7018863361804614,0.44936811636855756,0.9873219139561277,2526.456271257339
Northern,Admin region,cropland,2009-04,2009,4,0.6269098318672749,0.36778030129518,0.9999770726411108,13981.458540091737
Eastern,Admin region,cropland,2009-04,2009,4,0.5928961108221645,0.3558174688968733,0.9999839418308882,6653.9578871608155
Central,Admin region,cropland,2009-04,2009,4,0.7276330021966053,0.45681745679879066,0.999590541641915,2740.0187003040382
Western,Admin region,cropland,2009-04,2009,4,0.7214100780470506,0.4674201452991372,0.9720069642909119,3706.890664557702
Uganda (national),Reference,cropland,2009-05,2009,5,0.6907845286041647,0.4464970290124813,0.9991092245207,27077.93442541493
Karamoja,Focus region,cropland,2009-05,2009,5,0.5504896678935245,0.33006783998134154,0.9999510126266395,1090.6130090109777
Lake Victoria basin,Focus region,cropland,2009-05,2009,5,0.7008462161941872,0.4590763613397152,0.9970587742615052,2526.456271257339
Northern,Admin region,cropland,2009-05,2009,5,0.6840776168284626,0.43842946573566743,0.9998784100718779,13981.458540091737
Eastern,Admin region,cropland,2009-05,2009,5,0.661181711071682,0.4229194167604507,0.9999839418308882,6653.9578871608155
Central,Admin region,cropland,2009-05,2009,5,0.733246209792573,0.4813362086812281,0.9990056011303651,2740.0187003040382
Western,Admin region,cropland,2009-05,2009,5,0.7383769990662605,0.49395695238099513,0.994687990215403,3706.890664557702
Uganda (national),Reference,cropland,2009-06,2009,6,0.6393453221633388,0.40096540274157544,0.9999704044593896,27077.93442541493
Karamoja,Focus region,cropland,2009-06,2009,6,0.49743399912936964,0.3018128333374631,1.0,1090.6130090109777
Lake Victoria basin,Focus region,cropland,2009-06,2009,6,0.6022128817625425,0.3761616069175666,0.9997462458903859,2526.456271257339
Northern,Admin region,cropland,2009-06,2009,6,0.6401402194359542,0.3998800012313343,1.0,13981.458540091737
Eastern,Admin region,cropland,2009-06,2009,6,0.6128234874768916,0.37933976893973625,0.9999759127463324,6653.9578871608155
Central,Admin region,cropland,2009-06,2009,6,0.6514299539708515,0.41396407743273844,0.99976602379538,2740.0187003040382
Western,Admin region,cropland,2009-06,2009,6,0.6751793615708704,0.43435740050296395,1.0,3706.890664557702
Uganda (national),Reference,cropland,2009-07,2009,7,0.5962987205258427,0.3495584024716925,0.9997395592426278,27077.93442541493
Karamoja,Focus region,cropland,2009-07,2009,7,0.4563964064881883,0.26859071270388923,0.9998530378799186,1090.6130090109777
Lake Victoria basin,Focus region,cropland,2009-07,2009,7,0.49320487171976396,0.284896048913335,0.9999154152967953,2526.456271257339
Northern,Admin region,cropland,2009-07,2009,7,0.6290177363720902,0.36795653974519665,0.9999885363205554,13981.458540091737
Eastern,Admin region,cropland,2009-07,2009,7,0.5542086832275481,0.32689861291539923,0.9989963644305131,6653.9578871608155
Central,Admin region,cropland,2009-07,2009,7,0.5559048402020526,0.32074359888670656,0.9999220079317933,2740.0187003040382
Western,Admin region,cropland,2009-07,2009,7,0.5780623458729558,0.3420387114959687,1.0,3706.890664557702
Uganda (national),Reference,cropland,2009-08,2009,8,0.6074214226418467,0.3618269265303396,0.9993427855635414,27077.93442541493
Karamoja,Focus region,cropland,2009-08,2009,8,0.39044704053830054,0.2290942828949732,1.0,1090.6130090109777
Lake Victoria basin,Focus region,cropland,2009-08,2009,8,0.49572243712148556,0.284588873898685,0.9986226790828165,2526.456271257339
Northern,Admin region,cropland,2009-08,2009,8,0.6435646545941155,0.3891751832422002,0.9999807590007754,13981.458540091737
Eastern,Admin region,cropland,2009-08,2009,8,0.547145376525059,0.31515523291896813,0.9999116800698852,6653.9578871608155
Central,Admin region,cropland,2009-08,2009,8,0.5776323470054675,0.3418118843768227,0.9989861031133134,2740.0187003040382
Western,Admin region,cropland,2009-08,2009,8,0.601161146932849,0.35700581729430475,0.9961811699070515,3706.890664557702
Uganda (national),Reference,cropland,2009-09,2009,9,0.6494043937823196,0.4062857777380337,0.9984107697622926,27077.93442541493
Karamoja,Focus region,cropland,2009-09,2009,9,0.3840481938678771,0.21999194651214352,0.9998530378799186,1090.6130090109777
Lake Victoria basin,Focus region,cropland,2009-09,2009,9,0.5863889529271353,0.35892868494391506,0.9971816708596906,2526.456271257339
Northern,Admin region,cropland,2009-09,2009,9,0.6740214350737193,0.4217398990797295,0.9998853632055541,13981.458540091737
Eastern,Admin region,cropland,2009-09,2009,9,0.5771340831800069,0.3611737282166649,0.9999839418308882,6653.9578871608155
Central,Admin region,cropland,2009-09,2009,9,0.6611108628981824,0.4046797549881405,0.9996295376760184,2740.0187003040382
Western,Admin region,cropland,2009-09,2009,9,0.6781574210411563,0.430617906132129,0.9888939850331613,3706.890664557702
Uganda (national),Reference,cropland,2009-10,2009,10,0.6746191877366241,0.42054576825420653,0.9374961680545132,27077.93442541493
Karamoja,Focus region,cropland,2009-10,2009,10,0.39797351569610756,0.22970967685203766,0.990748686514045,1090.6130090109777
Lake Victoria basin,Focus region,cropland,2009-10,2009,10,0.6921284283409377,0.4644976776223751,0.6048413298771912,2526.456271257339
Northern,Admin region,cropland,2009-10,2009,10,0.6832976976525995,0.42259591778882727,0.9890055671673387,13981.458540091737
Eastern,Admin region,cropland,2009-10,2009,10,0.6121738225949465,0.36322656560629446,0.9950449527977989,6653.9578871608155
Central,Admin region,cropland,2009-10,2009,10,0.7308145316327296,0.4862884887569545,0.7725038657686161,2740.0187003040382
Western,Admin region,cropland,2009-10,2009,10,0.7367986466050461,0.4960880155410092,0.7600715306490687,3706.890664557702
Uganda (national),Reference,cropland,2009-11,2009,11,0.651241701750563,0.4090048248694751,0.983065431662682,27077.93442541493
Karamoja,Focus region,cropland,2009-11,2009,11,0.3536230190995041,0.19927493344921274,1.0,1090.6130090109777
Lake Victoria basin,Focus region,cropland,2009-11,2009,11,0.7434254735011379,0.5055814818570662,0.8643610479812532,2526.456271257339
Northern,Admin region,cropland,2009-11,2009,11,0.6321252449546632,0.38110429838135823,0.9999885363205554,13981.458540091737
Eastern,Admin region,cropland,2009-11,2009,11,0.5998636047479948,0.3757999193156834,0.9996306621104288,6653.9578871608155
Central,Admin region,cropland,2009-11,2009,11,0.7563171537064818,0.5156987517248828,0.9455991560952369,2740.0187003040382
Western,Admin region,cropland,2009-11,2009,11,0.7508012679376553,0.5078159756797002,0.9167564332227535,3706.890664557702
Uganda (national),Reference,cropland,2009-12,2009,12,0.6023984232260218,0.3596170293171574,0.9982269524398657,27077.93442541493
Karamoja,Focus region,cropland,2009-12,2009,12,0.31696070973482837,0.1715847685577138,1.0,1090.6130090109777
Lake Victoria basin,Focus region,cropland,2009-12,2009,12,0.7319985715106432,0.523796749139784,0.9902133010606756,2526.456271257339
Northern,Admin region,cropland,2009-12,2009,12,0.5548109131935562,0.3032990644386301,1.0,13981.458540091737
Eastern,Admin region,cropland,2009-12,2009,12,0.5812138539953962,0.34228526619959954,0.9999839418308882,6653.9578871608155
Central,Admin region,cropland,2009-12,2009,12,0.7334351942622404,0.520443357882987,0.9985571467381767,2740.0187003040382
Western,Admin region,cropland,2009-12,2009,12,0.7250492761952287,0.48628448551486597,0.9880636620515949,3706.890664557702
Uganda (national),Reference,cropland,2010-01,2010,1,0.5937416328048551,0.33564521188294805,1.0,27077.93442541493
Karamoja,Focus region,cropland,2010-01,2010,1,0.4062090429730691,0.23176569328755822,1.0,1090.6130090109777
Lake Victoria basin,Focus region,cropland,2010-01,2010,1,0.7200305135999759,0.4578480450526317,1.0,2526.456271257339
Northern,Admin region,cropland,2010-01,2010,1,0.5462359080772358,0.28741243039579767,1.0,13981.458540091737
Eastern,Admin region,cropland,2010-01,2010,1,0.5864155839918448,0.34255712717906295,1.0,6653.9578871608155
Central,Admin region,cropland,2010-01,2010,1,0.709386504917744,0.4452635986740732,1.0,2740.0187003040382
Western,Admin region,cropland,2010-01,2010,1,0.7008864532248847,0.42428861371217,1.0,3706.890664557702
Uganda (national),Reference,cropland,2010-02,2010,2,0.5152639347672467,0.27740835104857386,0.9998678065852731,27077.93442541493
Karamoja,Focus region,cropland,2010-02,2010,2,0.3683488908586294,0.20165773372308046,1.0,1090.6130090109777
Lake Victoria basin,Focus region,cropland,2010-02,2010,2,0.682518149882525,0.40900603960997217,0.9997039535387835,2526.456271257339
Northern,Admin region,cropland,2010-02,2010,2,0.4650516151387772,0.23167361363168415,1.0,13981.458540091737
Eastern,Admin region,cropland,2010-02,2010,2,0.49170265113917316,0.2790600859911806,1.0,6653.9578871608155
Central,Admin region,cropland,2010-02,2010,2,0.6719607563099507,0.38994133060352565,0.999707529744225,2740.0187003040382
Western,Admin region,cropland,2010-02,2010,2,0.6314167845154839,0.36403462118608987,0.9992505559365888,3706.890664557702
Uganda (national),Reference,cropland,2010-03,2010,3,0.6159042361639482,0.3686512557696387,0.9979335194249345,27077.93442541493
Karamoja,Focus region,cropland,2010-03,2010,3,0.4649177210766539,0.2868792985891828,1.0,1090.6130090109777
Lake Victoria basin,Focus region,cropland,2010-03,2010,3,0.6952824341171138,0.4777931505217613,0.985803452681244,2526.456271257339
Northern,Admin region,cropland,2010-03,2010,3,0.5976689093145175,0.3374205737448678,1.0,13981.458540091737
Eastern,Admin region,cropland,2010-03,2010,3,0.5796630309072723,0.3459114889521388,0.9999759127463324,6653.9578871608155
Central,Admin region,cropland,2010-03,2010,3,0.7008932158486849,0.4692022563851625,0.9930183335648881,2740.0187003040382
Western,Admin region,cropland,2010-03,2010,3,0.6881545616469238,0.45433704474518455,0.9899950913109421,3706.890664557702
Uganda (national),Reference,cropland,2010-04,2010,4,0.6542156939740196,0.42490350180485553,0.9911197980750038,27077.93442541493
Karamoja,Focus region,cropland,2010-04,2010,4,0.4569232500187985,0.2734531571231506,0.9989222777860705,1090.6130090109777
Lake Victoria basin,Focus region,cropland,2010-04,2010,4,0.7260326690194243,0.5177367867523783,0.9376008693317263,2526.456271257339
Northern,Admin region,cropland,2010-04,2010,4,0.6306713043354853,0.39357929782664625,0.9998547933937019,13981.458540091737
Eastern,Admin region,cropland,2010-04,2010,4,0.6307183194869987,0.3999673320866596,0.9998715976203179,6653.9578871608155
Central,Admin region,cropland,2010-04,2010,4,0.7346143345452484,0.519170819387982,0.9847069023668527,2740.0187003040382
Western,Admin region,cropland,2010-04,2010,4,0.7312375751555592,0.5247971800297849,0.946597701987468,3706.890664557702
Uganda (national),Reference,cropland,2010-05,2010,5,0.7139242936224958,0.4573973329367603,0.9965134054568019,27077.93442541493
Karamoja,Focus region,cropland,2010-05,2010,5,0.5591350450097904,0.34044367983159085,1.0,1090.6130090109777
Lake Victoria basin,Focus region,cropland,2010-05,2010,5,0.7504757451307754,0.5082947180183354,0.9823803429130211,2526.456271257339
Northern,Admin region,cropland,2010-05,2010,5,0.6980216466354213,0.43157817456870856,0.9999961787735184,13981.458540091737
Eastern,Admin region,cropland,2010-05,2010,5,0.6918153477265573,0.4380224019590504,0.9996627784486524,6653.9578871608155
Central,Admin region,cropland,2010-05,2010,5,0.7703852034576226,0.5231998628946486,0.9992200793179333,2740.0187003040382
Western,Admin region,cropland,2010-05,2010,5,0.7736182243585062,0.543169791236676,0.9752784063179379,3706.890664557702
Uganda (national),Reference,cropland,2010-06,2010,6,0.6937468945905523,0.4452098677891881,0.9997829660355231,27077.93442541493
Karamoja,Focus region,cropland,2010-06,2010,6,0.563936449658237,0.3494608401811905,0.9999020252532791,1090.6130090109777
Lake Victoria basin,Focus region,cropland,2010-06,2010,6,0.6515682133430577,0.419944327115802,0.9996616611871811,2526.456271257339
Northern,Admin region,cropland,2010-06,2010,6,0.6954804139322858,0.4392632254906427,0.9999885363205554,13981.458540091737
Eastern,Admin region,cropland,2010-06,2010,6,0.6781821344779452,0.43670998623368174,0.999309498728193,6653.9578871608155
Central,Admin region,cropland,2010-06,2010,6,0.696738720699113,0.45271302308409295,0.999590541641915,2740.0187003040382
Western,Admin region,cropland,2010-06,2010,6,0.7126211195202194,0.47698300183715486,1.0,3706.890664557702
Uganda (national),Reference,cropland,2010-07,2010,7,0.6584566394154645,0.39476707329684485,0.9997533704949126,27077.93442541493
Karamoja,Focus region,cropland,2010-07,2010,7,0.5688294639769552,0.3525264887127561,0.9999510126266395,1090.6130090109777
Lake Victoria basin,Focus region,cropland,2010-07,2010,7,0.5464611128576481,0.318418266846544,0.9997250997145847,2526.456271257339
Northern,Admin region,cropland,2010-07,2010,7,0.6799811408630214,0.41080425331284703,0.9999885363205554,13981.458540091737
Eastern,Admin region,cropland,2010-07,2010,7,0.6429205440170447,0.3842576209464191,0.9990798039366822,6653.9578871608155
Central,Admin region,cropland,2010-07,2010,7,0.62259558760506,0.36297817712074165,0.9998558675994416,2740.0187003040382
Western,Admin region,cropland,2010-07,2010,7,0.6310126159215047,0.37604467372477945,1.0,3706.890664557702
Uganda (national),Reference,cropland,2010-08,2010,8,0.6514025362803575,0.40457482290041,0.9999526471350232,27077.93442541493
Karamoja,Focus region,cropland,2010-08,2010,8,0.5638419651968964,0.34995827880099134,0.9999510126266395,1090.6130090109777
Lake Victoria basin,Focus region,cropland,2010-08,2010,8,0.5114865819209624,0.29096919248329306,0.9999365614725965,2526.456271257339
Northern,Admin region,cropland,2010-08,2010,8,0.6881350177074521,0.42782086370254857,0.9999808938675924,13981.458540091737
Eastern,Admin region,cropland,2010-08,2010,8,0.6201268452425263,0.39118186337174293,0.9999036509853293,6653.9578871608155
Central,Admin region,cropland,2010-08,2010,8,0.6031359641004217,0.3567870139760117,0.9999025099147417,2740.0187003040382
Western,Admin region,cropland,2010-08,2010,8,0.604277420459,0.37575825700059445,0.9999711752283303,3706.890664557702
Uganda (national),Reference,cropland,2010-09,2010,9,0.6585481834814326,0.4284265513858635,0.9999329167746163,27077.93442541493
Karamoja,Focus region,cropland,2010-09,2010,9,0.523900901463723,0.315858611615233,1.0,1090.6130090109777
Lake Victoria basin,Focus region,cropland,2010-09,2010,9,0.5730485642873104,0.3832883744322835,0.9996828073629823,2526.456271257339
Northern,Admin region,cropland,2010-09,2010,9,0.6745140484904046,0.4444696021935404,1.0,13981.458540091737
Eastern,Admin region,cropland,2010-09,2010,9,0.6266895486047063,0.39143299778574997,0.9999919709154441,6653.9578871608155
Central,Admin region,cropland,2010-09,2010,9,0.6421203883756907,0.42967970824804025,0.999707529744225,2740.0187003040382
Western,Admin region,cropland,2010-09,2010,9,0.6673294970355077,0.43306535538717883,0.9997405770549731,3706.890664557702
Uganda (national),Reference,cropland,2010-10,2010,10,0.6915478811971961,0.44477420012665003,0.9877365906203385,27077.93442541493
Karamoja,Focus region,cropland,2010-10,2010,10,0.49252994058576294,0.28131455857740084,0.9930927803561785,1090.6130090109777
Lake Victoria basin,Focus region,cropland,2010-10,2010,10,0.697281255883136,0.4795127564853332,0.939293724362335,2526.456271257339
Northern,Admin region,cropland,2010-10,2010,10,0.6861293436508172,0.43837571447402235,0.99722961080089,13981.458540091737
Eastern,Admin region,cropland,2010-10,2010,10,0.6544450177969249,0.4073420369443939,0.998023743168036,6653.9578871608155
Central,Admin region,cropland,2010-10,2010,10,0.7324423503347137,0.4916794202111466,0.9841314432439867,2740.0187003040382
Western,Admin region,cropland,2010-10,2010,10,0.7527515712812124,0.5058957779140684,0.936019632495465,3706.890664557702
Uganda (national),Reference,cropland,2010-11,2010,11,0.6675493226216397,0.42712621273527857,0.9986625910602558,27077.93442541493
Karamoja,Focus region,cropland,2010-11,2010,11,0.38807469070236916,0.2255223433330972,1.0,1090.6130090109777
Lake Victoria basin,Focus region,cropland,2010-11,2010,11,0.7308922808883238,0.5219965154070928,0.994930556787931,2526.456271257339
Northern,Admin region,cropland,2010-11,2010,11,0.6538596770567621,0.40429425094752564,1.0,13981.458540091737
Eastern,Admin region,cropland,2010-11,2010,11,0.6112348357204022,0.3759412705225919,0.9999839418308882,6653.9578871608155
Central,Admin region,cropland,2010-11,2010,11,0.7469884045430514,0.5199031006626557,0.9978323557435385,2740.0187003040382
Western,Admin region,cropland,2010-11,2010,11,0.7628099150505587,0.5379881505833222,0.9916300210562133,3706.890664557702
Uganda (national),Reference,cropland,2010-12,2010,12,0.5838052922772579,0.3398569676785946,0.9999881617837558,27077.93442541493
Karamoja,Focus region,cropland,2010-12,2010,12,0.32528093591049173,0.17274843961768335,1.0,1090.6130090109777
Lake Victoria basin,Focus region,cropland,2010-12,2010,12,0.7018192765939306,0.45914916672768763,0.9999788538241988,2526.456271257339
Northern,Admin region,cropland,2010-12,2010,12,0.5496170214106,0.3074146207033361,1.0,13981.458540091737
Eastern,Admin region,cropland,2010-12,2010,12,0.5404518016415607,0.3082000082368958,1.0,6653.9578871608155
Central,Admin region,cropland,2010-12,2010,12,0.6959269320006015,0.430138366139833,0.9999805019829483,2740.0187003040382
Western,Admin region,cropland,2010-12,2010,12,0.7083649227468709,0.4528686194341574,0.9999279380708258,3706.890664557702
Uganda (national),Reference,cropland,2011-01,2011,1,0.48184133987586614,0.26456889105388504,0.9999743505314709,27077.93442541493
Karamoja,Focus region,cropland,2011-01,2011,1,0.28776545745657967,0.15648750656767008,1.0,1090.6130090109777
Lake Victoria basin,Focus region,cropland,2011-01,2011,1,0.614436310911145,0.36648875899977107,1.0,2526.456271257339
Northern,Admin region,cropland,2011-01,2011,1,0.4329790964136042,0.22481916189758896,1.0,13981.458540091737
Eastern,Admin region,cropland,2011-01,2011,1,0.4690398610688137,0.26427010241585336,1.0,6653.9578871608155
Central,Admin region,cropland,2011-01,2011,1,0.5979782823516261,0.3361638719292246,1.0,2740.0187003040382
Western,Admin region,cropland,2011-01,2011,1,0.6039461276243931,0.36258065225158004,0.9998126389841472,3706.890664557702
Uganda (national),Reference,cropland,2011-02,2011,2,0.3983173188314206,0.2138946558457995,1.0,27077.93442541493
Karamoja,Focus region,cropland,2011-02,2011,2,0.25827294121918587,0.13857004396184502,1.0,1090.6130090109777
Lake Victoria basin,Focus region,cropland,2011-02,2011,2,0.5314429036087649,0.31057282072902404,1.0,2526.456271257339
Northern,Admin region,cropland,2011-02,2011,2,0.3576052496069347,0.18642878867150536,1.0,13981.458540091737
Eastern,Admin region,cropland,2011-02,2011,2,0.37799482780699317,0.2036976343215467,1.0,6653.9578871608155
Central,Admin region,cropland,2011-02,2011,2,0.5031760748358362,0.28341961598387794,1.0,2740.0187003040382
Western,Admin region,cropland,2011-02,2011,2,0.5114802213714202,0.28489870235682063,1.0,3706.890664557702
Uganda (national),Reference,cropland,2011-03,2011,3,0.4569269706845063,0.25073640074727305,0.9958604311134817,27077.93442541493
Karamoja,Focus region,cropland,2011-03,2011,3,0.3035225107354385,0.17635206760334374,1.0,1090.6130090109777
Lake Victoria basin,Focus region,cropland,2011-03,2011,3,0.57981881405602,0.33398827999306235,0.966272678858916,2526.456271257339
Northern,Admin region,cropland,2011-03,2011,3,0.428983740363634,0.22760203280932043,1.0,13981.458540091737
Eastern,Admin region,cropland,2011-03,2011,3,0.4047471716040665,0.23111178961218767,0.9999839418308882,6653.9578871608155
Central,Admin region,cropland,2011-03,2011,3,0.5662226601001159,0.3125181867384278,0.9808139512211608,2740.0187003040382
Western,Admin region,cropland,2011-03,2011,3,0.5791000934834636,0.3300075802424149,0.983970092321222,3706.890664557702
Uganda (national),Reference,cropland,2011-04,2011,4,0.6082397069837918,0.3690293652771452,0.9942997054435152,27077.93442541493
Karamoja,Focus region,cropland,2011-04,2011,4,0.38050097511768016,0.21809003404718494,1.0,1090.6130090109777
Lake Victoria basin,Focus region,cropland,2011-04,2011,4,0.730073115408544,0.48840846631429796,0.9708844524857039,2526.456271257339
Northern,Admin region,cropland,2011-04,2011,4,0.5767148912693981,0.3361360815376903,1.0,13981.458540091737
Eastern,Admin region,cropland,2011-04,2011,4,0.5487406302692833,0.3314551470399315,1.0,6653.9578871608155
Central,Admin region,cropland,2011-04,2011,4,0.7376866816147641,0.4893534925474333,0.9977577280390584,2740.0187003040382
Western,Admin region,cropland,2011-04,2011,4,0.7442839964231686,0.47632627974190717,0.9597806830510062,3706.890664557702
Uganda (national),Reference,cropland,2011-05,2011,5,0.690267146474244,0.4487233340603463,0.9995994736837381,27077.93442541493
Karamoja,Focus region,cropland,2011-05,2011,5,0.5099503017526144,0.3043757942149945,1.0,1090.6130090109777
Lake Victoria basin,Focus region,cropland,2011-05,2011,5,0.744301855574702,0.5028797637723191,0.9999788538241988,2526.456271257339
Northern,Admin region,cropland,2011-05,2011,5,0.6712562359456606,0.43081361255215017,1.0,13981.458540091737
Eastern,Admin region,cropland,2011-05,2011,5,0.6584852679858824,0.41758603615758233,0.998394183088821,6653.9578871608155
Central,Admin region,cropland,2011-05,2011,5,0.7614563731620081,0.5225120520663796,0.9999805019829483,2740.0187003040382
Western,Admin region,cropland,2011-05,2011,5,0.7669210774784154,0.5179339844782604,0.9999711752283303,3706.890664557702
Uganda (national),Reference,cropland,2011-06,2011,6,0.6844810125408279,0.4391192530798095,0.9998263728284185,27077.93442541493
Karamoja,Focus region,cropland,2011-06,2011,6,0.5651824082662731,0.35416299158149483,0.9997060757598374,1090.6130090109777
Lake Victoria basin,Focus region,cropland,2011-06,2011,6,0.6878941608095471,0.4414827529337179,0.9995559303081752,2526.456271257339
Northern,Admin region,cropland,2011-06,2011,6,0.6798982217604757,0.43326817464562345,0.9999770726411108,13981.458540091737
Eastern,Admin region,cropland,2011-06,2011,6,0.6479797024576333,0.4096988867348999,0.9994362323177517,6653.9578871608155
Central,Admin region,cropland,2011-06,2011,6,0.7349901767484635,0.4779572617169483,0.9997702292500382,2740.0187003040382
Western,Admin region,cropland,2011-06,2011,6,0.7300796835040074,0.4853161668451261,1.0,3706.890664557702
Uganda (national),Reference,cropland,2011-07,2011,7,0.6669667940080625,0.40669306041985115,0.9995363984296056,27077.93442541493
Karamoja,Focus region,cropland,2011-07,2011,7,0.6052290564858995,0.3679413575323274,1.0,1090.6130090109777
Lake Victoria basin,Focus region,cropland,2011-07,2011,7,0.5930369057805758,0.35700677947600246,0.9997462458903859,2526.456271257339
Northern,Admin region,cropland,2011-07,2011,7,0.6859842524258207,0.420710796464642,0.9996297756021464,13981.458540091737
Eastern,Admin region,cropland,2011-07,2011,7,0.6292630661663035,0.37060765793538336,0.9990605971069603,6653.9578871608155
Central,Admin region,cropland,2011-07,2011,7,0.655923378775365,0.4049996864558709,0.99976602379538,2740.0187003040382
Western,Admin region,cropland,2011-07,2011,7,0.670860619388273,0.419505722441143,0.9999855876141651,3706.890664557702
Uganda (national),Reference,cropland,2011-08,2011,8,0.6695702319339986,0.4252553992794156,0.9983664499566411,27077.93442541493
Karamoja,Focus region,cropland,2011-08,2011,8,0.6138796137808697,0.3983724088718723,0.9998040505065583,1090.6130090109777
Lake Victoria basin,Focus region,cropland,2011-08,2011,8,0.6300139157382194,0.39433541194109,0.9991970258028123,2526.456271257339
Northern,Admin region,cropland,2011-08,2011,8,0.6894716435303977,0.43751999038092826,0.9991669726270263,13981.458540091737
Eastern,Admin region,cropland,2011-08,2011,8,0.6154947268912395,0.3803261550040817,0.9987073173865009,6653.9578871608155
Central,Admin region,cropland,2011-08,2011,8,0.6821112599790932,0.44553718470287346,0.9976602379538001,2740.0187003040382
Western,Admin region,cropland,2011-08,2011,8,0.6821994431377929,0.44440502413672406,0.9952726244078558,3706.890664557702
Uganda (national),Reference,cropland,2011-09,2011,9,0.6800318277677703,0.4527036140662269,0.9915263750351238,27077.93442541493
Karamoja,Focus region,cropland,2011-09,2011,9,0.5962151429096159,0.3723357663344552,1.0,1090.6130090109777
Lake Victoria basin,Focus region,cropland,2011-09,2011,9,0.678565933528373,0.4650501088209239,0.9610119249504807,2526.456271257339
Northern,Admin region,cropland,2011-09,2011,9,0.6813461341334288,0.45339223215281566,0.9999044693379617,13981.458540091737
Eastern,Admin region,cropland,2011-09,2011,9,0.6393406308709195,0.41424209040411336,0.997344419641395,6653.9578871608155
Central,Admin region,cropland,2011-09,2011,9,0.7225961282961362,0.4967815529594185,0.9664487298112371,2740.0187003040382
Western,Admin region,cropland,2011-09,2011,9,0.7186230015041256,0.48845469392049917,0.9679226637028019,3706.890664557702
Uganda (national),Reference,cropland,2011-10,2011,10,0.690346288426999,0.45539301351065253,0.9487942753543102,27077.93442541493
Karamoja,Focus region,cropland,2011-10,2011,10,0.521064317018702,0.3161448563035261,0.989945293590934,1090.6130090109777
Lake Victoria basin,Focus region,cropland,2011-10,2011,10,0.7357469420062104,0.5011234041993838,0.7601970591391367,2526.456271257339
Northern,Admin region,cropland,2011-10,2011,10,0.6789298646318316,0.44647455063713987,0.9866932006639464,13981.458540091737
Eastern,Admin region,cropland,2011-10,2011,10,0.6578858106324473,0.42502858584760356,0.9957285270162637,6653.9578871608155
Central,Admin region,cropland,2011-10,2011,10,0.7643291153266674,0.5082076048668309,0.8224083904784528,2740.0187003040382
Western,Admin region,cropland,2011-10,2011,10,0.7584945180696259,0.523414153399247,0.8143728789418934,3706.890664557702
Uganda (national),Reference,cropland,2011-11,2011,11,0.7042527130903714,0.45357542405241436,0.9980719027566516,27077.93442541493
Karamoja,Focus region,cropland,2011-11,2011,11,0.571483975502092,0.32696587069412336,0.9996081010131165,1090.6130090109777
Lake Victoria basin,Focus region,cropland,2011-11,2011,11,0.7581027311487786,0.5204728862580617,0.9876285749683346,2526.456271257339
Northern,Admin region,cropland,2011-11,2011,11,0.6859053135868487,0.4307587584656426,0.9999694301881478,13981.458540091737
Eastern,Admin region,cropland,2011-11,2011,11,0.6803473560240805,0.42364813279695585,0.9999839418308882,6653.9578871608155
Central,Admin region,cropland,2011-11,2011,11,0.770825285555909,0.5295958852265853,0.9946185472937402,2740.0187003040382
Western,Admin region,cropland,2011-11,2011,11,0.7683120676912067,0.5385794273932009,0.9899836179214344,3706.890664557702
Uganda (national),Reference,cropland,2011-12,2011,12,0.6585505571324078,0.410386392200462,0.9999388358827384,27077.93442541493
Karamoja,Focus region,cropland,2011-12,2011,12,0.5391357266546839,0.30418390260503286,1.0,1090.6130090109777
Lake Victoria basin,Focus region,cropland,2011-12,2011,12,0.7318920654967842,0.5105575014877793,0.9996653099390842,2526.456271257339
Northern,Admin region,cropland,2011-12,2011,12,0.6311334269721126,0.37540007249091306,1.0,13981.458540091737
Eastern,Admin region,cropland,2011-12,2011,12,0.6373247750518146,0.393614182441141,1.0,6653.9578871608155
Central,Admin region,cropland,2011-12,2011,12,0.744473174546213,0.5138661847558187,0.999941505948845,2740.0187003040382
Western,Admin region,cropland,2011-12,2011,12,0.7370294003949452,0.49639003603420223,0.9995964531966248,3706.890664557702
Uganda (national),Reference,cropland,2012-01,2012,1,0.5326017870321303,0.3025284177061826,1.0,27077.93442541493
Karamoja,Focus region,cropland,2012-01,2012,1,0.3893527404689303,0.21839815289746872,1.0,1090.6130090109777
Lake Victoria basin,Focus region,cropland,2012-01,2012,1,0.6445481794427997,0.4128945679454823,1.0,2526.456271257339
Northern,Admin region,cropland,2012-01,2012,1,0.4991677358862965,0.2674594864944438,1.0,13981.458540091737
Eastern,Admin region,cropland,2012-01,2012,1,0.508982165109402,0.2968730574889378,1.0,6653.9578871608155
Central,Admin region,cropland,2012-01,2012,1,0.6354016091713479,0.39522581321832506,1.0,2740.0187003040382
Western,Admin region,cropland,2012-01,2012,1,0.6255857475662145,0.3767869844880338,1.0,3706.890664557702
Uganda (national),Reference,cropland,2012-02,2012,2,0.3956393659028019,0.21977419553107366,0.9999980269639593,27077.93442541493
Karamoja,Focus region,cropland,2012-02,2012,2,0.29194004229819537,0.16337133999484776,1.0,1090.6130090109777
Lake Victoria basin,Focus region,cropland,2012-02,2012,2,0.5291677837928749,0.31230956210996685,1.0,2526.456271257339
Northern,Admin region,cropland,2012-02,2012,2,0.3612326561835291,0.19004841094896155,1.0,13981.458540091737
Eastern,Admin region,cropland,2012-02,2012,2,0.36780871442045077,0.22171352985918927,1.0,6653.9578871608155
Central,Admin region,cropland,2012-02,2012,2,0.5146512084412195,0.2938326517807847,1.0,2740.0187003040382
Western,Admin region,cropland,2012-02,2012,2,0.4878462932646277,0.2738769728805855,0.9999855876141651,3706.890664557702
Uganda (national),Reference,cropland,2012-03,2012,3,0.3957757965072991,0.214774455197164,1.0,27077.93442541493
Karamoja,Focus region,cropland,2012-03,2012,3,0.2694250188505333,0.15012551313313055,1.0,1090.6130090109777
Lake Victoria basin,Focus region,cropland,2012-03,2012,3,0.5709687004754491,0.3320439554858902,1.0,2526.456271257339
Northern,Admin region,cropland,2012-03,2012,3,0.3536082310012622,0.18574529878776735,1.0,13981.458540091737
Eastern,Admin region,cropland,2012-03,2012,3,0.3676062906303168,0.20879498434422955,1.0,6653.9578871608155
Central,Admin region,cropland,2012-03,2012,3,0.5328283590858812,0.295057075092522,1.0,2740.0187003040382
Western,Admin region,cropland,2012-03,2012,3,0.5047151124745418,0.27601055184460144,1.0,3706.890664557702
Uganda (national),Reference,cropland,2012-04,2012,4,0.5870018197265405,0.35089584703204724,0.9804375797783582,27077.93442541493
Karamoja,Focus region,cropland,2012-04,2012,4,0.4178667394313777,0.23549251488801765,0.9990202525327913,1090.6130090109777
Lake Victoria basin,Focus region,cropland,2012-04,2012,4,0.7027816123048056,0.47903773805403815,0.879863019219469,2526.456271257339
Northern,Admin region,cropland,2012-04,2012,4,0.5582151751199819,0.31739906540385815,0.9998815419790725,13981.458540091737
Eastern,Admin region,cropland,2012-04,2012,4,0.5457938818772964,0.32333553834405826,0.997470838364893,6653.9578871608155
Central,Admin region,cropland,2012-04,2012,4,0.7020718068592819,0.45346335173978575,0.9528329968842169,2740.0187003040382
Western,Admin region,cropland,2012-04,2012,4,0.7004014203134606,0.4665204912712572,0.8964626635841118,3706.890664557702
Uganda (national),Reference,cropland,2012-05,2012,5,0.7172853080473605,0.46636842402728346,0.9975323586421809,27077.93442541493
Karamoja,Focus region,cropland,2012-05,2012,5,0.6280940872432457,0.39236021177337504,1.0,1090.6130090109777
Lake Victoria basin,Focus region,cropland,2012-05,2012,5,0.7615403442838429,0.5133284051277155,0.9864752376622846,2526.456271257339
Northern,Admin region,cropland,2012-05,2012,5,0.7113417298864495,0.4568304281443183,0.9998662570731464,13981.458540091737
Eastern,Admin region,cropland,2012-05,2012,5,0.6649459744590466,0.42057130986581104,0.9997992728861026,6653.9578871608155
Central,Admin region,cropland,2012-05,2012,5,0.7823627932548538,0.5307542605437153,0.99988301189769,2740.0187003040382
Western,Admin region,cropland,2012-05,2012,5,0.786942489713651,0.5382471558568624,0.9824856730993948,3706.890664557702
Uganda (national),Reference,cropland,2012-06,2012,6,0.7085907862474794,0.46412847363483395,0.9993765206111391,27077.93442541493
Karamoja,Focus region,cropland,2012-06,2012,6,0.6492799401650375,0.4194412302743889,0.9997550631331978,1090.6130090109777
Lake Victoria basin,Focus region,cropland,2012-06,2012,6,0.7007516037458374,0.45113822863154157,0.9997885382419882,2526.456271257339
Northern,Admin region,cropland,2012-06,2012,6,0.7111976704155533,0.46614136770310577,0.9999656089616662,13981.458540091737
Eastern,Admin region,cropland,2012-06,2012,6,0.6756366780586729,0.4364120374276178,0.9976833414694721,6653.9578871608155
Central,Admin region,cropland,2012-06,2012,6,0.7338533739907906,0.48207350893849205,0.9997959207548592,2740.0187003040382
Western,Admin region,cropland,2012-06,2012,6,0.7390499413800468,0.4928058973889376,0.9998847009133214,3706.890664557702
Uganda (national),Reference,cropland,2012-07,2012,7,0.6955043638497336,0.4457770690283984,0.9966269981709724,27077.93442541493
Karamoja,Focus region,cropland,2012-07,2012,7,0.6755510877121933,0.4243313636567314,0.9989222777860705,1090.6130090109777
Lake Victoria basin,Focus region,cropland,2012-07,2012,7,0.6158983322667548,0.37617687270636013,0.997399020376455,2526.456271257339
Northern,Admin region,cropland,2012-07,2012,7,0.7178078022948703,0.4659279120836869,0.9972493912673825,13981.458540091737
Eastern,Admin region,cropland,2012-07,2012,7,0.6605172718120029,0.4128407485680709,0.9974234825093163,6653.9578871608155
Central,Admin region,cropland,2012-07,2012,7,0.6800053612095305,0.430410183237829,0.994675129774596,2740.0187003040382
Western,Admin region,cropland,2012-07,2012,7,0.6852702685166715,0.43982091443516114,0.9943071075952425,3706.890664557702
Uganda (national),Reference,cropland,2012-08,2012,8,0.6827615542490326,0.4327445711038658,0.9946754256674379,27077.93442541493
Karamoja,Focus region,cropland,2012-08,2012,8,0.6621212979265664,0.4200512832368427,0.9996570883864769,1090.6130090109777
Lake Victoria basin,Focus region,cropland,2012-08,2012,8,0.5993746175638011,0.36945365187323265,0.9991452798667342,2526.456271257339
Northern,Admin region,cropland,2012-08,2012,8,0.7135019046394111,0.46400054087350606,0.9983115723476331,13981.458540091737
Eastern,Admin region,cropland,2012-08,2012,8,0.6371185499432906,0.37656986941622406,0.9981602061188803,6653.9578871608155
Central,Admin region,cropland,2012-08,2012,8,0.6737745910599224,0.4274067977447096,0.9886744047542132,2740.0187003040382
Western,Admin region,cropland,2012-08,2012,8,0.6545534861364893,0.4190614635432037,0.9794479377995339,3706.890664557702
Uganda (national),Reference,cropland,2012-09,2012,9,0.677397697801293,0.4243747636066169,0.9985276431324681,27077.93442541493
Karamoja,Focus region,cropland,2012-09,2012,9,0.6069028968154946,0.36694113767507436,1.0,1090.6130090109777
Lake Victoria basin,Focus region,cropland,2012-09,2012,9,0.6386321295128116,0.39539249049194486,0.9954703232910284,2526.456271257339
Northern,Admin region,cropland,2012-09,2012,9,0.697957992539321,0.4362073046784599,0.9999961787735184,13981.458540091737
Eastern,Admin region,cropland,2012-09,2012,9,0.6209203660107014,0.38417181732598377,1.0,6653.9578871608155
Central,Admin region,cropland,2012-09,2012,9,0.695473101586328,0.43820468892560965,0.999122589232675,2740.0187003040382
Western,Admin region,cropland,2012-09,2012,9,0.6878646318490441,0.44185609626237854,0.9898887222515651,3706.890664557702
Uganda (national),Reference,cropland,2012-10,2012,10,0.6850138538964234,0.45363379775810403,0.9872242744032292,27077.93442541493
Karamoja,Focus region,cropland,2012-10,2012,10,0.5472518531827291,0.3360690575482533,1.0,1090.6130090109777
Lake Victoria basin,Focus region,cropland,2012-10,2012,10,0.7203374040434841,0.4833375464841292,0.9202819854982013,2526.456271257339
Northern,Admin region,cropland,2012-10,2012,10,0.6791276961515764,0.4506092718013559,0.999935039149814,13981.458540091737
Eastern,Admin region,cropland,2012-10,2012,10,0.6399765086709217,0.4145776741614378,0.9996788366177642,6653.9578871608155
Central,Admin region,cropland,2012-10,2012,10,0.7397652482812457,0.4959446045909739,0.950838999673733,2740.0187003040382
Western,Admin region,cropland,2012-10,2012,10,0.7536840315068004,0.5086645242073269,0.943264427999253,3706.890664557702
Uganda (national),Reference,cropland,2012-11,2012,11,0.6838949461955359,0.44983969035621113,0.9701652577848187,27077.93442541493
Karamoja,Focus region,cropland,2012-11,2012,11,0.5432284756877586,0.3250935447320994,1.0,1090.6130090109777
Lake Victoria basin,Focus region,cropland,2012-11,2012,11,0.742924472023585,0.5105849603291481,0.797909563693857,2526.456271257339
Northern,Admin region,cropland,2012-11,2012,11,0.6680054009675422,0.43758931621370345,0.999877720752591,13981.458540091737
Eastern,Admin region,cropland,2012-11,2012,11,0.6466027278478633,0.41525413125097005,0.9999678836617765,6653.9578871608155
Central,Admin region,cropland,2012-11,2012,11,0.7549326740995141,0.509695790257404,0.9265498228241954,2740.0187003040382
Western,Admin region,cropland,2012-11,2012,11,0.7777870720106992,0.5306070537963787,0.8345846957983374,3706.890664557702
Uganda (national),Reference,cropland,2012-12,2012,12,0.6519521514869149,0.4109940792057473,0.996628189729993,27077.93442541493
Karamoja,Focus region,cropland,2012-12,2012,12,0.4756663630794267,0.27080543760804826,1.0,1090.6130090109777
Lake Victoria basin,Focus region,cropland,2012-12,2012,12,0.7424552967233937,0.5160201119375557,0.9802082574904316,2526.456271257339
Northern,Admin region,cropland,2012-12,2012,12,0.6259784942160341,0.3757963930259415,1.0,13981.458540091737
Eastern,Admin region,cropland,2012-12,2012,12,0.6112924401127555,0.38615743405957575,0.9999678836617765,6653.9578871608155
Central,Admin region,cropland,2012-12,2012,12,0.7496119224737727,0.5066945326431191,0.9950670016859285,2740.0187003040382
Western,Admin region,cropland,2012-12,2012,12,0.7536161039465424,0.5206790106616918,0.9788084800217486,3706.890664557702
Uganda (national),Reference,cropland,2013-01,2013,1,0.6031754445517938,0.3581854271117545,0.9999763235675116,27077.93442541493
Karamoja,Focus region,cropland,2013-01,2013,1,0.4742909371630315,0.26479213122545486,1.0,1090.6130090109777
Lake Victoria basin,Focus region,cropland,2013-01,2013,1,0.6906236223301426,0.4697978328888478,0.9998731229451929,2526.456271257339
Northern,Admin region,cropland,2013-01,2013,1,0.5672626556323724,0.31223400722160893,1.0,13981.458540091737
Eastern,Admin region,cropland,2013-01,2013,1,0.5851893255162793,0.3561203389448132,1.0,6653.9578871608155
Central,Admin region,cropland,2013-01,2013,1,0.6973036367242632,0.45844903241281526,1.0,2740.0187003040382
Western,Admin region,cropland,2013-01,2013,1,0.7017303425992738,0.4614915021406097,0.9998270513699821,3706.890664557702
Uganda (national),Reference,cropland,2013-02,2013,2,0.5118529360459896,0.29718589672378465,0.9999388358827384,27077.93442541493
Karamoja,Focus region,cropland,2013-02,2013,2,0.41282672449482016,0.23311971181784835,1.0,1090.6130090109777
Lake Victoria basin,Focus region,cropland,2013-02,2013,2,0.6043436168644079,0.3887706849996757,0.9993444685501635,2526.456271257339
Northern,Admin region,cropland,2013-02,2013,2,0.47810905405223725,0.25916841387527123,1.0,13981.458540091737
Eastern,Admin region,cropland,2013-02,2013,2,0.5033195955602113,0.29876938599795616,1.0,6653.9578871608155
Central,Admin region,cropland,2013-02,2013,2,0.5948319320329721,0.38151970407264846,0.99988301189769,2740.0187003040382
Western,Admin region,cropland,2013-02,2013,2,0.593466357070325,0.3756666005747805,0.9996396903541293,3706.890664557702
Uganda (national),Reference,cropland,2013-03,2013,3,0.5413706929045587,0.2879888164684514,0.9827774148251175,27077.93442541493
Karamoja,Focus region,cropland,2013-03,2013,3,0.41033146494007605,0.22565784370975908,0.995812444060742,1090.6130090109777
Lake Victoria basin,Focus region,cropland,2013-03,2013,3,0.6496802832660717,0.36821489857959994,0.9332347230489502,2526.456271257339
Northern,Admin region,cropland,2013-03,2013,3,0.5095030094625872,0.25954708571526036,0.9914498633881562,13981.458540091737
Eastern,Admin region,cropland,2013-03,2013,3,0.530318616608144,0.2921252606255757,0.9943523734099894,6653.9578871608155
Central,Admin region,cropland,2013-03,2013,3,0.6371810065935387,0.34586643915876525,0.9852493295549488,2740.0187003040382
Western,Admin region,cropland,2013-03,2013,3,0.6161709574419076,0.349436535884433,0.9274391761993295,3706.890664557702
Uganda (national),Reference,cropland,2013-04,2013,4,0.6782086508173336,0.40993576343690646,0.9710393591752258,27077.93442541493
Karamoja,Focus region,cropland,2013-04,2013,4,0.5962826976035916,0.3351903819147385,0.9990202525327913,1090.6130090109777
Lake Victoria basin,Focus region,cropland,2013-04,2013,4,0.7581252130910521,0.4957878394575837,0.9178107024195702,2526.456271257339
Northern,Admin region,cropland,2013-04,2013,4,0.6570960773741192,0.38829113307269597,0.9696077178345226,13981.458540091737
Eastern,Admin region,cropland,2013-04,2013,4,0.6485167885643823,0.37621840009823665,0.9982138592956775,6653.9578871608155
Central,Admin region,cropland,2013-04,2013,4,0.7679578515529919,0.49599185922414935,0.9665753522278548,2740.0187003040382
Western,Admin region,cropland,2013-04,2013,4,0.7496257389830338,0.4939079575591902,0.9300846685278424,3706.890664557702
Uganda (national),Reference,cropland,2013-05,2013,5,0.6803642775761866,0.43353081903812374,0.9999980269639593,27077.93442541493
Karamoja,Focus region,cropland,2013-05,2013,5,0.5715480724813334,0.36358703215857785,1.0,1090.6130090109777
Lake Victoria basin,Focus region,cropland,2013-05,2013,5,0.7285180339065243,0.48803920995648187,1.0,2526.456271257339
Northern,Admin region,cropland,2013-05,2013,5,0.6637651063789723,0.4089119077396778,1.0,13981.458540091737
Eastern,Admin region,cropland,2013-05,2013,5,0.6446359116187972,0.41194715997267783,1.0,6653.9578871608155
Central,Admin region,cropland,2013-05,2013,5,0.7566977279855829,0.5055075345935974,0.9999805019829483,2740.0187003040382
Western,Admin region,cropland,2013-05,2013,5,0.7509055235751312,0.5121175168730884,1.0,3706.890664557702
Uganda (national),Reference,cropland,2013-06,2013,6,0.6412261945746249,0.3883408319694718,0.9990943764573192,27077.93442541493
Karamoja,Focus region,cropland,2013-06,2013,6,0.5790003471099374,0.3416090955581261,0.9998040505065583,1090.6130090109777
Lake Victoria basin,Focus region,cropland,2013-06,2013,6,0.5971696382327786,0.3639337389654013,0.9998942691209941,2526.456271257339
Northern,Admin region,cropland,2013-06,2013,6,0.6516835868853267,0.39068557797405973,0.9999847150940738,13981.458540091737
Eastern,Admin region,cropland,2013-06,2013,6,0.6107164081007482,0.36922883591764943,0.9965314354718532,6653.9578871608155
Central,Admin region,cropland,2013-06,2013,6,0.6421097676180175,0.3911264442209974,0.9997465257783283,2740.0187003040382
Western,Admin region,cropland,2013-06,2013,6,0.6557090705751908,0.41152641501840137,0.9998558761416517,3706.890664557702
Uganda (national),Reference,cropland,2013-07,2013,7,0.627051849391819,0.3702968024132764,0.9997790199634418,27077.93442541493
Karamoja,Focus region,cropland,2013-07,2013,7,0.6043850562672815,0.3457323224836865,1.0,1090.6130090109777
Lake Victoria basin,Focus region,cropland,2013-07,2013,7,0.49565558672192,0.2834913003292881,0.9998096844177894,2526.456271257339
Northern,Admin region,cropland,2013-07,2013,7,0.6704914030360796,0.40294480935771193,0.9999770726411108,13981.458540091737
Eastern,Admin region,cropland,2013-07,2013,7,0.5799379938393414,0.331512213985002,0.9995826450361239,6653.9578871608155
Central,Admin region,cropland,2013-07,2013,7,0.5626893069192217,0.3214520417910108,0.9999022805263057,2740.0187003040382
Western,Admin region,cropland,2013-07,2013,7,0.5949192567992527,0.3525775773078089,0.9992937930940934,3706.890664557702
Uganda (national),Reference,cropland,2013-08,2013,8,0.6548687327483429,0.39350880433565705,0.9999427819548198,27077.93442541493
Karamoja,Focus region,cropland,2013-08,2013,8,0.6122821024151163,0.3573491390421105,1.0,1090.6130090109777
Lake Victoria basin,Focus region,cropland,2013-08,2013,8,0.5197631904571122,0.29889117744234966,0.9999365614725965,2526.456271257339
Northern,Admin region,cropland,2013-08,2013,8,0.6959414824949038,0.4193226902163333,0.9999273966968509,13981.458540091737
Eastern,Admin region,cropland,2013-08,2013,8,0.6021033053966652,0.3556003297708897,0.9999598545772205,6653.9578871608155
Central,Admin region,cropland,2013-08,2013,8,0.6097430313375174,0.3648207976944809,0.999941505948845,2740.0187003040382
Western,Admin region,cropland,2013-08,2013,8,0.6276640640340978,0.3848667495346222,0.9999711752283303,3706.890664557702
Uganda (national),Reference,cropland,2013-09,2013,9,0.6814899082114454,0.42586450326201025,0.9943566372050346,27077.93442541493
Karamoja,Focus region,cropland,2013-09,2013,9,0.572290905811113,0.3278095531621546,1.0,1090.6130090109777
Lake Victoria basin,Focus region,cropland,2013-09,2013,9,0.6173485681288533,0.4049814958018743,0.9671238331664583,2526.456271257339
Northern,Admin region,cropland,2013-09,2013,9,0.7017911560108486,0.43594682061936135,0.9994764919720303,13981.458540091737
Eastern,Admin region,cropland,2013-09,2013,9,0.6336409473182212,0.37991853792321556,0.9988357827393952,6653.9578871608155
Central,Admin region,cropland,2013-09,2013,9,0.6883031649731065,0.4505637902191196,0.9695252875135539,2740.0187003040382
Western,Admin region,cropland,2013-09,2013,9,0.6859111895803214,0.4529757533019297,0.9852037925486835,3706.890664557702
Uganda (national),Reference,cropland,2013-10,2013,10,0.6988800115961817,0.442298133226192,0.9839736936574801,27077.93442541493
Karamoja,Focus region,cropland,2013-10,2013,10,0.5362644922458443,0.30795269676443127,0.9943474334362452,1090.6130090109777
Lake Victoria basin,Focus region,cropland,2013-10,2013,10,0.6701513451343635,0.4509807985803874,0.9621126870586565,2526.456271257339
Northern,Admin region,cropland,2013-10,2013,10,0.7078993076915057,0.44042977559133617,0.9847081109697956,13981.458540091737
Eastern,Admin region,cropland,2013-10,2013,10,0.6583294263752677,0.40154691816752003,0.9931647301144448,6653.9578871608155
Central,Admin region,cropland,2013-10,2013,10,0.7198382448543502,0.4855952519187995,0.9740161778488307,2740.0187003040382
Western,Admin region,cropland,2013-10,2013,10,0.7229887183247261,0.49205083507498404,0.9734906487636579,3706.890664557702
Uganda (national),Reference,cropland,2013-11,2013,11,0.6970574235124187,0.4517476815689065,0.99109730546414,27077.93442541493
Karamoja,Focus region,cropland,2013-11,2013,11,0.5428005966089858,0.31207600713367945,0.9999510126266395,1090.6130090109777
Lake Victoria basin,Focus region,cropland,2013-11,2013,11,0.7455095695472421,0.5210650306205307,0.9258756050916012,2526.456271257339
Northern,Admin region,cropland,2013-11,2013,11,0.6953654334525188,0.44123110658151526,0.9999961787735184,13981.458540091737
Eastern,Admin region,cropland,2013-11,2013,11,0.6382551214535884,0.4029659605243922,0.9998795637316615,6653.9578871608155
Central,Admin region,cropland,2013-11,2013,11,0.7565357705722916,0.5261370559702242,0.9619999704853545,2740.0187003040382
Western,Admin region,cropland,2013-11,2013,11,0.7695237337904455,0.5289955746429699,0.9629398215068403,3706.890664557702
Uganda (national),Reference,cropland,2013-12,2013,12,0.6317788180523639,0.37572956654344036,0.998632206305229,27077.93442541493
Karamoja,Focus region,cropland,2013-12,2013,12,0.47200909327637713,0.27217182387483235,1.0,1090.6130090109777
Lake Victoria basin,Focus region,cropland,2013-12,2013,12,0.713136238906205,0.4914461827369464,0.9958949882568237,2526.456271257339
Northern,Admin region,cropland,2013-12,2013,12,0.6167847126305069,0.3524653609618194,1.0,13981.458540091737
Eastern,Admin region,cropland,2013-12,2013,12,0.5806152271667326,0.3341235769738576,1.0,6653.9578871608155
Central,Admin region,cropland,2013-12,2013,12,0.715018657513405,0.47096229989555133,0.9999220079317933,2740.0187003040382
Western,Admin region,cropland,2013-12,2013,12,0.7199049343104409,0.46896200682730665,0.9899308290258669,3706.890664557702
Uganda (national),Reference,cropland,2014-01,2014,1,0.4968374408468789,0.26784466865497103,0.9999664583873081,27077.93442541493
Karamoja,Focus region,cropland,2014-01,2014,1,0.3664448080780371,0.1967011915362112,1.0,1090.6130090109777
Lake Victoria basin,Focus region,cropland,2014-01,2014,1,0.5894807243158312,0.34495884947603606,0.9996616611871811,2526.456271257339
Northern,Admin region,cropland,2014-01,2014,1,0.46405781591716466,0.23769202480287713,1.0,13981.458540091737
Eastern,Admin region,cropland,2014-01,2014,1,0.48684969020394414,0.27207297272882236,0.9999919709154441,6653.9578871608155
Central,Admin region,cropland,2014-01,2014,1,0.5803723788413534,0.32572461795269364,0.999707529744225,2740.0187003040382
Western,Admin region,cropland,2014-01,2014,1,0.5772175938909822,0.3316496677925444,0.9999855876141651,3706.890664557702
Uganda (national),Reference,cropland,2014-02,2014,2,0.41032837003418815,0.21984703904211364,0.9998303189004999,27077.93442541493
Karamoja,Focus region,cropland,2014-02,2014,2,0.3029100038651998,0.16231515990151052,1.0,1090.6130090109777
Lake Victoria basin,Focus region,cropland,2014-02,2014,2,0.4961010356317704,0.3077253059744801,0.9998519767693917,2526.456271257339
Northern,Admin region,cropland,2014-02,2014,2,0.3778367284795749,0.18637886958635022,1.0,13981.458540091737
Eastern,Admin region,cropland,2014-02,2014,2,0.4010199362610338,0.222699853922614,1.0,6653.9578871608155
Central,Admin region,cropland,2014-02,2014,2,0.48675584683075673,0.28044229463753795,0.9999610039658967,2740.0187003040382
Western,Admin region,cropland,2014-02,2014,2,0.4935889987406414,0.2966235318202356,0.9987893595898744,3706.890664557702
Uganda (national),Reference,cropland,2014-03,2014,3,0.468240246905343,0.26051068513030284,0.9908303343443428,27077.93442541493
Karamoja,Focus region,cropland,2014-03,2014,3,0.33930063438648467,0.18902642134942724,1.0,1090.6130090109777
Lake Victoria basin,Focus region,cropland,2014-03,2014,3,0.5769024091673856,0.3408997687476201,0.9260203942012046,2526.456271257339
Northern,Admin region,cropland,2014-03,2014,3,0.4378123157507613,0.23399194884288851,1.0,13981.458540091737
Eastern,Admin region,cropland,2014-03,2014,3,0.4386712966351264,0.24790828488331873,1.0,6653.9578871608155
Central,Admin region,cropland,2014-03,2014,3,0.5745106853935609,0.3364298974600278,0.9673584843480242,2740.0187003040382
Western,Admin region,cropland,2014-03,2014,3,0.5645494470557654,0.3321454185700398,0.957069119824293,3706.890664557702
Uganda (national),Reference,cropland,2014-04,2014,4,0.6332105563885891,0.38569589145569305,0.9946028875777063,27077.93442541493
Karamoja,Focus region,cropland,2014-04,2014,4,0.3725454982140744,0.22005114499820666,1.0,1090.6130090109777
Lake Victoria basin,Focus region,cropland,2014-04,2014,4,0.7150964803160974,0.4923566412620674,0.9696036576415894,2526.456271257339
Northern,Admin region,cropland,2014-04,2014,4,0.6062319545973563,0.3487795699384921,1.0,13981.458540091737
Eastern,Admin region,cropland,2014-04,2014,4,0.592702949183323,0.36225697834048826,0.9996306621104288,6653.9578871608155
Central,Admin region,cropland,2014-04,2014,4,0.7398804181033967,0.5083462178436582,0.9968998152887851,2740.0187003040382
Western,Admin region,cropland,2014-04,2014,4,0.7329623024418659,0.4801981028804982,0.9634360597328397,3706.890664557702
Uganda (national),Reference,cropland,2014-05,2014,5,0.7125973375517115,0.4486771885235136,0.9985151936619212,27077.93442541493
Karamoja,Focus region,cropland,2014-05,2014,5,0.502410479788881,0.28391176658513173,0.9997060757598374,1090.6130090109777
Lake Victoria basin,Focus region,cropland,2014-05,2014,5,0.7457337299431568,0.5027218437757425,0.9939011941204013,2526.456271257339
Northern,Admin region,cropland,2014-05,2014,5,0.6947494763488454,0.42093297904956284,0.9999770726411108,13981.458540091737
Eastern,Admin region,cropland,2014-05,2014,5,0.6957025357752928,0.4334726335616765,0.9993978186583079,6653.9578871608155
Central,Admin region,cropland,2014-05,2014,5,0.7799634029989561,0.5281670003433347,0.9986156407893317,2740.0187003040382
Western,Admin region,cropland,2014-05,2014,5,0.7612257619932062,0.5228451800673655,0.9912655289924924,3706.890664557702
Uganda (national),Reference,cropland,2014-06,2014,6,0.6749634994959012,0.43719354993123877,0.9996231501162265,27077.93442541493
Karamoja,Focus region,cropland,2014-06,2014,6,0.5473820589460684,0.34098653962862135,0.9996570883864769,1090.6130090109777
Lake Victoria basin,Focus region,cropland,2014-06,2014,6,0.6349399046083575,0.4002841174680846,1.0,2526.456271257339
Northern,Admin region,cropland,2014-06,2014,6,0.6775202115124916,0.43311337948853956,0.9999732514146292,13981.458540091737
Eastern,Admin region,cropland,2014-06,2014,6,0.6631842966471143,0.4366485846453032,0.9985226484417152,6653.9578871608155
Central,Admin region,cropland,2014-06,2014,6,0.6889150772392919,0.4483729486078915,1.0,2740.0187003040382
Western,Admin region,cropland,2014-06,2014,6,0.6761264151451005,0.44518415945128875,1.0,3706.890664557702
Uganda (national),Reference,cropland,2014-07,2014,7,0.6621615349893704,0.4137393165738167,0.9979223930491441,27077.93442541493
Karamoja,Focus region,cropland,2014-07,2014,7,0.5872496339208552,0.37744748384848864,0.9996081010131165,1090.6130090109777
Lake Victoria basin,Focus region,cropland,2014-07,2014,7,0.5685798913943853,0.3398904821192774,0.9986055962898164,2526.456271257339
Northern,Admin region,cropland,2014-07,2014,7,0.6887169405889354,0.432606197275186,0.9995303637728189,13981.458540091737
Eastern,Admin region,cropland,2014-07,2014,7,0.6374202907652854,0.3996443945753254,0.9970934713907659,6653.9578871608155
Central,Admin region,cropland,2014-07,2014,7,0.6336724261771899,0.3878804689375345,0.9931967213052079,2740.0187003040382
Western,Admin region,cropland,2014-07,2014,7,0.6269764460415945,0.38666408898619775,0.9968426701572902,3706.890664557702
Uganda (national),Reference,cropland,2014-08,2014,8,0.6608591691079897,0.4175664982833142,0.9979371327889776,27077.93442541493
Karamoja,Focus region,cropland,2014-08,2014,8,0.6067087973586982,0.3837371233453676,0.9998040505065583,1090.6130090109777
Lake Victoria basin,Focus region,cropland,2014-08,2014,8,0.613255037207198,0.38113594934089523,0.9994794723705728,2526.456271257339
Northern,Admin region,cropland,2014-08,2014,8,0.6818630393028373,0.43228331334068204,0.997481811748671,13981.458540091737
Eastern,Admin region,cropland,2014-08,2014,8,0.615532305079989,0.38179917993529533,0.9988241641817438,6653.9578871608155
Central,Admin region,cropland,2014-08,2014,8,0.6674253734566481,0.42395167156862745,0.9982984730452912,2740.0187003040382
Western,Admin region,cropland,2014-08,2014,8,0.6581519362685894,0.42156005522259943,0.9978918353269055,3706.890664557702
Uganda (national),Reference,cropland,2014-09,2014,9,0.6718958272258706,0.4462795177592365,0.9971102759399999,27077.93442541493
Karamoja,Focus region,cropland,2014-09,2014,9,0.5782352350586955,0.369647282575702,0.9999510126266395,1090.6130090109777
Lake Victoria basin,Focus region,cropland,2014-09,2014,9,0.6526611833813004,0.4389004733037834,0.9834636905234782,2526.456271257339
Northern,Admin region,cropland,2014-09,2014,9,0.6851565980782494,0.4537107775795538,0.9996205746881869,13981.458540091737
Eastern,Admin region,cropland,2014-09,2014,9,0.6263417710293271,0.4062186948355628,0.9999518254926646,6653.9578871608155
Central,Admin region,cropland,2014-09,2014,9,0.6900649858042127,0.4777347771926894,0.9840506220517373,2740.0187003040382
Western,Admin region,cropland,2014-09,2014,9,0.6907318996948325,0.4674610916798745,0.992246136420862,3706.890664557702
Uganda (national),Reference,cropland,2014-10,2014,10,0.7219825385683196,0.4619572860239505,0.9395202322234018,27077.93442541493
Karamoja,Focus region,cropland,2014-10,2014,10,0.5972636992694897,0.3717567331150273,0.9479264221178567,1090.6130090109777
Lake Victoria basin,Focus region,cropland,2014-10,2014,10,0.7327997127712464,0.46012647285395025,0.7916463152000869,2526.456271257339
Northern,Admin region,cropland,2014-10,2014,10,0.7199770697795189,0.47180432862666655,0.9451447803522305,13981.458540091737
Eastern,Admin region,cropland,2014-10,2014,10,0.68795097610938,0.42530405352809614,0.975238334716225,6653.9578871608155
Central,Admin region,cropland,2014-10,2014,10,0.7646784476309516,0.47489770614147847,0.8871833263968821,2740.0187003040382
Western,Admin region,cropland,2014-10,2014,10,0.7655712560225084,0.4851190685152071,0.8924687936522199,3706.890664557702
Uganda (national),Reference,cropland,2014-11,2014,11,0.6989078504311821,0.43465064354805016,0.9981427695687959,27077.93442541493
Karamoja,Focus region,cropland,2014-11,2014,11,0.5199851572350962,0.29640922206576753,0.9999020252532791,1090.6130090109777
Lake Victoria basin,Focus region,cropland,2014-11,2014,11,0.7319608195807462,0.5064352667618882,0.987459903119003,2526.456271257339
Northern,Admin region,cropland,2014-11,2014,11,0.6947970282843787,0.4158855528227843,0.999992357547037,13981.458540091737
Eastern,Admin region,cropland,2014-11,2014,11,0.6490134500040943,0.39450956264334003,0.9999759127463324,6653.9578871608155
Central,Admin region,cropland,2014-11,2014,11,0.7590519502217645,0.5115584539795787,0.9963343727942868,2740.0187003040382
Western,Admin region,cropland,2014-11,2014,11,0.7605920083534582,0.522113995450175,0.9892103792916056,3706.890664557702
Uganda (national),Reference,cropland,2014-12,2014,12,0.616901891963131,0.37378133726192203,0.9988672219785629,27077.93442541493
Karamoja,Focus region,cropland,2014-12,2014,12,0.4699040219017742,0.2740943872476838,1.0,1090.6130090109777
Lake Victoria basin,Focus region,cropland,2014-12,2014,12,0.70683691254007,0.4562077809776296,0.9951026286106267,2526.456271257339
Northern,Admin region,cropland,2014-12,2014,12,0.5890268381391844,0.3465381333527412,1.0,13981.458540091737
Eastern,Admin region,cropland,2014-12,2014,12,0.5841621957827098,0.3514198680673416,1.0,6653.9578871608155
Central,Admin region,cropland,2014-12,2014,12,0.7155057623228703,0.4612627363904545,0.99988301189769,2740.0187003040382
Western,Admin region,cropland,2014-12,2014,12,0.7091229059936179,0.4530382611075648,0.9916160608236595,3706.890664557702
Uganda (national),Reference,cropland,2015-01,2015,1,0.496303156379881,0.27921479436894614,1.0,27077.93442541493
Karamoja,Focus region,cropland,2015-01,2015,1,0.3570139863849682,0.19404043386099468,1.0,1090.6130090109777
Lake Victoria basin,Focus region,cropland,2015-01,2015,1,0.6001942766092282,0.36861548843768566,1.0,2526.456271257339
Northern,Admin region,cropland,2015-01,2015,1,0.4655540036997861,0.25276052832112555,1.0,13981.458540091737
Eastern,Admin region,cropland,2015-01,2015,1,0.47304853918363243,0.26334170750479496,1.0,6653.9578871608155
Central,Admin region,cropland,2015-01,2015,1,0.596157746195154,0.3561336510350427,1.0,2740.0187003040382
Western,Admin region,cropland,2015-01,2015,1,0.5807570249218413,0.35112818180405214,1.0,3706.890664557702
Uganda (national),Reference,cropland,2015-02,2015,2,0.382100323774191,0.21203044468092655,0.9994917536533122,27077.93442541493
Karamoja,Focus region,cropland,2015-02,2015,2,0.2789712485037238,0.15675301524006788,1.0,1090.6130090109777
Lake Victoria basin,Focus region,cropland,2015-02,2015,2,0.4783354169162203,0.28837280437639845,0.999662158744259,2526.456271257339
Northern,Admin region,cropland,2015-02,2015,2,0.34918143133358664,0.18705413745395225,1.0,13981.458540091737
Eastern,Admin region,cropland,2015-02,2015,2,0.37423659272918836,0.2083493582447173,1.0,6653.9578871608155
Central,Admin region,cropland,2015-02,2015,2,0.46539305314598606,0.267900149294727,0.999941505948845,2740.0187003040382
Western,Admin region,cropland,2015-02,2015,2,0.45966406319337344,0.27224302375545256,0.9962457147879273,3706.890664557702
Uganda (national),Reference,cropland,2015-03,2015,3,0.3802598946634369,0.21448397476264466,0.9999842157116744,27077.93442541493
Karamoja,Focus region,cropland,2015-03,2015,3,0.25318610985120693,0.1495108613939733,1.0,1090.6130090109777
Lake Victoria basin,Focus region,cropland,2015-03,2015,3,0.5173740954776122,0.29750150596579583,0.9999577076483976,2526.456271257339
Northern,Admin region,cropland,2015-03,2015,3,0.3402616317587144,0.1867470715236643,1.0,13981.458540091737
Eastern,Admin region,cropland,2015-03,2015,3,0.360649103412594,0.21042348343502235,1.0,6653.9578871608155
Central,Admin region,cropland,2015-03,2015,3,0.4825780086682827,0.27000448340844885,1.0,2740.0187003040382
Western,Admin region,cropland,2015-03,2015,3,0.4912507820553587,0.2858926515319165,0.9998847009133214,3706.890664557702
Uganda (national),Reference,cropland,2015-04,2015,4,0.652405010198536,0.3944123347357492,0.993859509496741,27077.93442541493
Karamoja,Focus region,cropland,2015-04,2015,4,0.4688343776982012,0.2666982638953168,0.9858739625963154,1090.6130090109777
Lake Victoria basin,Focus region,cropland,2015-04,2015,4,0.7279092420234039,0.47179402649701585,0.9589286534662563,2526.456271257339
Northern,Admin region,cropland,2015-04,2015,4,0.64371862213487,0.37794618073459973,0.9987382460010003,13981.458540091737
Eastern,Admin region,cropland,2015-04,2015,4,0.5838302302932972,0.34567158407694687,0.9990445389378485,6653.9578871608155
Central,Admin region,cropland,2015-04,2015,4,0.7454266708249624,0.49194681370857846,0.9729710841348611,2740.0187003040382
Western,Admin region,cropland,2015-04,2015,4,0.7430736880917242,0.47542126417584935,0.981575318987075,3706.890664557702
Uganda (national),Reference,cropland,2015-05,2015,5,0.7314647609319509,0.48795884513334165,0.999558419059299,27077.93442541493
Karamoja,Focus region,cropland,2015-05,2015,5,0.5991838961219229,0.3698246130035423,0.9992651893995934,1090.6130090109777
Lake Victoria basin,Focus region,cropland,2015-05,2015,5,0.7643125782254213,0.5241533985960171,0.9991901429299046,2526.456271257339
Northern,Admin region,cropland,2015-05,2015,5,0.7230558190888603,0.47369652782356686,0.9997632038397601,13981.458540091737
Eastern,Admin region,cropland,2015-05,2015,5,0.6999535450742435,0.45756143702029356,0.9994651999953651,6653.9578871608155
Central,Admin region,cropland,2015-05,2015,5,0.7876237803389775,0.5608373097685655,0.9993489191560981,2740.0187003040382
Western,Admin region,cropland,2015-05,2015,5,0.7786207302676382,0.5426272443906278,0.9991208444640755,3706.890664557702
Uganda (national),Reference,cropland,2015-06,2015,6,0.7192234683284162,0.4666432029965037,0.9994837067612248,27077.93442541493
Karamoja,Focus region,cropland,2015-06,2015,6,0.6149730711477516,0.3939873786398435,0.9999510126266395,1090.6130090109777
Lake Victoria basin,Focus region,cropland,2015-06,2015,6,0.6915457479060946,0.43975137130421676,0.9990599488279132,2526.456271257339
Northern,Admin region,cropland,2015-06,2015,6,0.71631523085481,0.4700832189028965,0.9999961787735184,13981.458540091737
Eastern,Admin region,cropland,2015-06,2015,6,0.7117771877674227,0.4482653994307445,0.9996196417982933,6653.9578871608155
Central,Admin region,cropland,2015-06,2015,6,0.7519658452355554,0.48736113342801557,0.9997734406881408,2740.0187003040382
Western,Admin region,cropland,2015-06,2015,6,0.719297909065247,0.47126978368936856,0.9971104579380171,3706.890664557702
Uganda (national),Reference,cropland,2015-07,2015,7,0.6520144379035422,0.40548520759997075,0.9999881617837558,27077.93442541493
Karamoja,Focus region,cropland,2015-07,2015,7,0.5566080409603599,0.34361347075924464,1.0,1090.6130090109777
Lake Victoria basin,Focus region,cropland,2015-07,2015,7,0.5856965578812509,0.34648445461159355,0.9999788538241988,2526.456271257339
Northern,Admin region,cropland,2015-07,2015,7,0.6686220496087891,0.41841724566625427,0.9999847150940738,13981.458540091737
Eastern,Admin region,cropland,2015-07,2015,7,0.6265535869022152,0.38912271525156983,1.0,6653.9578871608155
Central,Admin region,cropland,2015-07,2015,7,0.6558089562293861,0.39946461484013085,0.9999805019829483,2740.0187003040382
Western,Admin region,cropland,2015-07,2015,7,0.6320258941064356,0.3903072238801416,0.9999855876141651,3706.890664557702
Uganda (national),Reference,cropland,2015-08,2015,8,0.624011514366858,0.3821932177109836,0.9996882603055696,27077.93442541493
Karamoja,Focus region,cropland,2015-08,2015,8,0.4780174809040495,0.28885816155574645,1.0,1090.6130090109777
Lake Victoria basin,Focus region,cropland,2015-08,2015,8,0.5141821025931201,0.2990534809223884,0.9968492198056244,2526.456271257339
Northern,Admin region,cropland,2015-08,2015,8,0.6586100954361049,0.4122917841337911,1.0,13981.458540091737
Eastern,Admin region,cropland,2015-08,2015,8,0.5830093536605934,0.3525586416236442,0.9999839418308882,6653.9578871608155
Central,Admin region,cropland,2015-08,2015,8,0.5854562665631314,0.33705078281043227,0.9970947954593018,2740.0187003040382
Western,Admin region,cropland,2015-08,2015,8,0.5954709779225197,0.3549533738503552,0.9998991132991562,3706.890664557702
Uganda (national),Reference,cropland,2015-09,2015,9,0.6121522298048867,0.37902244554849795,0.9997790199634418,27077.93442541493
Karamoja,Focus region,cropland,2015-09,2015,9,0.36946274332556633,0.22137914221380267,1.0,1090.6130090109777
Lake Victoria basin,Focus region,cropland,2015-09,2015,9,0.5326007773119514,0.3265406658377661,0.9993021761985611,2526.456271257339
Northern,Admin region,cropland,2015-09,2015,9,0.6361066416917298,0.39660548066376156,1.0,13981.458540091737
Eastern,Admin region,cropland,2015-09,2015,9,0.563492169484253,0.3370140621744551,0.9999919709154441,6653.9578871608155
Central,Admin region,cropland,2015-09,2015,9,0.6056314240503933,0.3746878541023755,0.9998050198294833,2740.0187003040382
Western,Admin region,cropland,2015-09,2015,9,0.6139115033711884,0.3912299686625507,0.9985443490306822,3706.890664557702
Uganda (national),Reference,cropland,2015-10,2015,10,0.6666466236237766,0.4369766178541081,0.6454192091879661,27077.93442541493
Karamoja,Focus region,cropland,2015-10,2015,10,0.36004643887537574,0.19484762611786108,0.8604230626406345,1090.6130090109777
Lake Victoria basin,Focus region,cropland,2015-10,2015,10,0.7088664674043631,0.4919129431684449,0.37099804476653714,2526.456271257339
Northern,Admin region,cropland,2015-10,2015,10,0.6411779279386495,0.41551552393481683,0.6251049544808759,13981.458540091737
Eastern,Admin region,cropland,2015-10,2015,10,0.6447021905507961,0.40423780220996863,0.7394042217745246,6653.9578871608155
Central,Admin region,cropland,2015-10,2015,10,0.7452926566624078,0.5201910036272814,0.551408662915452,2740.0187003040382
Western,Admin region,cropland,2015-10,2015,10,0.7587739557967653,0.5337155351067732,0.6228441402206449,3706.890664557702
Uganda (national),Reference,cropland,2015-11,2015,11,0.7179351864943856,0.45060888418683476,0.987825771849378,27077.93442541493
Karamoja,Focus region,cropland,2015-11,2015,11,0.5343346232213486,0.31826207779413873,0.9992162020262331,1090.6130090109777
Lake Victoria basin,Focus region,cropland,2015-11,2015,11,0.7520251542341958,0.5119444129766493,0.9443934356299627,2526.456271257339
Northern,Admin region,cropland,2015-11,2015,11,0.7061745440288881,0.4241286400424039,0.9987735811070532,13981.458540091737
Eastern,Admin region,cropland,2015-11,2015,11,0.6894014629731767,0.4392171291757297,0.9969201691107832,6653.9578871608155
Central,Admin region,cropland,2015-11,2015,11,0.7717404805762258,0.5163559632007854,0.9528300912973617,2740.0187003040382
Western,Admin region,cropland,2015-11,2015,11,0.7782120004328678,0.5279741417400414,0.9557652793191023,3706.890664557702
Uganda (national),Reference,cropland,2015-12,2015,12,0.6868229504755027,0.43298394159629106,0.9963270734805975,27077.93442541493
Karamoja,Focus region,cropland,2015-12,2015,12,0.5362453617121993,0.3286913522301647,1.0,1090.6130090109777
Lake Victoria basin,Focus region,cropland,2015-12,2015,12,0.7450912562802474,0.4781203992561118,0.9806823464592759,2526.456271257339
Northern,Admin region,cropland,2015-12,2015,12,0.6628533145460872,0.410540516861492,1.0,13981.458540091737
Eastern,Admin region,cropland,2015-12,2015,12,0.6715905335991057,0.43109762850282174,1.0,6653.9578871608155
Central,Admin region,cropland,2015-12,2015,12,0.7662059619111659,0.49509095839478867,0.999824517846535,2740.0187003040382
Western,Admin region,cropland,2015-12,2015,12,0.7478118332623753,0.47654241868959807,0.9726742294954845,3706.890664557702
Uganda (national),Reference,cropland,2016-01,2016,1,0.5879673251567443,0.34658208598012097,0.9998678065852732,27077.93442541493
Karamoja,Focus region,cropland,2016-01,2016,1,0.4001023522584043,0.23956201942666314,1.0,1090.6130090109777
Lake Victoria basin,Focus region,cropland,2016-01,2016,1,0.65962075325432,0.41215210250920875,0.9999788538241988,2526.456271257339
Northern,Admin region,cropland,2016-01,2016,1,0.5523620942162801,0.3115702056596079,1.0,13981.458540091737
Eastern,Admin region,cropland,2016-01,2016,1,0.5862408522551251,0.36025741831655433,0.9999919709154441,6653.9578871608155
Central,Admin region,cropland,2016-01,2016,1,0.6805868240276435,0.4235440291031224,1.0,2740.0187003040382
Western,Admin region,cropland,2016-01,2016,1,0.6573195614151948,0.3975004987275324,0.9990487825349013,3706.890664557702
Uganda (national),Reference,cropland,2016-02,2016,2,0.4431523821435738,0.24282271110906364,0.9999980269639593,27077.93442541493
Karamoja,Focus region,cropland,2016-02,2016,2,0.2978607767226604,0.16751455451362957,1.0,1090.6130090109777
Lake Victoria basin,Focus region,cropland,2016-02,2016,2,0.5775259025275024,0.335219320164267,0.9999788538241988,2526.456271257339
Northern,Admin region,cropland,2016-02,2016,2,0.39002796340871454,0.20399907045444027,1.0,13981.458540091737
Eastern,Admin region,cropland,2016-02,2016,2,0.44663395138549833,0.25261838849282947,1.0,6653.9578871608155
Central,Admin region,cropland,2016-02,2016,2,0.5741150876802886,0.33014214377868345,1.0,2740.0187003040382
Western,Admin region,cropland,2016-02,2016,2,0.5409130458755678,0.3073468082152914,0.9999855876141651,3706.890664557702
Uganda (national),Reference,cropland,2016-03,2016,3,0.45215849790886914,0.25469721530483924,0.9988441026386037,27077.93442541493
Karamoja,Focus region,cropland,2016-03,2016,3,0.2825402937090798,0.16477076565151383,1.0,1090.6130090109777
Lake Victoria basin,Focus region,cropland,2016-03,2016,3,0.5828828700990889,0.3469876993941561,0.9971499930590786,2526.456271257339
Northern,Admin region,cropland,2016-03,2016,3,0.40544099869492384,0.21861041862495184,1.0,13981.458540091737
Eastern,Admin region,cropland,2016-03,2016,3,0.4420375611926455,0.2577707807585733,1.0,6653.9578871608155
Central,Admin region,cropland,2016-03,2016,3,0.5698950152669482,0.3383132669554566,1.0,2740.0187003040382
Western,Admin region,cropland,2016-03,2016,3,0.5606989205318692,0.3241108686888515,0.9915046615590302,3706.890664557702
Uganda (national),Reference,cropland,2016-04,2016,4,0.6302095734095526,0.3765802293988422,0.9514306615866842,27077.93442541493
Karamoja,Focus region,cropland,2016-04,2016,4,0.4448141171314164,0.25955069776743916,0.977857707241083,1090.6130090109777
Lake Victoria basin,Focus region,cropland,2016-04,2016,4,0.7282326622196795,0.45250901927579196,0.9025869485139547,2526.456271257339
Northern,Admin region,cropland,2016-04,2016,4,0.6050952372512755,0.35474044801336185,0.9481583643927868,13981.458540091737
Eastern,Admin region,cropland,2016-04,2016,4,0.5968521289774804,0.35134299264787466,0.9887490484747636,6653.9578871608155
Central,Admin region,cropland,2016-04,2016,4,0.7313550146572615,0.46646060537195794,0.8985276550316009,2740.0187003040382
Western,Admin region,cropland,2016-04,2016,4,0.7180146068774661,0.4441804474118828,0.9357942340848403,3706.890664557702
Uganda (national),Reference,cropland,2016-05,2016,5,0.685510344340104,0.44963072531907655,0.9997809929994824,27077.93442541493
Karamoja,Focus region,cropland,2016-05,2016,5,0.5491477256699409,0.33883170334091983,1.0,1090.6130090109777
Lake Victoria basin,Focus region,cropland,2016-05,2016,5,0.7167627742073589,0.4764841718825343,0.9997976601217456,2526.456271257339
Northern,Admin region,cropland,2016-05,2016,5,0.6730873566187799,0.43979557768934774,1.0,13981.458540091737
Eastern,Admin region,cropland,2016-05,2016,5,0.6543725058889092,0.42028406128274726,0.9999919709154441,6653.9578871608155
Central,Admin region,cropland,2016-05,2016,5,0.7445170471473028,0.4977129121442248,0.999707529744225,2740.0187003040382
Western,Admin region,cropland,2016-05,2016,5,0.7451020576523213,0.5041965682231428,0.9986244366805956,3706.890664557702
Uganda (national),Reference,cropland,2016-06,2016,6,0.6439875386965589,0.40573924699678293,0.9994050948154463,27077.93442541493
Karamoja,Focus region,cropland,2016-06,2016,6,0.5392449637324872,0.34366595782085957,0.9998530378799186,1090.6130090109777
Lake Victoria basin,Focus region,cropland,2016-06,2016,6,0.6039473988239074,0.3656662667498449,0.9994924917807717,2526.456271257339
Northern,Admin region,cropland,2016-06,2016,6,0.652203320821316,0.41319349578992187,0.9990439740899266,13981.458540091737
Eastern,Admin region,cropland,2016-06,2016,6,0.6086244620254377,0.3814786034054274,0.9998113952294517,6653.9578871608155
Central,Admin region,cropland,2016-06,2016,6,0.659117768104128,0.4089403763519886,0.9997365856127727,2740.0187003040382
Western,Admin region,cropland,2016-06,2016,6,0.6653174897093871,0.4187024299637776,0.9999423504566607,3706.890664557702
Uganda (national),Reference,cropland,2016-07,2016,7,0.642951133334728,0.3946595736688262,0.9996053927918602,27077.93442541493
Karamoja,Focus region,cropland,2016-07,2016,7,0.6217590560837236,0.38812106992345324,0.9997550631331978,1090.6130090109777
Lake Victoria basin,Focus region,cropland,2016-07,2016,7,0.5067752893622091,0.2898606950067084,0.9999154152967953,2526.456271257339
Northern,Admin region,cropland,2016-07,2016,7,0.6844626133254433,0.42536507489571135,0.9998012962229604,13981.458540091737
Eastern,Admin region,cropland,2016-07,2016,7,0.6018656175139305,0.36361675276157934,0.9990365098532926,6653.9578871608155
Central,Admin region,cropland,2016-07,2016,7,0.5867356235970012,0.3425851581187276,0.999590541641915,2740.0187003040382
Western,Admin region,cropland,2016-07,2016,7,0.6014131412420661,0.372855551210678,0.9998991132991562,3706.890664557702
Uganda (national),Reference,cropland,2016-08,2016,8,0.61683740951842,0.36998701390959926,0.9999980269639593,27077.93442541493
Karamoja,Focus region,cropland,2016-08,2016,8,0.554027751625564,0.33781503805742585,1.0,1090.6130090109777
Lake Victoria basin,Focus region,cropland,2016-08,2016,8,0.4657978608946945,0.2693741240550466,0.9999788538241988,2526.456271257339
Northern,Admin region,cropland,2016-08,2016,8,0.6693125190707294,0.4041856665862114,1.0,13981.458540091737
Eastern,Admin region,cropland,2016-08,2016,8,0.5537174114193618,0.33703808668520835,1.0,6653.9578871608155
Central,Admin region,cropland,2016-08,2016,8,0.5566799932566124,0.3303637978687565,0.9999805019829483,2740.0187003040382
Western,Admin region,cropland,2016-08,2016,8,0.5764131596414763,0.3291529863056906,1.0,3706.890664557702
Uganda (national),Reference,cropland,2016-09,2016,9,0.623112113929954,0.3740905803847369,0.9999033212340057,27077.93442541493
Karamoja,Focus region,cropland,2016-09,2016,9,0.46754277980867287,0.27177134634399547,1.0,1090.6130090109777
Lake Victoria basin,Focus region,cropland,2016-09,2016,9,0.532103349152592,0.31400164709056927,0.9997039535387835,2526.456271257339
Northern,Admin region,cropland,2016-09,2016,9,0.6579193830029454,0.39774875211793564,0.9999808938675924,13981.458540091737
Eastern,Admin region,cropland,2016-09,2016,9,0.5619941563141636,0.3221629651573172,0.9999598545772205,6653.9578871608155
Central,Admin region,cropland,2016-09,2016,9,0.6007969395688616,0.3592884508775136,0.9993955614713984,2740.0187003040382
Western,Admin region,cropland,2016-09,2016,9,0.6180888688371527,0.38910492581749684,0.9998593803295802,3706.890664557702
Uganda (national),Reference,cropland,2016-10,2016,10,0.6394396680718586,0.3927443755697716,0.998184713993802,27077.93442541493
Karamoja,Focus region,cropland,2016-10,2016,10,0.4018616486883005,0.23001409378258014,1.0,1090.6130090109777
Lake Victoria basin,Focus region,cropland,2016-10,2016,10,0.6409486905362669,0.4129626134730495,0.9959808168527227,2526.456271257339
Northern,Admin region,cropland,2016-10,2016,10,0.6514043688074882,0.39511784304247805,1.0,13981.458540091737
Eastern,Admin region,cropland,2016-10,2016,10,0.5604316944600426,0.3362132476189675,0.9999870904914984,6653.9578871608155
Central,Admin region,cropland,2016-10,2016,10,0.6824042918598674,0.4290598620615615,0.9999923537188032,2740.0187003040382
Western,Admin region,cropland,2016-10,2016,10,0.705455775186937,0.4594902758194178,0.9865464617168881,3706.890664557702
Uganda (national),Reference,cropland,2016-11,2016,11,0.6212056310167021,0.3862331280280274,0.9613318748444589,27077.93442541493
Karamoja,Focus region,cropland,2016-11,2016,11,0.3451086171615382,0.19207434621521896,0.9728782848195047,1090.6130090109777
Lake Victoria basin,Focus region,cropland,2016-11,2016,11,0.7156967769115935,0.49636098063459094,0.7620483031728055,2526.456271257339
Northern,Admin region,cropland,2016-11,2016,11,0.6092729964306491,0.3696263246399927,0.9932249654482453,13981.458540091737
Eastern,Admin region,cropland,2016-11,2016,11,0.556196027290442,0.32592491169744997,0.9974066056884459,6653.9578871608155
Central,Admin region,cropland,2016-11,2016,11,0.7185371623784573,0.48462593116371144,0.7958781650729649,2740.0187003040382
Western,Admin region,cropland,2016-11,2016,11,0.7373093702277069,0.5117779171804798,0.8978245492667626,3706.890664557702
Uganda (national),Reference,cropland,2016-12,2016,12,0.5444295529083335,0.3208293589720237,0.9996009283142308,27077.93442541493
Karamoja,Focus region,cropland,2016-12,2016,12,0.29984732599060626,0.16932079984662143,1.0,1090.6130090109777
Lake Victoria basin,Focus region,cropland,2016-12,2016,12,0.6819237709399416,0.4453864448691712,0.9993988681239891,2526.456271257339
Northern,Admin region,cropland,2016-12,2016,12,0.5267638341683011,0.2963968259813902,1.0,13981.458540091737
Eastern,Admin region,cropland,2016-12,2016,12,0.4568327897202275,0.26362979808017345,1.0,6653.9578871608155
Central,Admin region,cropland,2016-12,2016,12,0.6705511224184484,0.426370241202936,0.9999610039658967,2740.0187003040382
Western,Admin region,cropland,2016-12,2016,12,0.6760949980048719,0.43866506894243457,0.9971664119065525,3706.890664557702
Uganda (national),Reference,cropland,2017-01,2017,1,0.3906945323248455,0.22080554824620946,1.0,27077.93442541493
Karamoja,Focus region,cropland,2017-01,2017,1,0.2518220092103948,0.13924075848398865,1.0,1090.6130090109777
Lake Victoria basin,Focus region,cropland,2017-01,2017,1,0.5244416110259642,0.32208448443716126,1.0,2526.456271257339
Northern,Admin region,cropland,2017-01,2017,1,0.3559061490861856,0.19616394197109444,1.0,13981.458540091737
Eastern,Admin region,cropland,2017-01,2017,1,0.3523403328924579,0.1971484175744892,1.0,6653.9578871608155
Central,Admin region,cropland,2017-01,2017,1,0.5055103531335576,0.2996542650803589,1.0,2740.0187003040382
Western,Admin region,cropland,2017-01,2017,1,0.5065210239406681,0.29835039094020455,1.0,3706.890664557702
Uganda (national),Reference,cropland,2017-02,2017,2,0.3744704628545616,0.20828870563300267,0.9990915368328999,27077.93442541493
Karamoja,Focus region,cropland,2017-02,2017,2,0.2530474818953236,0.14196554302119146,1.0,1090.6130090109777
Lake Victoria basin,Focus region,cropland,2017-02,2017,2,0.5220902734991457,0.3078936191167393,0.9956690973435594,2526.456271257339
Northern,Admin region,cropland,2017-02,2017,2,0.32586923919051136,0.17463724859045868,1.0,13981.458540091737
Eastern,Admin region,cropland,2017-02,2017,2,0.36960384473343755,0.20941821613672207,1.0,6653.9578871608155
Central,Admin region,cropland,2017-02,2017,2,0.5068727069143549,0.2980284914121118,0.999941505948845,2740.0187003040382
Western,Admin region,cropland,2017-02,2017,2,0.4697722432625093,0.26758269487296005,0.9933250306687094,3706.890664557702
Uganda (national),Reference,cropland,2017-03,2017,3,0.46408318829527473,0.26080264664895564,0.9988891420221053,27077.93442541493
Karamoja,Focus region,cropland,2017-03,2017,3,0.26164545703586445,0.14574168350967825,1.0,1090.6130090109777
Lake Victoria basin,Focus region,cropland,2017-03,2017,3,0.6179014399160647,0.3758187489579898,0.9927965344817833,2526.456271257339
Northern,Admin region,cropland,2017-03,2017,3,0.40940472448574905,0.22039674938453194,1.0,13981.458540091737
Eastern,Admin region,cropland,2017-03,2017,3,0.449423201088328,0.2653589149366041,1.0,6653.9578871608155
Central,Admin region,cropland,2017-03,2017,3,0.6152295160603867,0.36158692714248675,0.9996295376760184,2740.0187003040382
Western,Admin region,cropland,2017-03,2017,3,0.5864340912663726,0.33147097236418616,0.9919367505382742,3706.890664557702
Uganda (national),Reference,cropland,2017-04,2017,4,0.5558690982866884,0.31819969636581463,0.9738554851222095,27077.93442541493
Karamoja,Focus region,cropland,2017-04,2017,4,0.31462726431646354,0.1721808043938023,1.0,1090.6130090109777
Lake Victoria basin,Focus region,cropland,2017-04,2017,4,0.6924364764447973,0.4508925573008916,0.8128737586572857,2526.456271257339
Northern,Admin region,cropland,2017-04,2017,4,0.5090598003137705,0.28015531326361004,0.9991631514005447,13981.458540091737
Eastern,Admin region,cropland,2017-04,2017,4,0.5455714231648909,0.30525238633994634,0.9996971933091213,6653.9578871608155
Central,Admin region,cropland,2017-04,2017,4,0.7060516204979463,0.4463063788360706,0.8847402630917144,2740.0187003040382
Western,Admin region,cropland,2017-04,2017,4,0.6638882619294502,0.41073121534117507,0.895779968648822,3706.890664557702
Uganda (national),Reference,cropland,2017-05,2017,5,0.6604849866340379,0.41357001823763306,0.9995052167227664,27077.93442541493
Karamoja,Focus region,cropland,2017-05,2017,5,0.47520801800041423,0.28466938032239575,0.9998530378799186,1090.6130090109777
Lake Victoria basin,Focus region,cropland,2017-05,2017,5,0.7104089162843559,0.45904869701464346,0.9998731229451929,2526.456271257339
Northern,Admin region,cropland,2017-05,2017,5,0.6413650171756372,0.3933555323204838,0.9999885363205554,13981.458540091737
Eastern,Admin region,cropland,2017-05,2017,5,0.6476340102181091,0.4100535878788897,0.9985627938644948,6653.9578871608155
Central,Admin region,cropland,2017-05,2017,5,0.7329428360535911,0.4722168005021969,0.9999610039658967,2740.0187003040382
Western,Admin region,cropland,2017-05,2017,5,0.7024028075185775,0.45299852697615184,0.9990568647748008,3706.890664557702
Uganda (national),Reference,cropland,2017-06,2017,6,0.6381576391950764,0.388141796411608,0.9998934560538023,27077.93442541493
Karamoja,Focus region,cropland,2017-06,2017,6,0.5298509039248109,0.3299584385656398,0.9999020252532791,1090.6130090109777
Lake Victoria basin,Focus region,cropland,2017-06,2017,6,0.5797128734156418,0.3444657630848751,0.9998942691209941,2526.456271257339
Northern,Admin region,cropland,2017-06,2017,6,0.6637797184891443,0.4028957379534803,0.999992357547037,13981.458540091737
Eastern,Admin region,cropland,2017-06,2017,6,0.60200326623698,0.3739293416093708,0.999775185632435,6653.9578871608155
Central,Admin region,cropland,2017-06,2017,6,0.6377606799683019,0.3789328157172144,0.9997270277612766,2740.0187003040382
Western,Admin region,cropland,2017-06,2017,6,0.6064977478418588,0.3645134430980582,0.9998558761416517,3706.890664557702
Uganda (national),Reference,cropland,2017-07,2017,7,0.6389332312807862,0.38763509664821555,0.9991088376508882,27077.93442541493
Karamoja,Focus region,cropland,2017-07,2017,7,0.6171883564144118,0.3906802795070735,0.9999020252532791,1090.6130090109777
Lake Victoria basin,Focus region,cropland,2017-07,2017,7,0.5175881272401808,0.297471188115049,0.9972087047942444,2526.456271257339
Northern,Admin region,cropland,2017-07,2017,7,0.6851330093930451,0.4225451257707617,0.9999770726411108,13981.458540091737
Eastern,Admin region,cropland,2017-07,2017,7,0.5940279097090302,0.35775679246266723,0.9989080445003983,6653.9578871608155
Central,Admin region,cropland,2017-07,2017,7,0.5993648905799841,0.35037098415650025,0.9974020995005984,2740.0187003040382
Western,Admin region,cropland,2017-07,2017,7,0.5737340925905254,0.3363739235870476,0.9974088791035381,3706.890664557702
Uganda (national),Reference,cropland,2017-08,2017,8,0.6510406620406821,0.42073387197402934,0.993350737007109,27077.93442541493
Karamoja,Focus region,cropland,2017-08,2017,8,0.6098314887972184,0.39560894706597366,0.9999020252532791,1090.6130090109777
Lake Victoria basin,Focus region,cropland,2017-08,2017,8,0.5289346299730454,0.3147373636505527,0.9850374635601636,2526.456271257339
Northern,Admin region,cropland,2017-08,2017,8,0.6932360191132226,0.45714532763804566,0.9999770726411108,13981.458540091737
Eastern,Admin region,cropland,2017-08,2017,8,0.6106152589936261,0.3918658774637462,0.9995584003494258,6653.9578871608155
Central,Admin region,cropland,2017-08,2017,8,0.6022236595960753,0.37111853649028903,0.9937027521948076,2740.0187003040382
Western,Admin region,cropland,2017-08,2017,8,0.5977926562388941,0.36911836748566856,0.9565647993583944,3706.890664557702
Uganda (national),Reference,cropland,2017-09,2017,9,0.6782365377362906,0.42757205710335916,0.9980691869305722,27077.93442541493
Karamoja,Focus region,cropland,2017-09,2017,9,0.5898277156054367,0.36010820849717673,1.0,1090.6130090109777
Lake Victoria basin,Focus region,cropland,2017-09,2017,9,0.6171198117403336,0.38605729111757486,0.993613854908044,2526.456271257339
Northern,Admin region,cropland,2017-09,2017,9,0.7013204222310874,0.44519947149796196,0.9999018169572276,13981.458540091737
Eastern,Admin region,cropland,2017-09,2017,9,0.6392196716134746,0.39590312217395557,0.9999919709154441,6653.9578871608155
Central,Admin region,cropland,2017-09,2017,9,0.6647088284547774,0.4234618895104585,0.9946504322863305,2740.0187003040382
Western,Admin region,cropland,2017-09,2017,9,0.6710084319668634,0.4207228473847754,0.9903057771342132,3706.890664557702
Uganda (national),Reference,cropland,2017-10,2017,10,0.6916011828026383,0.47252751728420844,0.9591151108222621,27077.93442541493
Karamoja,Focus region,cropland,2017-10,2017,10,0.5785470670613146,0.36045984119292646,0.9701230812558365,1090.6130090109777
Lake Victoria basin,Focus region,cropland,2017-10,2017,10,0.7101493481588392,0.48937178535851983,0.7781948596051487,2526.456271257339
Northern,Admin region,cropland,2017-10,2017,10,0.6947705535619125,0.47613451812299545,0.9947450493425984,13981.458540091737
Eastern,Admin region,cropland,2017-10,2017,10,0.6503819817604498,0.4378604173090862,0.967895154387646,6653.9578871608155
Central,Admin region,cropland,2017-10,2017,10,0.7196606633850813,0.5110665834081131,0.8594179971896856,2740.0187003040382
Western,Admin region,cropland,2017-10,2017,10,0.7394199314562638,0.4979080428546013,0.8822742066617436,3706.890664557702
Uganda (national),Reference,cropland,2017-11,2017,11,0.6895892084840333,0.4373812589976383,0.9945969529947918,27077.93442541493
Karamoja,Focus region,cropland,2017-11,2017,11,0.5379685608162873,0.33376979081238956,1.0,1090.6130090109777
Lake Victoria basin,Focus region,cropland,2017-11,2017,11,0.7364575927924099,0.4853477182987613,0.9811157186739307,2526.456271257339
Northern,Admin region,cropland,2017-11,2017,11,0.680405987192057,0.4214578850558882,1.0,13981.458540091737
Eastern,Admin region,cropland,2017-11,2017,11,0.6512285284284054,0.41264365394781033,0.9999678836617765,6653.9578871608155
Central,Admin region,cropland,2017-11,2017,11,0.7483015954493559,0.48777462515243436,0.9984596566529184,2740.0187003040382
Western,Admin region,cropland,2017-11,2017,11,0.7524621066208345,0.507665038941552,0.9614405377458974,3706.890664557702
Uganda (national),Reference,cropland,2017-12,2017,12,0.5371287905547967,0.31911964024449696,0.9994803719434461,27077.93442541493
Karamoja,Focus region,cropland,2017-12,2017,12,0.37648669138896085,0.2283902487175392,1.0,1090.6130090109777
Lake Victoria basin,Focus region,cropland,2017-12,2017,12,0.6522244790723751,0.4071910454901342,0.9999365614725965,2526.456271257339
Northern,Admin region,cropland,2017-12,2017,12,0.4988821922319374,0.2885174046189282,1.0,13981.458540091737
Eastern,Admin region,cropland,2017-12,2017,12,0.5278019729712045,0.32236545452993964,1.0,6653.9578871608155
Central,Admin region,cropland,2017-12,2017,12,0.6312168251655054,0.3764621731023573,0.999941505948845,2740.0187003040382
Western,Admin region,cropland,2017-12,2017,12,0.629604641418079,0.38721519036579916,0.9961807177537704,3706.890664557702
Uganda (national),Reference,cropland,2018-01,2018,1,0.4165477798812128,0.2286807952229232,0.9990608348446274,27077.93442541493
Karamoja,Focus region,cropland,2018-01,2018,1,0.2937928365763933,0.17140993427431356,1.0,1090.6130090109777
Lake Victoria basin,Focus region,cropland,2018-01,2018,1,0.5213794209169895,0.2900217263727093,0.9965180955704319,2526.456271257339
Northern,Admin region,cropland,2018-01,2018,1,0.38669971961413524,0.209171869701092,1.0,13981.458540091737
Eastern,Admin region,cropland,2018-01,2018,1,0.40669649990793255,0.22659339473032564,1.0,6653.9578871608155
Central,Admin region,cropland,2018-01,2018,1,0.4903498913055778,0.2631431770994554,0.999941505948845,2740.0187003040382
Western,Admin region,cropland,2018-01,2018,1,0.49339822021522495,0.2813407510693689,0.9931839588450085,3706.890664557702
Uganda (national),Reference,cropland,2018-02,2018,2,0.3567119606932136,0.1984157240319487,0.9982840776362911,27077.93442541493
Karamoja,Focus region,cropland,2018-02,2018,2,0.25699317873878835,0.1538755567318927,1.0,1090.6130090109777
Lake Victoria basin,Focus region,cropland,2018-02,2018,2,0.46221459501888973,0.2645140660345744,0.9959745144630721,2526.456271257339
Northern,Admin region,cropland,2018-02,2018,2,0.3276116612218675,0.17741508165488948,1.0,13981.458540091737
Eastern,Admin region,cropland,2018-02,2018,2,0.34931511531213744,0.2042987730236365,1.0,6653.9578871608155
Central,Admin region,cropland,2018-02,2018,2,0.4244027100785438,0.23679901533384615,0.99976602379538,2740.0187003040382
Western,Admin region,cropland,2018-02,2018,2,0.43118877416332113,0.23948576831153687,0.9874991486801507,3706.890664557702
Uganda (national),Reference,cropland,2018-03,2018,3,0.5194555771560804,0.31291778890676697,0.9878672056062325,27077.93442541493
Karamoja,Focus region,cropland,2018-03,2018,3,0.39518564639223314,0.23160993681013042,1.0,1090.6130090109777
Lake Victoria basin,Focus region,cropland,2018-03,2018,3,0.5965907038621094,0.36454633253721425,0.9263914888549702,2526.456271257339
Northern,Admin region,cropland,2018-03,2018,3,0.5158421145114854,0.30699706567539764,0.9983187202889339,13981.458540091737
Eastern,Admin region,cropland,2018-03,2018,3,0.46724434177037505,0.27819166046562316,0.9996583388371921,6653.9578871608155
Central,Admin region,cropland,2018-03,2018,3,0.5883574825725928,0.3704017005825463,0.9772286864308252,2740.0187003040382
Western,Admin region,cropland,2018-03,2018,3,0.581307421062269,0.359015104878044,0.9349897403594561,3706.890664557702
Uganda (national),Reference,cropland,2018-04,2018,4,0.6890820446736353,0.4527040636934665,0.9774004428452313,27077.93442541493
Karamoja,Focus region,cropland,2018-04,2018,4,0.5911336683089266,0.3689116360479695,0.9982854419323848,1090.6130090109777
Lake Victoria basin,Focus region,cropland,2018-04,2018,4,0.7667035007435825,0.5358786393739362,0.8729419173428329,2526.456271257339
Northern,Admin region,cropland,2018-04,2018,4,0.6737933307210171,0.4301211814828127,0.9887197394265202,13981.458540091737
Eastern,Admin region,cropland,2018-04,2018,4,0.6497890904448655,0.4266288825236889,0.9983993154056154,6653.9578871608155
Central,Admin region,cropland,2018-04,2018,4,0.7683104754308372,0.5287151917260763,0.9046649426341576,2740.0187003040382
Western,Admin region,cropland,2018-04,2018,4,0.7677955310878407,0.5373416834200032,0.9506541386296306,3706.890664557702
Uganda (national),Reference,cropland,2018-05,2018,5,0.7068358212370227,0.46078593667852785,0.9983785357695649,27077.93442541493
Karamoja,Focus region,cropland,2018-05,2018,5,0.6012861958949448,0.3761119008167263,0.9979993940934291,1090.6130090109777
Lake Victoria basin,Focus region,cropland,2018-05,2018,5,0.7556622705908262,0.5071709605215451,0.9960458309775387,2526.456271257339
Northern,Admin region,cropland,2018-05,2018,5,0.6872241479567647,0.4411937152380515,0.9996328475685333,13981.458540091737
Eastern,Admin region,cropland,2018-05,2018,5,0.693258126768133,0.4494197695589266,0.9990856919320232,6653.9578871608155
Central,Admin region,cropland,2018-05,2018,5,0.7672702490590662,0.513686888843898,0.9951623508124517,2740.0187003040382
Western,Admin region,cropland,2018-05,2018,5,0.7611742097057393,0.5165471932370934,0.9947709038233232,3706.890664557702
Uganda (national),Reference,cropland,2018-06,2018,6,0.6954830545672989,0.4398842594559707,0.9982420248877374,27077.93442541493
Karamoja,Focus region,cropland,2018-06,2018,6,0.6337452478653959,0.40169370801820875,0.9997060757598374,1090.6130090109777
Lake Victoria basin,Focus region,cropland,2018-06,2018,6,0.6683713297023707,0.42531701261566607,0.9989003988583387,2526.456271257339
Northern,Admin region,cropland,2018-06,2018,6,0.6967159130181103,0.4368351715779778,0.9999770726411108,13981.458540091737
Eastern,Admin region,cropland,2018-06,2018,6,0.6875260040910205,0.43266243806000715,0.9931892896672042,6653.9578871608155
Central,Admin region,cropland,2018-06,2018,6,0.702001609707259,0.4514263798094708,0.9993226924115934,2740.0187003040382
Western,Admin region,cropland,2018-06,2018,6,0.7000067341298806,0.4554267136778332,0.9999711752283303,3706.890664557702
Uganda (national),Reference,cropland,2018-07,2018,7,0.6308967520389406,0.380128003582695,0.9999388358827384,27077.93442541493
Karamoja,Focus region,cropland,2018-07,2018,7,0.618392978382253,0.3992619318050825,0.9999510126266395,1090.6130090109777
Lake Victoria basin,Focus region,cropland,2018-07,2018,7,0.5167324867170513,0.3064496790519204,0.9998096844177894,2526.456271257339
Northern,Admin region,cropland,2018-07,2018,7,0.6618716991018084,0.39948354502634215,0.9999961787735184,13981.458540091737
Eastern,Admin region,cropland,2018-07,2018,7,0.6250881724015225,0.38213907603843245,0.9998888837670675,6653.9578871608155
Central,Admin region,cropland,2018-07,2018,7,0.5612821423245383,0.32907497266731073,0.9998214593340563,2740.0187003040382
Western,Admin region,cropland,2018-07,2018,7,0.5753582657522073,0.3408278837147915,0.9998991132991562,3706.890664557702
Uganda (national),Reference,cropland,2018-08,2018,8,0.6037481820838867,0.377931081982168,0.999379569145257,27077.93442541493
Karamoja,Focus region,cropland,2018-08,2018,8,0.5680547734098113,0.34618253082321254,0.9999510126266395,1090.6130090109777
Lake Victoria basin,Focus region,cropland,2018-08,2018,8,0.5081260046490629,0.30349483890721307,0.9998096844177894,2526.456271257339
Northern,Admin region,cropland,2018-08,2018,8,0.6346376823594982,0.40534377314047354,0.9991562432224742,13981.458540091737
Eastern,Admin region,cropland,2018-08,2018,8,0.5749959782129667,0.3451604869999053,0.9997542470393773,6653.9578871608155
Central,Admin region,cropland,2018-08,2018,8,0.5657208782637013,0.3446452227848856,0.9995633973436665,2740.0187003040382
Western,Admin region,cropland,2018-08,2018,8,0.566738844173723,0.3577971376811096,0.9999360768298853,3706.890664557702
Uganda (national),Reference,cropland,2018-09,2018,9,0.6121794803132425,0.38616498234295427,0.9987994346501216,27077.93442541493
Karamoja,Focus region,cropland,2018-09,2018,9,0.48095899295792094,0.2950165883348959,1.0,1090.6130090109777
Lake Victoria basin,Focus region,cropland,2018-09,2018,9,0.5887121156168861,0.36579241533212925,0.9888879748581091,2526.456271257339
Northern,Admin region,cropland,2018-09,2018,9,0.6235469176039249,0.3956416000623214,0.999983231559087,13981.458540091737
Eastern,Admin region,cropland,2018-09,2018,9,0.5684285101463729,0.35130645570974994,0.9999919709154441,6653.9578871608155
Central,Admin region,cropland,2018-09,2018,9,0.6273679024982574,0.3930832440978059,0.9898220350990304,2740.0187003040382
Western,Admin region,cropland,2018-09,2018,9,0.6367585541566674,0.40790569639378116,0.9988049023589118,3706.890664557702
Uganda (national),Reference,cropland,2018-10,2018,10,0.6591731873845803,0.40356472771464585,0.9599380061243659,27077.93442541493
Karamoja,Focus region,cropland,2018-10,2018,10,0.4600441086611676,0.26234485835772536,0.998388795684808,1090.6130090109777
Lake Victoria basin,Focus region,cropland,2018-10,2018,10,0.7212861191072985,0.44581905425570467,0.7626220694095439,2526.456271257339
Northern,Admin region,cropland,2018-10,2018,10,0.6529159816927589,0.39176681766681604,0.9979208332083943,13981.458540091737
Eastern,Admin region,cropland,2018-10,2018,10,0.6192903345339303,0.3827193766957733,0.9992901029788342,6653.9578871608155
Central,Admin region,cropland,2018-10,2018,10,0.7197566751367331,0.44368403452998373,0.8752682028708269,2740.0187003040382
Western,Admin region,cropland,2018-10,2018,10,0.7285159954194766,0.47295559552926886,0.8082056212261097,3706.890664557702
Uganda (national),Reference,cropland,2018-11,2018,11,0.6600807463762576,0.4134276415480179,0.9989700597119627,27077.93442541493
Karamoja,Focus region,cropland,2018-11,2018,11,0.4431308856167888,0.24865938775772872,1.0,1090.6130090109777
Lake Victoria basin,Focus region,cropland,2018-11,2018,11,0.7226953608378424,0.5174829919871213,0.9952223740139869,2526.456271257339
Northern,Admin region,cropland,2018-11,2018,11,0.6561033981290469,0.3895255401442252,1.0,13981.458540091737
Eastern,Admin region,cropland,2018-11,2018,11,0.6026588882349069,0.37303138029793514,0.9999919709154441,6653.9578871608155
Central,Admin region,cropland,2018-11,2018,11,0.7235410169163502,0.5043533137853659,0.9988007572571045,2740.0187003040382
Western,Admin region,cropland,2018-11,2018,11,0.7321371965095835,0.5100172696139609,0.9933556075343428,3706.890664557702
Uganda (national),Reference,cropland,2018-12,2018,12,0.5916888930337225,0.3405477513044465,0.9916523243710866,27077.93442541493
Karamoja,Focus region,cropland,2018-12,2018,12,0.37447055789702394,0.2121290788183786,1.0,1090.6130090109777
Lake Victoria basin,Focus region,cropland,2018-12,2018,12,0.7252208754662133,0.4561278862556978,0.9582620099083519,2526.456271257339
Northern,Admin region,cropland,2018-12,2018,12,0.560564010224193,0.3122584136304133,1.0,13981.458540091737
Eastern,Admin region,cropland,2018-12,2018,12,0.5460065239675252,0.30921913009316154,0.9999848864290712,6653.9578871608155
Central,Admin region,cropland,2018-12,2018,12,0.7165526612553265,0.44751006132709925,0.9980284063934228,2740.0187003040382
Western,Admin region,cropland,2018-12,2018,12,0.706333863752508,0.43028096722698944,0.9405152230118887,3706.890664557702
Uganda (national),Reference,cropland,2019-01,2019,1,0.49925181102488525,0.2820033185533858,0.9999180454990467,27077.93442541493
Karamoja,Focus region,cropland,2019-01,2019,1,0.31096429480370785,0.17706633967114682,1.0,1090.6130090109777
Lake Victoria basin,Focus region,cropland,2019-01,2019,1,0.6591191031605267,0.4214823963835696,0.9996002128880884,2526.456271257339
Northern,Admin region,cropland,2019-01,2019,1,0.45820734754343934,0.23801853179532434,1.0,13981.458540091737
Eastern,Admin region,cropland,2019-01,2019,1,0.46068028545820094,0.2706039541541164,1.0,6653.9578871608155
Central,Admin region,cropland,2019-01,2019,1,0.6426126033635919,0.4032764354636731,0.9999610039658967,2740.0187003040382
Western,Admin region,cropland,2019-01,2019,1,0.6178141711097033,0.37903018821561696,0.9994022533623959,3706.890664557702
Uganda (national),Reference,cropland,2019-02,2019,2,0.3968792986909352,0.21304084139633245,0.9997928312157266,27077.93442541493
Karamoja,Focus region,cropland,2019-02,2019,2,0.2632818811458744,0.14700902941029007,1.0,1090.6130090109777
Lake Victoria basin,Focus region,cropland,2019-02,2019,2,0.5878751619939591,0.31745556741326963,0.9993233223743623,2526.456271257339
Northern,Admin region,cropland,2019-02,2019,2,0.34465293377060746,0.17960261940205122,1.0,13981.458540091737
Eastern,Admin region,cropland,2019-02,2019,2,0.3704379058277175,0.2090660191351657,1.0,6653.9578871608155
Central,Admin region,cropland,2019-02,2019,2,0.5688280907128803,0.30280247971957724,1.0,2740.0187003040382
Western,Admin region,cropland,2019-02,2019,2,0.5147628353515279,0.28036882901105586,0.9983714004006643,3706.890664557702
Uganda (national),Reference,cropland,2019-03,2019,3,0.40369718840752794,0.2284747773610234,0.9996175250291615,27077.93442541493
Karamoja,Focus region,cropland,2019-03,2019,3,0.25891452524607494,0.1530468563265656,1.0,1090.6130090109777
Lake Victoria basin,Focus region,cropland,2019-03,2019,3,0.5799137305340327,0.3593678198149917,0.9989413643910673,2526.456271257339
Northern,Admin region,cropland,2019-03,2019,3,0.3542784250548322,0.1924903887117916,1.0,13981.458540091737
Eastern,Admin region,cropland,2019-03,2019,3,0.397485814043378,0.2308133753276496,1.0,6653.9578871608155
Central,Admin region,cropland,2019-03,2019,3,0.5323759209550608,0.3120866173074916,0.9997855218124316,2740.0187003040382
Western,Admin region,cropland,2019-03,2019,3,0.506711252461611,0.29869961603719114,0.997306522904531,3706.890664557702
Uganda (national),Reference,cropland,2019-04,2019,4,0.49815398553944057,0.2886501366759206,0.9953844806586915,27077.93442541493
Karamoja,Focus region,cropland,2019-04,2019,4,0.28281546936519375,0.1632878840914343,0.9999020252532791,1090.6130090109777
Lake Victoria basin,Focus region,cropland,2019-04,2019,4,0.6439188642712894,0.39790668315163064,0.9742736454464656,2526.456271257339
Northern,Admin region,cropland,2019-04,2019,4,0.45656949983938605,0.2524631267876887,0.9998891844320356,13981.458540091737
Eastern,Admin region,cropland,2019-04,2019,4,0.46309112581547984,0.27300371011864694,0.9999796596524583,6653.9578871608155
Central,Admin region,cropland,2019-04,2019,4,0.6042716222829707,0.3640831981932085,0.9864885623485032,2740.0187003040382
Western,Admin region,cropland,2019-04,2019,4,0.6441237498704508,0.4009195911250421,0.9767092453759556,3706.890664557702
Uganda (national),Reference,cropland,2019-05,2019,5,0.6585097667807936,0.41090007846398746,0.9796588185843964,27077.93442541493
Karamoja,Focus region,cropland,2019-05,2019,5,0.4455241425973773,0.25449533080710585,0.9943664520635499,1090.6130090109777
Lake Victoria basin,Focus region,cropland,2019-05,2019,5,0.7282716937668893,0.4757028011833619,0.8863032321805324,2526.456271257339
Northern,Admin region,cropland,2019-05,2019,5,0.6412197643944633,0.38822730563311947,0.998067313556853,13981.458540091737
Eastern,Admin region,cropland,2019-05,2019,5,0.6241822765591052,0.38897700801614365,0.9941474900640866,6653.9578871608155
Central,Admin region,cropland,2019-05,2019,5,0.7383889533082028,0.48385715276300706,0.9803059322984499,2740.0187003040382
Western,Admin region,cropland,2019-05,2019,5,0.7360614405638181,0.49202370019214886,0.8816053024015271,3706.890664557702
Uganda (national),Reference,cropland,2019-06,2019,6,0.7058550511640737,0.4501542948013218,0.9981686666340045,27077.93442541493
Karamoja,Focus region,cropland,2019-06,2019,6,0.6297782949439362,0.39757978436823643,0.9983834166791056,1090.6130090109777
Lake Victoria basin,Focus region,cropland,2019-06,2019,6,0.6954843365779942,0.43503477753426173,0.9973567280248526,2526.456271257339
Northern,Admin region,cropland,2019-06,2019,6,0.7059359613431057,0.4478898916344839,0.9998738995261095,13981.458540091737
Eastern,Admin region,cropland,2019-06,2019,6,0.6885866977867839,0.4406085140922062,0.9935039038353708,6653.9578871608155
Central,Admin region,cropland,2019-06,2019,6,0.7199478468340925,0.4600943800376695,0.998792652199036,2740.0187003040382
Western,Admin region,cropland,2019-06,2019,6,0.7260134088684512,0.4682613014717121,0.9996322298249913,3706.890664557702
Uganda (national),Reference,cropland,2019-07,2019,7,0.6866418534923354,0.43495381269062505,0.9993429789984473,27077.93442541493
Karamoja,Focus region,cropland,2019-07,2019,7,0.6853821269856446,0.44677025651901875,1.0,1090.6130090109777
Lake Victoria basin,Focus region,cropland,2019-07,2019,7,0.623300183622172,0.3737421317870023,0.9975681897828644,2526.456271257339
Northern,Admin region,cropland,2019-07,2019,7,0.7054349301841931,0.44385987894168116,0.9998930056585171,13981.458540091737
Eastern,Admin region,cropland,2019-07,2019,7,0.6602821005885703,0.4214647828930671,0.9982907810743835,6653.9578871608155
Central,Admin region,cropland,2019-07,2019,7,0.6721486547902161,0.42626303347249056,0.9984770137112351,2740.0187003040382
Western,Admin region,cropland,2019-07,2019,7,0.6737561410030612,0.4318198036043323,0.9997982265983124,3706.890664557702
Uganda (national),Reference,cropland,2019-08,2019,8,0.6714104300826076,0.4267129913260503,0.9897145244328558,27077.93442541493
Karamoja,Focus region,cropland,2019-08,2019,8,0.688634218897102,0.4465227086632152,0.9994611388930352,1090.6130090109777
Lake Victoria basin,Focus region,cropland,2019-08,2019,8,0.565273899269002,0.3391760978154247,0.9769995118965068,2526.456271257339
Northern,Admin region,cropland,2019-08,2019,8,0.7071644225040253,0.4591734145497308,0.9975601693693452,13981.458540091737
Eastern,Admin region,cropland,2019-08,2019,8,0.6306355491887596,0.391999948738337,0.9956102948103526,6653.9578871608155
Central,Admin region,cropland,2019-08,2019,8,0.6414738406795298,0.3979812524108982,0.9671240493665322,2740.0187003040382
Western,Admin region,cropland,2019-08,2019,8,0.6295851829314796,0.385555964874034,0.9662587961475411,3706.890664557702
Uganda (national),Reference,cropland,2019-09,2019,9,0.6743531213143364,0.4330480234866134,0.9972895978352126,27077.93442541493
Karamoja,Focus region,cropland,2019-09,2019,9,0.6156302740814731,0.39431394730072816,1.0,1090.6130090109777
Lake Victoria basin,Focus region,cropland,2019-09,2019,9,0.5998129555893249,0.3404182641771109,0.9869465900672014,2526.456271257339
Northern,Admin region,cropland,2019-09,2019,9,0.7023384942220972,0.47342325691997783,0.9994219458371566,13981.458540091737
Eastern,Admin region,cropland,2019-09,2019,9,0.6410071526792651,0.38280338504911426,0.9991196974666129,6653.9578871608155
Central,Admin region,cropland,2019-09,2019,9,0.6432525994765753,0.387358349053127,0.985468777825295,2740.0187003040382
Western,Admin region,cropland,2019-09,2019,9,0.651248741021093,0.4039206286360515,0.9947449050096607,3706.890664557702
Uganda (national),Reference,cropland,2019-10,2019,10,0.7210870603935954,0.4697027443556596,0.7469279287228584,27077.93442541493
Karamoja,Focus region,cropland,2019-10,2019,10,0.6222260779051696,0.4152224330250345,0.9656070217540437,1090.6130090109777
Lake Victoria basin,Focus region,cropland,2019-10,2019,10,0.72244884969872,0.4943907965170642,0.4174527930283628,2526.456271257339
Northern,Admin region,cropland,2019-10,2019,10,0.7302942648961843,0.47703846989403537,0.8987744517472827,13981.458540091737
Eastern,Admin region,cropland,2019-10,2019,10,0.6862012343464263,0.4339428813725193,0.7940356559365354,6653.9578871608155
Central,Admin region,cropland,2019-10,2019,10,0.7519459187694377,0.5198990627933093,0.29824526257444317,2740.0187003040382
Western,Admin region,cropland,2019-10,2019,10,0.7496306250800896,0.5055456766765483,0.41989169233343016,3706.890664557702
Uganda (national),Reference,cropland,2019-11,2019,11,0.7186347000989782,0.4660110181421598,0.9534855824917704,27077.93442541493
Karamoja,Focus region,cropland,2019-11,2019,11,0.5654898227867358,0.34113914880692636,1.0,1090.6130090109777
Lake Victoria basin,Focus region,cropland,2019-11,2019,11,0.7524394897068152,0.5167773173354475,0.6338989119919383,2526.456271257339
Northern,Admin region,cropland,2019-11,2019,11,0.7150755632560347,0.4602653366057168,0.9996778481298041,13981.458540091737
Eastern,Admin region,cropland,2019-11,2019,11,0.6886441696554089,0.4308281950141372,0.9990495767948248,6653.9578871608155
Central,Admin region,cropland,2019-11,2019,11,0.7713028814720404,0.507421500010591,0.7400273568648656,2740.0187003040382
Western,Admin region,cropland,2019-11,2019,11,0.7636127633975647,0.5388035343541262,0.854943349432816,3706.890664557702
Uganda (national),Reference,cropland,2019-12,2019,12,0.7048214269036703,0.4456303377338603,0.9942230897459661,27077.93442541493
Karamoja,Focus region,cropland,2019-12,2019,12,0.5555377176744327,0.3181527454925376,1.0,1090.6130090109777
Lake Victoria basin,Focus region,cropland,2019-12,2019,12,0.7450705425522339,0.501828182453954,0.9585695001823547,2526.456271257339
Northern,Admin region,cropland,2019-12,2019,12,0.692347314717007,0.4306118221801694,1.0,13981.458540091737
Eastern,Admin region,cropland,2019-12,2019,12,0.6837805767770034,0.416556208585667,1.0,6653.9578871608155
Central,Admin region,cropland,2019-12,2019,12,0.7653270814924474,0.5057073490439523,0.9996295376760184,2740.0187003040382
Western,Admin region,cropland,2019-12,2019,12,0.7470038722017925,0.5132883690790345,0.9578053384042325,3706.890664557702
Uganda (national),Reference,cropland,2020-01,2020,1,0.6078874978409051,0.37024201121787637,0.9987572503658319,27077.93442541493
Karamoja,Focus region,cropland,2020-01,2020,1,0.4477554552723183,0.269276883578914,1.0,1090.6130090109777
Lake Victoria basin,Focus region,cropland,2020-01,2020,1,0.6953066858324382,0.4408769483417881,0.9974826928916839,2526.456271257339
Northern,Admin region,cropland,2020-01,2020,1,0.5853694177691624,0.34567366142323974,1.0,13981.458540091737
Eastern,Admin region,cropland,2020-01,2020,1,0.5863649602689416,0.3649140118309667,1.0,6653.9578871608155
Central,Admin region,cropland,2020-01,2020,1,0.6838761421712842,0.43668756796405794,0.9998440158635866,2740.0187003040382
Western,Admin region,cropland,2020-01,2020,1,0.6762485400108035,0.42411513895572467,0.9909237011119862,3706.890664557702
Uganda (national),Reference,cropland,2020-02,2020,2,0.5777475382234185,0.3393281078446643,0.9999842157116744,27077.93442541493
Karamoja,Focus region,cropland,2020-02,2020,2,0.4348574405096378,0.24606792858140467,1.0,1090.6130090109777
Lake Victoria basin,Focus region,cropland,2020-02,2020,2,0.6577209627325591,0.4104815531606016,0.9998731229451929,2526.456271257339
Northern,Admin region,cropland,2020-02,2020,2,0.5494770090574014,0.31369642895446065,1.0,13981.458540091737
Eastern,Admin region,cropland,2020-02,2020,2,0.5747099607040849,0.3357659160640316,0.9999919709154441,6653.9578871608155
Central,Admin region,cropland,2020-02,2020,2,0.6613876116019282,0.40466009591240876,0.99988301189769,2740.0187003040382
Western,Admin region,cropland,2020-02,2020,2,0.6284341158580358,0.39442399090650143,0.9999855876141651,3706.890664557702
Uganda (national),Reference,cropland,2020-03,2020,3,0.5691237071032047,0.3486938959521565,0.9828915878440059,27077.93442541493
Karamoja,Focus region,cropland,2020-03,2020,3,0.46129482511704134,0.2892390137014738,0.9957380985176421,1090.6130090109777
Lake Victoria basin,Focus region,cropland,2020-03,2020,3,0.6709436932775831,0.4370420069263127,0.8538879690532766,2526.456271257339
Northern,Admin region,cropland,2020-03,2020,3,0.5436708341488656,0.32679038635559593,0.9995878919628683,13981.458540091737
Eastern,Admin region,cropland,2020-03,2020,3,0.5614577829024106,0.35132153166787955,0.9999839418308882,6653.9578871608155
Central,Admin region,cropland,2020-03,2020,3,0.6508358058782929,0.42642908638307303,0.8881054679092079,2740.0187003040382
Western,Admin region,cropland,2020-03,2020,3,0.6281653110648336,0.3771316838819896,0.9592373078454525,3706.890664557702
Uganda (national),Reference,cropland,2020-04,2020,4,0.6067238067572257,0.3729053415734167,0.9701200636533924,27077.93442541493
Karamoja,Focus region,cropland,2020-04,2020,4,0.507450379154627,0.31001134019290855,0.9994121515196748,1090.6130090109777
Lake Victoria basin,Focus region,cropland,2020-04,2020,4,0.704709007012261,0.4591586203845552,0.7319866508753108,2526.456271257339
Northern,Admin region,cropland,2020-04,2020,4,0.5854235923080122,0.3530438169652288,0.9996025924459208,13981.458540091737
Eastern,Admin region,cropland,2020-04,2020,4,0.5814219060309074,0.3534547543386505,0.9984503551941061,6653.9578871608155
Central,Admin region,cropland,2020-04,2020,4,0.7018081520121938,0.44411213601232447,0.7968445785534198,2740.0187003040382
Western,Admin region,cropland,2020-04,2020,4,0.6816015143490137,0.4457676344142001,0.9358483229210909,3706.890664557702
Uganda (national),Reference,cropland,2020-05,2020,5,0.6724613392070555,0.4219329444306354,0.9991321891127346,27077.93442541493
Karamoja,Focus region,cropland,2020-05,2020,5,0.5651013434161682,0.3372613678788156,0.9986773409192682,1090.6130090109777
Lake Victoria basin,Focus region,cropland,2020-05,2020,5,0.710670828684061,0.47690604385575364,0.9954184944287706,2526.456271257339
Northern,Admin region,cropland,2020-05,2020,5,0.6572272864284732,0.4036004409547108,0.9998738995261095,13981.458540091737
Eastern,Admin region,cropland,2020-05,2020,5,0.6550341237787098,0.40080069276287017,0.9996396987663799,6653.9578871608155
Central,Admin region,cropland,2020-05,2020,5,0.7317875504726756,0.48944817988493117,0.9956530126768461,2740.0187003040382
Western,Admin region,cropland,2020-05,2020,5,0.7178145638792617,0.47961623651480567,0.9979511804450489,3706.890664557702
Uganda (national),Reference,cropland,2020-06,2020,6,0.6774544048853207,0.4188630126269751,0.9975672775114033,27077.93442541493
Karamoja,Focus region,cropland,2020-06,2020,6,0.603867988262435,0.366160055276081,0.999459986248956,1090.6130090109777
Lake Victoria basin,Focus region,cropland,2020-06,2020,6,0.6385921052878382,0.4068274304011643,0.9903112368787979,2526.456271257339
Northern,Admin region,cropland,2020-06,2020,6,0.6856363113187111,0.42223904344445967,0.9998042782781362,13981.458540091737
Eastern,Admin region,cropland,2020-06,2020,6,0.6570547921609506,0.4001177779284512,0.9954124644642164,6653.9578871608155
Central,Admin region,cropland,2020-06,2020,6,0.6789787069538237,0.43497863162390554,0.9919977079507485,2740.0187003040382
Western,Admin region,cropland,2020-06,2020,6,0.6820370062420021,0.427782880032002,0.9970891502146457,3706.890664557702
Uganda (national),Reference,cropland,2020-07,2020,7,0.6546618637749801,0.3902394228447659,0.9956167031319834,27077.93442541493
Karamoja,Focus region,cropland,2020-07,2020,7,0.6594956068069495,0.40142998824661613,0.9976899091581991,1090.6130090109777
Lake Victoria basin,Focus region,cropland,2020-07,2020,7,0.5247331161211117,0.30496470852813223,0.9987295709283371,2526.456271257339
Northern,Admin region,cropland,2020-07,2020,7,0.6949434824643062,0.41369462845621774,0.9981967107751589,13981.458540091737
Eastern,Admin region,cropland,2020-07,2020,7,0.6309488475240458,0.37745208746709413,0.9865840609258272,6653.9578871608155
Central,Admin region,cropland,2020-07,2020,7,0.5937005574792672,0.3486482189424064,0.9988334833406267,2740.0187003040382
Western,Admin region,cropland,2020-07,2020,7,0.5897465862317165,0.35504718302110494,0.9995820408107899,3706.890664557702
Uganda (national),Reference,cropland,2020-08,2020,8,0.6564431181871769,0.39264966116791944,0.9976836556882196,27077.93442541493
Karamoja,Focus region,cropland,2020-08,2020,8,0.6488811869877645,0.39419386667135486,0.9997550631331978,1090.6130090109777
Lake Victoria basin,Focus region,cropland,2020-08,2020,8,0.5399760435210395,0.3055479643020656,0.9918359176171528,2526.456271257339
Northern,Admin region,cropland,2020-08,2020,8,0.6954671442615934,0.42367275878778765,0.999759322672471,13981.458540091737
Eastern,Admin region,cropland,2020-08,2020,8,0.6285258466271345,0.36728742950164484,0.9954130941963385,6653.9578871608155
Central,Admin region,cropland,2020-08,2020,8,0.6172170039756361,0.35705899124576823,0.9919726281484232,2740.0187003040382
Western,Admin region,cropland,2020-08,2020,8,0.587614285884156,0.34681774913472013,0.9981552146131419,3706.890664557702
Uganda (national),Reference,cropland,2020-09,2020,9,0.6701864103528303,0.4354911101556432,0.9989444566678111,27077.93442541493
Karamoja,Focus region,cropland,2020-09,2020,9,0.6227464407992247,0.3929591608628385,0.9997060757598374,1090.6130090109777
Lake Victoria basin,Focus region,cropland,2020-09,2020,9,0.6122667639384376,0.38274315111096535,0.9962980924159199,2526.456271257339
Northern,Admin region,cropland,2020-09,2020,9,0.6927583024460456,0.45752223036476064,0.9993155059481437,13981.458540091737
Eastern,Admin region,cropland,2020-09,2020,9,0.6388356503780056,0.4040018850505672,0.9992712110151736,6653.9578871608155
Central,Admin region,cropland,2020-09,2020,9,0.653226886930415,0.41608751269919186,0.9970903606162077,2740.0187003040382
Western,Admin region,cropland,2020-09,2020,9,0.653811349840221,0.4231354004110729,0.9983281632431599,3706.890664557702
Uganda (national),Reference,cropland,2020-10,2020,10,0.7140007739254841,0.4638762323529254,0.9850943703912006,27077.93442541493
Karamoja,Focus region,cropland,2020-10,2020,10,0.6008526490978657,0.39116341725296416,0.9976486060786991,1090.6130090109777
Lake Victoria basin,Focus region,cropland,2020-10,2020,10,0.7121226322368572,0.47733918290494387,0.9251028989499721,2526.456271257339
Northern,Admin region,cropland,2020-10,2020,10,0.7238130007480038,0.4664952537820559,0.9998165811288865,13981.458540091737
Eastern,Admin region,cropland,2020-10,2020,10,0.6650425861260726,0.43432479621249426,0.9999116800698852,6653.9578871608155
Central,Admin region,cropland,2020-10,2020,10,0.7361992026194839,0.48283372279248665,0.9815556404972438,2740.0187003040382
Western,Admin region,cropland,2020-10,2020,10,0.7525116051407957,0.4964270658971452,0.9048878052281919,3706.890664557702
Uganda (national),Reference,cropland,2020-11,2020,11,0.700179469109451,0.4566092519495587,0.9839307046839814,27077.93442541493
Karamoja,Focus region,cropland,2020-11,2020,11,0.5288307480832829,0.32287839096227405,0.9948563257971542,1090.6130090109777
Lake Victoria basin,Focus region,cropland,2020-11,2020,11,0.7583230869999811,0.5162744485164654,0.8724989256913431,2526.456271257339
Northern,Admin region,cropland,2020-11,2020,11,0.6927163201982525,0.4406579265351307,0.9994764919720303,13981.458540091737
Eastern,Admin region,cropland,2020-11,2020,11,0.6591271431371667,0.42763230527833046,0.9951154513088604,6653.9578871608155
Central,Admin region,cropland,2020-11,2020,11,0.7642153901318129,0.5165205135174261,0.9190860583596294,2740.0187003040382
Western,Admin region,cropland,2020-11,2020,11,0.7613091956419055,0.531568773756265,0.9530186176939447,3706.890664557702
Uganda (national),Reference,cropland,2020-12,2020,12,0.6241929647596497,0.377105412407225,0.9950647250217582,27077.93442541493
Karamoja,Focus region,cropland,2020-12,2020,12,0.43722506057624916,0.2526722562892584,1.0,1090.6130090109777
Lake Victoria basin,Focus region,cropland,2020-12,2020,12,0.7174966271984644,0.45785730212120695,0.9655481528276416,2526.456271257339
Northern,Admin region,cropland,2020-12,2020,12,0.6024769501543171,0.3508450332462435,1.0,13981.458540091737
Eastern,Admin region,cropland,2020-12,2020,12,0.5966049768138921,0.36361833704371466,1.0,6653.9578871608155
Central,Admin region,cropland,2020-12,2020,12,0.7070701245795863,0.4479728170783097,0.9974262617491801,2740.0187003040382
Western,Admin region,cropland,2020-12,2020,12,0.6973598781243188,0.4510160185821902,0.9656641580637441,3706.890664557702
Uganda (national),Reference,cropland,2021-01,2021,1,0.5457496988244802,0.30885635419906515,0.9977710727909168,27077.93442541493
Karamoja,Focus region,cropland,2021-01,2021,1,0.36566447836227695,0.20379965122911256,1.0,1090.6130090109777
Lake Victoria basin,Focus region,cropland,2021-01,2021,1,0.6730612366548724,0.4211282897399226,0.9885178753184987,2526.456271257339
Northern,Admin region,cropland,2021-01,2021,1,0.49818466290361285,0.26566088179731173,1.0,13981.458540091737
Eastern,Admin region,cropland,2021-01,2021,1,0.5672430130969165,0.3309077159486843,1.0,6653.9578871608155
Central,Admin region,cropland,2021-01,2021,1,0.6385944552076297,0.38053287701617866,0.9998635138806383,2740.0187003040382
Western,Admin region,cropland,2021-01,2021,1,0.619584587131417,0.3806272513905026,0.9835759842175895,3706.890664557702
Uganda (national),Reference,cropland,2021-02,2021,2,0.43150045781061724,0.2394568517405305,0.9999473857055814,27077.93442541493
Karamoja,Focus region,cropland,2021-02,2021,2,0.30928431358027986,0.17397352885634848,1.0,1090.6130090109777
Lake Victoria basin,Focus region,cropland,2021-02,2021,2,0.5937383820131068,0.3674535899511395,0.9996898560882492,2526.456271257339
Northern,Admin region,cropland,2021-02,2021,2,0.3798266035585869,0.19763314053522385,1.0,13981.458540091737
Eastern,Admin region,cropland,2021-02,2021,2,0.4533200654038728,0.259762658790985,0.9999919709154441,6653.9578871608155
Central,Admin region,cropland,2021-02,2021,2,0.5417370207443727,0.31559749615610533,0.9999220079317933,2740.0187003040382
Western,Admin region,cropland,2021-02,2021,2,0.5062705863421312,0.3048674232249695,0.9996820232050716,3706.890664557702
Uganda (national),Reference,cropland,2021-03,2021,3,0.4297671829160561,0.244060355028054,0.999671276720827,27077.93442541493
Karamoja,Focus region,cropland,2021-03,2021,3,0.28425123054360824,0.16109303942254088,1.0,1090.6130090109777
Lake Victoria basin,Focus region,cropland,2021-03,2021,3,0.5929925554526867,0.3606828303803895,0.9988867989648823,2526.456271257339
Northern,Admin region,cropland,2021-03,2021,3,0.3778315106974628,0.2102691881112021,1.0,13981.458540091737
Eastern,Admin region,cropland,2021-03,2021,3,0.44249861660762285,0.24863879916413226,1.0,6653.9578871608155
Central,Admin region,cropland,2021-03,2021,3,0.5427615243972058,0.32600889120309406,0.99988301189769,2740.0187003040382
Western,Admin region,cropland,2021-03,2021,3,0.5198652129351686,0.3029697612904449,0.9972497776677538,3706.890664557702
Uganda (national),Reference,cropland,2021-04,2021,4,0.583226942832561,0.36196884567820864,0.9631431296672168,27077.93442541493
Karamoja,Focus region,cropland,2021-04,2021,4,0.4123168514225797,0.23967770512383738,0.9997060757598374,1090.6130090109777
Lake Victoria basin,Focus region,cropland,2021-04,2021,4,0.6733606109610111,0.4580534077399992,0.7732470690985709,2526.456271257339
Northern,Admin region,cropland,2021-04,2021,4,0.5574922784665584,0.33489512832810475,0.991585329613227,13981.458540091737
Eastern,Admin region,cropland,2021-04,2021,4,0.5669240767108952,0.34696059290532427,0.9987643396301507,6653.9578871608155
Central,Admin region,cropland,2021-04,2021,4,0.6649248503495775,0.4477989149054238,0.8741721084612752,2740.0187003040382
Western,Admin region,cropland,2021-04,2021,4,0.6684101456870462,0.44696112145199585,0.8573403835333687,3706.890664557702
Uganda (national),Reference,cropland,2021-05,2021,5,0.686960730555662,0.44606466044527016,0.993703910458394,27077.93442541493
Karamoja,Focus region,cropland,2021-05,2021,5,0.5730686457277349,0.3524922174336266,1.0,1090.6130090109777
Lake Victoria basin,Focus region,cropland,2021-05,2021,5,0.7111851330346805,0.47601641016044,0.9713173271432811,2526.456271257339
Northern,Admin region,cropland,2021-05,2021,5,0.6824740668780149,0.4380027331051302,0.9999885363205554,13981.458540091737
Eastern,Admin region,cropland,2021-05,2021,5,0.6578770242076903,0.4185729593885714,0.9999518254926646,6653.9578871608155
Central,Admin region,cropland,2021-05,2021,5,0.7351471972901668,0.4990849004164965,0.9938971206628285,2740.0187003040382
Western,Admin region,cropland,2021-05,2021,5,0.722374599838223,0.48891737244444333,0.9583080763336472,3706.890664557702
Uganda (national),Reference,cropland,2021-06,2021,6,0.6202875604454491,0.385669356606434,0.9996729325236219,27077.93442541493
Karamoja,Focus region,cropland,2021-06,2021,6,0.5194391064428662,0.3231102066770793,0.9996081010131165,1090.6130090109777
Lake Victoria basin,Focus region,cropland,2021-06,2021,6,0.6048263951909056,0.37923440400407243,0.9980122594746892,2526.456271257339
Northern,Admin region,cropland,2021-06,2021,6,0.6278851693134563,0.3900634566671126,0.9999694301881478,13981.458540091737
Eastern,Admin region,cropland,2021-06,2021,6,0.6016611897888521,0.37087102038757636,0.9997591274633232,6653.9578871608155
Central,Admin region,cropland,2021-06,2021,6,0.6361073903301171,0.4007174263797976,0.9979917042436784,2740.0187003040382
Western,Admin region,cropland,2021-06,2021,6,0.6133920752637287,0.3846010806089758,0.9996396903541293,3706.890664557702
Uganda (national),Reference,cropland,2021-07,2021,7,0.5887952449590167,0.34447273363077713,0.9996981254857731,27077.93442541493
Karamoja,Focus region,cropland,2021-07,2021,7,0.6151455738604404,0.38233064048076865,0.9999510126266395,1090.6130090109777
Lake Victoria basin,Focus region,cropland,2021-07,2021,7,0.4901628991316833,0.28734799501140357,0.9994501994291694,2526.456271257339
Northern,Admin region,cropland,2021-07,2021,7,0.6331198496252646,0.3724316890832436,0.9996161240832259,13981.458540091737
Eastern,Admin region,cropland,2021-07,2021,7,0.5559647914004262,0.3314255431473104,0.999847447393438,6653.9578871608155
Central,Admin region,cropland,2021-07,2021,7,0.5387724902707236,0.31128870147000864,0.99941505948845,2740.0187003040382
Western,Admin region,cropland,2021-07,2021,7,0.5174380672922005,0.2868209464820309,0.9999423504566607,3706.890664557702
Uganda (national),Reference,cropland,2021-08,2021,8,0.606732357750126,0.35345605806296615,0.999986188747715,27077.93442541493
Karamoja,Focus region,cropland,2021-08,2021,8,0.6088871997434216,0.38134798847279094,1.0,1090.6130090109777
Lake Victoria basin,Focus region,cropland,2021-08,2021,8,0.480508158169,0.27532189773591365,0.9999365614725965,2526.456271257339
Northern,Admin region,cropland,2021-08,2021,8,0.6530662494943814,0.381496515207035,1.0,13981.458540091737
Eastern,Admin region,cropland,2021-08,2021,8,0.5790100155940522,0.3359029669036346,0.9999598545772205,6653.9578871608155
Central,Admin region,cropland,2021-08,2021,8,0.5311170407997773,0.3108914699042488,0.9999610039658967,2740.0187003040382
Western,Admin region,cropland,2021-08,2021,8,0.5375385123083194,0.3105398613217629,1.0,3706.890664557702
Uganda (national),Reference,cropland,2021-09,2021,9,0.6503583217188197,0.4234457644312419,0.9990141706079159,27077.93442541493
Karamoja,Focus region,cropland,2021-09,2021,9,0.6013460909144872,0.3714093249973634,0.9999020252532791,1090.6130090109777
Lake Victoria basin,Focus region,cropland,2021-09,2021,9,0.5848187877189862,0.3569994741720022,0.997292709014192,2526.456271257339
Northern,Admin region,cropland,2021-09,2021,9,0.6673582164013069,0.4406166183246421,0.9999273966968509,13981.458540091737
Eastern,Admin region,cropland,2021-09,2021,9,0.6203925518470883,0.3936525703932564,0.9997832147169908,6653.9578871608155
Central,Admin region,cropland,2021-09,2021,9,0.624572199611982,0.39450466361747527,0.9982256804482984,2740.0187003040382
Western,Admin region,cropland,2021-09,2021,9,0.6590920495724365,0.43358160104043614,0.9947544567477234,3706.890664557702
Uganda (national),Reference,cropland,2021-10,2021,10,0.6725525652583796,0.42630824672940903,0.9764007170895037,27077.93442541493
Karamoja,Focus region,cropland,2021-10,2021,10,0.566711050235901,0.36170798879388144,0.9984813914258265,1090.6130090109777
Lake Victoria basin,Focus region,cropland,2021-10,2021,10,0.6667034054741064,0.4414387695790306,0.8130333915530399,2526.456271257339
Northern,Admin region,cropland,2021-10,2021,10,0.68689511757439,0.4292110629891209,0.9995949499929577,13981.458540091737
Eastern,Admin region,cropland,2021-10,2021,10,0.6185552164658716,0.38907633941920905,0.9974703975524076,6653.9578871608155
Central,Admin region,cropland,2021-10,2021,10,0.6863552386273098,0.4329134332153404,0.8512964231537652,2740.0187003040382
Western,Admin region,cropland,2021-10,2021,10,0.7085347051064457,0.4810757301342092,0.9433558760003538,3706.890664557702
Uganda (national),Reference,cropland,2021-11,2021,11,0.6467242709022245,0.40234903137371214,0.9988023671232958,27077.93442541493
Karamoja,Focus region,cropland,2021-11,2021,11,0.44628508276848927,0.2630594268996004,1.0,1090.6130090109777
Lake Victoria basin,Focus region,cropland,2021-11,2021,11,0.7082746672832451,0.45917617728852167,0.9897863970880306,2526.456271257339
Northern,Admin region,cropland,2021-11,2021,11,0.646426931270717,0.39391169107089263,1.0,13981.458540091737
Eastern,Admin region,cropland,2021-11,2021,11,0.575134310795661,0.358871001448195,1.0,6653.9578871608155
Central,Admin region,cropland,2021-11,2021,11,0.7100417854243541,0.45424288576183225,0.990952920088027,2740.0187003040382
Western,Admin region,cropland,2021-11,2021,11,0.7305036083855094,0.4745540746347691,0.9979390288256195,3706.890664557702
Uganda (national),Reference,cropland,2021-12,2021,12,0.5559910224096937,0.3368874627383209,0.993858139977607,27077.93442541493
Karamoja,Focus region,cropland,2021-12,2021,12,0.3411343180179598,0.20066851758252877,1.0,1090.6130090109777
Lake Victoria basin,Focus region,cropland,2021-12,2021,12,0.7055639932234912,0.4779550688673361,0.9633692674583243,2526.456271257339
Northern,Admin region,cropland,2021-12,2021,12,0.522307268405091,0.3031901198165789,1.0,13981.458540091737
Eastern,Admin region,cropland,2021-12,2021,12,0.5078710710335951,0.3023577632037821,1.0,6653.9578871608155
Central,Admin region,cropland,2021-12,2021,12,0.6819171132357621,0.4569206225591774,0.9876901754385695,2740.0187003040382
Western,Admin region,cropland,2021-12,2021,12,0.6825599366176063,0.4427516033863738,0.964124463103303,3706.890664557702
Uganda (national),Reference,cropland,2022-01,2022,1,0.4559504556916264,0.2577092273840039,0.9999269976664942,27077.93442541493
Karamoja,Focus region,cropland,2022-01,2022,1,0.2993439770120504,0.17418059132754418,1.0,1090.6130090109777
Lake Victoria basin,Focus region,cropland,2022-01,2022,1,0.6288159925430176,0.38161486296379277,0.9993867609017658,2526.456271257339
Northern,Admin region,cropland,2022-01,2022,1,0.41168548037185143,0.22345689084918346,1.0,13981.458540091737
Eastern,Admin region,cropland,2022-01,2022,1,0.4293072386306273,0.24882621973129548,1.0,6653.9578871608155
Central,Admin region,cropland,2022-01,2022,1,0.5825130989475428,0.3337992365341146,1.0,2740.0187003040382
Western,Admin region,cropland,2022-01,2022,1,0.5777647349957705,0.34704312288788286,0.9994667417241113,3706.890664557702
Uganda (national),Reference,cropland,2022-02,2022,2,0.41360224268858,0.2375029151166737,0.999986188747715,27077.93442541493
Karamoja,Focus region,cropland,2022-02,2022,2,0.2816604439062876,0.16861841196190958,1.0,1090.6130090109777
Lake Victoria basin,Focus region,cropland,2022-02,2022,2,0.558258488628847,0.3364475748498476,0.9999577076483976,2526.456271257339
Northern,Admin region,cropland,2022-02,2022,2,0.3788872784784434,0.20985053870826734,1.0,13981.458540091737
Eastern,Admin region,cropland,2022-02,2022,2,0.40939149329668983,0.24755182844768225,1.0,6653.9578871608155
Central,Admin region,cropland,2022-02,2022,2,0.49152481105875906,0.28303035922559416,0.9999610039658967,2740.0187003040382
Western,Admin region,cropland,2022-02,2022,2,0.49508684236348505,0.29052165073841957,0.9999279380708258,3706.890664557702
Uganda (national),Reference,cropland,2022-03,2022,3,0.408926734841819,0.23127332940770473,0.9996428804766335,27077.93442541493
Karamoja,Focus region,cropland,2022-03,2022,3,0.26411695430899684,0.15637653863096246,1.0,1090.6130090109777
Lake Victoria basin,Focus region,cropland,2022-03,2022,3,0.5504587643323501,0.3225641596613461,0.9984225782114118,2526.456271257339
Northern,Admin region,cropland,2022-03,2022,3,0.3700393189459509,0.20106372755233634,1.0,13981.458540091737
Eastern,Admin region,cropland,2022-03,2022,3,0.40401837501813637,0.24543447534781399,1.0,6653.9578871608155
Central,Admin region,cropland,2022-03,2022,3,0.48854531075463425,0.2756895400018721,0.999941505948845,2740.0187003040382
Western,Admin region,cropland,2022-03,2022,3,0.5062760057684488,0.2873979469365031,0.9974345953214004,3706.890664557702
Uganda (national),Reference,cropland,2022-04,2022,4,0.5318076906463753,0.30601615696366175,0.9822607347165302,27077.93442541493
Karamoja,Focus region,cropland,2022-04,2022,4,0.370547852456206,0.20610303731698157,0.9994611388930352,1090.6130090109777
Lake Victoria basin,Focus region,cropland,2022-04,2022,4,0.6381544284480416,0.3888368537136178,0.8701546025936988,2526.456271257339
Northern,Admin region,cropland,2022-04,2022,4,0.4946256635854111,0.2713965755237861,0.999266324515546,13981.458540091737
Eastern,Admin region,cropland,2022-04,2022,4,0.5298542964908582,0.31191537694414734,0.9999197091544411,6653.9578871608155
Central,Admin region,cropland,2022-04,2022,4,0.6094984752930941,0.36474500872664556,0.9199216439688084,2740.0187003040382
Western,Admin region,cropland,2022-04,2022,4,0.6292712964856407,0.39183977234158573,0.9317037163891149,3706.890664557702
Uganda (national),Reference,cropland,2022-05,2022,5,0.6388908451081284,0.40412074894268984,0.9992914556768984,27077.93442541493
Karamoja,Focus region,cropland,2022-05,2022,5,0.5285045719915554,0.3260115626242092,1.0,1090.6130090109777
Lake Victoria basin,Focus region,cropland,2022-05,2022,5,0.6784853587130499,0.4517479801690064,0.9945959496531944,2526.456271257339
Northern,Admin region,cropland,2022-05,2022,5,0.6143052728485133,0.3771636552484565,0.999942681602777,13981.458540091737
Eastern,Admin region,cropland,2022-05,2022,5,0.6315691946347903,0.39984682335692723,0.9999919709154441,6653.9578871608155
Central,Admin region,cropland,2022-05,2022,5,0.6896035035909907,0.45587457420897526,0.9977772260561101,2740.0187003040382
Western,Admin region,cropland,2022-05,2022,5,0.7077336309723815,0.47557136961373175,0.9966081721618834,3706.890664557702
Uganda (national),Reference,cropland,2022-06,2022,6,0.645942219739834,0.4036407978382139,0.9999309437385755,27077.93442541493
Karamoja,Focus region,cropland,2022-06,2022,6,0.6134378912530257,0.3956681205062487,1.0,1090.6130090109777
Lake Victoria basin,Focus region,cropland,2022-06,2022,6,0.584308763185438,0.3581020327834024,0.9999788538241988,2526.456271257339
Northern,Admin region,cropland,2022-06,2022,6,0.64838848669556,0.40808537622319935,1.0,13981.458540091737
Eastern,Admin region,cropland,2022-06,2022,6,0.6413033366443973,0.3958238486776572,0.9997350402096554,6653.9578871608155
Central,Admin region,cropland,2022-06,2022,6,0.6255848479588565,0.38466885139507606,0.9999610039658967,2740.0187003040382
Western,Admin region,cropland,2022-06,2022,6,0.6600281271019832,0.4148045429507465,1.0,3706.890664557702
Uganda (national),Reference,cropland,2022-07,2022,7,0.576607377809547,0.34442822760311104,0.9982538631039816,27077.93442541493
Karamoja,Focus region,cropland,2022-07,2022,7,0.6378366155303649,0.41699657339133195,0.9999020252532791,1090.6130090109777
Lake Victoria basin,Focus region,cropland,2022-07,2022,7,0.47503406718285146,0.27202545414664414,0.9982713208597985,2526.456271257339
Northern,Admin region,cropland,2022-07,2022,7,0.6082135559151413,0.36814024624252206,0.9988608249524471,13981.458540091737
Eastern,Admin region,cropland,2022-07,2022,7,0.5666720702962267,0.33677757745800135,0.996932889699648,6653.9578871608155
Central,Admin region,cropland,2022-07,2022,7,0.5154533845491722,0.29825047414258726,0.9959834084873569,2740.0187003040382
Western,Admin region,cropland,2022-07,2022,7,0.5199307359614171,0.30238287518336915,1.0,3706.890664557702
Uganda (national),Reference,cropland,2022-08,2022,8,0.6133040278730124,0.37321338739265775,0.9981256157613361,27077.93442541493
Karamoja,Focus region,cropland,2022-08,2022,8,0.6366311496093888,0.41256347447383074,0.9999510126266395,1090.6130090109777
Lake Victoria basin,Focus region,cropland,2022-08,2022,8,0.526608889955964,0.3153671368691616,1.0,2526.456271257339
Northern,Admin region,cropland,2022-08,2022,8,0.6437944810548177,0.3913282968594925,0.9975524519903728,13981.458540091737
Eastern,Admin region,cropland,2022-08,2022,8,0.5917631122269112,0.3647643211225005,0.9995503712648699,6653.9578871608155
Central,Admin region,cropland,2022-08,2022,8,0.5654672532673765,0.34625584288661176,0.9998050198294833,2740.0187003040382
Western,Admin region,cropland,2022-08,2022,8,0.5723497490251903,0.3396792845507936,0.9965260498222048,3706.890664557702
Uganda (national),Reference,cropland,2022-09,2022,9,0.6687981126454868,0.41513663357520664,0.9992265698720459,27077.93442541493
Karamoja,Focus region,cropland,2022-09,2022,9,0.5634694277871362,0.34984405034903027,1.0,1090.6130090109777
Lake Victoria basin,Focus region,cropland,2022-09,2022,9,0.6250214528206712,0.4045052173040962,0.9988581065067363,2526.456271257339
Northern,Admin region,cropland,2022-09,2022,9,0.6906152943722018,0.42260615858074324,0.9995147042368455,13981.458540091737
Eastern,Admin region,cropland,2022-09,2022,9,0.6327123084165953,0.38974858905369386,1.0,6653.9578871608155
Central,Admin region,cropland,2022-09,2022,9,0.6464772316486668,0.421773444282057,0.998654636823435,2740.0187003040382
Western,Admin region,cropland,2022-09,2022,9,0.6678754692887625,0.42769890981676445,0.9971751723763735,3706.890664557702
Uganda (national),Reference,cropland,2022-10,2022,10,0.6543877202936255,0.4236744920206999,0.889566843845819,27077.93442541493
Karamoja,Focus region,cropland,2022-10,2022,10,0.4400399479159972,0.26231725066477585,0.9867244218193219,1090.6130090109777
Lake Victoria basin,Focus region,cropland,2022-10,2022,10,0.6685565452552281,0.44085868660958344,0.4437384846633835,2526.456271257339
Northern,Admin region,cropland,2022-10,2022,10,0.6713088479237371,0.439221328614296,0.9943989960753906,13981.458540091737
Eastern,Admin region,cropland,2022-10,2022,10,0.6054949456907472,0.372558804131835,0.9976045934676123,6653.9578871608155
Central,Admin region,cropland,2022-10,2022,10,0.6474182317158244,0.42885465061008343,0.48500246936651237,2740.0187003040382
Western,Admin region,cropland,2022-10,2022,10,0.6989770655996577,0.476475402713107,0.5996877881594054,3706.890664557702
Uganda (national),Reference,cropland,2022-11,2022,11,0.6654374038888125,0.43544099973591965,0.9806823290961598,27077.93442541493
Karamoja,Focus region,cropland,2022-11,2022,11,0.38060117022997814,0.22009990962017215,0.9997550631331978,1090.6130090109777
Lake Victoria basin,Focus region,cropland,2022-11,2022,11,0.7267921232659836,0.5002473631529568,0.8839100655630961,2526.456271257339
Northern,Admin region,cropland,2022-11,2022,11,0.671201936303417,0.43776257465338153,0.9994917768779563,13981.458540091737
Eastern,Admin region,cropland,2022-11,2022,11,0.596583179879319,0.3697767187152102,0.9992452660517458,6653.9578871608155
Central,Admin region,cropland,2022-11,2022,11,0.7316752064692286,0.48907876294898167,0.9278561899666569,2740.0187003040382
Western,Admin region,cropland,2022-11,2022,11,0.7275050779469313,0.514802896346792,0.9152548886954048,3706.890664557702
Uganda (national),Reference,cropland,2022-12,2022,12,0.6411479622512378,0.40017146573878465,0.9995539236320848,27077.93442541493
Karamoja,Focus region,cropland,2022-12,2022,12,0.3514641659380999,0.2014562739089598,1.0,1090.6130090109777
Lake Victoria basin,Focus region,cropland,2022-12,2022,12,0.7272052158978481,0.4800107286767577,0.9971329102660788,2526.456271257339
Northern,Admin region,cropland,2022-12,2022,12,0.6306597627548834,0.38115201564901646,1.0,13981.458540091737
Eastern,Admin region,cropland,2022-12,2022,12,0.5880383964319997,0.3726192817006937,0.9999678836617765,6653.9578871608155
Central,Admin region,cropland,2022-12,2022,12,0.7205577615396965,0.47622785882793633,0.9995125495737084,2740.0187003040382
Western,Admin region,cropland,2022-12,2022,12,0.7179982192354845,0.4656377112854549,0.9971650554467091,3706.890664557702
Uganda (national),Reference,cropland,2023-01,2023,1,0.544234895723359,0.31815187288706553,0.9999033212340057,27077.93442541493
Karamoja,Focus region,cropland,2023-01,2023,1,0.31479624771128106,0.17406301915329447,1.0,1090.6130090109777
Lake Victoria basin,Focus region,cropland,2023-01,2023,1,0.6669470857956032,0.4036672763209962,0.9998519767693917,2526.456271257339
Northern,Admin region,cropland,2023-01,2023,1,0.5117231351069838,0.2946508136649929,1.0,13981.458540091737
Eastern,Admin region,cropland,2023-01,2023,1,0.5343740592085483,0.3150900208570428,1.0,6653.9578871608155
Central,Admin region,cropland,2023-01,2023,1,0.6453175578420143,0.38262459964262807,1.0,2740.0187003040382
Western,Admin region,cropland,2023-01,2023,1,0.6103821810208018,0.36501456948625133,0.9992937930940934,3706.890664557702
Uganda (national),Reference,cropland,2023-02,2023,2,0.41239253036380313,0.22820772946973553,0.9999427819548198,27077.93442541493
Karamoja,Focus region,cropland,2023-02,2023,2,0.25814752961478843,0.14472509014156965,1.0,1090.6130090109777
Lake Victoria basin,Focus region,cropland,2023-02,2023,2,0.5523745998959766,0.3246763791256872,0.9995136379565729,2526.456271257339
Northern,Admin region,cropland,2023-02,2023,2,0.37676710796737556,0.2010615433984711,1.0,13981.458540091737
Eastern,Admin region,cropland,2023-02,2023,2,0.4090168178086742,0.2302787121228724,1.0,6653.9578871608155
Central,Admin region,cropland,2023-02,2023,2,0.5161551755077686,0.2975822702619378,1.0,2740.0187003040382
Western,Admin region,cropland,2023-02,2023,2,0.4765335448912422,0.2759903756700771,0.9995676284249552,3706.890664557702
Uganda (national),Reference,cropland,2023-03,2023,3,0.4974414707133636,0.2781499660044972,0.9787621549465593,27077.93442541493
Karamoja,Focus region,cropland,2023-03,2023,3,0.30139066037775764,0.1741169397427854,0.999559113639756,1090.6130090109777
Lake Victoria basin,Focus region,cropland,2023-03,2023,3,0.6069306750813268,0.3451218757900679,0.9466154426126788,2526.456271257339
Northern,Admin region,cropland,2023-03,2023,3,0.47689421664990694,0.26067526236082833,0.9981054808660625,13981.458540091737
Eastern,Admin region,cropland,2023-03,2023,3,0.46971307852552857,0.27481626617216576,0.9938320887307673,6653.9578871608155
Central,Admin region,cropland,2023-03,2023,3,0.5976912546902754,0.33966493331798875,0.9015642991460708,2740.0187003040382
Western,Admin region,cropland,2023-03,2023,3,0.5620597472264496,0.31139123179557576,0.9357895995137093,3706.890664557702
Uganda (national),Reference,cropland,2023-04,2023,4,0.6412372684139692,0.4039232322776881,0.9974543037889317,27077.93442541493
Karamoja,Focus region,cropland,2023-04,2023,4,0.4725029359942641,0.2845075770293509,0.9997060757598374,1090.6130090109777
Lake Victoria basin,Focus region,cropland,2023-04,2023,4,0.7149099532031331,0.4895240265345925,0.9777970129658401,2526.456271257339
Northern,Admin region,cropland,2023-04,2023,4,0.6250736093649596,0.38137213359624983,0.9998930056585171,13981.458540091737
Eastern,Admin region,cropland,2023-04,2023,4,0.6026980237745803,0.38394242136137013,0.9997912438015467,6653.9578871608155
Central,Admin region,cropland,2023-04,2023,4,0.7204628233799805,0.4752211091180025,0.9783572010726509,2740.0187003040382
Western,Admin region,cropland,2023-04,2023,4,0.7144449189137738,0.47376143489553546,0.9979800617358785,3706.890664557702
Uganda (national),Reference,cropland,2023-05,2023,5,0.6758656467908015,0.42507315964462344,0.998626449682428,27077.93442541493
Karamoja,Focus region,cropland,2023-05,2023,5,0.5481773617437043,0.3427203996389917,1.0,1090.6130090109777
Lake Victoria basin,Focus region,cropland,2023-05,2023,5,0.7140053174384678,0.46543053821716907,0.9940269931348734,2526.456271257339
Northern,Admin region,cropland,2023-05,2023,5,0.6580510764140254,0.4036177042907474,1.0,13981.458540091737
Eastern,Admin region,cropland,2023-05,2023,5,0.6627052588646128,0.4187044195277289,1.0,6653.9578871608155
Central,Admin region,cropland,2023-05,2023,5,0.731753959863662,0.4764639997214957,0.9999025099147417,2740.0187003040382
Western,Admin region,cropland,2023-05,2023,5,0.7261449039167772,0.4800875395929775,0.9898138908835443,3706.890664557702
Uganda (national),Reference,cropland,2023-06,2023,6,0.6645941833209491,0.41532295650703427,0.9995836893954125,27077.93442541493
Karamoja,Focus region,cropland,2023-06,2023,6,0.601177521651178,0.3833502873631124,0.9999020252532791,1090.6130090109777
Lake Victoria basin,Focus region,cropland,2023-06,2023,6,0.6174206344872076,0.38851309244933613,0.9993021761985611,2526.456271257339
Northern,Admin region,cropland,2023-06,2023,6,0.6753081795173076,0.41494842797952297,0.9997439778257374,13981.458540091737
Eastern,Admin region,cropland,2023-06,2023,6,0.6554472457928773,0.415563123412042,0.9991261207342578,6653.9578871608155
Central,Admin region,cropland,2023-06,2023,6,0.6555371763050435,0.419680013732386,0.9994119245131592,2740.0187003040382
Western,Admin region,cropland,2023-06,2023,6,0.6472452480748185,0.4128570560806565,0.9999279380708258,3706.890664557702
Uganda (national),Reference,cropland,2023-07,2023,7,0.6272735061941084,0.3777930616040108,0.9999585662431453,27077.93442541493
Karamoja,Focus region,cropland,2023-07,2023,7,0.5874270833993699,0.3633093951634669,1.0,1090.6130090109777
Lake Victoria basin,Focus region,cropland,2023-07,2023,7,0.509100541656235,0.29209583008083057,0.9999788538241988,2526.456271257339
Northern,Admin region,cropland,2023-07,2023,7,0.6707825069511486,0.40572686123662655,1.0,13981.458540091737
Eastern,Admin region,cropland,2023-07,2023,7,0.6029945958353665,0.3712914270938401,0.9998394183088821,6653.9578871608155
Central,Admin region,cropland,2023-07,2023,7,0.5568082011176324,0.32364678048199724,0.9999805019829483,2740.0187003040382
Western,Admin region,cropland,2023-07,2023,7,0.5584466305735306,0.3238411181722383,1.0,3706.890664557702
Uganda (national),Reference,cropland,2023-08,2023,8,0.582378695336698,0.34756676918089546,0.999960539279186,27077.93442541493
Karamoja,Focus region,cropland,2023-08,2023,8,0.4802115691174379,0.27985940665148634,1.0,1090.6130090109777
Lake Victoria basin,Focus region,cropland,2023-08,2023,8,0.48314414897089564,0.2809446427124205,0.9996828073629823,2526.456271257339
Northern,Admin region,cropland,2023-08,2023,8,0.6182024757778828,0.37293322152349717,1.0,13981.458540091737
Eastern,Admin region,cropland,2023-08,2023,8,0.5569180169475504,0.3302475224659523,0.9999919709154441,6653.9578871608155
Central,Admin region,cropland,2023-08,2023,8,0.5409374122385894,0.31249426480645665,0.9997465257783283,2740.0187003040382
Western,Admin region,cropland,2023-08,2023,8,0.5231520345322369,0.3084894104485268,0.999913525684991,3706.890664557702
Uganda (national),Reference,cropland,2023-09,2023,9,0.6469506311757948,0.4145281006357035,0.9990756674332156,27077.93442541493
Karamoja,Focus region,cropland,2023-09,2023,9,0.48105891664327827,0.29729174910473166,1.0,1090.6130090109777
Lake Victoria basin,Focus region,cropland,2023-09,2023,9,0.6078101270370789,0.3981780976284692,0.9973042357531579,2526.456271257339
Northern,Admin region,cropland,2023-09,2023,9,0.659817911424973,0.4195169241578601,0.999992357547037,13981.458540091737
Eastern,Admin region,cropland,2023-09,2023,9,0.6157388692830197,0.3973741673603614,0.9999357673235528,6653.9578871608155
Central,Admin region,cropland,2023-09,2023,9,0.6609464960447471,0.4329544952822782,0.996214708493558,2740.0187003040382
Western,Admin region,cropland,2023-09,2023,9,0.6439986834318293,0.4125698111757577,0.9961839393458982,3706.890664557702
Uganda (national),Reference,cropland,2023-10,2023,10,0.6988545278661992,0.44872708211183554,0.9651038864600859,27077.93442541493
Karamoja,Focus region,cropland,2023-10,2023,10,0.4862499104208173,0.28241455017330735,0.9964667616829602,1090.6130090109777
Lake Victoria basin,Focus region,cropland,2023-10,2023,10,0.7029431915736594,0.4798934032902034,0.7767307979040906,2526.456271257339
Northern,Admin region,cropland,2023-10,2023,10,0.6985918009269184,0.4383793636824618,0.9995082606000336,13981.458540091737
Eastern,Admin region,cropland,2023-10,2023,10,0.6725282120276682,0.42639795134038244,0.9887868324020856,6653.9578871608155
Central,Admin region,cropland,2023-10,2023,10,0.7293070239331265,0.5081450287422832,0.893165776805205,2740.0187003040382
Western,Admin region,cropland,2023-10,2023,10,0.7315949435703665,0.495601750124955,0.8457246222612581,3706.890664557702
Uganda (national),Reference,cropland,2023-11,2023,11,0.7117624589617526,0.47461501890291646,0.9771519331528581,27077.93442541493
Karamoja,Focus region,cropland,2023-11,2023,11,0.48365977367257235,0.2966859679222993,1.0,1090.6130090109777
Lake Victoria basin,Focus region,cropland,2023-11,2023,11,0.7807764729431026,0.5247851315569877,0.8705305069658823,2526.456271257339
Northern,Admin region,cropland,2023-11,2023,11,0.6953364900085797,0.46973351385875023,0.9988894017324482,13981.458540091737
Eastern,Admin region,cropland,2023-11,2023,11,0.6841182054500005,0.44206265819746116,0.9830616543012467,6653.9578871608155
Central,Admin region,cropland,2023-11,2023,11,0.7853942013133786,0.5024090138111432,0.9135525211203668,2740.0187003040382
Western,Admin region,cropland,2023-11,2023,11,0.7775205814549153,0.5361577933570647,0.9314156382298987,3706.890664557702
Uganda (national),Reference,cropland,2023-12,2023,12,0.6807213951222991,0.42796179486710734,0.9992918502841064,27077.93442541493
Karamoja,Focus region,cropland,2023-12,2023,12,0.411854840874603,0.23406823095836793,1.0,1090.6130090109777
Lake Victoria basin,Focus region,cropland,2023-12,2023,12,0.744551272743625,0.5142595024559516,0.9958260766015657,2526.456271257339
Northern,Admin region,cropland,2023-12,2023,12,0.6669697969224906,0.40015813448457405,1.0,13981.458540091737
Eastern,Admin region,cropland,2023-12,2023,12,0.6567782475387842,0.41382441791144603,0.9998073019706585,6653.9578871608155
Central,Admin region,cropland,2023-12,2023,12,0.7385963585771937,0.5058837703845361,0.9971337914934051,2740.0187003040382
Western,Admin region,cropland,2023-12,2023,12,0.7335010190247611,0.5012785189410235,0.9972422041002954,3706.890664557702
Uganda (national),Reference,cropland,2024-01,2024,1,0.5969584823118099,0.34779399350614765,0.9990356805694575,27077.93442541493
Karamoja,Focus region,cropland,2024-01,2024,1,0.3640762230178033,0.20254655567856839,1.0,1090.6130090109777
Lake Victoria basin,Focus region,cropland,2024-01,2024,1,0.6795129808840397,0.39938724876332404,0.9976713499503024,2526.456271257339
Northern,Admin region,cropland,2024-01,2024,1,0.566325469766974,0.31956474045607786,1.0,13981.458540091737
Eastern,Admin region,cropland,2024-01,2024,1,0.6232760595520667,0.38127390948073997,0.9997419987496039,6653.9578871608155
Central,Admin region,cropland,2024-01,2024,1,0.6472225604450405,0.37606562279589645,0.9983453447490273,2740.0187003040382
Western,Admin region,cropland,2024-01,2024,1,0.6287659164497668,0.3735696123740441,0.9945802081770225,3706.890664557702
Uganda (national),Reference,cropland,2024-02,2024,2,0.526239874242715,0.30002661791534924,0.9997435053147091,27077.93442541493
Karamoja,Focus region,cropland,2024-02,2024,2,0.30520483795457165,0.16255250020027184,1.0,1090.6130090109777
Lake Victoria basin,Focus region,cropland,2024-02,2024,2,0.6323649068351371,0.41040428849292526,0.9976479647676518,2526.456271257339
Northern,Admin region,cropland,2024-02,2024,2,0.4848917787451659,0.2621531835995749,0.9999961787735184,13981.458540091737
Eastern,Admin region,cropland,2024-02,2024,2,0.5627728286087476,0.3199981610178777,0.9999919709154441,6653.9578871608155
Central,Admin region,cropland,2024-02,2024,2,0.599697440805678,0.380158493447406,0.9993175694031917,2740.0187003040382
Western,Admin region,cropland,2024-02,2024,2,0.562826660237472,0.3482483143202374,0.9986596481173609,3706.890664557702
Uganda (national),Reference,cropland,2024-03,2024,3,0.5255006167971068,0.2963438309394864,0.9999822426756337,27077.93442541493
Karamoja,Focus region,cropland,2024-03,2024,3,0.31723641690598453,0.1685643414281607,1.0,1090.6130090109777
Lake Victoria basin,Focus region,cropland,2024-03,2024,3,0.6347317283164613,0.38942428525798684,0.9998096844177894,2526.456271257339
Northern,Admin region,cropland,2024-03,2024,3,0.47942649409618304,0.2556542373430606,1.0,13981.458540091737
Eastern,Admin region,cropland,2024-03,2024,3,0.5476398511379373,0.31618665415955727,1.0,6653.9578871608155
Central,Admin region,cropland,2024-03,2024,3,0.6181389183493583,0.3715578605706066,0.9998635138806383,2740.0187003040382
Western,Admin region,cropland,2024-03,2024,3,0.5914829140564654,0.3588468303621768,0.9999711752283303,3706.890664557702
Uganda (national),Reference,cropland,2024-04,2024,4,0.6518028414753271,0.3950787157281104,0.9886648383096192,27077.93442541493
Karamoja,Focus region,cropland,2024-04,2024,4,0.4725198462257533,0.2592209674506762,1.0,1090.6130090109777
Lake Victoria basin,Focus region,cropland,2024-04,2024,4,0.752921879915256,0.4901027769848898,0.9096203324377858,2526.456271257339
Northern,Admin region,cropland,2024-04,2024,4,0.6214640923239605,0.3658637419133268,0.9998213314378851,13981.458540091737
Eastern,Admin region,cropland,2024-04,2024,4,0.6398790039249936,0.3863531698699883,1.0,6653.9578871608155
Central,Admin region,cropland,2024-04,2024,4,0.7379989795652795,0.4717940014709868,0.9636167001815914,2740.0187003040382
Western,Admin region,cropland,2024-04,2024,4,0.7310875532759683,0.4707846684754626,0.9444044759783679,3706.890664557702
Uganda (national),Reference,cropland,2024-05,2024,5,0.690276236085836,0.44843408032044907,0.9995319107397876,27077.93442541493
Karamoja,Focus region,cropland,2024-05,2024,5,0.5796286435423406,0.37467588571588883,0.9999510126266395,1090.6130090109777
Lake Victoria basin,Focus region,cropland,2024-05,2024,5,0.7146816253786804,0.4717021967367479,0.9990725536072141,2526.456271257339
Northern,Admin region,cropland,2024-05,2024,5,0.6810646940236348,0.4399006646224672,0.9999961787735184,13981.458540091737
Eastern,Admin region,cropland,2024-05,2024,5,0.6736590945667197,0.4368171040270084,0.9999919709154441,6653.9578871608155
Central,Admin region,cropland,2024-05,2024,5,0.7298355666314308,0.47746809342796454,0.9993955614713984,2740.0187003040382
Western,Admin region,cropland,2024-05,2024,5,0.7259797681516621,0.4800505242606056,0.9970187838602758,3706.890664557702
Uganda (national),Reference,cropland,2024-06,2024,6,0.6459340879263585,0.3958970522579608,0.9998993751619244,27077.93442541493
Karamoja,Focus region,cropland,2024-06,2024,6,0.6232690079845576,0.4056405366960572,1.0,1090.6130090109777
Lake Victoria basin,Focus region,cropland,2024-06,2024,6,0.5944148495295628,0.3628667832582622,0.9996193688355788,2526.456271257339
Northern,Admin region,cropland,2024-06,2024,6,0.6634765914257226,0.4038045356143754,0.9998891844320356,13981.458540091737
Eastern,Admin region,cropland,2024-06,2024,6,0.6405578073422671,0.4027382389698194,0.9999466931758701,6653.9578871608155
Central,Admin region,cropland,2024-06,2024,6,0.6221618996770614,0.37794684873146167,0.9997006480911481,2740.0187003040382
Western,Admin region,cropland,2024-06,2024,6,0.607095355540841,0.3670932785888751,1.0,3706.890664557702
Uganda (national),Reference,cropland,2024-07,2024,7,0.6518318456579021,0.3904308651132982,0.996032201309966,27077.93442541493
Karamoja,Focus region,cropland,2024-07,2024,7,0.6594015257261518,0.42475098952573115,1.0,1090.6130090109777
Lake Victoria basin,Focus region,cropland,2024-07,2024,7,0.5400880893402629,0.3057570285107366,0.9968859561031924,2526.456271257339
Northern,Admin region,cropland,2024-07,2024,7,0.6934587252350861,0.4163933615068655,0.9950036489715859,13981.458540091737
Eastern,Admin region,cropland,2024-07,2024,7,0.6311959394557374,0.3870545624887794,0.9970940696362817,6653.9578871608155
Central,Admin region,cropland,2024-07,2024,7,0.597832586853542,0.3488753460128477,0.9979904808386869,2740.0187003040382
Western,Admin region,cropland,2024-07,2024,7,0.5720906347323518,0.3293975269385905,0.9970310485180253,3706.890664557702
Uganda (national),Reference,cropland,2024-08,2024,8,0.6696096373069692,0.3893628668931659,0.9998145346121743,27077.93442541493
Karamoja,Focus region,cropland,2024-08,2024,8,0.6738115306095198,0.4062528942220449,1.0,1090.6130090109777
Lake Victoria basin,Focus region,cropland,2024-08,2024,8,0.5598389994116417,0.32188461123652135,0.9988775941589451,2526.456271257339
Northern,Admin region,cropland,2024-08,2024,8,0.7049249777026321,0.41244418086243617,0.9999770726411108,13981.458540091737
Eastern,Admin region,cropland,2024-08,2024,8,0.6472795720867708,0.3695306990556754,0.9999061384272114,6653.9578871608155
Central,Admin region,cropland,2024-08,2024,8,0.628563431141592,0.3627316748009845,0.9990192879737071,2740.0187003040382
Western,Admin region,cropland,2024-08,2024,8,0.6067375950337222,0.3573965152544443,0.9996252779682945,3706.890664557702
Uganda (national),Reference,cropland,2024-09,2024,9,0.676114500804248,0.4240796416755856,0.9994048240065779,27077.93442541493
Karamoja,Focus region,cropland,2024-09,2024,9,0.601700120403279,0.3674262410566827,1.0,1090.6130090109777
Lake Victoria basin,Focus region,cropland,2024-09,2024,9,0.5767759106157074,0.3654201851291724,0.9993247321194156,2526.456271257339
Northern,Admin region,cropland,2024-09,2024,9,0.7068453269811829,0.44003696144703675,0.9999694301881478,13981.458540091737
Eastern,Admin region,cropland,2024-09,2024,9,0.6455450866588358,0.4068216045865052,0.9999693320456572,6653.9578871608155
Central,Admin region,cropland,2024-09,2024,9,0.6419143826932592,0.4001946521650524,0.9995090322843578,2740.0187003040382
Western,Admin region,cropland,2024-09,2024,9,0.6402283502733007,0.412408450645569,0.9961326199484942,3706.890664557702
Uganda (national),Reference,cropland,2024-10,2024,10,0.7124172316030337,0.4584779394986958,0.9998638605131918,27077.93442541493
Karamoja,Focus region,cropland,2024-10,2024,10,0.5862117489971516,0.34214540798125315,1.0,1090.6130090109777
Lake Victoria basin,Focus region,cropland,2024-10,2024,10,0.6918652296952145,0.47815149305666804,0.9989003988583387,2526.456271257339
Northern,Admin region,cropland,2024-10,2024,10,0.7196317928957892,0.4587701798977996,1.0,13981.458540091737
Eastern,Admin region,cropland,2024-10,2024,10,0.6872733262349366,0.41508490348380367,0.9999919709154441,6653.9578871608155
Central,Admin region,cropland,2024-10,2024,10,0.7213291968159674,0.49849490059864104,0.9993760634543467,2740.0187003040382
Western,Admin region,cropland,2024-10,2024,10,0.7239131940628598,0.5060140021013425,0.9994811541099462,3706.890664557702
Uganda (national),Reference,cropland,2024-11,2024,11,0.7067505654053801,0.45841500472329866,0.9243336190702182,27077.93442541493
Karamoja,Focus region,cropland,2024-11,2024,11,0.5532376583916929,0.30676015217907787,0.9929098941622996,1090.6130090109777
Lake Victoria basin,Focus region,cropland,2024-11,2024,11,0.7406129687367441,0.5168814018110681,0.6285208175393513,2526.456271257339
Northern,Admin region,cropland,2024-11,2024,11,0.7011011172861694,0.44317515399654445,0.9911546848813595,13981.458540091737
Eastern,Admin region,cropland,2024-11,2024,11,0.6896601981656192,0.44352157010377213,0.9443171650870464,6653.9578871608155
Central,Admin region,cropland,2024-11,2024,11,0.748257593518761,0.5242618858055851,0.7826974290832268,2740.0187003040382
Western,Admin region,cropland,2024-11,2024,11,0.7422866287312891,0.5184550333863824,0.7394671882254763,3706.890664557702
Uganda (national),Reference,cropland,2024-12,2024,12,0.6630364950478257,0.4037304681783383,0.9999763235675116,27077.93442541493
Karamoja,Focus region,cropland,2024-12,2024,12,0.49835564920468556,0.27444683774978496,1.0,1090.6130090109777
Lake Victoria basin,Focus region,cropland,2024-12,2024,12,0.7324673422787495,0.454494118116687,0.9997462458903859,2526.456271257339
Northern,Admin region,cropland,2024-12,2024,12,0.6439668101949303,0.3870062002456642,1.0,13981.458540091737
Eastern,Admin region,cropland,2024-12,2024,12,0.6470459846941711,0.40353093527090655,1.0,6653.9578871608155
Central,Admin region,cropland,2024-12,2024,12,0.7313906839654295,0.44840311120072923,0.99976602379538,2740.0187003040382
Western,Admin region,cropland,2024-12,2024,12,0.7134990580686331,0.4343422681788934,1.0,3706.890664557702
Uganda (national),Reference,cropland,2025-01,2025,1,0.5531682931501863,0.31887534218575697,0.9999881617837558,27077.93442541493
Karamoja,Focus region,cropland,2025-01,2025,1,0.3686900298976661,0.2012536936095299,1.0,1090.6130090109777
Lake Victoria basin,Focus region,cropland,2025-01,2025,1,0.6522967761522014,0.3994942523908924,0.9999365614725965,2526.456271257339
Northern,Admin region,cropland,2025-01,2025,1,0.518024317710646,0.2874421143889088,1.0,13981.458540091737
Eastern,Admin region,cropland,2025-01,2025,1,0.5645593181225945,0.33536963095273203,1.0,6653.9578871608155
Central,Admin region,cropland,2025-01,2025,1,0.6441938984918197,0.39377521249493763,0.999941505948845,2740.0187003040382
Western,Admin region,cropland,2025-01,2025,1,0.5983943840614727,0.3526851124751661,0.9999567628424955,3706.890664557702
Uganda (national),Reference,cropland,2025-02,2025,2,0.4302158134153467,0.2377591960744334,0.9999940808918779,27077.93442541493
Karamoja,Focus region,cropland,2025-02,2025,2,0.3001808025879933,0.1603352832229006,1.0,1090.6130090109777
Lake Victoria basin,Focus region,cropland,2025-02,2025,2,0.5628786428817079,0.33347962266692066,0.9999365614725965,2526.456271257339
Northern,Admin region,cropland,2025-02,2025,2,0.38216403719905634,0.20492595993142815,1.0,13981.458540091737
Eastern,Admin region,cropland,2025-02,2025,2,0.4485163621691457,0.25303208858592896,1.0,6653.9578871608155
Central,Admin region,cropland,2025-02,2025,2,0.5412348618098528,0.30946504700673394,0.999941505948845,2740.0187003040382
Western,Admin region,cropland,2025-02,2025,2,0.49707476252485844,0.28153990214272595,1.0,3706.890664557702
Uganda (national),Reference,cropland,2025-03,2025,3,0.47024136192694427,0.24306922527916613,0.9999467280269011,27077.93442541493
Karamoja,Focus region,cropland,2025-03,2025,3,0.3813267424184358,0.21723469506704848,1.0,1090.6130090109777
Lake Victoria basin,Focus region,cropland,2025-03,2025,3,0.5717511170680404,0.3099025558168983,0.9995559303081752,2526.456271257339
Northern,Admin region,cropland,2025-03,2025,3,0.43568900696004126,0.222732057308177,1.0,13981.458540091737
Eastern,Admin region,cropland,2025-03,2025,3,0.4910922230455057,0.25711769695959813,0.9999839418308882,6653.9578871608155
Central,Admin region,cropland,2025-03,2025,3,0.5505001063226979,0.2790190300838156,0.9996295376760184,2740.0187003040382
Western,Admin region,cropland,2025-03,2025,3,0.5044398890432941,0.2684492674002924,0.999913525684991,3706.890664557702
Uganda (national),Reference,cropland,2025-04,2025,4,0.6510820861527031,0.4224002829308099,0.9903691158919898,27077.93442541493
Karamoja,Focus region,cropland,2025-04,2025,4,0.5374656932587418,0.31938777308779737,1.0,1090.6130090109777
Lake Victoria basin,Focus region,cropland,2025-04,2025,4,0.7024760446758367,0.5038222391490803,0.9539886580205622,2526.456271257339
Northern,Admin region,cropland,2025-04,2025,4,0.636987584786385,0.40139028994801823,0.9999257633098452,13981.458540091737
Eastern,Admin region,cropland,2025-04,2025,4,0.6319055049142114,0.40203817349073945,0.9999612714744952,6653.9578871608155
Central,Admin region,cropland,2025-04,2025,4,0.6973812084287058,0.4963280149763902,0.9624689169111501,2740.0187003040382
Western,Admin region,cropland,2025-04,2025,4,0.7085911578082368,0.488755698106584,0.9572592502789927,3706.890664557702
Uganda (national),Reference,cropland,2025-05,2025,5,0.7007754496685964,0.4426193206959799,0.9978139766530569,27077.93442541493
Karamoja,Focus region,cropland,2025-05,2025,5,0.6044041761543675,0.369340570535766,1.0,1090.6130090109777
Lake Victoria basin,Focus region,cropland,2025-05,2025,5,0.7228875099138259,0.45704919540850086,0.9913215265250164,2526.456271257339
Northern,Admin region,cropland,2025-05,2025,5,0.6885147879082179,0.4292769062888855,1.0,13981.458540091737
Eastern,Admin region,cropland,2025-05,2025,5,0.6908779257549928,0.4351119049089932,0.9999919709154441,6653.9578871608155
Central,Admin region,cropland,2025-05,2025,5,0.7334209624871247,0.46634609167096425,0.9966268430500618,2740.0187003040382
Western,Admin region,cropland,2025-05,2025,5,0.7414610015466128,0.4896778238553615,0.9863909209881924,3706.890664557702
Uganda (national),Reference,cropland,2025-06,2025,6,0.6730601253225598,0.43042692113176556,0.9999052942700465,27077.93442541493
Karamoja,Focus region,cropland,2025-06,2025,6,0.6143349619137581,0.3875571044082296,1.0,1090.6130090109777
Lake Victoria basin,Focus region,cropland,2025-06,2025,6,0.6422179021899393,0.40457102609537615,0.9991102020927584,2526.456271257339
Northern,Admin region,cropland,2025-06,2025,6,0.6789738908997599,0.43425067007710105,0.9999961787735184,13981.458540091737
Eastern,Admin region,cropland,2025-06,2025,6,0.6643815245433896,0.4198306003712309,0.9998048145287766,6653.9578871608155
Central,Admin region,cropland,2025-06,2025,6,0.6574998212235326,0.42379852958163194,0.999557815558393,2740.0187003040382
Western,Admin region,cropland,2025-06,2025,6,0.677875673537418,0.43978315263875195,1.0,3706.890664557702
Uganda (national),Reference,cropland,2025-07,2025,7,0.6726474484619346,0.4066666943753455,0.9997987503238487,27077.93442541493
Karamoja,Focus region,cropland,2025-07,2025,7,0.6637778671108946,0.413654447217834,1.0,1090.6130090109777
Lake Victoria basin,Focus region,cropland,2025-07,2025,7,0.5653760517297627,0.3232524066509198,0.9994501994291694,2526.456271257339
Northern,Admin region,cropland,2025-07,2025,7,0.7069083314159106,0.4290485163113388,0.9999656089616662,13981.458540091737
Eastern,Admin region,cropland,2025-07,2025,7,0.6510417698460036,0.3959905146639437,0.9998795952182676,6653.9578871608155
Central,Admin region,cropland,2025-07,2025,7,0.6143683989918053,0.3558017650333932,0.9996489592302581,2740.0187003040382
Western,Admin region,cropland,2025-07,2025,7,0.6251839324543217,0.3787601045208362,0.9991352568499102,3706.890664557702
Uganda (national),Reference,cropland,2025-08,2025,8,0.6702803796447161,0.4004436609925015,0.999895429089843,27077.93442541493
Karamoja,Focus region,cropland,2025-08,2025,8,0.6723914897406031,0.4037765758805768,1.0,1090.6130090109777
Lake Victoria basin,Focus region,cropland,2025-08,2025,8,0.5676257820412268,0.3364570771717614,0.9989426912099411,2526.456271257339
Northern,Admin region,cropland,2025-08,2025,8,0.7086412786634516,0.4295830945726138,1.0,13981.458540091737
Eastern,Admin region,cropland,2025-08,2025,8,0.6402498523405513,0.3725556579962403,0.9998303501663248,6653.9578871608155
Central,Admin region,cropland,2025-08,2025,8,0.6055660390000749,0.36285067349373556,0.9993788161155774,2740.0187003040382
Western,Admin region,cropland,2025-08,2025,8,0.627218911426846,0.36838166410493606,1.0,3706.890664557702
Uganda (national),Reference,cropland,2025-09,2025,9,0.6786496022804479,0.4179423657510512,0.9999348898106569,27077.93442541493
Karamoja,Focus region,cropland,2025-09,2025,9,0.6399184166109072,0.36724623448469046,1.0,1090.6130090109777
Lake Victoria basin,Focus region,cropland,2025-09,2025,9,0.6039056931897886,0.3701075442563695,0.9998942691209941,2526.456271257339
Northern,Admin region,cropland,2025-09,2025,9,0.7055044697782189,0.43829533137487214,0.999992357547037,13981.458540091737
Eastern,Admin region,cropland,2025-09,2025,9,0.6471671424092565,0.389989446762596,0.9999759127463324,6653.9578871608155
Central,Admin region,cropland,2025-09,2025,9,0.6316820138841505,0.3914255444287319,0.9996451360896598,2740.0187003040382
Western,Admin region,cropland,2025-09,2025,9,0.668572057735465,0.41075761452525916,0.9998588151379789,3706.890664557702
Uganda (national),Reference,cropland,2025-10,2025,10,0.7094555718168897,0.43646355472490744,0.9803651809617588,27077.93442541493
Karamoja,Focus region,cropland,2025-10,2025,10,0.6045535976385698,0.35973645840904594,0.9990692399061517,1090.6130090109777
Lake Victoria basin,Focus region,cropland,2025-10,2025,10,0.6622114483989295,0.41571107657503437,0.9660345977972484,2526.456271257339
Northern,Admin region,cropland,2025-10,2025,10,0.7307665674902848,0.4377286322602789,0.9865441428607629,13981.458540091737
Eastern,Admin region,cropland,2025-10,2025,10,0.6691461188225883,0.4227291216215293,0.9895148657083656,6653.9578871608155
Central,Admin region,cropland,2025-10,2025,10,0.692861029678894,0.44009026934817075,0.9658452852991909,2740.0187003040382
Western,Admin region,cropland,2025-10,2025,10,0.7138305919639932,0.45427957661959556,0.9508447212376113,3706.890664557702
Uganda (national),Reference,cropland,2025-11,2025,11,0.7061768343969177,0.4390099800626503,0.9999565932071046,27077.93442541493
Karamoja,Focus region,cropland,2025-11,2025,11,0.5751080978817672,0.3179728159748018,1.0,1090.6130090109777
Lake Victoria basin,Focus region,cropland,2025-11,2025,11,0.7195052033800637,0.46752841072517654,0.9996193688355788,2526.456271257339
Northern,Admin region,cropland,2025-11,2025,11,0.7083831556095882,0.43947861222000406,1.0,13981.458540091737
Eastern,Admin region,cropland,2025-11,2025,11,0.6704732938368484,0.40046021709511087,1.0,6653.9578871608155
Central,Admin region,cropland,2025-11,2025,11,0.7255369340635438,0.45601596442022296,0.9996490356930701,2740.0187003040382
Western,Admin region,cropland,2025-11,2025,11,0.7478252078202156,0.4940799844930741,0.9999423504566607,3706.890664557702
Uganda (national),Reference,cropland,2025-12,2025,12,0.6157337697243105,0.35138489345856405,0.9919659984145767,27077.93442541493
Karamoja,Focus region,cropland,2025-12,2025,12,0.42928881419435094,0.24202783622003463,1.0,1090.6130090109777
Lake Victoria basin,Focus region,cropland,2025-12,2025,12,0.6890757931675455,0.4018173124779302,0.9348892661845779,2526.456271257339
Northern,Admin region,cropland,2025-12,2025,12,0.5980597689422743,0.32716113826454657,1.0,13981.458540091737
Eastern,Admin region,cropland,2025-12,2025,12,0.594722436806494,0.361908399843769,0.9999531794167269,6653.9578871608155
Central,Admin region,cropland,2025-12,2025,12,0.6784830976393025,0.3878322346268579,0.9572908552847237,2740.0187003040382
Western,Admin region,cropland,2025-12,2025,12,0.6778241078012831,0.3994177289788742,0.9729788677686206,3706.890664557702
Uganda (national),Reference,cropland,2026-01,2026,1,0.5452738161606999,0.2993436371350838,0.9999901348197965,27077.93442541493
Karamoja,Focus region,cropland,2026-01,2026,1,0.3708046746441166,0.1970739170476635,1.0,1090.6130090109777
Lake Victoria basin,Focus region,cropland,2026-01,2026,1,0.6519665366025518,0.3941894642593084,0.9998942691209941,2526.456271257339
Northern,Admin region,cropland,2026-01,2026,1,0.5100205422482208,0.26585679277253527,1.0,13981.458540091737
Eastern,Admin region,cropland,2026-01,2026,1,0.546337783711638,0.3044746379622809,1.0,6653.9578871608155
Central,Admin region,cropland,2026-01,2026,1,0.6494250209872641,0.37429327059355716,0.9999025099147417,2740.0187003040382
Western,Admin region,cropland,2026-01,2026,1,0.5997787573499631,0.36138573170128624,1.0,3706.890664557702
Uganda (national),Reference,cropland,2026-02,2026,2,0.5091978339385281,0.27906722045938953,0.9995975006476975,27077.93442541493
Karamoja,Focus region,cropland,2026-02,2026,2,0.34156866637927386,0.18238082989605284,1.0,1090.6130090109777
Lake Victoria basin,Focus region,cropland,2026-02,2026,2,0.6270673537677081,0.3680606250367058,0.9968706976861439,2526.456271257339
Northern,Admin region,cropland,2026-02,2026,2,0.4760234233893017,0.2561401097487718,1.0,13981.458540091737
Eastern,Admin region,cropland,2026-02,2026,2,0.496676238147812,0.26488348165413955,1.0,6653.9578871608155
Central,Admin region,cropland,2026-02,2026,2,0.6096161775246853,0.3580688244393846,0.9974067637321284,2740.0187003040382
Western,Admin region,cropland,2026-02,2026,2,0.5831960191818845,0.3330264254136203,0.9989767206057272,3706.890664557702
Uganda (national),Reference,cropland,2026-03,2026,3,0.6098840395671355,0.3729088854147383,0.9956127338477134,27077.93442541493
Karamoja,Focus region,cropland,2026-03,2026,3,0.5641140542660995,0.3877971117524939,1.0,1090.6130090109777
Lake Victoria basin,Focus region,cropland,2026-03,2026,3,0.6556633526099359,0.42511211491179873,0.972288641485082,2526.456271257339
Northern,Admin region,cropland,2026-03,2026,3,0.6010401004504413,0.3557891943394321,0.9983188551557508,13981.458540091737
Eastern,Admin region,cropland,2026-03,2026,3,0.6020815181370273,0.3746262997315174,0.9982898049895943,6653.9578871608155
Central,Admin region,cropland,2026-03,2026,3,0.6396975835430164,0.4259697738178983,0.9752180203273327,2740.0187003040382
Western,Admin region,cropland,2026-03,2026,3,0.6359230850120369,0.3962561187929902,0.9949500695609563,3706.890664557702
Uganda (national),Reference,cropland,2026-04,2026,4,0.6791822359568804,0.410742812287725,0.9867446022608487,27077.93442541493
Karamoja,Focus region,cropland,2026-04,2026,4,0.5545913422117666,0.3091075481569896,1.0,1090.6130090109777
Lake Victoria basin,Focus region,cropland,2026-04,2026,4,0.741270767518111,0.5101374515919921,0.9149064617571825,2526.456271257339
Northern,Admin region,cropland,2026-04,2026,4,0.6552852492498373,0.3778629269641783,1.0,13981.458540091737
Eastern,Admin region,cropland,2026-04,2026,4,0.6820820421085912,0.40239721936446204,0.9999077757307285,6653.9578871608155
Central,Admin region,cropland,2026-04,2026,4,0.7315940293722515,0.5046272383274142,0.9485347928350981,2740.0187003040382
Western,Admin region,cropland,2026-04,2026,4,0.7306212503110531,0.48862794276552873,0.9407656028912942,3706.890664557702
Uganda (national),Reference,cropland,2026-05,2026,5,0.7028281820241388,0.4373245680872651,0.999584254225338,27077.93442541493
Karamoja,Focus region,cropland,2026-05,2026,5,0.5779027971502028,0.342657506488906,1.0,1090.6130090109777
Lake Victoria basin,Focus region,cropland,2026-05,2026,5,0.7147691302539153,0.45738120342644056,0.9983165156276873,2526.456271257339
Northern,Admin region,cropland,2026-05,2026,5,0.6981428514862639,0.4271879671338869,1.0,13981.458540091737
Eastern,Admin region,cropland,2026-05,2026,5,0.6867231780646915,0.42239538753998745,0.9999236134935977,6653.9578871608155
Central,Admin region,cropland,2026-05,2026,5,0.7299361298407884,0.4752330324497554,0.9994837230935967,2740.0187003040382
Western,Admin region,cropland,2026-05,2026,5,0.7297383565435316,0.47455193941114815,0.9974332953807173,3706.890664557702
Uganda (national),Reference,cropland,2026-06,2026,6,0.6428996321212844,0.3803513854684581,0.9999822426756337,27077.93442541493
Karamoja,Focus region,cropland,2026-06,2026,6,0.494887867844746,0.2996308236717746,1.0,1090.6130090109777
Lake Victoria basin,Focus region,cropland,2026-06,2026,6,0.6065887652711234,0.3513262618075521,0.9998942691209941,2526.456271257339
Northern,Admin region,cropland,2026-06,2026,6,0.6585404534089015,0.3883667047800283,1.0,13981.458540091737
Eastern,Admin region,cropland,2026-06,2026,6,0.6200500713372843,0.3762981182959238,0.9999607047155853,6653.9578871608155
Central,Admin region,cropland,2026-06,2026,6,0.6307306547170701,0.36727467510644063,0.9999199434358703,2740.0187003040382
Western,Admin region,cropland,2026-06,2026,6,0.6339178754221625,0.3669738126695043,1.0,3706.890664557702
Uganda (national),Reference,cropland,2026-07,2026,7,0.6204545503588832,0.36553046276613665,0.9998086155040522,27077.93442541493
Karamoja,Focus region,cropland,2026-07,2026,7,0.472588517945612,0.27633445321350497,1.0,1090.6130090109777
Lake Victoria basin,Focus region,cropland,2026-07,2026,7,0.5314860649803547,0.30390910359921913,0.9987100832761281,2526.456271257339
Northern,Admin region,cropland,2026-07,2026,7,0.6593868477273169,0.3921138840727695,1.0,13981.458540091737
Eastern,Admin region,cropland,2026-07,2026,7,0.579346856591976,0.34304779362263305,0.9995259061719288,6653.9578871608155
Central,Admin region,cropland,2026-07,2026,7,0.5701585593768868,0.3210045860490504,0.9992795673856438,2740.0187003040382
Western,Admin region,cropland,2026-07,2026,7,0.584286678236305,0.3381934697527701,0.9999855876141651,3706.890664557702
Uganda (national),Reference,cropland,2026-08,2026,8,0.6048628716389486,0.34592900494417944,0.999986188747715,27077.93442541493
Karamoja,Focus region,cropland,2026-08,2026,8,0.4382866529098594,0.2529086085126993,1.0,1090.6130090109777
Lake Victoria basin,Focus region,cropland,2026-08,2026,8,0.4934240630919474,0.2669207097906276,0.9998519767693917,2526.456271257339
Northern,Admin region,cropland,2026-08,2026,8,0.642344158911415,0.37749154408134666,1.0,13981.458540091737
Eastern,Admin region,cropland,2026-08,2026,8,0.5625605802820913,0.3045840955233098,1.0,6653.9578871608155
Central,Admin region,cropland,2026-08,2026,8,0.5501230331424353,0.30454410726199166,0.9998635138806383,2740.0187003040382
Western,Admin region,cropland,2026-08,2026,8,0.5798521246739206,0.3316473500426577,1.0,3706.890664557702
Uganda (national),Reference,pasture,2000-02,2000,2,0.3639723359746645,0.19180747350915534,0.985775311654526,123950.34640055617
Karamoja,Focus region,pasture,2000-02,2000,2,0.22542024809274916,0.11890645682136539,0.9999978427293706,24765.78560836989
Lake Victoria basin,Focus region,pasture,2000-02,2000,2,0.5306882987205596,0.3122331809397876,0.9554234323574449,20187.901015491654
Northern,Admin region,pasture,2000-02,2000,2,0.27425758440935083,0.13675864182413022,0.9999868191331478,60800.25368028647
Eastern,Admin region,pasture,2000-02,2000,2,0.3630880911273781,0.18263402740330772,0.9987010658735007,14882.637672862968
Central,Admin region,pasture,2000-02,2000,2,0.47766773891067044,0.26766198892891047,0.9794878378684032,23592.281274019017
Western,Admin region,pasture,2000-02,2000,2,0.4857879372947746,0.2659579311005516,0.948278597935901,24630.704160004552
Uganda (national),Reference,pasture,2000-03,2000,3,0.40286893069359425,0.22642848186670614,0.9980310014809298,123950.34640055617
Karamoja,Focus region,pasture,2000-03,2000,3,0.23866614470418085,0.12180945884494043,1.0,24765.78560836989
Lake Victoria basin,Focus region,pasture,2000-03,2000,3,0.5983786706567076,0.3761221309020708,0.9975518287538558,20187.901015491654
Northern,Admin region,pasture,2000-03,2000,3,0.3022785716369791,0.15313319591116642,1.0,60800.25368028647
Eastern,Admin region,pasture,2000-03,2000,3,0.39026781422482804,0.2062251432990973,1.0,14882.637672862968
Central,Admin region,pasture,2000-03,2000,3,0.5338180398291437,0.3260058424701691,0.9996807042335208,23592.281274019017
Western,Admin region,pasture,2000-03,2000,3,0.5349834416687532,0.325330045568776,0.9901736288919957,24630.704160004552
Uganda (national),Reference,pasture,2000-04,2000,4,0.5532193061380508,0.31943799851624316,0.9884446330367036,123950.34640055617
Karamoja,Focus region,pasture,2000-04,2000,4,0.30491824363320935,0.15524514799219089,0.999456367801411,24765.78560836989
Lake Victoria basin,Focus region,pasture,2000-04,2000,4,0.7241118497061194,0.44331571357164484,0.9719439207812088,20187.901015491654
Northern,Admin region,pasture,2000-04,2000,4,0.44362283330401947,0.23918193540170524,0.9996915677156594,60800.25368028647
Eastern,Admin region,pasture,2000-04,2000,4,0.5513257882307613,0.3100022297491823,0.9813388481606259,14882.637672862968
Central,Admin region,pasture,2000-04,2000,4,0.7046357939527572,0.42423810304596343,0.976138788931538,23592.281274019017
Western,Admin region,pasture,2000-04,2000,4,0.6864194386291443,0.4276782049569769,0.976145475360831,24630.704160004552
Uganda (national),Reference,pasture,2000-05,2000,5,0.6526990482437915,0.4035228839347202,0.9971454928738993,123950.34640055617
Karamoja,Focus region,pasture,2000-05,2000,5,0.46832858082500783,0.25402333505091756,0.9999827418349654,24765.78560836989
Lake Victoria basin,Focus region,pasture,2000-05,2000,5,0.689116535243176,0.4422664704615207,0.9967826039479609,20187.901015491654
Northern,Admin region,pasture,2000-05,2000,5,0.5999179287482759,0.35707817423177884,0.999985940408691,60800.25368028647
Eastern,Admin region,pasture,2000-05,2000,5,0.6806521373313732,0.4107082294159082,0.9969271557263223,14882.637672862968
Central,Admin region,pasture,2000-05,2000,5,0.7214577545196639,0.46039695764048244,0.9972735311855256,23592.281274019017
Western,Admin region,pasture,2000-05,2000,5,0.701122785695772,0.4601980279118925,0.9896574905458918,24630.704160004552
Uganda (national),Reference,pasture,2000-06,2000,6,0.6312443237268943,0.38461519481091827,0.9965369261849011,123950.34640055617
Karamoja,Focus region,pasture,2000-06,2000,6,0.4973278622450429,0.2804493435741081,0.9981986790245168,24765.78560836989
Lake Victoria basin,Focus region,pasture,2000-06,2000,6,0.5996626750872491,0.36414380726494205,0.9962915499937437,20187.901015491654
Northern,Admin region,pasture,2000-06,2000,6,0.6184698584535715,0.37482374271698377,0.9992581187859515,60800.25368028647
Eastern,Admin region,pasture,2000-06,2000,6,0.6460452445360255,0.3855305459987814,0.9931129884754966,14882.637672862968
Central,Admin region,pasture,2000-06,2000,6,0.6643114270453789,0.40923335160151203,0.9962431795986603,23592.281274019017
Western,Admin region,pasture,2000-06,2000,6,0.6222610717738535,0.3846584418178079,0.9918945975730669,24630.704160004552
Uganda (national),Reference,pasture,2000-07,2000,7,0.6250589440067273,0.37109282946043043,0.9952797868175007,123950.34640055617
Karamoja,Focus region,pasture,2000-07,2000,7,0.581040099614872,0.341811978080831,0.9986430767741569,24765.78560836989
Lake Victoria basin,Focus region,pasture,2000-07,2000,7,0.5102273720792312,0.28521972897551595,0.9977312221780501,20187.901015491654
Northern,Admin region,pasture,2000-07,2000,7,0.6609451204371172,0.40408891131305735,0.9990762228233916,60800.25368028647
Eastern,Admin region,pasture,2000-07,2000,7,0.63272050087612,0.36458558491666393,0.9867225901425021,14882.637672862968
Central,Admin region,pasture,2000-07,2000,7,0.597082609502375,0.33725820483694546,0.9977083524318024,23592.281274019017
Western,Admin region,pasture,2000-07,2000,7,0.5580069959030227,0.3253933956945834,0.9884960920801901,24630.704160004552
Uganda (national),Reference,pasture,2000-08,2000,8,0.6352425854800244,0.3825577471771456,0.9975705303116912,123950.34640055617
Karamoja,Focus region,pasture,2000-08,2000,8,0.5881015067342495,0.3539580496882713,1.0,24765.78560836989
Lake Victoria basin,Focus region,pasture,2000-08,2000,8,0.5168897960777965,0.2906831949649031,0.9960052428210796,20187.901015491654
Northern,Admin region,pasture,2000-08,2000,8,0.6627307151867383,0.4122393467684319,0.9999850616842342,60800.25368028647
Eastern,Admin region,pasture,2000-08,2000,8,0.632475615921788,0.3708110149658043,0.9925036564636683,14882.637672862968
Central,Admin region,pasture,2000-08,2000,8,0.6179044808573838,0.35892920212528967,0.996155645225967,23592.281274019017
Western,Admin region,pasture,2000-08,2000,8,0.585396091399308,0.338624309514558,0.9958045460748295,24630.704160004552
Uganda (national),Reference,pasture,2000-09,2000,9,0.6283960345944084,0.39375538946623684,0.9850319588576565,123950.34640055617
Karamoja,Focus region,pasture,2000-09,2000,9,0.49644602761496365,0.28799494764376277,0.9998166319965077,24765.78560836989
Lake Victoria basin,Focus region,pasture,2000-09,2000,9,0.5809824588799806,0.3586281445668692,0.9403564706951772,20187.901015491654
Northern,Admin region,pasture,2000-09,2000,9,0.6134579892023083,0.3837725960633811,0.9999130062787757,60800.25368028647
Eastern,Admin region,pasture,2000-09,2000,9,0.6237414227714083,0.37459021193923503,0.9907255230560809,14882.637672862968
Central,Admin region,pasture,2000-09,2000,9,0.6537150549131828,0.4136032987471223,0.9627525037410354,23592.281274019017
Western,Admin region,pasture,2000-09,2000,9,0.6451579157357534,0.4119676065958989,0.9656919790226284,24630.704160004552
Uganda (national),Reference,pasture,2000-10,2000,10,0.6547386294820065,0.40727741830291775,0.9657825635429974,123950.34640055617
Karamoja,Focus region,pasture,2000-10,2000,10,0.51503170593004,0.2942372406325428,0.9996462076167913,24765.78560836989
Lake Victoria basin,Focus region,pasture,2000-10,2000,10,0.7132058774218887,0.4684301486235581,0.8922877089860489,20187.901015491654
Northern,Admin region,pasture,2000-10,2000,10,0.6041122426174769,0.3618730011146403,0.9996371901786851,60800.25368028647
Eastern,Admin region,pasture,2000-10,2000,10,0.6472845589385777,0.39982541664957266,0.989233754859301,14882.637672862968
Central,Admin region,pasture,2000-10,2000,10,0.7225834157162451,0.46625507161069674,0.9375896440292228,23592.281274019017
Western,Admin region,pasture,2000-10,2000,10,0.7312762367779617,0.4781132534085759,0.8948305621643043,24630.704160004552
Uganda (national),Reference,pasture,2000-11,2000,11,0.6173486294158192,0.37919302208071015,0.9437201528641902,123950.34640055617
Karamoja,Focus region,pasture,2000-11,2000,11,0.44289730650954773,0.2504680813644145,0.9882198134241773,24765.78560836989
Lake Victoria basin,Focus region,pasture,2000-11,2000,11,0.7740859675872039,0.5246459076602271,0.8317853308089568,20187.901015491654
Northern,Admin region,pasture,2000-11,2000,11,0.5218771993096385,0.29487149458552847,0.9902744775787544,60800.25368028647
Eastern,Admin region,pasture,2000-11,2000,11,0.6312088362638315,0.39081300930192475,0.952184555353676,14882.637672862968
Central,Admin region,pasture,2000-11,2000,11,0.7466077559559144,0.4859337909666501,0.8881630856387653,23592.281274019017
Western,Admin region,pasture,2000-11,2000,11,0.7491461362739558,0.5032829220641887,0.8765741639018545,24630.704160004552
Uganda (national),Reference,pasture,2000-12,2000,12,0.5754885974003086,0.3360422722307622,0.9908112760129889,123950.34640055617
Karamoja,Focus region,pasture,2000-12,2000,12,0.3837830961738571,0.20157958879274762,1.0,24765.78560836989
Lake Victoria basin,Focus region,pasture,2000-12,2000,12,0.7634738280377832,0.4969334405000227,0.9676969791635563,20187.901015491654
Northern,Admin region,pasture,2000-12,2000,12,0.45251568935364134,0.23699537293994785,0.9999973638266295,60800.25368028647
Eastern,Admin region,pasture,2000-12,2000,12,0.6085024738200518,0.35676876873091534,0.99653063380651,14882.637672862968
Central,Admin region,pasture,2000-12,2000,12,0.7285763611738849,0.4527530240271293,0.9866205793798625,23592.281274019017
Western,Admin region,pasture,2000-12,2000,12,0.7190688230628359,0.4617193493809019,0.9681763482918131,24630.704160004552
Uganda (national),Reference,pasture,2001-01,2001,1,0.494165999790097,0.2590595215124755,0.9992498505120966,123950.34640055617
Karamoja,Focus region,pasture,2001-01,2001,1,0.2992195931858807,0.13799379123004152,1.0,24765.78560836989
Lake Victoria basin,Focus region,pasture,2001-01,2001,1,0.7274756972454143,0.4271911431934277,0.9985539038581801,20187.901015491654
Northern,Admin region,pasture,2001-01,2001,1,0.3473824531131499,0.15922083587892047,1.0,60800.25368028647
Eastern,Admin region,pasture,2001-01,2001,1,0.544739993671089,0.2816839213432492,0.9999661294515187,14882.637672862968
Central,Admin region,pasture,2001-01,2001,1,0.6771323180409248,0.38008136480248605,0.9989877644849916,23592.281274019017
Western,Admin region,pasture,2001-01,2001,1,0.6513725607960279,0.37630268911418707,0.9970982390690656,24630.704160004552
Uganda (national),Reference,pasture,2001-02,2001,2,0.44939666742033524,0.23353032923249611,0.9994566467247761,123950.34640055617
Karamoja,Focus region,pasture,2001-02,2001,2,0.25976817119387424,0.13030674079223392,1.0,24765.78560836989
Lake Victoria basin,Focus region,pasture,2001-02,2001,2,0.7049161423551877,0.4053740375460319,0.999772110366662,20187.901015491654
Northern,Admin region,pasture,2001-02,2001,2,0.3080018745584173,0.1459197612550793,1.0,60800.25368028647
Eastern,Admin region,pasture,2001-02,2001,2,0.4806091320467833,0.24369649284125658,1.0,14882.637672862968
Central,Admin region,pasture,2001-02,2001,2,0.6308820990972666,0.34891711436636746,0.9999909419640716,23592.281274019017
Western,Admin region,pasture,2001-02,2001,2,0.6064285625248599,0.333510692502635,0.9972216617919514,24630.704160004552
Uganda (national),Reference,pasture,2001-03,2001,3,0.49949337754806283,0.28521545437100804,0.9931901432294034,123950.34640055617
Karamoja,Focus region,pasture,2001-03,2001,3,0.2899511371072427,0.16034083362058307,0.9999719554818188,24765.78560836989
Lake Victoria basin,Focus region,pasture,2001-03,2001,3,0.6883628374529128,0.441983638547819,0.9827097159825168,20187.901015491654
Northern,Admin region,pasture,2001-03,2001,3,0.3864526775755571,0.19885929693855073,0.9998495658189722,60800.25368028647
Eastern,Admin region,pasture,2001-03,2001,3,0.50045396117424,0.2794194250802469,0.9978613972389593,14882.637672862968
Central,Admin region,pasture,2001-03,2001,3,0.6525544290078533,0.40908574176648843,0.9818491079872668,23592.281274019017
Western,Admin region,pasture,2001-03,2001,3,0.6360943877172832,0.3870156928774169,0.9843345262410278,24630.704160004552
Uganda (national),Reference,pasture,2001-04,2001,4,0.6656100885808659,0.4154520870129828,0.9946121729243508,123950.34640055617
Karamoja,Focus region,pasture,2001-04,2001,4,0.5012638542354172,0.2839052103352669,0.9999654836699309,24765.78560836989
Lake Victoria basin,Focus region,pasture,2001-04,2001,4,0.755293874327527,0.5110960360971666,0.9895923689694541,20187.901015491654
Northern,Admin region,pasture,2001-04,2001,4,0.5969470604022563,0.3511586595636945,0.999966370698141,60800.25368028647
Eastern,Admin region,pasture,2001-04,2001,4,0.6674570597962236,0.399483606825683,0.9949149129167223,14882.637672862968
Central,Admin region,pasture,2001-04,2001,4,0.7554452322125643,0.509409442929504,0.9902339631181464,23592.281274019017
Western,Admin region,pasture,2001-04,2001,4,0.7503052124895804,0.49596708352238456,0.9848832597541952,24630.704160004552
Uganda (national),Reference,pasture,2001-05,2001,5,0.706322081776002,0.45185999978023067,0.9931689756189035,123950.34640055617
Karamoja,Focus region,pasture,2001-05,2001,5,0.5845506502902464,0.3457610097922959,0.9979580968199809,24765.78560836989
Lake Victoria basin,Focus region,pasture,2001-05,2001,5,0.7513766674296514,0.49656888860975834,0.9856749172178636,20187.901015491654
Northern,Admin region,pasture,2001-05,2001,5,0.6576428674072781,0.4068423313880422,0.9990901790353527,60800.25368028647
Eastern,Admin region,pasture,2001-05,2001,5,0.7167326623448956,0.4582451977995241,0.9943218686125386,14882.637672862968
Central,Admin region,pasture,2001-05,2001,5,0.7776059770239349,0.5069893048876722,0.9862272386098817,23592.281274019017
Western,Admin region,pasture,2001-05,2001,5,0.7540301849448834,0.5082459327054394,0.9839630842380666,24630.704160004552
Uganda (national),Reference,pasture,2001-06,2001,6,0.6793759690875685,0.41852286940188466,0.9791003728350982,123950.34640055617
Karamoja,Focus region,pasture,2001-06,2001,6,0.5784655142774073,0.34855450897210216,0.9853372684092783,24765.78560836989
Lake Victoria basin,Focus region,pasture,2001-06,2001,6,0.6584524433550933,0.39996277821305387,0.9788844724094502,20187.901015491654
Northern,Admin region,pasture,2001-06,2001,6,0.6597008886830313,0.4050854182767999,0.9808320836234714,60800.25368028647
Eastern,Admin region,pasture,2001-06,2001,6,0.6938030479991797,0.429779091260931,0.9755473222311797,14882.637672862968
Central,Admin region,pasture,2001-06,2001,6,0.7202977962250948,0.45026879705863126,0.9731955932868339,23592.281274019017
Western,Admin region,pasture,2001-06,2001,6,0.6806335027406214,0.4148627197498738,0.981822741986601,24630.704160004552
Uganda (national),Reference,pasture,2001-07,2001,7,0.6712213802472325,0.3904335425980256,0.9933245185946928,123950.34640055617
Karamoja,Focus region,pasture,2001-07,2001,7,0.5950288987232814,0.33914072919569244,0.9955245686518343,24765.78560836989
Lake Victoria basin,Focus region,pasture,2001-07,2001,7,0.6165112499912658,0.33936965210496156,0.998130317024794,20187.901015491654
Northern,Admin region,pasture,2001-07,2001,7,0.6704956228935858,0.39243448038845036,0.996682191453473,60800.25368028647
Eastern,Admin region,pasture,2001-07,2001,7,0.6788576392625782,0.391068243605006,0.978129198404762,14882.637672862968
Central,Admin region,pasture,2001-07,2001,7,0.6829436937518907,0.39169199225564993,0.9979686111170534,23592.281274019017
Western,Admin region,pasture,2001-07,2001,7,0.6571858740273534,0.38393115446924275,0.9893035624909958,24630.704160004552
Uganda (national),Reference,pasture,2001-08,2001,8,0.6779213111729521,0.4106867729942749,0.9965612495830561,123950.34640055617
Karamoja,Focus region,pasture,2001-08,2001,8,0.6096017236836716,0.3550046766058969,0.9997605429601454,24765.78560836989
Lake Victoria basin,Focus region,pasture,2001-08,2001,8,0.6537495695391027,0.383894902525832,0.9988181474869453,20187.901015491654
Northern,Admin region,pasture,2001-08,2001,8,0.6727475955316348,0.40705740773277144,0.9992144203356109,60800.25368028647
Eastern,Admin region,pasture,2001-08,2001,8,0.6674024128115648,0.4097053284637245,0.9956882059751675,14882.637672862968
Central,Admin region,pasture,2001-08,2001,8,0.698781275143096,0.42420464091431836,0.9981193386109891,23592.281274019017
Western,Admin region,pasture,2001-08,2001,8,0.6770541774838937,0.40704660308960916,0.9886325375590189,24630.704160004552
Uganda (national),Reference,pasture,2001-09,2001,9,0.6544166247050336,0.4169493247557699,0.9960759344036657,123950.34640055617
Karamoja,Focus region,pasture,2001-09,2001,9,0.528987322609561,0.3029363914832356,0.9999762700230774,24765.78560836989
Lake Victoria basin,Focus region,pasture,2001-09,2001,9,0.6859717975056072,0.45536545849858306,0.9974167492207476,20187.901015491654
Northern,Admin region,pasture,2001-09,2001,9,0.6192915861209501,0.38197953523259237,0.9997526235585054,60800.25368028647
Eastern,Admin region,pasture,2001-09,2001,9,0.6500813109921932,0.3875920698199565,0.9921647820484405,14882.637672862968
Central,Admin region,pasture,2001-09,2001,9,0.7041637079631736,0.4703654782489894,0.9960051219818611,23592.281274019017
Western,Admin region,pasture,2001-09,2001,9,0.6965103568072283,0.4703067518676855,0.9888812032985663,24630.704160004552
Uganda (national),Reference,pasture,2001-10,2001,10,0.6284026329748749,0.3785395244004966,0.8753435563781337,123950.34640055617
Karamoja,Focus region,pasture,2001-10,2001,10,0.45211913805510745,0.256385057625289,0.9993272276596205,24765.78560836989
Lake Victoria basin,Focus region,pasture,2001-10,2001,10,0.7092898529750035,0.46663068841709665,0.6591715064544635,20187.901015491654
Northern,Admin region,pasture,2001-10,2001,10,0.5744347070663263,0.3360758888174016,0.9959444040615993,60800.25368028647
Eastern,Admin region,pasture,2001-10,2001,10,0.6476768802624469,0.3766032282026585,0.9791226500283345,14882.637672862968
Central,Admin region,pasture,2001-10,2001,10,0.7222639904263043,0.4531559282112805,0.6753792450896098,23592.281274019017
Western,Admin region,pasture,2001-10,2001,10,0.7140332486065663,0.4593850229211379,0.706096668266115,24630.704160004552
Uganda (national),Reference,pasture,2001-11,2001,11,0.6591498510226008,0.3981372410831377,0.9967183882008092,123950.34640055617
Karamoja,Focus region,pasture,2001-11,2001,11,0.4869100377679954,0.2684617047809301,0.9998986082804219,24765.78560836989
Lake Victoria basin,Focus region,pasture,2001-11,2001,11,0.7647826902159326,0.5085825573206694,0.9958199339594335,20187.901015491654
Northern,Admin region,pasture,2001-11,2001,11,0.5801130079413481,0.3255393949639732,0.999957821226073,60800.25368028647
Eastern,Admin region,pasture,2001-11,2001,11,0.6641543970146739,0.38934607338866484,0.9960922312209736,14882.637672862968
Central,Admin region,pasture,2001-11,2001,11,0.7580967256517787,0.48486270259995234,0.9997227885788788,23592.281274019017
Western,Admin region,pasture,2001-11,2001,11,0.7577145609783891,0.5009490096657023,0.9857601224856969,24630.704160004552
Uganda (national),Reference,pasture,2001-12,2001,12,0.6027392768590863,0.3529305470257513,0.9977636317243811,123950.34640055617
Karamoja,Focus region,pasture,2001-12,2001,12,0.39798012340078653,0.20381975370669683,1.0,24765.78560836989
Lake Victoria basin,Focus region,pasture,2001-12,2001,12,0.755782733410294,0.5013389402836674,0.998307095202957,20187.901015491654
Northern,Admin region,pasture,2001-12,2001,12,0.4950269055195841,0.2591019867449968,1.0,60800.25368028647
Eastern,Admin region,pasture,2001-12,2001,12,0.6021535475848298,0.3496853421179937,0.9995943558377037,14882.637672862968
Central,Admin region,pasture,2001-12,2001,12,0.7409462374096706,0.4596203635010397,0.9993931115927914,23592.281274019017
Western,Admin region,pasture,2001-12,2001,12,0.7381788502927661,0.48576143858940024,0.9893233135290759,24630.704160004552
Uganda (national),Reference,pasture,2002-01,2002,1,0.507259122802376,0.2804824500260442,0.99827971879143,123950.34640055617
Karamoja,Focus region,pasture,2002-01,2002,1,0.31378537395089284,0.1541997056852604,1.0,24765.78560836989
Lake Victoria basin,Focus region,pasture,2002-01,2002,1,0.6963006080743142,0.43828092258673923,0.9992310761549577,20187.901015491654
Northern,Admin region,pasture,2002-01,2002,1,0.38467209017899695,0.18574049211023153,1.0,60800.25368028647
Eastern,Admin region,pasture,2002-01,2002,1,0.5323635557423188,0.2975079117965523,0.9977699495735668,14882.637672862968
Central,Admin region,pasture,2002-01,2002,1,0.6709957968231712,0.4022258861049566,0.9995453398789543,23592.281274019017
Western,Admin region,pasture,2002-01,2002,1,0.6388718405573294,0.38831287362345873,0.9927179657832574,24630.704160004552
Uganda (national),Reference,pasture,2002-02,2002,2,0.427474561693596,0.23187403888178157,0.998950579748364,123950.34640055617
Karamoja,Focus region,pasture,2002-02,2002,2,0.2632206458899566,0.1379786605716473,1.0,24765.78560836989
Lake Victoria basin,Focus region,pasture,2002-02,2002,2,0.61906865242916,0.3643638359577846,0.9993553729871673,20187.901015491654
Northern,Admin region,pasture,2002-02,2002,2,0.3178630842159495,0.156833315521761,1.0,60800.25368028647
Eastern,Admin region,pasture,2002-02,2002,2,0.438407398678527,0.2409084516929048,1.0,14882.637672862968
Central,Admin region,pasture,2002-02,2002,2,0.5770772714139232,0.32491761592886903,0.9995584207484863,23592.281274019017
Western,Admin region,pasture,2002-02,2002,2,0.5490755482788479,0.32318725991672165,0.9947093416566466,24630.704160004552
Uganda (national),Reference,pasture,2002-03,2002,3,0.5389252316003246,0.29978470351173797,0.9859120416058909,123950.34640055617
Karamoja,Focus region,pasture,2002-03,2002,3,0.3340298643168144,0.17396400895126865,1.0,24765.78560836989
Lake Victoria basin,Focus region,pasture,2002-03,2002,3,0.7263298732414989,0.42454198996775866,0.9555769846601395,20187.901015491654
Northern,Admin region,pasture,2002-03,2002,3,0.4229702210253245,0.21921194160106164,0.9996465460096661,60800.25368028647
Eastern,Admin region,pasture,2002-03,2002,3,0.5590653227040461,0.3227345865824896,0.9931336261413624,14882.637672862968
Central,Admin region,pasture,2002-03,2002,3,0.6974566994544101,0.4143448226846472,0.9657562639004774,23592.281274019017
Western,Admin region,pasture,2002-03,2002,3,0.6711812973183732,0.381810938197254,0.9663803732998933,24630.704160004552
Uganda (national),Reference,pasture,2002-04,2002,4,0.6430903155859559,0.38933951965726626,0.9959613997644042,123950.34640055617
Karamoja,Focus region,pasture,2002-04,2002,4,0.41693435467047407,0.22290797936795498,0.9999830971501278,24765.78560836989
Lake Victoria basin,Focus region,pasture,2002-04,2002,4,0.7747073973879309,0.5248664275078448,0.9942173589300747,20187.901015491654
Northern,Admin region,pasture,2002-04,2002,4,0.5456291052743665,0.29849771636171984,0.9999929702043455,60800.25368028647
Eastern,Admin region,pasture,2002-04,2002,4,0.654161091641273,0.38994817316124214,0.9984303548812761,14882.637672862968
Central,Admin region,pasture,2002-04,2002,4,0.7745978651129741,0.518342928869944,0.9986575280319793,23592.281274019017
Western,Admin region,pasture,2002-04,2002,4,0.7537043073218693,0.4919147770939711,0.9813566617193519,24630.704160004552
Uganda (national),Reference,pasture,2002-05,2002,5,0.7105804341293503,0.45621277168612795,0.9980843050501316,123950.34640055617
Karamoja,Focus region,pasture,2002-05,2002,5,0.5740283020472271,0.34445016905472486,1.0,24765.78560836989
Lake Victoria basin,Focus region,pasture,2002-05,2002,5,0.7655204187730851,0.5113579544618052,0.9961846777571154,20187.901015491654
Northern,Admin region,pasture,2002-05,2002,5,0.6601986729253423,0.40722036889028485,1.0,60800.25368028647
Eastern,Admin region,pasture,2002-05,2002,5,0.7137011895102153,0.44937120085687327,0.9975661350262226,14882.637672862968
Central,Admin region,pasture,2002-05,2002,5,0.77885473611123,0.5242755856722967,0.9958016003471466,23592.281274019017
Western,Admin region,pasture,2002-05,2002,5,0.7683425933866428,0.5166442502560515,0.9958014753923375,24630.704160004552
Uganda (national),Reference,pasture,2002-06,2002,6,0.6657697377541212,0.40543147626474807,0.999323444426778,123950.34640055617
Karamoja,Focus region,pasture,2002-06,2002,6,0.5572876088633018,0.3240230282644343,0.999831732890913,24765.78560836989
Lake Victoria basin,Focus region,pasture,2002-06,2002,6,0.6454493729617039,0.40006817474760004,0.999388686240185,20187.901015491654
Northern,Admin region,pasture,2002-06,2002,6,0.6532411456044839,0.39040256375981747,0.9999244365886708,60800.25368028647
Eastern,Admin region,pasture,2002-06,2002,6,0.6793920742479406,0.4054617688689261,0.9976564142562347,14882.637672862968
Central,Admin region,pasture,2002-06,2002,6,0.6880473937204163,0.42942578571256196,0.9994833544958357,23592.281274019017
Western,Admin region,pasture,2002-06,2002,6,0.6670929020521293,0.419469725452001,0.9986749792395071,24630.704160004552
Uganda (national),Reference,pasture,2002-07,2002,7,0.635619333124263,0.3689028471857482,0.9965940126425721,123950.34640055617
Karamoja,Focus region,pasture,2002-07,2002,7,0.52430724111453,0.29679043182662146,0.999052958193728,24765.78560836989
Lake Victoria basin,Focus region,pasture,2002-07,2002,7,0.5677182630903004,0.33182044128471416,0.9961192862283728,20187.901015491654
Northern,Admin region,pasture,2002-07,2002,7,0.643503599122714,0.37578270299632,0.9995952836370405,60800.25368028647
Eastern,Admin region,pasture,2002-07,2002,7,0.6459307270747365,0.35503006656525365,0.9912754619490222,14882.637672862968
Central,Admin region,pasture,2002-07,2002,7,0.6353108776019759,0.369908678878159,0.9948630546185447,23592.281274019017
Western,Admin region,pasture,2002-07,2002,7,0.6099929849164308,0.35902739470670914,0.9938863136882832,24630.704160004552
Uganda (national),Reference,pasture,2002-08,2002,8,0.6153435578110703,0.3801570281128188,0.9948229734546279,123950.34640055617
Karamoja,Focus region,pasture,2002-08,2002,8,0.47600107197420255,0.27415501295362654,0.999933124610491,24765.78560836989
Lake Victoria basin,Focus region,pasture,2002-08,2002,8,0.5620722894282052,0.3309016489249567,0.9946478471071543,20187.901015491654
Northern,Admin region,pasture,2002-08,2002,8,0.6109955606750451,0.38225294162929424,0.9988537573587529,60800.25368028647
Eastern,Admin region,pasture,2002-08,2002,8,0.609003907939331,0.35752160879011813,0.9912674518317792,14882.637672862968
Central,Admin region,pasture,2002-08,2002,8,0.6384841296817657,0.38460699809464544,0.995434288109819,23592.281274019017
Western,Admin region,pasture,2002-08,2002,8,0.6076398909704817,0.3843445517495412,0.9859145837692859,24630.704160004552
Uganda (national),Reference,pasture,2002-09,2002,9,0.5954865901217745,0.377173659017397,0.9973808348508623,123950.34640055617
Karamoja,Focus region,pasture,2002-09,2002,9,0.36260765961567143,0.2077989261969711,1.0,24765.78560836989
Lake Victoria basin,Focus region,pasture,2002-09,2002,9,0.6194270213028402,0.4107879017240401,0.9977093661933601,20187.901015491654
Northern,Admin region,pasture,2002-09,2002,9,0.5462573144941075,0.3305634254187974,1.0,60800.25368028647
Eastern,Admin region,pasture,2002-09,2002,9,0.5813792756472426,0.34659925744206777,0.9978676758194339,14882.637672862968
Central,Admin region,pasture,2002-09,2002,9,0.672070484532381,0.454857892595877,0.9988711644734808,23592.281274019017
Western,Admin region,pasture,2002-09,2002,9,0.6525973084468991,0.43665846202940306,0.9888602103778165,24630.704160004552
Uganda (national),Reference,pasture,2002-10,2002,10,0.6071105560880505,0.3721054454805572,0.8582956111487468,123950.34640055617
Karamoja,Focus region,pasture,2002-10,2002,10,0.36031238875288485,0.1898693864074123,0.9650545422733211,24765.78560836989
Lake Victoria basin,Focus region,pasture,2002-10,2002,10,0.7091568410873924,0.46832859395171345,0.6016455065761142,20187.901015491654
Northern,Admin region,pasture,2002-10,2002,10,0.5348189829779332,0.31462427726088427,0.9754564678060499,60800.25368028647
Eastern,Admin region,pasture,2002-10,2002,10,0.6344735202732551,0.375187960012469,0.9824437516263953,14882.637672862968
Central,Admin region,pasture,2002-10,2002,10,0.7397876392560533,0.4940121348708985,0.847063473112237,23592.281274019017
Western,Admin region,pasture,2002-10,2002,10,0.7058315768664337,0.44617361231090374,0.5031843360216038,24630.704160004552
Uganda (national),Reference,pasture,2002-11,2002,11,0.6341490093676981,0.3859336728390665,0.9911909272406453,123950.34640055617
Karamoja,Focus region,pasture,2002-11,2002,11,0.37855718754878326,0.1883337785594817,0.9997389702538522,24765.78560836989
Lake Victoria basin,Focus region,pasture,2002-11,2002,11,0.7682468028284638,0.5317307636662901,0.9729539765371127,20187.901015491654
Northern,Admin region,pasture,2002-11,2002,11,0.5282967163948077,0.2906295667360651,0.9998868547497453,60800.25368028647
Eastern,Admin region,pasture,2002-11,2002,11,0.66528917905025,0.3902849171623987,0.9963492025393339,14882.637672862968
Central,Admin region,pasture,2002-11,2002,11,0.7686852591103217,0.5021151195091824,0.9959076237696468,23592.281274019017
Western,Admin region,pasture,2002-11,2002,11,0.7529056165069758,0.5124784184193515,0.9614770632649311,24630.704160004552
Uganda (national),Reference,pasture,2002-12,2002,12,0.5982128274241482,0.363663754927832,0.9929163249833505,123950.34640055617
Karamoja,Focus region,pasture,2002-12,2002,12,0.35166321478645013,0.1843885975155304,0.9998295756202836,24765.78560836989
Lake Victoria basin,Focus region,pasture,2002-12,2002,12,0.7672076526132099,0.5326934710766452,0.9816741511998476,20187.901015491654
Northern,Admin region,pasture,2002-12,2002,12,0.4762203045166004,0.25294130499923584,0.999930580767912,60800.25368028647
Eastern,Admin region,pasture,2002-12,2002,12,0.6207601790352677,0.38060703473346136,0.9960952578909333,14882.637672862968
Central,Admin region,pasture,2002-12,2002,12,0.7534093714223347,0.4968198251637505,0.9915470941541007,23592.281274019017
Western,Admin region,pasture,2002-12,2002,12,0.741991942529238,0.5038741704735166,0.9744315326734948,24630.704160004552
Uganda (national),Reference,pasture,2003-01,2003,1,0.5571165834955831,0.3063326301881044,0.9997182762269723,123950.34640055617
Karamoja,Focus region,pasture,2003-01,2003,1,0.3475408950248499,0.17056425075000423,1.0,24765.78560836989
Lake Victoria basin,Focus region,pasture,2003-01,2003,1,0.7349537978820155,0.44301691839170015,0.9997141909694371,20187.901015491654
Northern,Admin region,pasture,2003-01,2003,1,0.41922206844211035,0.2074831768044227,1.0,60800.25368028647
Eastern,Admin region,pasture,2003-01,2003,1,0.6249101654441145,0.3495601224984833,1.0,14882.637672862968
Central,Admin region,pasture,2003-01,2003,1,0.7311003167828214,0.42415897732470353,0.9997554330299309,23592.281274019017
Western,Admin region,pasture,2003-01,2003,1,0.6900709277289452,0.4114993858033487,0.9987844435414238,24630.704160004552
Uganda (national),Reference,pasture,2003-02,2003,2,0.4700529880467714,0.25213515043017587,0.9996909491680446,123950.34640055617
Karamoja,Focus region,pasture,2003-02,2003,2,0.2796145816347126,0.13692851710722784,1.0,24765.78560836989
Lake Victoria basin,Focus region,pasture,2003-02,2003,2,0.6342525077096057,0.38222600706923865,1.0,20187.901015491654
Northern,Admin region,pasture,2003-02,2003,2,0.3540118772498303,0.16945436787066062,1.0,60800.25368028647
Eastern,Admin region,pasture,2003-02,2003,2,0.5169790148294864,0.2763756276683525,1.0,14882.637672862968
Central,Admin region,pasture,2003-02,2003,2,0.6258345179730206,0.35762673077997786,1.0,23592.281274019017
Western,Admin region,pasture,2003-02,2003,2,0.5791965726984686,0.34078880488687535,0.9983146716503475,24630.704160004552
Uganda (national),Reference,pasture,2003-03,2003,3,0.47225307978347986,0.2584545338378043,0.9990804994863056,123950.34640055617
Karamoja,Focus region,pasture,2003-03,2003,3,0.25997792269795567,0.13269790515612975,1.0,24765.78560836989
Lake Victoria basin,Focus region,pasture,2003-03,2003,3,0.5948885339687413,0.3534047722113902,0.9985707680438977,20187.901015491654
Northern,Admin region,pasture,2003-03,2003,3,0.3732426075592429,0.19138325531672984,1.0,60800.25368028647
Eastern,Admin region,pasture,2003-03,2003,3,0.486841007741891,0.257673600570089,0.9999425636584359,14882.637672862968
Central,Admin region,pasture,2003-03,2003,3,0.6018410365055671,0.34123434041107265,0.9988054759521445,23592.281274019017
Western,Admin region,pasture,2003-03,2003,3,0.584115267574096,0.3454591585079978,0.9964783184595627,24630.704160004552
Uganda (national),Reference,pasture,2003-04,2003,4,0.5929654153577194,0.3474392337746887,0.988949908953329,123950.34640055617
Karamoja,Focus region,pasture,2003-04,2003,4,0.3666935600933361,0.19701332483506914,0.9970931920354348,24765.78560836989
Lake Victoria basin,Focus region,pasture,2003-04,2003,4,0.6992814376607546,0.42077944866926253,0.970526332896722,20187.901015491654
Northern,Admin region,pasture,2003-04,2003,4,0.5110609641139321,0.28757438883411607,0.9974342348574161,60800.25368028647
Eastern,Admin region,pasture,2003-04,2003,4,0.573391904963487,0.33679918440393036,0.9930889018136299,14882.637672862968
Central,Admin region,pasture,2003-04,2003,4,0.7122625738636961,0.4258096827112795,0.9787247782652748,23592.281274019017
Western,Admin region,pasture,2003-04,2003,4,0.6966098751685703,0.4294300577057699,0.9750461880407192,24630.704160004552
Uganda (national),Reference,pasture,2003-05,2003,5,0.7208136064617626,0.46891633338539607,0.9974216183776643,123950.34640055617
Karamoja,Focus region,pasture,2003-05,2003,5,0.5950642141845299,0.35919113096482486,0.9997519138776281,24765.78560836989
Lake Victoria basin,Focus region,pasture,2003-05,2003,5,0.7543524363098489,0.505841086997713,0.9943094218171525,20187.901015491654
Northern,Admin region,pasture,2003-05,2003,5,0.6859670955246226,0.4377206827026702,0.99982954468527,60800.25368028647
Eastern,Admin region,pasture,2003-05,2003,5,0.7063118716247657,0.44802254775158,0.996711769445457,14882.637672862968
Central,Admin region,pasture,2003-05,2003,5,0.7740936452177962,0.5176149493665939,0.9983310568801764,23592.281274019017
Western,Admin region,pasture,2003-05,2003,5,0.765017504699078,0.5122872602392645,0.9907591765708864,24630.704160004552
Uganda (national),Reference,pasture,2003-06,2003,6,0.7102735870165254,0.44560352541847376,0.9955954788330108,123950.34640055617
Karamoja,Focus region,pasture,2003-06,2003,6,0.6198420931959273,0.3715265438649634,0.9981749490475942,24765.78560836989
Lake Victoria basin,Focus region,pasture,2003-06,2003,6,0.6924320152319118,0.4303877350231711,0.9968637907324958,20187.901015491654
Northern,Admin region,pasture,2003-06,2003,6,0.6947303260177824,0.434985479311164,0.9991695778204874,60800.25368028647
Eastern,Admin region,pasture,2003-06,2003,6,0.7151040051934542,0.43658751391425443,0.9855687531661256,14882.637672862968
Central,Admin region,pasture,2003-06,2003,6,0.7442827149241039,0.47356136003512805,0.9947990889001204,23592.281274019017
Western,Admin region,pasture,2003-06,2003,6,0.713343077470799,0.45049336497123016,0.9933744623892048,24630.704160004552
Uganda (national),Reference,pasture,2003-07,2003,7,0.6773568133544702,0.4085655032006534,0.9953188310269505,123950.34640055617
Karamoja,Focus region,pasture,2003-07,2003,7,0.6282401155331254,0.36871251304401365,0.998213779918922,24765.78560836989
Lake Victoria basin,Focus region,pasture,2003-07,2003,7,0.5895972816746718,0.3347575192815307,0.9978413530942571,20187.901015491654
Northern,Admin region,pasture,2003-07,2003,7,0.6947023541407487,0.42332862614086425,0.9991195180942753,60800.25368028647
Eastern,Admin region,pasture,2003-07,2003,7,0.6861102232943311,0.4091894428421623,0.9787760048139539,14882.637672862968
Central,Admin region,pasture,2003-07,2003,7,0.6706058196204314,0.4015818058189587,0.9985786254347002,23592.281274019017
Western,Admin region,pasture,2003-07,2003,7,0.6355692571092162,0.3782238458402277,0.9925116686572657,24630.704160004552
Uganda (national),Reference,pasture,2003-08,2003,8,0.6710107525396234,0.404882740372549,0.995695813272974,123950.34640055617
Karamoja,Focus region,pasture,2003-08,2003,8,0.625064634252733,0.3718233672808774,0.9998770355741287,24765.78560836989
Lake Victoria basin,Focus region,pasture,2003-08,2003,8,0.5807036378424973,0.33809573310284624,0.9933262138449113,20187.901015491654
Northern,Admin region,pasture,2003-08,2003,8,0.6886446590448434,0.42653906512718776,0.9998523742912557,60800.25368028647
Eastern,Admin region,pasture,2003-08,2003,8,0.6711230704985383,0.3990596335620952,0.9938164710393789,14882.637672862968
Central,Admin region,pasture,2003-08,2003,8,0.6686830050836897,0.38452720445786615,0.9917809158070391,23592.281274019017
Western,Admin region,pasture,2003-08,2003,8,0.6292564399440926,0.37401792908672216,0.9897830312741523,24630.704160004552
Uganda (national),Reference,pasture,2003-09,2003,9,0.6533933593192593,0.40657899711709244,0.9970126320162365,123950.34640055617
Karamoja,Focus region,pasture,2003-09,2003,9,0.5295464348827146,0.3035287954522429,1.0,24765.78560836989
Lake Victoria basin,Focus region,pasture,2003-09,2003,9,0.6510864960437444,0.43524919301575155,0.9964271069130325,20187.901015491654
Northern,Admin region,pasture,2003-09,2003,9,0.6306742266116823,0.37856299041064134,0.9999880700232571,60800.25368028647
Eastern,Admin region,pasture,2003-09,2003,9,0.6455290260429744,0.3813112403341859,0.9969794396901874,14882.637672862968
Central,Admin region,pasture,2003-09,2003,9,0.691740044114621,0.44986511582581723,0.9970159721501982,23592.281274019017
Western,Admin region,pasture,2003-09,2003,9,0.677779474779986,0.45011197009278664,0.9891640803538578,24630.704160004552
Uganda (national),Reference,pasture,2003-10,2003,10,0.6171848674439318,0.378424409384692,0.9639558492967888,123950.34640055617
Karamoja,Focus region,pasture,2003-10,2003,10,0.41353479661269843,0.23512259731463728,0.985972538080247,24765.78560836989
Lake Victoria basin,Focus region,pasture,2003-10,2003,10,0.6855359104830859,0.43619943689630164,0.9417637740208662,20187.901015491654
Northern,Admin region,pasture,2003-10,2003,10,0.5529684171882588,0.3289116164398511,0.99263685074638,60800.25368028647
Eastern,Admin region,pasture,2003-10,2003,10,0.6203598264239205,0.3667633190181215,0.9952598969820088,14882.637672862968
Central,Admin region,pasture,2003-10,2003,10,0.7064131868065967,0.4461846753952663,0.9674328086661392,23592.281274019017
Western,Admin region,pasture,2003-10,2003,10,0.7004505518967233,0.45364341101220734,0.8697995833585715,24630.704160004552
Uganda (national),Reference,pasture,2003-11,2003,11,0.5965548553504183,0.36267898810373306,0.9912870325532851,123950.34640055617
Karamoja,Focus region,pasture,2003-11,2003,11,0.3334703048291073,0.1816055247261021,0.9993128373955402,24765.78560836989
Lake Victoria basin,Focus region,pasture,2003-11,2003,11,0.7222995477219056,0.4766885780252047,0.9802874792595165,20187.901015491654
Northern,Admin region,pasture,2003-11,2003,11,0.48821288540606755,0.27887753933447573,0.9996072101678055,60800.25368028647
Eastern,Admin region,pasture,2003-11,2003,11,0.6151489720880646,0.35609774702828834,0.994760271198075,14882.637672862968
Central,Admin region,pasture,2003-11,2003,11,0.7420370783119299,0.45983129209122764,0.9975724463711656,23592.281274019017
Western,Admin region,pasture,2003-11,2003,11,0.7178531856854353,0.4847790744866736,0.9619127514309487,24630.704160004552
Uganda (national),Reference,pasture,2003-12,2003,12,0.5783643101472152,0.34011355687322836,0.9996703900650735,123950.34640055617
Karamoja,Focus region,pasture,2003-12,2003,12,0.32460515833862935,0.16231645966146285,1.0,24765.78560836989
Lake Victoria basin,Focus region,pasture,2003-12,2003,12,0.7434381439155408,0.48782850704586067,0.9999920401043413,20187.901015491654
Northern,Admin region,pasture,2003-12,2003,12,0.44795031058846113,0.2333944191012396,0.9999982425510864,60800.25368028647
Eastern,Admin region,pasture,2003-12,2003,12,0.6108377794117884,0.3520368308646851,1.0,14882.637672862968
Central,Admin region,pasture,2003-12,2003,12,0.7442007692238846,0.4769198245875867,0.9999954709820358,23592.281274019017
Western,Admin region,pasture,2003-12,2003,12,0.7218200585665512,0.46540264875270987,0.9982723540730661,24630.704160004552
Uganda (national),Reference,pasture,2004-01,2004,1,0.5251018930699586,0.29189647317534245,0.997483488380629,123950.34640055617
Karamoja,Focus region,pasture,2004-01,2004,1,0.29529660208895436,0.14985980207431096,1.0,24765.78560836989
Lake Victoria basin,Focus region,pasture,2004-01,2004,1,0.721206507053127,0.45174017765113533,0.9972014169195439,20187.901015491654
Northern,Admin region,pasture,2004-01,2004,1,0.3886497608318788,0.1899498700278652,1.0,60800.25368028647
Eastern,Admin region,pasture,2004-01,2004,1,0.5535173691446562,0.30283668433268535,0.9998205114326123,14882.637672862968
Central,Admin region,pasture,2004-01,2004,1,0.7118740170191201,0.4239992950037665,0.998566565814317,23592.281274019017
Western,Admin region,pasture,2004-01,2004,1,0.6674932383632999,0.4119125228193962,0.9882668541489869,24630.704160004552
Uganda (national),Reference,pasture,2004-02,2004,2,0.4751884658169844,0.2660226877964358,0.9993148222131584,123950.34640055617
Karamoja,Focus region,pasture,2004-02,2004,2,0.30555960696737183,0.15425750378840025,1.0,24765.78560836989
Lake Victoria basin,Focus region,pasture,2004-02,2004,2,0.638209211904177,0.38003320721176853,0.9999442392185471,20187.901015491654
Northern,Admin region,pasture,2004-02,2004,2,0.37871433213011146,0.1951844481315953,1.0,60800.25368028647
Eastern,Admin region,pasture,2004-02,2004,2,0.48201725064973033,0.27592755320340323,1.0,14882.637672862968
Central,Admin region,pasture,2004-02,2004,2,0.6130159387087449,0.35808265920712595,0.9999524453113754,23592.281274019017
Western,Admin region,pasture,2004-02,2004,2,0.5774944008911918,0.3469967964480747,0.9962982965086912,24630.704160004552
Uganda (national),Reference,pasture,2004-03,2004,3,0.4772604614298156,0.27313718992142594,0.9971596609575223,123950.34640055617
Karamoja,Focus region,pasture,2004-03,2004,3,0.2707400041693705,0.13950049867552466,1.0,24765.78560836989
Lake Victoria basin,Focus region,pasture,2004-03,2004,3,0.658777914182769,0.40848749069614537,0.9954949688841241,20187.901015491654
Northern,Admin region,pasture,2004-03,2004,3,0.35569190033319764,0.18552248979203892,1.0,60800.25368028647
Eastern,Admin region,pasture,2004-03,2004,3,0.48667825527180625,0.26985373728447887,0.9998722322950894,14882.637672862968
Central,Admin region,pasture,2004-03,2004,3,0.6368834341475105,0.39844536854123086,0.9956028475019352,23592.281274019017
Western,Admin region,pasture,2004-03,2004,3,0.6207797477487336,0.37287973033783306,0.9896010359206825,24630.704160004552
Uganda (national),Reference,pasture,2004-04,2004,4,0.6652293237619314,0.4097088646175534,0.9915653537550484,123950.34640055617
Karamoja,Focus region,pasture,2004-04,2004,4,0.49177793886207494,0.27657142681451224,0.9975353817551366,24765.78560836989
Lake Victoria basin,Focus region,pasture,2004-04,2004,4,0.7508072301166436,0.47237446420619117,0.9850547303018709,20187.901015491654
Northern,Admin region,pasture,2004-04,2004,4,0.600529610945229,0.35790229431694043,0.998806037451781,60800.25368028647
Eastern,Admin region,pasture,2004-04,2004,4,0.6585646191624698,0.4024270011751986,0.9856918330519819,14882.637672862968
Central,Admin region,pasture,2004-04,2004,4,0.7504574424627246,0.4754582606759911,0.9929398471019522,23592.281274019017
Western,Admin region,pasture,2004-04,2004,4,0.749669969694326,0.48093558957960597,0.9753176584887475,24630.704160004552
Uganda (national),Reference,pasture,2004-05,2004,5,0.6995730488461402,0.44454740061958264,0.9989943077754847,123950.34640055617
Karamoja,Focus region,pasture,2004-05,2004,5,0.586340788160433,0.34724889294962624,1.0,24765.78560836989
Lake Victoria basin,Focus region,pasture,2004-05,2004,5,0.7249821444007841,0.4735738248840108,0.9998597418646312,20187.901015491654
Northern,Admin region,pasture,2004-05,2004,5,0.6711269684860491,0.41848099418295787,1.0,60800.25368028647
Eastern,Admin region,pasture,2004-05,2004,5,0.6868159756565378,0.42240623379927317,0.9996230740084858,14882.637672862968
Central,Admin region,pasture,2004-05,2004,5,0.742797086896958,0.4754706913898338,0.999907155131733,23592.281274019017
Western,Admin region,pasture,2004-05,2004,5,0.7364133112372756,0.49297439420690964,0.9950217687146468,24630.704160004552
Uganda (national),Reference,pasture,2004-06,2004,6,0.6508187482048265,0.39713852208880035,0.9988629073358903,123950.34640055617
Karamoja,Focus region,pasture,2004-06,2004,6,0.5565679556391975,0.3184774211104581,0.9995016704846268,24765.78560836989
Lake Victoria basin,Focus region,pasture,2004-06,2004,6,0.5960002410403802,0.3629380104574836,0.9999814753406117,20187.901015491654
Northern,Admin region,pasture,2004-06,2004,6,0.6522903507212577,0.3948550416091227,0.9997970146504767,60800.25368028647
Eastern,Admin region,pasture,2004-06,2004,6,0.6699283606803286,0.3997446334508807,0.9938579012239925,14882.637672862968
Central,Admin region,pasture,2004-06,2004,6,0.6546832604727125,0.39271241124848905,0.9999841484371251,23592.281274019017
Western,Admin region,pasture,2004-06,2004,6,0.6321271699376443,0.40553004279240634,0.9984470682514303,24630.704160004552
Uganda (national),Reference,pasture,2004-07,2004,7,0.5994733457438554,0.340477948421235,0.996333551136771,123950.34640055617
Karamoja,Focus region,pasture,2004-07,2004,7,0.5081382536464415,0.2775608633514872,0.999825261079025,24765.78560836989
Lake Victoria basin,Focus region,pasture,2004-07,2004,7,0.5032575026120525,0.2842775346802532,0.9988287433845562,20187.901015491654
Northern,Admin region,pasture,2004-07,2004,7,0.6182343248517651,0.3548023849948861,0.9999078579872525,60800.25368028647
Eastern,Admin region,pasture,2004-07,2004,7,0.6246898071033931,0.34738931544416435,0.9859658381873262,14882.637672862968
Central,Admin region,pasture,2004-07,2004,7,0.5941761875570251,0.3254581376768464,0.9990081450658307,23592.281274019017
Western,Admin region,pasture,2004-07,2004,7,0.5426783991289922,0.3151935384833983,0.9907352915946037,24630.704160004552
Uganda (national),Reference,pasture,2004-08,2004,8,0.6296160732307334,0.3785586598338067,0.9988202070103738,123950.34640055617
Karamoja,Focus region,pasture,2004-08,2004,8,0.5454417456759983,0.3152236171787409,1.0,24765.78560836989
Lake Victoria basin,Focus region,pasture,2004-08,2004,8,0.5656433336657888,0.3242357851764294,0.9998518027248934,20187.901015491654
Northern,Admin region,pasture,2004-08,2004,8,0.638400029140578,0.38971149165972296,0.9999938489288023,60800.25368028647
Eastern,Admin region,pasture,2004-08,2004,8,0.616056878561987,0.36552661303982714,0.9993897388708818,14882.637672862968
Central,Admin region,pasture,2004-08,2004,8,0.6227567501105206,0.37847574936959355,0.9998618649520906,23592.281274019017
Western,Admin region,pasture,2004-08,2004,8,0.6225882431065327,0.3587427296355884,0.9943720088968815,24630.704160004552
Uganda (national),Reference,pasture,2004-09,2004,9,0.6187408995886037,0.3922427062972454,0.9929996076901254,123950.34640055617
Karamoja,Focus region,pasture,2004-09,2004,9,0.44926843800679817,0.25908950031512656,1.0,24765.78560836989
Lake Victoria basin,Focus region,pasture,2004-09,2004,9,0.634272818478369,0.4097085835185189,0.981552417723867,20187.901015491654
Northern,Admin region,pasture,2004-09,2004,9,0.5844691633214745,0.3616881657862017,0.9993999552512155,60800.25368028647
Eastern,Admin region,pasture,2004-09,2004,9,0.602846695805595,0.37606797716050555,0.998596399403028,14882.637672862968
Central,Admin region,pasture,2004-09,2004,9,0.6645860819645569,0.4431312333109421,0.983633363456631,23592.281274019017
Western,Admin region,pasture,2004-09,2004,9,0.6705361828256946,0.4299441963867245,0.9824728505522394,24630.704160004552
Uganda (national),Reference,pasture,2004-10,2004,10,0.6268029756542505,0.39361825158821934,0.9849144492927001,123950.34640055617
Karamoja,Focus region,pasture,2004-10,2004,10,0.4202910163140422,0.2371988082611241,0.999946068234267,24765.78560836989
Lake Victoria basin,Focus region,pasture,2004-10,2004,10,0.7138867137306798,0.4780018683256903,0.9616339878702607,20187.901015491654
Northern,Admin region,pasture,2004-10,2004,10,0.5518727474762751,0.33206746039320684,0.9999575145340078,60800.25368028647
Eastern,Admin region,pasture,2004-10,2004,10,0.6190471389141818,0.37119364933753096,0.9959950680764944,14882.637672862968
Central,Admin region,pasture,2004-10,2004,10,0.7360695515187176,0.47489164461696864,0.9799179436077412,23592.281274019017
Western,Admin region,pasture,2004-10,2004,10,0.718652884322717,0.4876769545253588,0.9450513021305663,24630.704160004552
Uganda (national),Reference,pasture,2004-11,2004,11,0.6435954862376325,0.3941104533039725,0.9781840974113051,123950.34640055617
Karamoja,Focus region,pasture,2004-11,2004,11,0.48842670812146677,0.26511376049531,0.9996052194748342,24765.78560836989
Lake Victoria basin,Focus region,pasture,2004-11,2004,11,0.7654162072978771,0.5039082415338647,0.9345550766507341,20187.901015491654
Northern,Admin region,pasture,2004-11,2004,11,0.5571007080265216,0.31815589899566715,0.9951159805494788,60800.25368028647
Eastern,Admin region,pasture,2004-11,2004,11,0.6385043693522334,0.3856405854579898,0.9942732448076947,14882.637672862968
Central,Admin region,pasture,2004-11,2004,11,0.765602650062437,0.4967778219783159,0.9857913428318917,23592.281274019017
Western,Admin region,pasture,2004-11,2004,11,0.7524775613488398,0.49703048194743266,0.9183759685972442,24630.704160004552
Uganda (national),Reference,pasture,2004-12,2004,12,0.5957401601663717,0.3377040296526915,0.9976838056784284,123950.34640055617
Karamoja,Focus region,pasture,2004-12,2004,12,0.4528492009461124,0.23569595216591693,1.0,24765.78560836989
Lake Victoria basin,Focus region,pasture,2004-12,2004,12,0.7029676000490984,0.4394923690927758,0.9958839659753584,20187.901015491654
Northern,Admin region,pasture,2004-12,2004,12,0.5092658472912591,0.2643589128949293,1.0,60800.25368028647
Eastern,Admin region,pasture,2004-12,2004,12,0.6107599483481884,0.34443185970856877,0.9978210087919132,14882.637672862968
Central,Admin region,pasture,2004-12,2004,12,0.7108719645237992,0.4317618993471763,0.9991420707911617,23592.281274019017
Western,Admin region,pasture,2004-12,2004,12,0.6908362556178338,0.4253705121641331,0.9902710401271769,24630.704160004552
Uganda (national),Reference,pasture,2005-01,2005,1,0.47957565634569344,0.26028665213046626,0.9992109753325162,123950.34640055617
Karamoja,Focus region,pasture,2005-01,2005,1,0.33553900375753376,0.1675153222045691,1.0,24765.78560836989
Lake Victoria basin,Focus region,pasture,2005-01,2005,1,0.6160251713643214,0.3713119445366161,0.9998436767818676,20187.901015491654
Northern,Admin region,pasture,2005-01,2005,1,0.38056780228262876,0.18695450139453515,0.9999964851021728,60800.25368028647
Eastern,Admin region,pasture,2005-01,2005,1,0.508446479823056,0.26756437867920796,1.0,14882.637672862968
Central,Admin region,pasture,2005-01,2005,1,0.6100377136699889,0.36205956703849806,0.9998913035688581,23592.281274019017
Western,Admin region,pasture,2005-01,2005,1,0.5820421633333003,0.3397208111278164,0.995889036626616,24630.704160004552
Uganda (national),Reference,pasture,2005-02,2005,2,0.42232395671317036,0.2183064273003402,0.9999272579958586,123950.34640055617
Karamoja,Focus region,pasture,2005-02,2005,2,0.2738442958858596,0.13989570594731304,1.0,24765.78560836989
Lake Victoria basin,Focus region,pasture,2005-02,2005,2,0.56421940352531,0.31543473771815517,0.9999417796419224,20187.901015491654
Northern,Admin region,pasture,2005-02,2005,2,0.3285554354871058,0.15951226048585926,1.0,60800.25368028647
Eastern,Admin region,pasture,2005-02,2005,2,0.44028283523730755,0.22655963275794558,1.0,14882.637672862968
Central,Admin region,pasture,2005-02,2005,2,0.5403570596969319,0.29033590128391046,0.9999501808023933,23592.281274019017
Western,Admin region,pasture,2005-02,2005,2,0.5300731331865962,0.2894983357725617,0.9996135788505885,24630.704160004552
Uganda (national),Reference,pasture,2005-03,2005,3,0.4959095351640592,0.28832489073847956,0.999498954900997,123950.34640055617
Karamoja,Focus region,pasture,2005-03,2005,3,0.3101727414288065,0.15902688543359247,1.0,24765.78560836989
Lake Victoria basin,Focus region,pasture,2005-03,2005,3,0.6124972074047961,0.3843244653322174,0.9999627638779355,20187.901015491654
Northern,Admin region,pasture,2005-03,2005,3,0.40360324255846713,0.2147429809420489,0.9999991212755431,60800.25368028647
Eastern,Admin region,pasture,2005-03,2005,3,0.49855208925748207,0.27019122241498267,1.0,14882.637672862968
Central,Admin region,pasture,2005-03,2005,3,0.6150177742637996,0.37828112230589633,0.9999682968742503,23592.281274019017
Western,Admin region,pasture,2005-03,2005,3,0.6085128320188709,0.39499224002850236,0.997440173599546,24630.704160004552
Uganda (national),Reference,pasture,2005-04,2005,4,0.6167936503750974,0.3824794938080587,0.9928939843055595,123950.34640055617
Karamoja,Focus region,pasture,2005-04,2005,4,0.4171645510143829,0.22511411088886055,0.9984036197343023,24765.78560836989
Lake Victoria basin,Focus region,pasture,2005-04,2005,4,0.7096141835856284,0.4808746814789766,0.9887637510959515,20187.901015491654
Northern,Admin region,pasture,2005-04,2005,4,0.5277970936786519,0.296925367504553,0.999127219855691,60800.25368028647
Eastern,Admin region,pasture,2005-04,2005,4,0.6547079991709871,0.39428253488499804,0.9964492234233567,14882.637672862968
Central,Admin region,pasture,2005-04,2005,4,0.7216140793072159,0.4887724947648809,0.9829825702164514,23592.281274019017
Western,Admin region,pasture,2005-04,2005,4,0.7165604289694543,0.48809371290609327,0.9845029204274482,24630.704160004552
Uganda (national),Reference,pasture,2005-05,2005,5,0.7002737361271512,0.44588306733491023,0.9969662113433025,123950.34640055617
Karamoja,Focus region,pasture,2005-05,2005,5,0.6066035751811236,0.36282654089147104,0.9999546973167842,24765.78560836989
Lake Victoria basin,Focus region,pasture,2005-05,2005,5,0.7153419996787449,0.4720458433094726,0.9907782792650417,20187.901015491654
Northern,Admin region,pasture,2005-05,2005,5,0.6698427916958244,0.40985344677966856,0.9999303533333467,60800.25368028647
Eastern,Admin region,pasture,2005-05,2005,5,0.7067302124863084,0.43887495667226906,0.9971432318063878,14882.637672862968
Central,Admin region,pasture,2005-05,2005,5,0.7412775275136123,0.4952776928826507,0.9927803191044822,23592.281274019017
Western,Admin region,pasture,2005-05,2005,5,0.73311837117123,0.4926885558288513,0.9932255980836764,24630.704160004552
Uganda (national),Reference,pasture,2005-06,2005,6,0.6806364963714376,0.42326216785489956,0.9973289815579369,123950.34640055617
Karamoja,Focus region,pasture,2005-06,2005,6,0.6190624298603259,0.377815397761411,0.9987315248699591,24765.78560836989
Lake Victoria basin,Focus region,pasture,2005-06,2005,6,0.6277586961136302,0.3739018786163747,0.9978029753965438,20187.901015491654
Northern,Admin region,pasture,2005-06,2005,6,0.6827210332329284,0.42887409884742844,0.9989876439521667,60800.25368028647
Eastern,Admin region,pasture,2005-06,2005,6,0.6859919942334323,0.4162387050021862,0.9935034148227851,14882.637672862968
Central,Admin region,pasture,2005-06,2005,6,0.683977447850226,0.4180991815985256,0.9979953678447523,23592.281274019017
Western,Admin region,pasture,2005-06,2005,6,0.6693311962682623,0.4188301033324058,0.9944968181052133,24630.704160004552
Uganda (national),Reference,pasture,2005-07,2005,7,0.6451807376516651,0.3836088774869281,0.9984968832962765,123950.34640055617
Karamoja,Focus region,pasture,2005-07,2005,7,0.5945559387267583,0.3530356100846631,0.999119833583237,24765.78560836989
Lake Victoria basin,Focus region,pasture,2005-07,2005,7,0.5408124624324914,0.308031112342844,0.9985892927032861,20187.901015491654
Northern,Admin region,pasture,2005-07,2005,7,0.6630873201601432,0.4009665829531691,0.9996274208303121,60800.25368028647
Eastern,Admin region,pasture,2005-07,2005,7,0.6701704038009243,0.39943453478955326,0.9946620100058894,14882.637672862968
Central,Admin region,pasture,2005-07,2005,7,0.6329999086702839,0.3642865666728128,0.9987862231855829,23592.281274019017
Western,Admin region,pasture,2005-07,2005,7,0.5976756197040838,0.3498906287164629,0.9976580814778978,24630.704160004552
Uganda (national),Reference,pasture,2005-08,2005,8,0.6490594629324983,0.38464390651655234,0.9977888983092051,123950.34640055617
Karamoja,Focus region,pasture,2005-08,2005,8,0.5532248398350844,0.31199470452896905,0.9995361868146959,24765.78560836989
Lake Victoria basin,Focus region,pasture,2005-08,2005,8,0.602318364832821,0.3421822170173766,0.9991849149869133,20187.901015491654
Northern,Admin region,pasture,2005-08,2005,8,0.6468392993191738,0.3874048067455991,0.9997979106048249,60800.25368028647
Eastern,Admin region,pasture,2005-08,2005,8,0.6483972736415704,0.3740019796417692,0.9953530057964953,14882.637672862968
Central,Admin region,pasture,2005-08,2005,8,0.663151208597213,0.3938874720726532,0.9992980022155423,23592.281274019017
Western,Admin region,pasture,2005-08,2005,8,0.6411888445925863,0.3751653523104745,0.9924868310038664,24630.704160004552
Uganda (national),Reference,pasture,2005-09,2005,9,0.6402907805586361,0.39407034563772275,0.9958841024052925,123950.34640055617
Karamoja,Focus region,pasture,2005-09,2005,9,0.5263746168228407,0.3069695937890703,1.0,24765.78560836989
Lake Victoria basin,Focus region,pasture,2005-09,2005,9,0.6636701604945755,0.4351734052713379,0.9897151921312809,20187.901015491654
Northern,Admin region,pasture,2005-09,2005,9,0.6073646912608338,0.36393064788884877,1.0,60800.25368028647
Eastern,Admin region,pasture,2005-09,2005,9,0.625787908574777,0.35995532145093545,0.9990860160597924,14882.637672862968
Central,Admin region,pasture,2005-09,2005,9,0.6995978980823035,0.44241460432818197,0.9933204000565045,23592.281274019017
Western,Admin region,pasture,2005-09,2005,9,0.6744045618053468,0.4437057109909247,0.9858276860065709,24630.704160004552
Uganda (national),Reference,pasture,2005-10,2005,10,0.6244682527799679,0.39328401071340885,0.9153644626684562,123950.34640055617
Karamoja,Focus region,pasture,2005-10,2005,10,0.4618122956242119,0.25185538321291834,0.9925947159610167,24765.78560836989
Lake Victoria basin,Focus region,pasture,2005-10,2005,10,0.6861607728591352,0.48598572982570015,0.9119600981535045,20187.901015491654
Northern,Admin region,pasture,2005-10,2005,10,0.5678368821705961,0.3351805812106241,0.9684013235354662,60800.25368028647
Eastern,Admin region,pasture,2005-10,2005,10,0.6351991517008376,0.36894680782176204,0.9407728834021855,14882.637672862968
Central,Admin region,pasture,2005-10,2005,10,0.7133798475918145,0.4883368145699816,0.8317215490843465,23592.281274019017
Western,Admin region,pasture,2005-10,2005,10,0.6929652737767746,0.4837870812356785,0.8486816152310479,24630.704160004552
Uganda (national),Reference,pasture,2005-11,2005,11,0.6145151620161231,0.3690295051211301,0.9955253551015408,123950.34640055617
Karamoja,Focus region,pasture,2005-11,2005,11,0.4037218648789899,0.22178693192031998,1.0,24765.78560836989
Lake Victoria basin,Focus region,pasture,2005-11,2005,11,0.7237831876750969,0.46574996357292725,0.9882788824061575,20187.901015491654
Northern,Admin region,pasture,2005-11,2005,11,0.5265444594143043,0.29918777806751573,0.9999991212755431,60800.25368028647
Eastern,Admin region,pasture,2005-11,2005,11,0.6144783513315012,0.3704579320444805,0.9978584972668115,14882.637672862968
Central,Admin region,pasture,2005-11,2005,11,0.7275971395707188,0.45742104371343256,0.9916484908739356,23592.281274019017
Western,Admin region,pasture,2005-11,2005,11,0.7255170933895466,0.45762401164520045,0.9860955754093655,24630.704160004552
Uganda (national),Reference,pasture,2005-12,2005,12,0.4759297035743639,0.2683214462610568,0.9994171157093038,123950.34640055617
Karamoja,Focus region,pasture,2005-12,2005,12,0.2837507795728868,0.1387636727757496,1.0,24765.78560836989
Lake Victoria basin,Focus region,pasture,2005-12,2005,12,0.6256958936861007,0.3941161015842858,0.9998545840182919,20187.901015491654
Northern,Admin region,pasture,2005-12,2005,12,0.35728381762353645,0.178545976576576,1.0,60800.25368028647
Eastern,Admin region,pasture,2005-12,2005,12,0.4877198970541382,0.26499841685376985,0.9999964102286523,14882.637672862968
Central,Admin region,pasture,2005-12,2005,12,0.6290401296735993,0.3769423888392277,1.0,23592.281274019017
Western,Admin region,pasture,2005-12,2005,12,0.6152419309057601,0.38812695043993606,0.9968670787715375,24630.704160004552
Uganda (national),Reference,pasture,2006-01,2006,1,0.42486081116782326,0.22128986459338823,0.9994160744853106,123950.34640055617
Karamoja,Focus region,pasture,2006-01,2006,1,0.258392543432562,0.12342992263587604,1.0,24765.78560836989
Lake Victoria basin,Focus region,pasture,2006-01,2006,1,0.5980558795996974,0.3478067084479361,0.9999987754006678,20187.901015491654
Northern,Admin region,pasture,2006-01,2006,1,0.3111204458501781,0.1448698209676798,1.0,60800.25368028647
Eastern,Admin region,pasture,2006-01,2006,1,0.4247884016916125,0.22020478863813403,1.0,14882.637672862968
Central,Admin region,pasture,2006-01,2006,1,0.5700107931182526,0.31438970932878163,1.0,23592.281274019017
Western,Admin region,pasture,2006-01,2006,1,0.5670824258727838,0.3217201410510056,0.9968887776940791,24630.704160004552
Uganda (national),Reference,pasture,2006-02,2006,2,0.386895343061403,0.21107118231088068,0.9989980636191748,123950.34640055617
Karamoja,Focus region,pasture,2006-02,2006,2,0.24296771649325422,0.1264405590840933,1.0,24765.78560836989
Lake Victoria basin,Focus region,pasture,2006-02,2006,2,0.5266123499064169,0.3175310390079628,0.9999680566377607,20187.901015491654
Northern,Admin region,pasture,2006-02,2006,2,0.2888746965997919,0.14645828983569723,1.0,60800.25368028647
Eastern,Admin region,pasture,2006-02,2006,2,0.4016946347326716,0.21249697576756554,1.0,14882.637672862968
Central,Admin region,pasture,2006-02,2006,2,0.5109950446512475,0.28696367198973083,0.9999728258922146,23592.281274019017
Western,Admin region,pasture,2006-02,2006,2,0.5016809191429631,0.297573115416337,0.9944586089479975,24630.704160004552
Uganda (national),Reference,pasture,2006-03,2006,3,0.5207942979810155,0.30488690682482633,0.9983064846711927,123950.34640055617
Karamoja,Focus region,pasture,2006-03,2006,3,0.3096712073312929,0.15924287190686426,0.9999551710703343,24765.78560836989
Lake Victoria basin,Focus region,pasture,2006-03,2006,3,0.6528616220631178,0.4101761829611499,0.996864569079529,20187.901015491654
Northern,Admin region,pasture,2006-03,2006,3,0.4115428928505091,0.2209204304011431,0.9999736382662957,60800.25368028647
Eastern,Admin region,pasture,2006-03,2006,3,0.5442002765491479,0.32187452223559093,0.9990880854573928,14882.637672862968
Central,Admin region,pasture,2006-03,2006,3,0.6611215806459599,0.40303481702238503,0.9976291390195651,23592.281274019017
Western,Admin region,pasture,2006-03,2006,3,0.6428419078431131,0.40864933809131937,0.9942317697216774,24630.704160004552
Uganda (national),Reference,pasture,2006-04,2006,4,0.654587774061919,0.40498207057269586,0.993366708450005,123950.34640055617
Karamoja,Focus region,pasture,2006-04,2006,4,0.4917469904250901,0.26792257224431953,0.9995551369566945,24765.78560836989
Lake Victoria basin,Focus region,pasture,2006-04,2006,4,0.7317906818504709,0.49185236836872426,0.9863031159193173,20187.901015491654
Northern,Admin region,pasture,2006-04,2006,4,0.5827470045086126,0.33240487525900214,0.9998047198578706,60800.25368028647
Eastern,Admin region,pasture,2006-04,2006,4,0.6919474175451554,0.4222289092606451,0.99336610254935,14882.637672862968
Central,Admin region,pasture,2006-04,2006,4,0.7456073008762572,0.4989248457152457,0.99076481730612,23592.281274019017
Western,Admin region,pasture,2006-04,2006,4,0.7246653631345169,0.4862699909358228,0.9793681013470846,24630.704160004552
Uganda (national),Reference,pasture,2006-05,2006,5,0.6949559167127429,0.4570582311422743,0.9949801239044719,123950.34640055617
Karamoja,Focus region,pasture,2006-05,2006,5,0.5774573317018179,0.35289485523640424,0.9959455409804053,24765.78560836989
Lake Victoria basin,Focus region,pasture,2006-05,2006,5,0.7145261679161772,0.4782379202417327,0.9961957614188673,20187.901015491654
Northern,Admin region,pasture,2006-05,2006,5,0.6593203838307805,0.4213168278394666,0.9980833813504559,60800.25368028647
Eastern,Admin region,pasture,2006-05,2006,5,0.7093924510650006,0.460490526589631,0.9883236140860656,14882.637672862968
Central,Admin region,pasture,2006-05,2006,5,0.7465678663814916,0.5006429959147294,0.9949593894947723,23592.281274019017
Western,Admin region,pasture,2006-05,2006,5,0.7253203705071155,0.5020310380152092,0.9907686182815966,24630.704160004552
Uganda (national),Reference,pasture,2006-06,2006,6,0.65296593342475,0.3973549462116976,0.9977938373619785,123950.34640055617
Karamoja,Focus region,pasture,2006-06,2006,6,0.5699656339493844,0.3304723441093641,0.9994132223888246,24765.78560836989
Lake Victoria basin,Focus region,pasture,2006-06,2006,6,0.613446125571703,0.3657816264672279,0.9992695680102358,20187.901015491654
Northern,Admin region,pasture,2006-06,2006,6,0.6477037613649237,0.39238987117308555,0.9992008741950631,60800.25368028647
Eastern,Admin region,pasture,2006-06,2006,6,0.6831124370749092,0.4169407754145965,0.9984240903783359,14882.637672862968
Central,Admin region,pasture,2006-06,2006,6,0.6765556759444081,0.41199917870150765,0.9991553381496686,23592.281274019017
Western,Admin region,pasture,2006-06,2006,6,0.6250211939573241,0.38365014500779515,0.992168092459968,24630.704160004552
Uganda (national),Reference,pasture,2006-07,2006,7,0.6373487703942616,0.3827412382399231,0.9949331268396838,123950.34640055617
Karamoja,Focus region,pasture,2006-07,2006,7,0.570183918508799,0.32257235940450846,0.9983000707440949,24765.78560836989
Lake Victoria basin,Focus region,pasture,2006-07,2006,7,0.5633370235489826,0.33333119733169103,0.992141081896357,20187.901015491654
Northern,Admin region,pasture,2006-07,2006,7,0.6491070270157817,0.3877269518777097,0.999079096769262,60800.25368028647
Eastern,Admin region,pasture,2006-07,2006,7,0.6680352461182167,0.3970309923470481,0.9940755117553397,14882.637672862968
Central,Admin region,pasture,2006-07,2006,7,0.6372607841909151,0.38743416630182864,0.990427920532572,23592.281274019017
Western,Admin region,pasture,2006-07,2006,7,0.5894347779473446,0.35708102110332207,0.9889675821924946,24630.704160004552
Uganda (national),Reference,pasture,2006-08,2006,8,0.6477880667846423,0.38747065442244627,0.9982397905557654,123950.34640055617
Karamoja,Focus region,pasture,2006-08,2006,8,0.5898434662549856,0.33440793300742655,1.0,24765.78560836989
Lake Victoria basin,Focus region,pasture,2006-08,2006,8,0.5607359584307987,0.3358319081538463,0.9999143506924751,20187.901015491654
Northern,Admin region,pasture,2006-08,2006,8,0.6662540349096577,0.39254811767079856,0.9999991212755431,60800.25368028647
Eastern,Admin region,pasture,2006-08,2006,8,0.6410595877693535,0.37598197459720284,0.9926451216098394,14882.637672862968
Central,Admin region,pasture,2006-08,2006,8,0.6426495030616349,0.3949933211126017,0.9999547098203576,23592.281274019017
Western,Admin region,pasture,2006-08,2006,8,0.6110964099008954,0.3744626913203835,0.9955870379806253,24630.704160004552
Uganda (national),Reference,pasture,2006-09,2006,9,0.6335660915857128,0.38956628433257673,0.9938420846730955,123950.34640055617
Karamoja,Focus region,pasture,2006-09,2006,9,0.5063582720820398,0.2899880011419933,0.9999913709174827,24765.78560836989
Lake Victoria basin,Focus region,pasture,2006-09,2006,9,0.6127439556586157,0.38410709949077126,0.9771394183611879,20187.901015491654
Northern,Admin region,pasture,2006-09,2006,9,0.6136753490942314,0.37244885158752544,0.9999841829597774,60800.25368028647
Eastern,Admin region,pasture,2006-09,2006,9,0.6302739039874015,0.3695716137712098,0.9964281775089845,14882.637672862968
Central,Admin region,pasture,2006-09,2006,9,0.6663257689203875,0.42284567892080727,0.9812138554950038,23592.281274019017
Western,Admin region,pasture,2006-09,2006,9,0.654042289172055,0.412730819429977,0.9888955444915906,24630.704160004552
Uganda (national),Reference,pasture,2006-10,2006,10,0.6083145675204926,0.38943272902581594,0.8598272499525721,123950.34640055617
Karamoja,Focus region,pasture,2006-10,2006,10,0.4354415340053281,0.25089443780483656,0.8975920959769875,24765.78560836989
Lake Victoria basin,Focus region,pasture,2006-10,2006,10,0.6585455311505845,0.4444368663574149,0.746459898673538,20187.901015491654
Northern,Admin region,pasture,2006-10,2006,10,0.5491157332499876,0.34020125744891117,0.8977328554078513,60800.25368028647
Eastern,Admin region,pasture,2006-10,2006,10,0.6077935814868543,0.3774758112032421,0.901809828976958,14882.637672862968
Central,Admin region,pasture,2006-10,2006,10,0.6920956205693539,0.465754292221762,0.8078532780761171,23592.281274019017
Western,Admin region,pasture,2006-10,2006,10,0.6929592418795165,0.46105857176266307,0.790612049199887,24630.704160004552
Uganda (national),Reference,pasture,2006-11,2006,11,0.6512872080059126,0.3864092573879086,0.9466449713449157,123950.34640055617
Karamoja,Focus region,pasture,2006-11,2006,11,0.5092375286952047,0.2747517368908849,0.9839797783711522,24765.78560836989
Lake Victoria basin,Focus region,pasture,2006-11,2006,11,0.7433205253952353,0.48056510420571114,0.8576172263018158,20187.901015491654
Northern,Admin region,pasture,2006-11,2006,11,0.5813874419070164,0.32507514369775803,0.9922857606971343,60800.25368028647
Eastern,Admin region,pasture,2006-11,2006,11,0.661567491488854,0.3890305860364449,0.9723065611236351,14882.637672862968
Central,Admin region,pasture,2006-11,2006,11,0.7508002924326042,0.4765214548522133,0.9215316289786213,23592.281274019017
Western,Admin region,pasture,2006-11,2006,11,0.7432566914390717,0.46854972044749793,0.8414170184079591,24630.704160004552
Uganda (national),Reference,pasture,2006-12,2006,12,0.6362783895227991,0.37744351389307396,0.9949654774663198,123950.34640055617
Karamoja,Focus region,pasture,2006-12,2006,12,0.5261164967935896,0.2864501366753603,1.0,24765.78560836989
Lake Victoria basin,Focus region,pasture,2006-12,2006,12,0.7499122831028716,0.5012901446317135,0.9922154088490399,20187.901015491654
Northern,Admin region,pasture,2006-12,2006,12,0.5499416290402879,0.2952786399469506,1.0,60800.25368028647
Eastern,Admin region,pasture,2006-12,2006,12,0.6592145495894108,0.3836225129116526,0.992172975173634,14882.637672862968
Central,Admin region,pasture,2006-12,2006,12,0.7497543895254637,0.4748559933595283,0.9962810635018671,23592.281274019017
Western,Admin region,pasture,2006-12,2006,12,0.7291003290982576,0.4855639837929228,0.9824832024098378,24630.704160004552
Uganda (national),Reference,pasture,2007-01,2007,1,0.5768860456315315,0.3255291293176158,0.9987726065089532,123950.34640055617
Karamoja,Focus region,pasture,2007-01,2007,1,0.43294166643014337,0.2331469595833821,1.0,24765.78560836989
Lake Victoria basin,Focus region,pasture,2007-01,2007,1,0.7469820071735856,0.4558153200985781,0.9992671603234135,20187.901015491654
Northern,Admin region,pasture,2007-01,2007,1,0.4534901339025139,0.234739755343021,1.0,60800.25368028647
Eastern,Admin region,pasture,2007-01,2007,1,0.6310523527454777,0.3725473256557532,0.9973507487453573,14882.637672862968
Central,Admin region,pasture,2007-01,2007,1,0.7360470947167057,0.4317056281152651,0.9997721371138344,23592.281274019017
Western,Admin region,pasture,2007-01,2007,1,0.697181412311944,0.4201041283823479,0.9955946253733762,24630.704160004552
Uganda (national),Reference,pasture,2007-02,2007,2,0.52371450256248,0.306628296851012,0.9988977866493667,123950.34640055617
Karamoja,Focus region,pasture,2007-02,2007,2,0.4031279176956246,0.22296862719012506,1.0,24765.78560836989
Lake Victoria basin,Focus region,pasture,2007-02,2007,2,0.6673217048552007,0.43201897879528667,0.9999232549825341,20187.901015491654
Northern,Admin region,pasture,2007-02,2007,2,0.42150246469184316,0.22250241130950477,1.0,60800.25368028647
Eastern,Admin region,pasture,2007-02,2007,2,0.5743809110438458,0.35469037603769904,1.0,14882.637672862968
Central,Admin region,pasture,2007-02,2007,2,0.6709634461626655,0.4190901573771029,0.9999343292395185,23592.281274019017
Western,Admin region,pasture,2007-02,2007,2,0.605070123379678,0.3781001116020244,0.9942861148475572,24630.704160004552
Uganda (national),Reference,pasture,2007-03,2007,3,0.5092529943160291,0.28406899690640214,0.9983943616098075,123950.34640055617
Karamoja,Focus region,pasture,2007-03,2007,3,0.3565603694906305,0.1906935857682033,1.0,24765.78560836989
Lake Victoria basin,Focus region,pasture,2007-03,2007,3,0.6247262373484369,0.3804454398883687,0.9976949408283462,20187.901015491654
Northern,Admin region,pasture,2007-03,2007,3,0.4201253069045964,0.21937899437839253,1.0,60800.25368028647
Eastern,Admin region,pasture,2007-03,2007,3,0.5483837782456059,0.31155133303061927,1.0,14882.637672862968
Central,Admin region,pasture,2007-03,2007,3,0.6383095771870394,0.3711462056314247,0.9982472700478379,23592.281274019017
Western,Admin region,pasture,2007-03,2007,3,0.5826881143283716,0.34433394999173295,0.9932265677728845,24630.704160004552
Uganda (national),Reference,pasture,2007-04,2007,4,0.6138625968490778,0.36014122856405834,0.9910151091320645,123950.34640055617
Karamoja,Focus region,pasture,2007-04,2007,4,0.45439178702497524,0.24428502988911382,0.9995810242042464,24765.78560836989
Lake Victoria basin,Focus region,pasture,2007-04,2007,4,0.6930679713774286,0.45736924981076077,0.9745494219076482,20187.901015491654
Northern,Admin region,pasture,2007-04,2007,4,0.5447455568261431,0.29509395309331177,0.9993810299386005,60800.25368028647
Eastern,Admin region,pasture,2007-04,2007,4,0.6293166813102358,0.35883661732535277,0.9972681558492896,14882.637672862968
Central,Admin region,pasture,2007-04,2007,4,0.7081794081404037,0.447156048474538,0.9924504822707019,23592.281274019017
Western,Admin region,pasture,2007-04,2007,4,0.6882096366597655,0.44162562367689595,0.9647746785499413,24630.704160004552
Uganda (national),Reference,pasture,2007-05,2007,5,0.6846658964349347,0.4304708368783577,0.9976010435836502,123950.34640055617
Karamoja,Focus region,pasture,2007-05,2007,5,0.5728742503192314,0.32451764583077514,0.9999827418349654,24765.78560836989
Lake Victoria basin,Focus region,pasture,2007-05,2007,5,0.6898095382451687,0.456591346888833,0.9952909485598022,20187.901015491654
Northern,Admin region,pasture,2007-05,2007,5,0.6556951236692238,0.39517959867403607,0.9999929702043455,60800.25368028647
Eastern,Admin region,pasture,2007-05,2007,5,0.6903627368588808,0.4161314420387089,0.9973040817178365,14882.637672862968
Central,Admin region,pasture,2007-05,2007,5,0.7300300494583286,0.4799208750503272,0.9961407261079673,23592.281274019017
Western,Admin region,pasture,2007-05,2007,5,0.7098374470706572,0.4796333361548369,0.9930987899546084,24630.704160004552
Uganda (national),Reference,pasture,2007-06,2007,6,0.7135810389764992,0.44834392132273115,0.9832908869751945,123950.34640055617
Karamoja,Focus region,pasture,2007-06,2007,6,0.6502935938749655,0.3871634617842668,0.9808905668299641,24765.78560836989
Lake Victoria basin,Focus region,pasture,2007-06,2007,6,0.6789337372461762,0.42276410918176044,0.9911326554802423,20187.901015491654
Northern,Admin region,pasture,2007-06,2007,6,0.7100461218285865,0.44267580950063884,0.9837774887452023,60800.25368028647
Eastern,Admin region,pasture,2007-06,2007,6,0.7043923547926662,0.4266775606656005,0.9730151116000084,14882.637672862968
Central,Admin region,pasture,2007-06,2007,6,0.7269017106960678,0.4608749705352279,0.9867251020101353,23592.281274019017
Western,Admin region,pasture,2007-06,2007,6,0.7151864421129126,0.4635675171393815,0.9842430692378253,24630.704160004552
Uganda (national),Reference,pasture,2007-07,2007,7,0.709361052650538,0.423645476605241,0.9928337014930656,123950.34640055617
Karamoja,Focus region,pasture,2007-07,2007,7,0.667559427609482,0.4035114483073628,0.997482465175582,24765.78560836989
Lake Victoria basin,Focus region,pasture,2007-07,2007,7,0.6374144557500491,0.3607690527115292,0.9953047512471896,20187.901015491654
Northern,Admin region,pasture,2007-07,2007,7,0.7241634477980013,0.4405656276517228,0.9976812081194537,60800.25368028647
Eastern,Admin region,pasture,2007-07,2007,7,0.7038100736798378,0.4127562490822843,0.9822235649061982,14882.637672862968
Central,Admin region,pasture,2007-07,2007,7,0.7090684610293445,0.4085967232497451,0.9932212856065065,23592.281274019017
Western,Admin region,pasture,2007-07,2007,7,0.6762111186460243,0.40273563469044366,0.9865255815368656,24630.704160004552
Uganda (national),Reference,pasture,2007-08,2007,8,0.6964854344467051,0.4265788869488222,0.9894751895549545,123950.34640055617
Karamoja,Focus region,pasture,2007-08,2007,8,0.6499719010353815,0.37670449251884924,0.9975169815056513,24765.78560836989
Lake Victoria basin,Focus region,pasture,2007-08,2007,8,0.6417892110648526,0.40140435790363876,0.9816794854715143,20187.901015491654
Northern,Admin region,pasture,2007-08,2007,8,0.7084793715341793,0.42680305958220494,0.9989173184277955,60800.25368028647
Eastern,Admin region,pasture,2007-08,2007,8,0.6746048532213912,0.39973382790222606,0.9858774735020325,14882.637672862968
Central,Admin region,pasture,2007-08,2007,8,0.6999720961258545,0.443784031257318,0.9751540116979915,23592.281274019017
Western,Admin region,pasture,2007-08,2007,8,0.6763796960262319,0.42601317907518044,0.981487901498222,24630.704160004552
Uganda (national),Reference,pasture,2007-09,2007,9,0.6816452823774948,0.4394929555066293,0.9965788506633193,123950.34640055617
Karamoja,Focus region,pasture,2007-09,2007,9,0.6049185797463593,0.3738460155863063,0.999993528188112,24765.78560836989
Lake Victoria basin,Focus region,pasture,2007-09,2007,9,0.6815965620992425,0.45132377428740794,0.9979400371200964,20187.901015491654
Northern,Admin region,pasture,2007-09,2007,9,0.6704915353204662,0.4252570451083079,0.9999824255108638,60800.25368028647
Eastern,Admin region,pasture,2007-09,2007,9,0.6499353556774097,0.40382304142701253,0.9919889677176082,14882.637672862968
Central,Admin region,pasture,2007-09,2007,9,0.7173184215818251,0.4735504043977978,0.9990041133517998,23592.281274019017
Western,Admin region,pasture,2007-09,2007,9,0.6940535912391194,0.4636326058170306,0.9882735739250778,24630.704160004552
Uganda (national),Reference,pasture,2007-10,2007,10,0.6700976667258286,0.416432577320821,0.9650719890183321,123950.34640055617
Karamoja,Focus region,pasture,2007-10,2007,10,0.5601289676644116,0.3102565546084043,0.998762039674508,24765.78560836989
Lake Victoria basin,Focus region,pasture,2007-10,2007,10,0.7087724892666919,0.48373963388957814,0.934303930008046,20187.901015491654
Northern,Admin region,pasture,2007-10,2007,10,0.6342873265099437,0.3733607722605397,0.998451715074925,60800.25368028647
Eastern,Admin region,pasture,2007-10,2007,10,0.6534074890859275,0.3832559860629775,0.989528805909017,14882.637672862968
Central,Admin region,pasture,2007-10,2007,10,0.7417248710557998,0.48758424401524597,0.966396818007887,23592.281274019017
Western,Admin region,pasture,2007-10,2007,10,0.7069096498103635,0.48582574508289905,0.866041153048591,24630.704160004552
Uganda (national),Reference,pasture,2007-11,2007,11,0.6356063331639137,0.3964279282051551,0.9888138872371149,123950.34640055617
Karamoja,Focus region,pasture,2007-11,2007,11,0.4414525081337506,0.252486882778254,0.9997821156664386,24765.78560836989
Lake Victoria basin,Focus region,pasture,2007-11,2007,11,0.7329481531708316,0.5049931258534854,0.969327948292684,20187.901015491654
Northern,Admin region,pasture,2007-11,2007,11,0.5574586832591261,0.3267948177552129,0.9999094913809484,60800.25368028647
Eastern,Admin region,pasture,2007-11,2007,11,0.6298837795907253,0.376080096212362,0.9957244697045471,14882.637672862968
Central,Admin region,pasture,2007-11,2007,11,0.7438262706252706,0.49358678978142917,0.9886902251439657,23592.281274019017
Western,Admin region,pasture,2007-11,2007,11,0.7337412625847033,0.4924967266249572,0.9566358728816046,24630.704160004552
Uganda (national),Reference,pasture,2007-12,2007,12,0.5534492505271749,0.3281324285595351,0.998832018817622,123950.34640055617
Karamoja,Focus region,pasture,2007-12,2007,12,0.3428908985331654,0.16951204033649397,1.0,24765.78560836989
Lake Victoria basin,Focus region,pasture,2007-12,2007,12,0.7065034380974303,0.4964344579449618,0.9999332800923206,20187.901015491654
Northern,Admin region,pasture,2007-12,2007,12,0.4407385698158833,0.22460673390655922,1.0,60800.25368028647
Eastern,Admin region,pasture,2007-12,2007,12,0.5478327202665189,0.306314199122538,0.9999892306859567,14882.637672862968
Central,Admin region,pasture,2007-12,2007,12,0.705989441589738,0.4694786296116145,0.9999977354910179,23592.281274019017
Western,Admin region,pasture,2007-12,2007,12,0.6896229320305116,0.4622577058759371,0.9940210664640209,24630.704160004552
Uganda (national),Reference,pasture,2008-01,2008,1,0.48248097089762915,0.2691072326345781,0.998029853768119,123950.34640055617
Karamoja,Focus region,pasture,2008-01,2008,1,0.30106185046114675,0.1468502644001643,1.0,24765.78560836989
Lake Victoria basin,Focus region,pasture,2008-01,2008,1,0.6639440851612244,0.42250665658770725,0.9993420165520789,20187.901015491654
Northern,Admin region,pasture,2008-01,2008,1,0.36413468716101605,0.17526631872107248,1.0,60800.25368028647
Eastern,Admin region,pasture,2008-01,2008,1,0.4695142374734386,0.25966912925804647,0.9999676920578702,14882.637672862968
Central,Admin region,pasture,2008-01,2008,1,0.6532360620173177,0.3992235938084866,0.9998075167365197,23592.281274019017
Western,Admin region,pasture,2008-01,2008,1,0.6203292044917293,0.38302751374969196,0.9897345808379323,24630.704160004552
Uganda (national),Reference,pasture,2008-02,2008,2,0.4614229655571106,0.25511467764895956,0.9997830163571133,123950.34640055617
Karamoja,Focus region,pasture,2008-02,2008,2,0.27869915394214695,0.14090865499091482,1.0,24765.78560836989
Lake Victoria basin,Focus region,pasture,2008-02,2008,2,0.6474333407162659,0.3967682312630928,0.9998289400780404,20187.901015491654
Northern,Admin region,pasture,2008-02,2008,2,0.34330085696603263,0.17045102459151049,1.0,60800.25368028647
Eastern,Admin region,pasture,2008-02,2008,2,0.44784564222874673,0.24660209155423274,1.0,14882.637672862968
Central,Admin region,pasture,2008-02,2008,2,0.6342764153887329,0.37488724152362596,0.9998596004431085,23592.281274019017
Western,Admin region,pasture,2008-02,2008,2,0.5960480528875195,0.35483029614183453,0.9990155783208149,24630.704160004552
Uganda (national),Reference,pasture,2008-03,2008,3,0.5026695903571218,0.3004327084896901,0.9962758629327665,123950.34640055617
Karamoja,Focus region,pasture,2008-03,2008,3,0.31397740761067533,0.1618539943096619,1.0,24765.78560836989
Lake Victoria basin,Focus region,pasture,2008-03,2008,3,0.6340006236353681,0.4337511541074853,0.9932406268051489,20187.901015491654
Northern,Admin region,pasture,2008-03,2008,3,0.4088107261195841,0.21864842663059308,1.0,60800.25368028647
Eastern,Admin region,pasture,2008-03,2008,3,0.48238250590951937,0.26693023371091873,0.9997648629379547,14882.637672862968
Central,Admin region,pasture,2008-03,2008,3,0.6321295873206966,0.4187008293469964,0.9981487683473292,23592.281274019017
Western,Admin region,pasture,2008-03,2008,3,0.6249553732441149,0.4113759946890523,0.9829856460223891,24630.704160004552
Uganda (national),Reference,pasture,2008-04,2008,4,0.6249746878510449,0.3960571358360112,0.9853327711737949,123950.34640055617
Karamoja,Focus region,pasture,2008-04,2008,4,0.4016792008024259,0.22978977483563087,0.9999633263993015,24765.78560836989
Lake Victoria basin,Focus region,pasture,2008-04,2008,4,0.724786937932227,0.485095751885137,0.9365058426308704,20187.901015491654
Northern,Admin region,pasture,2008-04,2008,4,0.5445460437532759,0.33275414101575446,0.9999833042353206,60800.25368028647
Eastern,Admin region,pasture,2008-04,2008,4,0.6193424275418773,0.38177396900892896,0.9992569173310148,14882.637672862968
Central,Admin region,pasture,2008-04,2008,4,0.7434784430819136,0.48991767649561097,0.958894659597811,23592.281274019017
Western,Admin region,pasture,2008-04,2008,4,0.721325524091635,0.47734064185649683,0.9658950778754426,24630.704160004552
Uganda (national),Reference,pasture,2008-05,2008,5,0.6673063180930638,0.4251518937786838,0.9970112070944406,123950.34640055617
Karamoja,Focus region,pasture,2008-05,2008,5,0.44277665384887654,0.2455897089514801,0.9995361868146959,24765.78560836989
Lake Victoria basin,Focus region,pasture,2008-05,2008,5,0.7234031865643406,0.48885055441195685,0.9950001269743459,20187.901015491654
Northern,Admin region,pasture,2008-05,2008,5,0.6089968442781436,0.3697812966119501,0.999772410365686,60800.25368028647
Eastern,Admin region,pasture,2008-05,2008,5,0.686692166927633,0.4420575965953829,0.9935480124527055,14882.637672862968
Central,Admin region,pasture,2008-05,2008,5,0.7572233357797621,0.5148466351479143,0.9961443049202018,23592.281274019017
Western,Admin region,pasture,2008-05,2008,5,0.7141036126698685,0.4662435656380104,0.9930050022948885,24630.704160004552
Uganda (national),Reference,pasture,2008-06,2008,6,0.6561979159005521,0.40449650886796595,0.9987675170195962,123950.34640055617
Karamoja,Focus region,pasture,2008-06,2008,6,0.5307662196284665,0.30373485970837677,0.9995405013559545,24765.78560836989
Lake Victoria basin,Focus region,pasture,2008-06,2008,6,0.6475187973744361,0.39854277673938526,0.9995970860638135,20187.901015491654
Northern,Admin region,pasture,2008-06,2008,6,0.6347211280507802,0.38552837242171206,0.9998101955173289,60800.25368028647
Eastern,Admin region,pasture,2008-06,2008,6,0.6543874792328209,0.4062790366287957,0.9977460881522554,14882.637672862968
Central,Admin region,pasture,2008-06,2008,6,0.7130768662335546,0.44680182450081957,0.9996263560179499,23592.281274019017
Western,Admin region,pasture,2008-06,2008,6,0.6557653792063023,0.40962726348675577,0.9958771962110229,24630.704160004552
Uganda (national),Reference,pasture,2008-07,2008,7,0.6620309405747845,0.39396964342551744,0.9943557512324199,123950.34640055617
Karamoja,Focus region,pasture,2008-07,2008,7,0.6198861192589743,0.36487002775555977,0.9966247174535944,24765.78560836989
Lake Victoria basin,Focus region,pasture,2008-07,2008,7,0.5830938375641458,0.346159987428217,0.9975958520620494,20187.901015491654
Northern,Admin region,pasture,2008-07,2008,7,0.6805481120956905,0.4079210573524812,0.9984665913630821,60800.25368028647
Eastern,Admin region,pasture,2008-07,2008,7,0.6519843493341645,0.3798920688960212,0.9846788699653193,14882.637672862968
Central,Admin region,pasture,2008-07,2008,7,0.6658367173476198,0.39950468916102727,0.9982378745556689,23592.281274019017
Western,Admin region,pasture,2008-07,2008,7,0.6180693046550274,0.36222418290963837,0.9859110962905553,24630.704160004552
Uganda (national),Reference,pasture,2008-08,2008,8,0.662436622539032,0.4043786311539524,0.9962388944101086,123950.34640055617
Karamoja,Focus region,pasture,2008-08,2008,8,0.6183899707423621,0.37368730962109453,0.9985869877377945,24765.78560836989
Lake Victoria basin,Focus region,pasture,2008-08,2008,8,0.5902272735658207,0.3388131456905209,0.9968374618468556,20187.901015491654
Northern,Admin region,pasture,2008-08,2008,8,0.6766322312610571,0.4166014298788271,0.9991155690031872,60800.25368028647
Eastern,Admin region,pasture,2008-08,2008,8,0.6474762352513511,0.3930468638310501,0.9952213526920082,14882.637672862968
Central,Admin region,pasture,2008-08,2008,8,0.6623316464592665,0.40634445426252863,0.9946149976405149,23592.281274019017
Western,Admin region,pasture,2008-08,2008,8,0.6363863125499931,0.3790604006431232,0.9909083811182425,24630.704160004552
Uganda (national),Reference,pasture,2008-09,2008,9,0.6586231319837387,0.4139114403258528,0.995939229806781,123950.34640055617
Karamoja,Focus region,pasture,2008-09,2008,9,0.5645234532277861,0.3226693396634466,0.9997713293132919,24765.78560836989
Lake Victoria basin,Focus region,pasture,2008-09,2008,9,0.6463101557849735,0.44073222188371314,0.9935197628071478,20187.901015491654
Northern,Admin region,pasture,2008-09,2008,9,0.6429169723899476,0.3848105949892501,0.9998989466874667,60800.25368028647
Eastern,Admin region,pasture,2008-09,2008,9,0.6582367233350358,0.38118162692834423,0.9949760516499118,14882.637672862968
Central,Admin region,pasture,2008-09,2008,9,0.6919018853795375,0.45941713653590044,0.9931660493481974,23592.281274019017
Western,Admin region,pasture,2008-09,2008,9,0.666169728241149,0.4626263872950233,0.9890172915234763,24630.704160004552
Uganda (national),Reference,pasture,2008-10,2008,10,0.6707606138019946,0.4367491893653976,0.9579145172511586,123950.34640055617
Karamoja,Focus region,pasture,2008-10,2008,10,0.561973387032101,0.331973200219556,0.9986952488838471,24765.78560836989
Lake Victoria basin,Focus region,pasture,2008-10,2008,10,0.7215504903277276,0.5143441086897056,0.8233397154676663,20187.901015491654
Northern,Admin region,pasture,2008-10,2008,10,0.6284212043319733,0.3866034613708786,0.9992906832805274,60800.25368028647
Eastern,Admin region,pasture,2008-10,2008,10,0.6623612858123757,0.4293210563582714,0.9924254416808914,14882.637672862968
Central,Admin region,pasture,2008-10,2008,10,0.7456063760129238,0.5107314188048557,0.8530709135072748,23592.281274019017
Western,Admin region,pasture,2008-10,2008,10,0.7225980935672855,0.5091981156377379,0.9346245487999965,24630.704160004552
Uganda (national),Reference,pasture,2008-11,2008,11,0.6504497325118191,0.3992165032418071,0.9979152430654166,123950.34640055617
Karamoja,Focus region,pasture,2008-11,2008,11,0.529094669012885,0.3094013018070763,1.0,24765.78560836989
Lake Victoria basin,Focus region,pasture,2008-11,2008,11,0.7399010985675348,0.49063638423687594,0.9967585893474986,20187.901015491654
Northern,Admin region,pasture,2008-11,2008,11,0.5876197743925945,0.3387164886528349,0.9999964851021728,60800.25368028647
Eastern,Admin region,pasture,2008-11,2008,11,0.6274460270440076,0.3837977997228574,0.9994974320113144,14882.637672862968
Central,Admin region,pasture,2008-11,2008,11,0.7488496395706378,0.4729678496385576,0.9976177365508081,23592.281274019017
Western,Admin region,pasture,2008-11,2008,11,0.7261148894099191,0.48809623953757547,0.9918842797396514,24630.704160004552
Uganda (national),Reference,pasture,2008-12,2008,12,0.5355846138856882,0.3121716500891623,0.9970397460975292,123950.34640055617
Karamoja,Focus region,pasture,2008-12,2008,12,0.3932874495083412,0.22516082949898256,1.0,24765.78560836989
Lake Victoria basin,Focus region,pasture,2008-12,2008,12,0.7030114958846885,0.438477133183446,0.9968306123929637,20187.901015491654
Northern,Admin region,pasture,2008-12,2008,12,0.4336348549651669,0.23702107994532753,1.0,60800.25368028647
Eastern,Admin region,pasture,2008-12,2008,12,0.5229336902350881,0.3000797590237869,0.9998635886887853,14882.637672862968
Central,Admin region,pasture,2008-12,2008,12,0.6802863030105447,0.41626437137746186,0.9987511277365736,23592.281274019017
Western,Admin region,pasture,2008-12,2008,12,0.658319154650513,0.40680510615968807,0.9860095197451734,24630.704160004552
Uganda (national),Reference,pasture,2009-01,2009,1,0.4557323206700129,0.2440094453218861,0.9977170656857591,123950.34640055617
Karamoja,Focus region,pasture,2009-01,2009,1,0.2992867579114879,0.15267561223869203,1.0,24765.78560836989
Lake Victoria basin,Focus region,pasture,2009-01,2009,1,0.6082369896059145,0.3520513779591068,0.9976008853728633,20187.901015491654
Northern,Admin region,pasture,2009-01,2009,1,0.3565212347829519,0.17353283227672214,1.0,60800.25368028647
Eastern,Admin region,pasture,2009-01,2009,1,0.45246011603590386,0.24944950443380573,0.9999964102286523,14882.637672862968
Central,Admin region,pasture,2009-01,2009,1,0.591883289037033,0.3377612260612409,0.9987205524251013,23592.281274019017
Western,Admin region,pasture,2009-01,2009,1,0.5738222260711194,0.32601819881858624,0.9892182213346409,24630.704160004552
Uganda (national),Reference,pasture,2009-02,2009,2,0.5092875549187384,0.2777615134356758,0.9971756325898478,123950.34640055617
Karamoja,Focus region,pasture,2009-02,2009,2,0.306347920562849,0.1475588373712265,1.0,24765.78560836989
Lake Victoria basin,Focus region,pasture,2009-02,2009,2,0.6676207168455666,0.4065914406317696,0.9974040984869691,20187.901015491654
Northern,Admin region,pasture,2009-02,2009,2,0.4029931068187755,0.19783738068873152,1.0,60800.25368028647
Eastern,Admin region,pasture,2009-02,2009,2,0.48849434845850953,0.27036774524279744,0.9999928204573045,14882.637672862968
Central,Admin region,pasture,2009-02,2009,2,0.6685400690682125,0.3938912140577169,0.9998460133892157,23592.281274019017
Western,Admin region,pasture,2009-02,2009,2,0.6338082660940326,0.36986766180019887,0.9854151087666784,24630.704160004552
Uganda (national),Reference,pasture,2009-03,2009,3,0.49385527510799937,0.2823701806101094,0.9985066853383822,123950.34640055617
Karamoja,Focus region,pasture,2009-03,2009,3,0.2718608238655457,0.13725230999946822,1.0,24765.78560836989
Lake Victoria basin,Focus region,pasture,2009-03,2009,3,0.6519542405122771,0.41733065115690465,0.9985820592648583,20187.901015491654
Northern,Admin region,pasture,2009-03,2009,3,0.3898860979748928,0.1975463411467794,0.9999973638266295,60800.25368028647
Eastern,Admin region,pasture,2009-03,2009,3,0.4430486530114597,0.24471901926146483,0.9990379412788019,14882.637672862968
Central,Admin region,pasture,2009-03,2009,3,0.6519981792063576,0.4036630600197535,0.9984782499640142,23592.281274019017
Western,Admin region,pasture,2009-03,2009,3,0.6308904141388918,0.39926468509200375,0.9942481608717119,24630.704160004552
Uganda (national),Reference,pasture,2009-04,2009,4,0.6302925044777942,0.38038348585703396,0.9961140726130173,123950.34640055617
Karamoja,Focus region,pasture,2009-04,2009,4,0.4605080815896918,0.2504828355825636,0.9991384707094974,24765.78560836989
Lake Victoria basin,Focus region,pasture,2009-04,2009,4,0.6890478219568427,0.4380449812235616,0.9962465926691105,20187.901015491654
Northern,Admin region,pasture,2009-04,2009,4,0.5721245896539042,0.32916798984591594,0.9996417457619472,60800.25368028647
Eastern,Admin region,pasture,2009-04,2009,4,0.6328499386742873,0.37065925859159327,0.9963312536825951,14882.637672862968
Central,Admin region,pasture,2009-04,2009,4,0.7151510353413575,0.4409397289516604,0.9988499224911858,23592.281274019017
Western,Admin region,pasture,2009-04,2009,4,0.6922022011267228,0.45593303529894125,0.9842599622445553,24630.704160004552
Uganda (national),Reference,pasture,2009-05,2009,5,0.6847809144176852,0.43401606450817315,0.9975547513734163,123950.34640055617
Karamoja,Focus region,pasture,2009-05,2009,5,0.6034177739169341,0.3537913297990925,0.9998425192440595,24765.78560836989
Lake Victoria basin,Focus region,pasture,2009-05,2009,5,0.6931105602429731,0.4500273178161046,0.9970048687267394,20187.901015491654
Northern,Admin region,pasture,2009-05,2009,5,0.6612326707762247,0.40762635150946847,0.999758299084703,60800.25368028647
Eastern,Admin region,pasture,2009-05,2009,5,0.687091182790845,0.4337902303801952,0.997002456459417,14882.637672862968
Central,Admin region,pasture,2009-05,2009,5,0.7252965334839693,0.46987538558211783,0.997393550161578,23592.281274019017
Western,Admin region,pasture,2009-05,2009,5,0.7034708842646747,0.4656269329837596,0.9922254742441573,24630.704160004552
Uganda (national),Reference,pasture,2009-06,2009,6,0.6302677433475591,0.39313338495316796,0.9995442954730682,123950.34640055617
Karamoja,Focus region,pasture,2009-06,2009,6,0.5421823550913311,0.3171568698126684,1.0,24765.78560836989
Lake Victoria basin,Focus region,pasture,2009-06,2009,6,0.5965806642466064,0.3762202781140996,0.9992099777613799,20187.901015491654
Northern,Admin region,pasture,2009-06,2009,6,0.6161187781175059,0.37854550873450066,0.9999929702043455,60800.25368028647
Eastern,Admin region,pasture,2009-06,2009,6,0.6406104986005002,0.3890181068765059,0.9980004973593009,14882.637672862968
Central,Admin region,pasture,2009-06,2009,6,0.6521118055801431,0.4185537185657489,0.9992957377065602,23592.281274019017
Western,Admin region,pasture,2009-06,2009,6,0.6384092417386414,0.4075569547333378,0.999610355059274,24630.704160004552
Uganda (national),Reference,pasture,2009-07,2009,7,0.569837266097525,0.3318925967468866,0.9977132658943034,123950.34640055617
Karamoja,Focus region,pasture,2009-07,2009,7,0.48069716020698616,0.270209106805034,0.9988695901902357,24765.78560836989
Lake Victoria basin,Focus region,pasture,2009-07,2009,7,0.4913854653621152,0.2863253654827957,0.9997406547685633,20187.901015491654
Northern,Admin region,pasture,2009-07,2009,7,0.5812968704729609,0.33561474979344047,0.999535154762347,60800.25368028647
Eastern,Admin region,pasture,2009-07,2009,7,0.5829596228381277,0.3360743901238119,0.9932626326693264,14882.637672862968
Central,Admin region,pasture,2009-07,2009,7,0.5638515992725468,0.32840907881510106,0.9997848716466985,23592.281274019017
Western,Admin region,pasture,2009-07,2009,7,0.5393120101604365,0.3237305198800972,0.9935070291112014,24630.704160004552
Uganda (national),Reference,pasture,2009-08,2009,8,0.5761450625404148,0.340604841419266,0.9977586706977246,123950.34640055617
Karamoja,Focus region,pasture,2009-08,2009,8,0.41654643629747157,0.2343246758961763,0.999946068234267,24765.78560836989
Lake Victoria basin,Focus region,pasture,2009-08,2009,8,0.5090037301784186,0.29484768228837466,0.9981837842769892,20187.901015491654
Northern,Admin region,pasture,2009-08,2009,8,0.5745304697048553,0.3420119365865987,0.9998931884577911,60800.25368028647
Eastern,Admin region,pasture,2009-08,2009,8,0.5814576234787456,0.3289294444623155,0.995166295453808,14882.637672862968
Central,Admin region,pasture,2009-08,2009,8,0.579401599108142,0.3427884916736586,0.9981997153592134,23592.281274019017
Western,Admin region,pasture,2009-08,2009,8,0.5736931169888166,0.34195811786961,0.9933941028486908,24630.704160004552
Uganda (national),Reference,pasture,2009-09,2009,9,0.6107285851036179,0.3719362643675616,0.9972039805891844,123950.34640055617
Karamoja,Focus region,pasture,2009-09,2009,9,0.4078016003340623,0.22144276253727188,0.9999978427293706,24765.78560836989
Lake Victoria basin,Focus region,pasture,2009-09,2009,9,0.5989151210704736,0.367832827889393,0.9980940979428528,20187.901015491654
Northern,Admin region,pasture,2009-09,2009,9,0.5755072718583911,0.3450560073462813,0.9998367261039679,60800.25368028647
Eastern,Admin region,pasture,2009-09,2009,9,0.6166926460002718,0.3692471575005521,0.9926251174330347,14882.637672862968
Central,Admin region,pasture,2009-09,2009,9,0.6565365823178315,0.39598550150958434,0.9984759854550321,23592.281274019017
Western,Admin region,pasture,2009-09,2009,9,0.6504204178748649,0.41697158891192065,0.9920390302287937,24630.704160004552
Uganda (national),Reference,pasture,2009-10,2009,10,0.6293426990399041,0.38575587601838834,0.8915884897183736,123950.34640055617
Karamoja,Focus region,pasture,2009-10,2009,10,0.41948094922038703,0.22466308519215106,0.9727762006249501,24765.78560836989
Lake Victoria basin,Focus region,pasture,2009-10,2009,10,0.6949950805717966,0.46204888354387647,0.6178954208152434,20187.901015491654
Northern,Admin region,pasture,2009-10,2009,10,0.5778976312320061,0.3361759986419063,0.9795334288096745,60800.25368028647
Eastern,Admin region,pasture,2009-10,2009,10,0.6342369536887837,0.3727707920819777,0.9733698373193053,14882.637672862968
Central,Admin region,pasture,2009-10,2009,10,0.7183434003530474,0.4692622350786312,0.7729220281691952,23592.281274019017
Western,Admin region,pasture,2009-10,2009,10,0.7044062927038829,0.4745273620850202,0.737432761941699,24630.704160004552
Uganda (national),Reference,pasture,2009-11,2009,11,0.6149343313513136,0.37967827415475297,0.9618568228606613,123950.34640055617
Karamoja,Focus region,pasture,2009-11,2009,11,0.38310537920422816,0.19691876869734956,1.0,24765.78560836989
Lake Victoria basin,Focus region,pasture,2009-11,2009,11,0.7367001404724689,0.4990313175932514,0.845766363446532,20187.901015491654
Northern,Admin region,pasture,2009-11,2009,11,0.5272955213389366,0.29846538071307105,0.9999876978576047,60800.25368028647
Eastern,Admin region,pasture,2009-11,2009,11,0.621420871541827,0.3778460651809086,0.9894269690230184,14882.637672862968
Central,Admin region,pasture,2009-11,2009,11,0.7404670479333342,0.494726651385491,0.9460007585838676,23592.281274019017
Western,Admin region,pasture,2009-11,2009,11,0.7285554782204173,0.49164257606008754,0.8659594099495606,24630.704160004552
Uganda (national),Reference,pasture,2009-12,2009,12,0.5795501616623825,0.35501684524576627,0.9943422896936497,123950.34640055617
Karamoja,Focus region,pasture,2009-12,2009,12,0.34308087911679785,0.16670270967107487,1.0,24765.78560836989
Lake Victoria basin,Focus region,pasture,2009-12,2009,12,0.7306153193822478,0.5263457018980202,0.9871119741561386,20187.901015491654
Northern,Admin region,pasture,2009-12,2009,12,0.46719661352120384,0.24479977219568116,1.0,60800.25368028647
Eastern,Admin region,pasture,2009-12,2009,12,0.5960638011440067,0.34699242390419255,0.9988403912343978,14882.637672862968
Central,Admin region,pasture,2009-12,2009,12,0.7250410827032459,0.5073244178637831,0.9938926991990644,23592.281274019017
Western,Admin region,pasture,2009-12,2009,12,0.711121813254416,0.4898000313944272,0.9774476999188889,24630.704160004552
Uganda (national),Reference,pasture,2010-01,2010,1,0.5783228857201879,0.3265418496097211,0.9992998089801901,123950.34640055617
Karamoja,Focus region,pasture,2010-01,2010,1,0.43562992978194043,0.2220824470773504,1.0,24765.78560836989
Lake Victoria basin,Focus region,pasture,2010-01,2010,1,0.7279395184523196,0.4607370602690999,0.9999867681004369,20187.901015491654
Northern,Admin region,pasture,2010-01,2010,1,0.4761722880727419,0.23996947142625344,1.0,60800.25368028647
Eastern,Admin region,pasture,2010-01,2010,1,0.6078804414461495,0.34420982340506995,1.0,14882.637672862968
Central,Admin region,pasture,2010-01,2010,1,0.7048057269352404,0.43534208164174776,0.9999886774550893,23592.281274019017
Western,Admin region,pasture,2010-01,2010,1,0.6919992495961196,0.4257307739698828,0.9962784859282913,24630.704160004552
Uganda (national),Reference,pasture,2010-02,2010,2,0.5277300517345838,0.28806808715626875,0.9979468601024205,123950.34640055617
Karamoja,Focus region,pasture,2010-02,2010,2,0.3858725393737635,0.19231184708734508,1.0,24765.78560836989
Lake Victoria basin,Focus region,pasture,2010-02,2010,2,0.6974456748763078,0.4251444568336258,0.9988155737527555,20187.901015491654
Northern,Admin region,pasture,2010-02,2010,2,0.431427383851692,0.21137848944453969,1.0,60800.25368028647
Eastern,Admin region,pasture,2010-02,2010,2,0.5187369857589301,0.28053050400982593,0.9999784613719135,14882.637672862968
Central,Admin region,pasture,2010-02,2010,2,0.6685784430189688,0.3939711159889754,0.9995221886047724,23592.281274019017
Western,Admin region,pasture,2010-02,2010,2,0.6370137560127807,0.38143377305850307,0.9897782253583409,24630.704160004552
Uganda (national),Reference,pasture,2010-03,2010,3,0.6245010521551762,0.38395346850633005,0.9926032022218502,123950.34640055617
Karamoja,Focus region,pasture,2010-03,2010,3,0.524173166014353,0.3014924463833004,1.0,24765.78560836989
Lake Victoria basin,Focus region,pasture,2010-03,2010,3,0.7035476475197084,0.48519314125233204,0.9725661936672503,20187.901015491654
Northern,Admin region,pasture,2010-03,2010,3,0.574576930137712,0.32472045788738285,0.9999991212755431,60800.25368028647
Eastern,Admin region,pasture,2010-03,2010,3,0.618184600949823,0.36243734735363425,0.999954135391957,14882.637672862968
Central,Admin region,pasture,2010-03,2010,3,0.698404058664456,0.4640700358164309,0.992274632047706,23592.281274019017
Western,Admin region,pasture,2010-03,2010,3,0.6834276118120265,0.4698419158743571,0.969696548776588,24630.704160004552
Uganda (national),Reference,pasture,2010-04,2010,4,0.6578565563619948,0.42965460541306894,0.9866585028620518,123950.34640055617
Karamoja,Focus region,pasture,2010-04,2010,4,0.5404880725735711,0.3174015814070035,0.998750940305623,24765.78560836989
Lake Victoria basin,Focus region,pasture,2010-04,2010,4,0.7224876162165722,0.5139623369085611,0.9497382195801458,20187.901015491654
Northern,Admin region,pasture,2010-04,2010,4,0.6044342332482693,0.36753552182503446,0.9994736612802615,60800.25368028647
Eastern,Admin region,pasture,2010-04,2010,4,0.6647234711700042,0.41835487071243666,0.9951057761321453,14882.637672862968
Central,Admin region,pasture,2010-04,2010,4,0.730759224984938,0.5131133235711735,0.9793719038889461,23592.281274019017
Western,Admin region,pasture,2010-04,2010,4,0.7205691869579425,0.5157659162238271,0.9565439735640264,24630.704160004552
Uganda (national),Reference,pasture,2010-05,2010,5,0.7197564205834386,0.4644230979244247,0.9983637570617191,123950.34640055617
Karamoja,Focus region,pasture,2010-05,2010,5,0.6447811254897926,0.38560923995811064,1.0,24765.78560836989
Lake Victoria basin,Focus region,pasture,2010-05,2010,5,0.7442747008388491,0.5013863958220012,0.9974352012344129,20187.901015491654
Northern,Admin region,pasture,2010-05,2010,5,0.6944310545682355,0.42893509636024685,0.9999973638266295,60800.25368028647
Eastern,Admin region,pasture,2010-05,2010,5,0.7097918186140254,0.44017017192481583,0.9984599880918134,14882.637672862968
Central,Admin region,pasture,2010-05,2010,5,0.7596015683503383,0.5091059098273912,0.9993297053412921,23592.281274019017
Western,Admin region,pasture,2010-05,2010,5,0.7509573920902355,0.5247037602075497,0.9933275600532994,24630.704160004552
Uganda (national),Reference,pasture,2010-06,2010,6,0.6855943946944097,0.4385977633189478,0.9979973172086274,123950.34640055617
Karamoja,Focus region,pasture,2010-06,2010,6,0.6207481087567613,0.379345132511258,0.9989968691573656,24765.78560836989
Lake Victoria basin,Focus region,pasture,2010-06,2010,6,0.6496519472685662,0.4209263084936616,0.9981925225196812,20187.901015491654
Northern,Admin region,pasture,2010-06,2010,6,0.6790962701091153,0.4258474069688965,0.9994098176410012,60800.25368028647
Eastern,Admin region,pasture,2010-06,2010,6,0.6850031098373374,0.4334381266199258,0.9956180435422373,14882.637672862968
Central,Admin region,pasture,2010-06,2010,6,0.6976986556209634,0.4522219302835377,0.9983215193011694,23592.281274019017
Western,Admin region,pasture,2010-06,2010,6,0.6905737724315433,0.46037128279232403,0.9951653592718505,24630.704160004552
Uganda (national),Reference,pasture,2010-07,2010,7,0.6426002529800364,0.3829267912431576,0.9971882202441951,123950.34640055617
Karamoja,Focus region,pasture,2010-07,2010,7,0.5990200835478923,0.35610759992994956,0.9995340295440666,24765.78560836989
Lake Victoria basin,Focus region,pasture,2010-07,2010,7,0.5444603421631533,0.32163551801513324,0.9984624532707683,20187.901015491654
Northern,Admin region,pasture,2010-07,2010,7,0.6633791057220046,0.39855264816862024,0.9996452847816223,60800.25368028647
Eastern,Admin region,pasture,2010-07,2010,7,0.658527464569407,0.38946415840889503,0.9889550900599724,14882.637672862968
Central,Admin region,pasture,2010-07,2010,7,0.6275683001816262,0.3672539981604001,0.9985412299549993,23592.281274019017
Western,Admin region,pasture,2010-07,2010,7,0.5960261750676527,0.355298715345496,0.9946165492042718,24630.704160004552
Uganda (national),Reference,pasture,2010-08,2010,8,0.6283142781362112,0.3856815053078173,0.997512211626275,123950.34640055617
Karamoja,Focus region,pasture,2010-08,2010,8,0.582500174063329,0.3525970246343544,0.9980562991629816,24765.78560836989
Lake Victoria basin,Focus region,pasture,2010-08,2010,8,0.5180268312400215,0.298461588214689,0.9981617830008531,20187.901015491654
Northern,Admin region,pasture,2010-08,2010,8,0.6548601272130334,0.4051056165407448,0.99903111841392,60800.25368028647
Eastern,Admin region,pasture,2010-08,2010,8,0.6402394686218439,0.39581676642618824,0.993235800888194,14882.637672862968
Central,Admin region,pasture,2010-08,2010,8,0.6102270180402853,0.3664836477325856,0.9984149236363613,23592.281274019017
Western,Admin region,pasture,2010-08,2010,8,0.5726965175513918,0.34969892643985834,0.9949903558879328,24630.704160004552
Uganda (national),Reference,pasture,2010-09,2010,9,0.6338605193993502,0.4012904198156404,0.997567697371086,123950.34640055617
Karamoja,Focus region,pasture,2010-09,2010,9,0.5437252953715911,0.3114053005552157,1.0,24765.78560836989
Lake Victoria basin,Focus region,pasture,2010-09,2010,9,0.5863815241813894,0.39762472725172854,0.9985592277518867,20187.901015491654
Northern,Admin region,pasture,2010-09,2010,9,0.6230272464004061,0.38357961925675577,1.0,60800.25368028647
Eastern,Admin region,pasture,2010-09,2010,9,0.6347863700416354,0.3869435983509854,0.9944168497391396,14882.637672862968
Central,Admin region,pasture,2010-09,2010,9,0.6491528482300476,0.43373391435293185,0.998752255550851,23592.281274019017
Western,Admin region,pasture,2010-09,2010,9,0.6453461576193829,0.4225447713770078,0.9919245133357402,24630.704160004552
Uganda (national),Reference,pasture,2010-10,2010,10,0.6525989900877697,0.4104891360830947,0.9741385196227152,123950.34640055617
Karamoja,Focus region,pasture,2010-10,2010,10,0.5019184424559789,0.2827069456045523,0.9833899552014415,24765.78560836989
Lake Victoria basin,Focus region,pasture,2010-10,2010,10,0.7005708352939218,0.47818080317954975,0.9411021167749489,20187.901015491654
Northern,Admin region,pasture,2010-10,2010,10,0.5962803366105781,0.35933810938835303,0.9907502672433678,60800.25368028647
Eastern,Admin region,pasture,2010-10,2010,10,0.657399680325763,0.3964458912311992,0.9837982075497399,14882.637672862968
Central,Admin region,pasture,2010-10,2010,10,0.7245382153245792,0.4737488835443626,0.9853541860332136,23592.281274019017
Western,Admin region,pasture,2010-10,2010,10,0.7256825490682456,0.4909260416543876,0.9156846387305045,24630.704160004552
Uganda (national),Reference,pasture,2010-11,2010,11,0.6231060493974644,0.3956696982931404,0.9962838242395982,123950.34640055617
Karamoja,Focus region,pasture,2010-11,2010,11,0.39899649265188325,0.21392312039780748,1.0,24765.78560836989
Lake Victoria basin,Focus region,pasture,2010-11,2010,11,0.7262973954947444,0.5155787313825252,0.9927360815023575,20187.901015491654
Northern,Admin region,pasture,2010-11,2010,11,0.5348973766678948,0.3074773703806739,1.0,60800.25368028647
Eastern,Admin region,pasture,2010-11,2010,11,0.6239249552733707,0.3805761237913818,0.9969505807440582,14882.637672862968
Central,Admin region,pasture,2010-11,2010,11,0.7327309824106477,0.4982989410671225,0.9947262605151698,23592.281274019017
Western,Admin region,pasture,2010-11,2010,11,0.737047005527758,0.5260728126545655,0.9876968385095158,24630.704160004552
Uganda (national),Reference,pasture,2010-12,2010,12,0.5576139015270369,0.32102919557556636,0.9991959401256651,123950.34640055617
Karamoja,Focus region,pasture,2010-12,2010,12,0.3311916992138888,0.15750683181467295,1.0,24765.78560836989
Lake Victoria basin,Focus region,pasture,2010-12,2010,12,0.7032616179938884,0.4612928581778055,0.9999576579213981,20187.901015491654
Northern,Admin region,pasture,2010-12,2010,12,0.44601881130102444,0.22802602141551062,0.9999982425510864,60800.25368028647
Eastern,Admin region,pasture,2010-12,2010,12,0.5673318858807498,0.31666501722767737,0.9999706624176913,14882.637672862968
Central,Admin region,pasture,2010-12,2010,12,0.6940356426318671,0.42302518902870206,0.999968687613055,23592.281274019017
Western,Admin region,pasture,2010-12,2010,12,0.6969002968400655,0.45586790757491946,0.9958853960390628,24630.704160004552
Uganda (national),Reference,pasture,2011-01,2011,1,0.47881303982138207,0.26215150171480395,0.9994589117250215,123950.34640055617
Karamoja,Focus region,pasture,2011-01,2011,1,0.2978019872832021,0.14406839833966664,1.0,24765.78560836989
Lake Victoria basin,Focus region,pasture,2011-01,2011,1,0.6289204606897111,0.3818405328203653,0.999833278065505,20187.901015491654
Northern,Admin region,pasture,2011-01,2011,1,0.3730812892836135,0.18332721372529556,1.0,60800.25368028647
Eastern,Admin region,pasture,2011-01,2011,1,0.49897853998931413,0.27337756808265334,1.0,14882.637672862968
Central,Admin region,pasture,2011-01,2011,1,0.6051375401270501,0.3433187185712361,0.9998573359341263,23592.281274019017
Western,Admin region,pasture,2011-01,2011,1,0.6069826089790255,0.3723985610993125,0.9973515576156025,24630.704160004552
Uganda (national),Reference,pasture,2011-02,2011,2,0.41301961828469025,0.22132641138672923,0.9997361054975586,123950.34640055617
Karamoja,Focus region,pasture,2011-02,2011,2,0.2704853269380434,0.1306059488899106,1.0,24765.78560836989
Lake Victoria basin,Focus region,pasture,2011-02,2011,2,0.5437515319567845,0.3214384454231029,0.9998623882445438,20187.901015491654
Northern,Admin region,pasture,2011-02,2011,2,0.3305231951698326,0.16292832394161263,1.0,60800.25368028647
Eastern,Admin region,pasture,2011-02,2011,2,0.419122151449919,0.21787581241136003,1.0,14882.637672862968
Central,Admin region,pasture,2011-02,2011,2,0.5167677046337836,0.295840416050659,0.9998822455329297,23592.281274019017
Western,Admin region,pasture,2011-02,2011,2,0.5138966982502189,0.2964234941298575,0.998738383304041,24630.704160004552
Uganda (national),Reference,pasture,2011-03,2011,3,0.4709831441290158,0.25835411562553046,0.9918679239818251,123950.34640055617
Karamoja,Focus region,pasture,2011-03,2011,3,0.31974607009374967,0.1685666452510324,1.0,24765.78560836989
Lake Victoria basin,Focus region,pasture,2011-03,2011,3,0.5956654272679983,0.3460019835768681,0.962963114019943,20187.901015491654
Northern,Admin region,pasture,2011-03,2011,3,0.38830595207318946,0.20121623089618157,1.0,60800.25368028647
Eastern,Admin region,pasture,2011-03,2011,3,0.44964155345869494,0.24657404431616134,0.9997630750910482,14882.637672862968
Central,Admin region,pasture,2011-03,2011,3,0.5761803067336757,0.3244382286103204,0.9734433394499052,23592.281274019017
Western,Admin region,pasture,2011-03,2011,3,0.5918849313741859,0.34636469263273956,0.9842490574939874,24630.704160004552
Uganda (national),Reference,pasture,2011-04,2011,4,0.6033617053934576,0.36507506617847074,0.9956282249895396,123950.34640055617
Karamoja,Focus region,pasture,2011-04,2011,4,0.41306855307014323,0.22302871732235188,0.9999093946335685,24765.78560836989
Lake Victoria basin,Focus region,pasture,2011-04,2011,4,0.7295925815708023,0.48805233810934684,0.9852613658722243,20187.901015491654
Northern,Admin region,pasture,2011-04,2011,4,0.51202235312983,0.28438636273567164,0.9999571148005293,60800.25368028647
Eastern,Admin region,pasture,2011-04,2011,4,0.5886885670181814,0.346527544497855,1.0,14882.637672862968
Central,Admin region,pasture,2011-04,2011,4,0.7315267843484229,0.4831757179743849,0.99661740080849,23592.281274019017
Western,Admin region,pasture,2011-04,2011,4,0.7175555068167508,0.464564643122881,0.9810823757702023,24630.704160004552
Uganda (national),Reference,pasture,2011-05,2011,5,0.6841319452785248,0.43755889563401834,0.9976468844841339,123950.34640055617
Karamoja,Focus region,pasture,2011-05,2011,5,0.5454640758315558,0.3113152247820927,0.9995405013559545,24765.78560836989
Lake Victoria basin,Focus region,pasture,2011-05,2011,5,0.7422704537678922,0.49617281280422787,0.9994310283187869,20187.901015491654
Northern,Admin region,pasture,2011-05,2011,5,0.6319352023867811,0.38776883778538046,0.9998119529662425,60800.25368028647
Eastern,Admin region,pasture,2011-05,2011,5,0.6848234071702992,0.42656928962577156,0.9933204491043274,14882.637672862968
Central,Admin region,pasture,2011-05,2011,5,0.7528436144103459,0.5085177283312866,0.9995221886047724,23592.281274019017
Western,Admin region,pasture,2011-05,2011,5,0.747590950719184,0.49980721676568984,0.9926589423322512,24630.704160004552
Uganda (national),Reference,pasture,2011-06,2011,6,0.6877798220575686,0.4396572648653432,0.9975532757426594,123950.34640055617
Karamoja,Focus region,pasture,2011-06,2011,6,0.6063733715121609,0.36750891225067717,0.9987919284475801,24765.78560836989
Lake Victoria basin,Focus region,pasture,2011-06,2011,6,0.6826672336067701,0.43850118503636165,0.9964822035050172,20187.901015491654
Northern,Admin region,pasture,2011-06,2011,6,0.6661140350674811,0.4191942387212157,0.9993634244356601,60800.25368028647
Eastern,Admin region,pasture,2011-06,2011,6,0.6785682546025947,0.4242011387609274,0.9952230138411025,14882.637672862968
Central,Admin region,pasture,2011-06,2011,6,0.7263677317311377,0.46895014043252176,0.9971599327584695,23592.281274019017
Western,Admin region,pasture,2011-06,2011,6,0.7101857962115867,0.47176484618147646,0.9946334932472758,24630.704160004552
Uganda (national),Reference,pasture,2011-07,2011,7,0.6704542700738507,0.4081193827147413,0.9967993213924041,123950.34640055617
Karamoja,Focus region,pasture,2011-07,2011,7,0.6389942057740906,0.3718781230599767,0.9992708425272894,24765.78560836989
Lake Victoria basin,Focus region,pasture,2011-07,2011,7,0.5891002143489728,0.35629306090154805,0.9973735042595873,20187.901015491654
Northern,Admin region,pasture,2011-07,2011,7,0.686177683041637,0.41404946929665465,0.9990916918198096,60800.25368028647
Eastern,Admin region,pasture,2011-07,2011,7,0.6663071213800631,0.38908713345493195,0.9879913279570761,14882.637672862968
Central,Admin region,pasture,2011-07,2011,7,0.6553256103683911,0.4057835501036766,0.9977925655246552,23592.281274019017
Western,Admin region,pasture,2011-07,2011,7,0.6488736284333207,0.4071234003330294,0.9957878146829676,24630.704160004552
Uganda (national),Reference,pasture,2011-08,2011,8,0.6856140102521898,0.43739930837254787,0.994684676596377,123950.34640055617
Karamoja,Focus region,pasture,2011-08,2011,8,0.6438077423705117,0.40522009042346135,0.9979203911133343,24765.78560836989
Lake Victoria basin,Focus region,pasture,2011-08,2011,8,0.6446216229393419,0.4097287013650591,0.9985203311561514,20187.901015491654
Northern,Admin region,pasture,2011-08,2011,8,0.6923720717231383,0.4370356993436679,0.9980486493355534,60800.25368028647
Eastern,Admin region,pasture,2011-08,2011,8,0.6545960285980575,0.3994412953505966,0.9910302735272032,14882.637672862968
Central,Admin region,pasture,2011-08,2011,8,0.6901922050451395,0.4504141132684252,0.9953666725357411,23592.281274019017
Western,Admin region,pasture,2011-08,2011,8,0.6832635025163756,0.44893131428724214,0.987203913162086,24630.704160004552
Uganda (national),Reference,pasture,2011-09,2011,9,0.6879394514114064,0.4481495807626405,0.9827999312690748,123950.34640055617
Karamoja,Focus region,pasture,2011-09,2011,9,0.6205427487793458,0.3776780921232224,1.0,24765.78560836989
Lake Victoria basin,Focus region,pasture,2011-09,2011,9,0.6945607614088237,0.4848276033828263,0.9489556175832413,20187.901015491654
Northern,Admin region,pasture,2011-09,2011,9,0.6712285462046248,0.42107529607662963,0.9998048025613488,60800.25368028647
Eastern,Admin region,pasture,2011-09,2011,9,0.6578042951667261,0.41353919648344767,0.9888112458104378,14882.637672862968
Central,Admin region,pasture,2011-09,2011,9,0.7234975435055065,0.4969651349733344,0.9524945799865553,23592.281274019017
Western,Admin region,pasture,2011-09,2011,9,0.715695982371695,0.49243126536576437,0.965947245453627,24630.704160004552
Uganda (national),Reference,pasture,2011-10,2011,10,0.6773976929431365,0.4327388913404384,0.9217837590236488,123950.34640055617
Karamoja,Focus region,pasture,2011-10,2011,10,0.5485840629987351,0.3235881000013657,0.9689711474697598,24765.78560836989
Lake Victoria basin,Focus region,pasture,2011-10,2011,10,0.7408243247432179,0.5019529989745997,0.8093867240792041,20187.901015491654
Northern,Admin region,pasture,2011-10,2011,10,0.6292904145851671,0.39038421409589225,0.9820655439745299,60800.25368028647
Eastern,Admin region,pasture,2011-10,2011,10,0.6693696321056428,0.42474908442338444,0.9707911989787031,14882.637672862968
Central,Admin region,pasture,2011-10,2011,10,0.7604102566083581,0.4916766270410061,0.8489546933294041,23592.281274019017
Western,Admin region,pasture,2011-10,2011,10,0.7435617300211375,0.505796658043556,0.8123203879342047,24630.704160004552
Uganda (national),Reference,pasture,2011-11,2011,11,0.6830530445618143,0.431809592761314,0.9932383471674562,123950.34640055617
Karamoja,Focus region,pasture,2011-11,2011,11,0.5827289582186239,0.3227668041135505,0.9968569751314663,24765.78560836989
Lake Victoria basin,Focus region,pasture,2011-11,2011,11,0.7562316856969196,0.517657292129202,0.9861339862979995,20187.901015491654
Northern,Admin region,pasture,2011-11,2011,11,0.6274612096970883,0.36925133048445447,0.9987175516219692,60800.25368028647
Eastern,Admin region,pasture,2011-11,2011,11,0.6838098889761243,0.41716807083873986,0.9927688209072226,14882.637672862968
Central,Admin region,pasture,2011-11,2011,11,0.7613830068250947,0.5111851796928605,0.9931353763520241,23592.281274019017
Western,Admin region,pasture,2011-11,2011,11,0.7463909843535403,0.521012542487441,0.9794854167291683,24630.704160004552
Uganda (national),Reference,pasture,2011-12,2011,12,0.6399649912272113,0.39258610780048775,0.9990882275319181,123950.34640055617
Karamoja,Focus region,pasture,2011-12,2011,12,0.5491391194959484,0.2938429351074632,1.0,24765.78560836989
Lake Victoria basin,Focus region,pasture,2011-12,2011,12,0.7344205310949352,0.5136820634602991,0.9992797176555477,20187.901015491654
Northern,Admin region,pasture,2011-12,2011,12,0.567608420236166,0.3121948823926733,1.0,60800.25368028647
Eastern,Admin region,pasture,2011-12,2011,12,0.6485270846003754,0.3875158213736032,0.9999964102286523,14882.637672862968
Central,Admin region,pasture,2011-12,2011,12,0.7381863824913621,0.5015816085382161,0.9995742723113611,23592.281274019017
Western,Admin region,pasture,2011-12,2011,12,0.719852670708523,0.4902139128423569,0.9955248928108527,24630.704160004552
Uganda (national),Reference,pasture,2012-01,2012,1,0.5195905915201352,0.2945139651603414,0.9999346074145645,123950.34640055617
Karamoja,Focus region,pasture,2012-01,2012,1,0.39037657569605877,0.20017102192126257,1.0,24765.78560836989
Lake Victoria basin,Focus region,pasture,2012-01,2012,1,0.6587054555792766,0.4259466170541397,0.9996744952707478,20187.901015491654
Northern,Admin region,pasture,2012-01,2012,1,0.4247638946090696,0.21661371972050397,1.0,60800.25368028647
Eastern,Admin region,pasture,2012-01,2012,1,0.5372092212687891,0.3009888381775416,1.0,14882.637672862968
Central,Admin region,pasture,2012-01,2012,1,0.6439916780212351,0.40129013214497483,0.999721465395199,23592.281274019017
Western,Admin region,pasture,2012-01,2012,1,0.6240259647961368,0.3806857766477382,0.9999248065561471,24630.704160004552
Uganda (national),Reference,pasture,2012-02,2012,2,0.40637408490042587,0.21981008304454044,0.999937144552899,123950.34640055617
Karamoja,Focus region,pasture,2012-02,2012,2,0.287973115728797,0.13979837833821496,1.0,24765.78560836989
Lake Victoria basin,Focus region,pasture,2012-02,2012,2,0.5516579167075177,0.3339582481036902,0.9999894144803495,20187.901015491654
Northern,Admin region,pasture,2012-02,2012,2,0.32243056672434445,0.15428483810502944,1.0,60800.25368028647
Eastern,Admin region,pasture,2012-02,2012,2,0.3896251575413387,0.2259427901272559,1.0,14882.637672862968
Central,Admin region,pasture,2012-02,2012,2,0.5321903107607618,0.3101155520537054,0.9999909419640716,23592.281274019017
Western,Admin region,pasture,2012-02,2012,2,0.5035557967589092,0.2914864303372185,0.9996782418098837,24630.704160004552
Uganda (national),Reference,pasture,2012-03,2012,3,0.41994368848759417,0.22880109565885473,0.9994575239897965,123950.34640055617
Karamoja,Focus region,pasture,2012-03,2012,3,0.2695656610271859,0.135358272080454,1.0,24765.78560836989
Lake Victoria basin,Focus region,pasture,2012-03,2012,3,0.582708320238558,0.34548106416755,0.999812107026204,20187.901015491654
Northern,Admin region,pasture,2012-03,2012,3,0.328963737742625,0.16734463089053406,1.0,60800.25368028647
Eastern,Admin region,pasture,2012-03,2012,3,0.39925174549988973,0.22139445064860175,0.9999066659449584,14882.637672862968
Central,Admin region,pasture,2012-03,2012,3,0.5578489381931727,0.317734978971576,0.999832426335323,23592.281274019017
Western,Admin region,pasture,2012-03,2012,3,0.525448162435706,0.3001011204270204,0.9973386539442989,24630.704160004552
Uganda (national),Reference,pasture,2012-04,2012,4,0.6042673120890695,0.36863735655815916,0.9696344009859919,123950.34640055617
Karamoja,Focus region,pasture,2012-04,2012,4,0.4377152756729773,0.23153455169934148,0.9899884031052887,24765.78560836989
Lake Victoria basin,Focus region,pasture,2012-04,2012,4,0.7053585587757915,0.48234181184824515,0.8910970455845794,20187.901015491654
Northern,Admin region,pasture,2012-04,2012,4,0.5288473963196737,0.2973595798068235,0.9955095078210217,60800.25368028647
Eastern,Admin region,pasture,2012-04,2012,4,0.5912754469785881,0.34248890171745483,0.9798008352623663,14882.637672862968
Central,Admin region,pasture,2012-04,2012,4,0.7121955633852591,0.4605069678027874,0.9513379931244711,23592.281274019017
Western,Admin region,pasture,2012-04,2012,4,0.7075845072194266,0.4853078787123061,0.9161665827729557,24630.704160004552
Uganda (national),Reference,pasture,2012-05,2012,5,0.7443296241175847,0.4880283238547476,0.9969289098318023,123950.34640055617
Karamoja,Focus region,pasture,2012-05,2012,5,0.6971759329870525,0.4327293236350487,0.999952540046155,24765.78560836989
Lake Victoria basin,Focus region,pasture,2012-05,2012,5,0.763018722897423,0.5190342438934507,0.9966368973833601,20187.901015491654
Northern,Admin region,pasture,2012-05,2012,5,0.7278578451262189,0.46623638778309473,0.9999762744396661,60800.25368028647
Eastern,Admin region,pasture,2012-05,2012,5,0.701098496447452,0.43919388486623945,0.9981835756980363,14882.637672862968
Central,Admin region,pasture,2012-05,2012,5,0.7789975209965319,0.5240081252530433,0.9996900553235529,23592.281274019017
Western,Admin region,pasture,2012-05,2012,5,0.7785564557619002,0.5377092880530293,0.9855580528644106,24630.704160004552
Uganda (national),Reference,pasture,2012-06,2012,6,0.7211025603662742,0.4740486294678967,0.9973652841029108,123950.34640055617
Karamoja,Focus region,pasture,2012-06,2012,6,0.6925608655011114,0.44317887056955474,0.9980692427867575,24765.78560836989
Lake Victoria basin,Focus region,pasture,2012-06,2012,6,0.7045020391901899,0.4568883142069782,0.9973719890773626,20187.901015491654
Northern,Admin region,pasture,2012-06,2012,6,0.7189541108855717,0.47261439141531447,0.9990633865543656,60800.25368028647
Eastern,Admin region,pasture,2012-06,2012,6,0.6992306235956397,0.44330006415694856,0.9979046293480137,14882.637672862968
Central,Admin region,pasture,2012-06,2012,6,0.7362039301041037,0.4878632849790577,0.9977620079740377,23592.281274019017
Western,Admin region,pasture,2012-06,2012,6,0.7253645889101462,0.48313968791976036,0.9920715998777203,24630.704160004552
Uganda (national),Reference,pasture,2012-07,2012,7,0.7047994932337714,0.44881747828282376,0.9910505090575376,123950.34640055617
Karamoja,Focus region,pasture,2012-07,2012,7,0.7092616117400743,0.43874611121291723,0.9943635848183273,24765.78560836989
Lake Victoria basin,Focus region,pasture,2012-07,2012,7,0.6215856395344989,0.38236548769276096,0.9915288237421417,20187.901015491654
Northern,Admin region,pasture,2012-07,2012,7,0.7304783957681514,0.46931815312997555,0.9937877489042589,60800.25368028647
Eastern,Admin region,pasture,2012-07,2012,7,0.6891147051546352,0.4204270479548537,0.9930127282733839,14882.637672862968
Central,Admin region,pasture,2012-07,2012,7,0.6900151866878387,0.43596729701797304,0.9898477977334893,23592.281274019017
Western,Admin region,pasture,2012-07,2012,7,0.6647449839482104,0.42757291607240516,0.9837323407367771,24630.704160004552
Uganda (national),Reference,pasture,2012-08,2012,8,0.6959877524567167,0.43938585369963357,0.9898475944721247,123950.34640055617
Karamoja,Focus region,pasture,2012-08,2012,8,0.6820686302989073,0.4257936049790909,0.9971092573567095,24765.78560836989
Lake Victoria basin,Focus region,pasture,2012-08,2012,8,0.6201302865534152,0.3906441443077601,0.998799155819337,20187.901015491654
Northern,Admin region,pasture,2012-08,2012,8,0.7193453253672568,0.4558365523360274,0.9957543549144716,60800.25368028647
Eastern,Admin region,pasture,2012-08,2012,8,0.6728988977025565,0.3968000486990494,0.9864584252039111,14882.637672862968
Central,Admin region,pasture,2012-08,2012,8,0.6886286643874252,0.44021149441660234,0.985268489908988,23592.281274019017
Western,Admin region,pasture,2012-08,2012,8,0.6587589320206361,0.4233981634395795,0.9818018171142169,24630.704160004552
Uganda (national),Reference,pasture,2012-09,2012,9,0.6809737987607022,0.42559433772063393,0.9970534645617001,123950.34640055617
Karamoja,Focus region,pasture,2012-09,2012,9,0.6278922414973408,0.3695350981620315,0.9999978427293706,24765.78560836989
Lake Victoria basin,Focus region,pasture,2012-09,2012,9,0.6600065180786109,0.4167550709031173,0.9978833942120062,20187.901015491654
Northern,Admin region,pasture,2012-09,2012,9,0.6765009355987928,0.41704133333610394,0.9999657297461844,60800.25368028647
Eastern,Admin region,pasture,2012-09,2012,9,0.6483076122163548,0.3919840916175988,0.9973483414869243,14882.637672862968
Central,Admin region,pasture,2012-09,2012,9,0.7034402524940991,0.44669052252602565,0.998518886799709,23592.281274019017
Western,Admin region,pasture,2012-09,2012,9,0.6901966178645537,0.44710936343592067,0.9879134959991517,24630.704160004552
Uganda (national),Reference,pasture,2012-10,2012,10,0.6698025922777875,0.4325993772999509,0.9843350622299941,123950.34640055617
Karamoja,Focus region,pasture,2012-10,2012,10,0.5539360463334032,0.3323722853408297,0.9994613591334555,24765.78560836989
Lake Victoria basin,Focus region,pasture,2012-10,2012,10,0.7254316375216424,0.4839083821814248,0.94639119242423,20187.901015491654
Northern,Admin region,pasture,2012-10,2012,10,0.6242664621595228,0.3911303013365842,0.9997377265944788,60800.25368028647
Eastern,Admin region,pasture,2012-10,2012,10,0.6526071554987293,0.4127440345930505,0.9900286006233675,14882.637672862968
Central,Admin region,pasture,2012-10,2012,10,0.7360002647635547,0.48913397453285284,0.960982439194626,23592.281274019017
Western,Admin region,pasture,2012-10,2012,10,0.7338191870570366,0.4968858671101795,0.9647807008302861,24630.704160004552
Uganda (national),Reference,pasture,2012-11,2012,11,0.6637380281698319,0.41664359621663316,0.9512744391519218,123950.34640055617
Karamoja,Focus region,pasture,2012-11,2012,11,0.5433812637487139,0.3105224650798463,0.9999288100692324,24765.78560836989
Lake Victoria basin,Focus region,pasture,2012-11,2012,11,0.7446367956557911,0.507589261716164,0.8132447931411476,20187.901015491654
Northern,Admin region,pasture,2012-11,2012,11,0.6025199711205288,0.3584447728601139,0.9990704473638246,60800.25368028647
Eastern,Admin region,pasture,2012-11,2012,11,0.6601529160896589,0.40702584845799505,0.9935672564426365,14882.637672862968
Central,Admin region,pasture,2012-11,2012,11,0.7469172275023165,0.4943204199241214,0.9014200895674578,23592.281274019017
Western,Admin region,pasture,2012-11,2012,11,0.7589800670185233,0.5128268392273962,0.8543725510722334,24630.704160004552
Uganda (national),Reference,pasture,2012-12,2012,12,0.630908086453351,0.39125926890818996,0.9953978085429606,123950.34640055617
Karamoja,Focus region,pasture,2012-12,2012,12,0.47980684923991956,0.25742648667311363,1.0,24765.78560836989
Lake Victoria basin,Focus region,pasture,2012-12,2012,12,0.7442932415354233,0.5200466590802771,0.9884135883326899,20187.901015491654
Northern,Admin region,pasture,2012-12,2012,12,0.5463486877368452,0.3037068702897636,1.0,60800.25368028647
Eastern,Admin region,pasture,2012-12,2012,12,0.629746079079377,0.3878886706810673,0.9976845974806985,14882.637672862968
Central,Admin region,pasture,2012-12,2012,12,0.7443944717570918,0.4960763436556138,0.9926949870777793,23592.281274019017
Western,Admin region,pasture,2012-12,2012,12,0.7340263656693231,0.5115809597458169,0.9848309390671885,24630.704160004552
Uganda (national),Reference,pasture,2013-01,2013,1,0.5865957225320385,0.35052470354255577,0.9992935176884645,123950.34640055617
Karamoja,Focus region,pasture,2013-01,2013,1,0.4828694887938637,0.25193817183784073,1.0,24765.78560836989
Lake Victoria basin,Focus region,pasture,2013-01,2013,1,0.7069664308915842,0.48852876848129906,0.9992212067145778,20187.901015491654
Northern,Admin region,pasture,2013-01,2013,1,0.4891950061804811,0.2543844536641136,1.0,60800.25368028647
Eastern,Admin region,pasture,2013-01,2013,1,0.6145433360596818,0.36505407313265176,1.0,14882.637672862968
Central,Admin region,pasture,2013-01,2013,1,0.7085719029619831,0.46408244046194697,0.999659115914558,23592.281274019017
Western,Admin region,pasture,2013-01,2013,1,0.6938848916597946,0.47090911031869853,0.9966967962429749,24630.704160004552
Uganda (national),Reference,pasture,2013-02,2013,2,0.513017492600605,0.3006134967177944,0.9994868743362566,123950.34640055617
Karamoja,Focus region,pasture,2013-02,2013,2,0.4160189816757962,0.2167167834851276,1.0,24765.78560836989
Lake Victoria basin,Focus region,pasture,2013-02,2013,2,0.6315099195928817,0.4107113681041446,0.9997892443793512,20187.901015491654
Northern,Admin region,pasture,2013-02,2013,2,0.4280527405317203,0.22312780143551,1.0,60800.25368028647
Eastern,Admin region,pasture,2013-02,2013,2,0.5437480712397872,0.3170527710141868,1.0,14882.637672862968
Central,Admin region,pasture,2013-02,2013,2,0.6144217130769282,0.40010116096085363,0.9998528069161621,23592.281274019017
Western,Admin region,pasture,2013-02,2013,2,0.6074202365555619,0.38698160858305725,0.9974410242041147,24630.704160004552
Uganda (national),Reference,pasture,2013-03,2013,3,0.5528184780537148,0.30212025365699097,0.9701785858881714,123950.34640055617
Karamoja,Focus region,pasture,2013-03,2013,3,0.42517739955557243,0.2187533027841393,0.9949437637193423,24765.78560836989
Lake Victoria basin,Focus region,pasture,2013-03,2013,3,0.6658646516610864,0.3884862227913726,0.8978070611995698,20187.901015491654
Northern,Admin region,pasture,2013-03,2013,3,0.4795113940892692,0.24794384146009724,0.996911386913657,60800.25368028647
Eastern,Admin region,pasture,2013-03,2013,3,0.5767579194762437,0.3120528263954801,0.981830421594713,14882.637672862968
Central,Admin region,pasture,2013-03,2013,3,0.6513906219719753,0.36281091569373486,0.9761832709922891,23592.281274019017
Western,Admin region,pasture,2013-03,2013,3,0.635612196103657,0.3812987114280416,0.890705870033185,24630.704160004552
Uganda (national),Reference,pasture,2013-04,2013,4,0.7101004862158257,0.4384916835822554,0.9788727098850857,123950.34640055617
Karamoja,Focus region,pasture,2013-04,2013,4,0.6457716609642604,0.3586282815003527,0.9971671483485387,24765.78560836989
Lake Victoria basin,Focus region,pasture,2013-04,2013,4,0.7596513760932508,0.5029044385911752,0.9377695772518098,20187.901015491654
Northern,Admin region,pasture,2013-04,2013,4,0.6751551477322153,0.3970987815826069,0.990993370671817,60800.25368028647
Eastern,Admin region,pasture,2013-04,2013,4,0.6937883852892102,0.4021951235053925,0.9940157807756201,14882.637672862968
Central,Admin region,pasture,2013-04,2013,4,0.7729441374291244,0.5052485673501033,0.9714003704896541,23592.281274019017
Western,Admin region,pasture,2013-04,2013,4,0.749200135402376,0.5030502542850103,0.9461836014139806,24630.704160004552
Uganda (national),Reference,pasture,2013-05,2013,5,0.7076390988585693,0.46077657405883793,0.9993351531258063,123950.34640055617
Karamoja,Focus region,pasture,2013-05,2013,5,0.6454589657474419,0.40903959479427465,1.0,24765.78560836989
Lake Victoria basin,Focus region,pasture,2013-05,2013,5,0.7248002251225092,0.48445813550600497,0.9996950332544619,20187.901015491654
Northern,Admin region,pasture,2013-05,2013,5,0.6867837247296119,0.43776425474050434,1.0,60800.25368028647
Eastern,Admin region,pasture,2013-05,2013,5,0.676518954868416,0.42775941175401405,0.9991205060198002,14882.637672862968
Central,Admin region,pasture,2013-05,2013,5,0.7555209587893293,0.499634475276528,0.9996444720898069,23592.281274019017
Western,Admin region,pasture,2013-05,2013,5,0.7324430023336149,0.5007240910160088,0.9974672228248236,24630.704160004552
Uganda (national),Reference,pasture,2013-06,2013,6,0.6510169377417298,0.3943687805057514,0.9975477619883312,123950.34640055617
Karamoja,Focus region,pasture,2013-06,2013,6,0.610262096608957,0.3503625107959932,0.9982353526252152,24765.78560836989
Lake Victoria basin,Focus region,pasture,2013-06,2013,6,0.5960788380756467,0.36352055282792656,0.9981182578347607,20187.901015491654
Northern,Admin region,pasture,2013-06,2013,6,0.6609584066901442,0.39453053044260583,0.9992612890859526,60800.25368028647
Eastern,Admin region,pasture,2013-06,2013,6,0.633618982940413,0.37740412316232097,0.9933863601217792,14882.637672862968
Central,Admin region,pasture,2013-06,2013,6,0.6562435428868912,0.4033899153285147,0.9982350416993345,23592.281274019017
Western,Admin region,pasture,2013-06,2013,6,0.632023873120635,0.39558658495395627,0.9949945918986841,24630.704160004552
Uganda (national),Reference,pasture,2013-07,2013,7,0.6254651969183034,0.36558922874825245,0.9978099306958096,123950.34640055617
Karamoja,Focus region,pasture,2013-07,2013,7,0.6113640401456298,0.3326967175161649,0.9992988870454705,24765.78560836989
Lake Victoria basin,Focus region,pasture,2013-07,2013,7,0.49852645596900225,0.2921536280474914,0.9989049487480793,20187.901015491654
Northern,Admin region,pasture,2013-07,2013,7,0.6691530775782759,0.39343970050436633,0.9996230272080281,60800.25368028647
Eastern,Admin region,pasture,2013-07,2013,7,0.6083344466414494,0.34070542842231444,0.9961333235447541,14882.637672862968
Central,Admin region,pasture,2013-07,2013,7,0.5871914419659592,0.33991086836734885,0.9990525116810255,23592.281274019017
Western,Admin region,pasture,2013-07,2013,7,0.5641096489722176,0.33638463441576066,0.9926915800295432,24630.704160004552
Uganda (national),Reference,pasture,2013-08,2013,8,0.6514957997729941,0.38852474276578564,0.9984867043175627,123950.34640055617
Karamoja,Focus region,pasture,2013-08,2013,8,0.6179316309265886,0.3405353280025714,0.9993053588573586,24765.78560836989
Lake Victoria basin,Focus region,pasture,2013-08,2013,8,0.5402833464992631,0.31737443838105645,0.99905935204353,20187.901015491654
Northern,Admin region,pasture,2013-08,2013,8,0.6768455274692875,0.3988319207503476,0.9996329826392272,60800.25368028647
Eastern,Admin region,pasture,2013-08,2013,8,0.633555557959826,0.3657985901674452,0.9970140281929378,14882.637672862968
Central,Admin region,pasture,2013-08,2013,8,0.6283280744501516,0.378390794760571,0.9992119508742217,23592.281274019017
Western,Admin region,pasture,2013-08,2013,8,0.6216925113393671,0.3861922136561179,0.9953190635173734,24630.704160004552
Uganda (national),Reference,pasture,2013-09,2013,9,0.6689166722874589,0.4164362146114178,0.9906753202184242,123950.34640055617
Karamoja,Focus region,pasture,2013-09,2013,9,0.581799866411169,0.31519117751877024,0.999831732890913,24765.78560836989
Lake Victoria basin,Focus region,pasture,2013-09,2013,9,0.6455351223062721,0.4324748471516602,0.9738210862658934,20187.901015491654
Northern,Admin region,pasture,2013-09,2013,9,0.6542742689900393,0.3899502633483994,0.9993953824380618,60800.25368028647
Eastern,Admin region,pasture,2013-09,2013,9,0.654631626278855,0.38443099743526565,0.9923358381725446,14882.637672862968
Central,Admin region,pasture,2013-09,2013,9,0.6984605713785178,0.4556789577339214,0.9781367430053957,23592.281274019017
Western,Admin region,pasture,2013-09,2013,9,0.6860757954850406,0.46483845145457175,0.9798683759179864,24630.704160004552
Uganda (national),Reference,pasture,2013-10,2013,10,0.6626161415915902,0.4169006251226782,0.9697227883948113,123950.34640055617
Karamoja,Focus region,pasture,2013-10,2013,10,0.5218621724997045,0.2893749497234363,0.9851988731534936,24765.78560836989
Lake Victoria basin,Focus region,pasture,2013-10,2013,10,0.6829056290631809,0.45978269755215523,0.9522716250153971,20187.901015491654
Northern,Admin region,pasture,2013-10,2013,10,0.6203700774033785,0.37017517818986234,0.9744111027324448,60800.25368028647
Eastern,Admin region,pasture,2013-10,2013,10,0.6683023149148527,0.40323889772730753,0.9664196880516853,14882.637672862968
Central,Admin region,pasture,2013-10,2013,10,0.7206256617226207,0.47769959519791017,0.9720266448698354,23592.281274019017
Western,Admin region,pasture,2013-10,2013,10,0.7088634382370652,0.4832366342032595,0.9584053345291245,24630.704160004552
Uganda (national),Reference,pasture,2013-11,2013,11,0.6694909380252201,0.4214460828147178,0.984283046668395,123950.34640055617
Karamoja,Focus region,pasture,2013-11,2013,11,0.5394132123070772,0.2924741917882987,0.9998942937391633,24765.78560836989
Lake Victoria basin,Focus region,pasture,2013-11,2013,11,0.7458254047535151,0.5200287490924559,0.9317834036217029,20187.901015491654
Northern,Admin region,pasture,2013-11,2013,11,0.6139711470589678,0.3568794270814108,0.9999569425016163,60800.25368028647
Eastern,Admin region,pasture,2013-11,2013,11,0.6553921269076394,0.4028463493061543,0.9958574038646916,14882.637672862968
Central,Admin region,pasture,2013-11,2013,11,0.7439684706749206,0.5116119238556013,0.9622953304590409,23592.281274019017
Western,Admin region,pasture,2013-11,2013,11,0.7496116918751908,0.5124929076037783,0.9591835101185919,24630.704160004552
Uganda (national),Reference,pasture,2013-12,2013,12,0.6124989284558604,0.36408869651899123,0.9975509515819604,123950.34640055617
Karamoja,Focus region,pasture,2013-12,2013,12,0.4750447634598872,0.2519791839174645,1.0,24765.78560836989
Lake Victoria basin,Focus region,pasture,2013-12,2013,12,0.7186033057033526,0.4942525476990692,0.9977298315313509,20187.901015491654
Northern,Admin region,pasture,2013-12,2013,12,0.5338144016751218,0.28677690677409284,1.0,60800.25368028647
Eastern,Admin region,pasture,2013-12,2013,12,0.6143993824438555,0.34602714448032224,0.9984270466606222,14882.637672862968
Central,Admin region,pasture,2013-12,2013,12,0.7141356879228256,0.4616322802119558,0.9986186850426153,23592.281274019017
Western,Admin region,pasture,2013-12,2013,12,0.7090533852033166,0.4734308315066052,0.9894150682438768,24630.704160004552
Uganda (national),Reference,pasture,2014-01,2014,1,0.4931464710497412,0.2638321751616026,0.9989859712223436,123950.34640055617
Karamoja,Focus region,pasture,2014-01,2014,1,0.3804224925863711,0.18455217092953657,1.0,24765.78560836989
Lake Victoria basin,Focus region,pasture,2014-01,2014,1,0.6061606583201959,0.3605611565250833,0.999178231580389,20187.901015491654
Northern,Admin region,pasture,2014-01,2014,1,0.4107752756645626,0.19979334431128984,1.0,60800.25368028647
Eastern,Admin region,pasture,2014-01,2014,1,0.5237225546369295,0.28160109012996604,0.999985640914609,14882.637672862968
Central,Admin region,pasture,2014-01,2014,1,0.5960920742588898,0.3386125271311517,0.9993002667245244,23592.281274019017
Western,Admin region,pasture,2014-01,2014,1,0.5798304728703537,0.3399313915691679,0.9955780555963821,24630.704160004552
Uganda (national),Reference,pasture,2014-02,2014,2,0.4231748149336904,0.23119812083259594,0.9985428323758763,123950.34640055617
Karamoja,Focus region,pasture,2014-02,2014,2,0.31761488830680495,0.15448778937406135,1.0,24765.78560836989
Lake Victoria basin,Focus region,pasture,2014-02,2014,2,0.5148069020371178,0.32379980400473773,0.9986989773671937,20187.901015491654
Northern,Admin region,pasture,2014-02,2014,2,0.3579901796285779,0.17419336175310826,1.0,60800.25368028647
Eastern,Admin region,pasture,2014-02,2014,2,0.4374127096437758,0.23396257420331237,0.9999962976083745,14882.637672862968
Central,Admin region,pasture,2014-02,2014,2,0.5009056575865234,0.28932835175086513,0.999005960480695,23592.281274019017
Western,Admin region,pasture,2014-02,2014,2,0.5016102090440787,0.31524017146086575,0.9931713210061622,24630.704160004552
Uganda (national),Reference,pasture,2014-03,2014,3,0.49285224706912395,0.2770378340231332,0.9847676248775555,123950.34640055617
Karamoja,Focus region,pasture,2014-03,2014,3,0.35300318111000045,0.18170593493490675,1.0,24765.78560836989
Lake Victoria basin,Focus region,pasture,2014-03,2014,3,0.6025456177821022,0.3634491040674867,0.92963181372906,20187.901015491654
Northern,Admin region,pasture,2014-03,2014,3,0.42691945195096265,0.22189757778724697,1.0,60800.25368028647
Eastern,Admin region,pasture,2014-03,2014,3,0.475149257473814,0.26017171005489453,0.9996858457357001,14882.637672862968
Central,Admin region,pasture,2014-03,2014,3,0.5852709053808504,0.3473716360349853,0.9655096277908285,23592.281274019017
Western,Admin region,pasture,2014-03,2014,3,0.5849431017165483,0.3621672803180027,0.9560135535672182,24630.704160004552
Uganda (national),Reference,pasture,2014-04,2014,4,0.625108198819739,0.3876458744492246,0.9933199784524103,123950.34640055617
Karamoja,Focus region,pasture,2014-04,2014,4,0.40585320703743316,0.22496497796170314,1.0,24765.78560836989
Lake Victoria basin,Focus region,pasture,2014-04,2014,4,0.7177802446970887,0.4941493312230817,0.9830997301138743,20187.901015491654
Northern,Admin region,pasture,2014-04,2014,4,0.5432557800082343,0.3086427126754831,0.9999696581614032,60800.25368028647
Eastern,Admin region,pasture,2014-04,2014,4,0.6144481789911107,0.36859889098263776,0.9961991078643935,14882.637672862968
Central,Admin region,pasture,2014-04,2014,4,0.741471659514911,0.5017692530770943,0.992070852880597,23592.281274019017
Western,Admin region,pasture,2014-04,2014,4,0.7256802510132743,0.48835312574478673,0.9758002489906706,24630.704160004552
Uganda (national),Reference,pasture,2014-05,2014,5,0.7002540063037987,0.4384227451279914,0.997237352156229,123950.34640055617
Karamoja,Focus region,pasture,2014-05,2014,5,0.5532301786681687,0.3046487213309601,0.9989925546161069,24765.78560836989
Lake Victoria basin,Focus region,pasture,2014-05,2014,5,0.7372794400160568,0.4906654125188912,0.9978226208756598,20187.901015491654
Northern,Admin region,pasture,2014-05,2014,5,0.6551812083808185,0.38587799706379394,0.9995546555533316,60800.25368028647
Eastern,Admin region,pasture,2014-05,2014,5,0.7135105158802053,0.4338290430351053,0.9959794560905152,14882.637672862968
Central,Admin region,pasture,2014-05,2014,5,0.7725462572242922,0.5121134057026185,0.9985529787604243,23592.281274019017
Western,Admin region,pasture,2014-05,2014,5,0.7347504354451923,0.5009427134403487,0.9906131617906624,24630.704160004552
Uganda (national),Reference,pasture,2014-06,2014,6,0.6654990083855475,0.4259125900086486,0.9986926131234303,123950.34640055617
Karamoja,Focus region,pasture,2014-06,2014,6,0.5867072126979933,0.3529258122602863,0.9977413376511006,24765.78560836989
Lake Victoria basin,Focus region,pasture,2014-06,2014,6,0.6264795500311123,0.39471211529037403,0.9994680776375636,20187.901015491654
Northern,Admin region,pasture,2014-06,2014,6,0.6590946314946711,0.4143884512058248,0.9990286097417455,60800.25368028647
Eastern,Admin region,pasture,2014-06,2014,6,0.6831805768987861,0.44413430916250224,0.99675670493621,14882.637672862968
Central,Admin region,pasture,2014-06,2014,6,0.6912589730819001,0.4505740405521743,0.9995448336945936,23592.281274019017
Western,Admin region,pasture,2014-06,2014,6,0.6459208712178114,0.419688214040417,0.9979838204973943,24630.704160004552
Uganda (national),Reference,pasture,2014-07,2014,7,0.6586518699353684,0.4100535167839617,0.9944038706555385,123950.34640055617
Karamoja,Focus region,pasture,2014-07,2014,7,0.6120842029003488,0.3779405010834602,0.997588069917801,24765.78560836989
Lake Victoria basin,Focus region,pasture,2014-07,2014,7,0.5829549513158936,0.35076756544059656,0.9986249617533243,20187.901015491654
Northern,Admin region,pasture,2014-07,2014,7,0.6775030344522985,0.4235806969093964,0.9981400297871049,60800.25368028647
Eastern,Admin region,pasture,2014-07,2014,7,0.6607095867502571,0.4150644061779324,0.9860470092523892,14882.637672862968
Central,Admin region,pasture,2014-07,2014,7,0.6518634323875191,0.4078230479562765,0.9957737513268802,23592.281274019017
Western,Admin region,pasture,2014-07,2014,7,0.6170286421065695,0.3756347248142016,0.9882411658910187,24630.704160004552
Uganda (national),Reference,pasture,2014-08,2014,8,0.6752382916380214,0.4251753119822129,0.9928712835941478,123950.34640055617
Karamoja,Focus region,pasture,2014-08,2014,8,0.6212291458432769,0.3731259517772107,0.9983216434503881,24765.78560836989
Lake Victoria basin,Focus region,pasture,2014-08,2014,8,0.6480154907449016,0.4097331677474905,0.9975058751450204,20187.901015491654
Northern,Admin region,pasture,2014-08,2014,8,0.6759246384620297,0.4214496411702071,0.9953306236434626,60800.25368028647
Eastern,Admin region,pasture,2014-08,2014,8,0.649295726695856,0.40000445893278114,0.9873154232836653,14882.637672862968
Central,Admin region,pasture,2014-08,2014,8,0.6950976484374539,0.4425484680775193,0.9947396433192327,23592.281274019017
Western,Admin region,pasture,2014-08,2014,8,0.6701582871247426,0.43297707379973266,0.9879598199239508,24630.704160004552
Uganda (national),Reference,pasture,2014-09,2014,9,0.675731207105609,0.4443595509651463,0.9937593834290707,123950.34640055617
Karamoja,Focus region,pasture,2014-09,2014,9,0.5955553917184124,0.36857920252498955,0.9997756438545505,24765.78560836989
Lake Victoria basin,Focus region,pasture,2014-09,2014,9,0.676910551165763,0.46146085362114103,0.9835245934363946,20187.901015491654
Northern,Admin region,pasture,2014-09,2014,9,0.6647192498328897,0.4223684831548618,0.9994470583280787,60800.25368028647
Eastern,Admin region,pasture,2014-09,2014,9,0.6422575411278292,0.4106426558025915,0.9952902199917464,14882.637672862968
Central,Admin region,pasture,2014-09,2014,9,0.7070061587590387,0.4976902373621777,0.983995906904455,23592.281274019017
Western,Admin region,pasture,2014-09,2014,9,0.6939660348320924,0.46880271895346765,0.9879230993247295,24630.704160004552
Uganda (national),Reference,pasture,2014-10,2014,10,0.7027037248834466,0.43382030717758946,0.9166903228194133,123950.34640055617
Karamoja,Focus region,pasture,2014-10,2014,10,0.6075206505520263,0.3556381019098898,0.910568163411203,24765.78560836989
Lake Victoria basin,Focus region,pasture,2014-10,2014,10,0.7402235776170525,0.4728213740528017,0.801198513290748,20187.901015491654
Northern,Admin region,pasture,2014-10,2014,10,0.6664713561327508,0.40674103670568257,0.9310135276459826,60800.25368028647
Eastern,Admin region,pasture,2014-10,2014,10,0.6937802273233036,0.4217642673915092,0.9569933989735931,14882.637672862968
Central,Admin region,pasture,2014-10,2014,10,0.764698451417461,0.47065182397211924,0.8995465147594968,23592.281274019017
Western,Admin region,pasture,2014-10,2014,10,0.7430348749437756,0.47689352025969983,0.8724081834249814,24630.704160004552
Uganda (national),Reference,pasture,2014-11,2014,11,0.6702424423569266,0.4152531108545165,0.9955217801198105,123950.34640055617
Karamoja,Focus region,pasture,2014-11,2014,11,0.5308205572841524,0.2853664028430893,0.9994828303211308,24765.78560836989
Lake Victoria basin,Focus region,pasture,2014-11,2014,11,0.7321072900456489,0.5111276352444408,0.990750559732702,20187.901015491654
Northern,Admin region,pasture,2014-11,2014,11,0.6142683763569758,0.34751222835117035,0.9997601082232905,60800.25368028647
Eastern,Admin region,pasture,2014-11,2014,11,0.6610942211139926,0.39175083870033256,0.9940419086800178,14882.637672862968
Central,Admin region,pasture,2014-11,2014,11,0.7526929093152706,0.5050349272357613,0.9963775315845054,23592.281274019017
Western,Admin region,pasture,2014-11,2014,11,0.7364093924355188,0.5124244834651354,0.9845371487552835,24630.704160004552
Uganda (national),Reference,pasture,2014-12,2014,12,0.6042743566836195,0.356481377200421,0.9988454499310159,123950.34640055617
Karamoja,Focus region,pasture,2014-12,2014,12,0.473121055651246,0.2538251875402074,1.0,24765.78560836989
Lake Victoria basin,Focus region,pasture,2014-12,2014,12,0.7142080891841402,0.46092652874600654,0.9988959821902575,20187.901015491654
Northern,Admin region,pasture,2014-12,2014,12,0.5215873706747184,0.2825370022488146,1.0,60800.25368028647
Eastern,Admin region,pasture,2014-12,2014,12,0.6043816667871506,0.3518750749678195,0.999985640914609,14882.637672862968
Central,Admin region,pasture,2014-12,2014,12,0.7181139386530645,0.4538181697225367,0.999404434137702,23592.281274019017
Western,Admin region,pasture,2014-12,2014,12,0.7000994961213838,0.4492280538911403,0.9945962792974049,24630.704160004552
Uganda (national),Reference,pasture,2015-01,2015,1,0.48839501027346016,0.2728455361702587,0.9998542404730308,123950.34640055617
Karamoja,Focus region,pasture,2015-01,2015,1,0.3559446732487508,0.17366884254918447,1.0,24765.78560836989
Lake Victoria basin,Focus region,pasture,2015-01,2015,1,0.6169858329506265,0.38354851528231987,0.9997459475283885,20187.901015491654
Northern,Admin region,pasture,2015-01,2015,1,0.39879868340404495,0.20176170037224564,1.0,60800.25368028647
Eastern,Admin region,pasture,2015-01,2015,1,0.5013879268253969,0.272925720175352,1.0,14882.637672862968
Central,Admin region,pasture,2015-01,2015,1,0.6117219575322366,0.36576535639579,0.9997826071377163,23592.281274019017
Western,Admin region,pasture,2015-01,2015,1,0.5838427986317364,0.3594775265993531,0.9994406764599549,24630.704160004552
Uganda (national),Reference,pasture,2015-02,2015,2,0.395667435240086,0.2201487101084251,0.9981674052046476,123950.34640055617
Karamoja,Focus region,pasture,2015-02,2015,2,0.28150901809763135,0.14499944363609762,1.0,24765.78560836989
Lake Victoria basin,Focus region,pasture,2015-02,2015,2,0.49706244755413,0.3056761463017803,0.9994545240212267,20187.901015491654
Northern,Admin region,pasture,2015-02,2015,2,0.32388065169992847,0.16589877240349774,1.0,60800.25368028647
Eastern,Admin region,pasture,2015-02,2015,2,0.4025346765774382,0.21951418391651492,1.0,14882.637672862968
Central,Admin region,pasture,2015-02,2015,2,0.49191863742346115,0.2833000177428563,0.9995629497664505,23592.281274019017
Western,Admin region,pasture,2015-02,2015,2,0.4772967955305171,0.29476952923500455,0.9906474836850006,24630.704160004552
Uganda (national),Reference,pasture,2015-03,2015,3,0.40846463761238955,0.2334257905704195,0.9994321069683892,123950.34640055617
Karamoja,Focus region,pasture,2015-03,2015,3,0.2625743097201393,0.14474431191903286,1.0,24765.78560836989
Lake Victoria basin,Focus region,pasture,2015-03,2015,3,0.5372752978286813,0.31604401279246436,0.9999733493975858,20187.901015491654
Northern,Admin region,pasture,2015-03,2015,3,0.32895790652523454,0.1795323930611204,1.0,60800.25368028647
Eastern,Admin region,pasture,2015-03,2015,3,0.38907715175605073,0.22016780168129782,0.9999892306859567,14882.637672862968
Central,Admin region,pasture,2015-03,2015,3,0.4953742728064464,0.28485753569312366,1.0,23592.281274019017
Western,Admin region,pasture,2015-03,2015,3,0.5334879135434044,0.32552607354403934,0.9970867388953,24630.704160004552
Uganda (national),Reference,pasture,2015-04,2015,4,0.6713823000435192,0.412278483848142,0.9815567571494541,123950.34640055617
Karamoja,Focus region,pasture,2015-04,2015,4,0.518475611416314,0.28365817935437543,0.9746986333115293,24765.78560836989
Lake Victoria basin,Focus region,pasture,2015-04,2015,4,0.7390559139837624,0.4809224646159364,0.9582210917994219,20187.901015491654
Northern,Admin region,pasture,2015-04,2015,4,0.6211889919804963,0.36124404790578474,0.9891875161015488,60800.25368028647
Eastern,Admin region,pasture,2015-04,2015,4,0.6313789862692806,0.3716352912152973,0.9896654143057175,14882.637672862968
Central,Admin region,pasture,2015-04,2015,4,0.7528442515873666,0.497771950517659,0.9709476374213502,23592.281274019017
Western,Admin region,pasture,2015-04,2015,4,0.7449492902665316,0.48448938333104924,0.9672620929834813,24630.704160004552
Uganda (national),Reference,pasture,2015-05,2015,5,0.7398903607346307,0.4947053793150314,0.9981048404889211,123950.34640055617
Karamoja,Focus region,pasture,2015-05,2015,5,0.6541455287016443,0.4003241862623632,0.99904648638184,24765.78560836989
Lake Victoria basin,Focus region,pasture,2015-05,2015,5,0.7632578255427933,0.524081897230463,0.998166152122199,20187.901015491654
Northern,Admin region,pasture,2015-05,2015,5,0.7142730052779714,0.4604821813469011,0.999310566575099,60800.25368028647
Eastern,Admin region,pasture,2015-05,2015,5,0.7297865424213572,0.47544946869371757,0.9932731908203493,14882.637672862968
Central,Admin region,pasture,2015-05,2015,5,0.7881327377932824,0.5606311542829463,0.999216249001074,23592.281274019017
Western,Admin region,pasture,2015-05,2015,5,0.7635824044211372,0.5280216132199838,0.996913657877707,24630.704160004552
Uganda (national),Reference,pasture,2015-06,2015,6,0.7185312686804407,0.46235499474938635,0.998704935400883,123950.34640055617
Karamoja,Focus region,pasture,2015-06,2015,6,0.6535964757703966,0.41213642364932196,0.9998770355741287,24765.78560836989
Lake Victoria basin,Focus region,pasture,2015-06,2015,6,0.6896712381098072,0.44067361035077696,0.998649702811017,20187.901015491654
Northern,Admin region,pasture,2015-06,2015,6,0.7080333372424741,0.4543080275646373,0.9999499127059618,60800.25368028647
Eastern,Admin region,pasture,2015-06,2015,6,0.7301314504201316,0.4572550180962923,0.9975199325573468,14882.637672862968
Central,Admin region,pasture,2015-06,2015,6,0.7556272047646178,0.4920684628449453,0.9989829512933511,23592.281274019017
Western,Admin region,pasture,2015-06,2015,6,0.7021085426969137,0.45708823318322733,0.9960342433324999,24630.704160004552
Uganda (national),Reference,pasture,2015-07,2015,7,0.6545022389127679,0.40179902768699455,0.9985873108956154,123950.34640055617
Karamoja,Focus region,pasture,2015-07,2015,7,0.5850914804856745,0.3462744327285687,0.9996160058279808,24765.78560836989
Lake Victoria basin,Focus region,pasture,2015-07,2015,7,0.5841336308029591,0.3506861316729156,0.9990181930524183,20187.901015491654
Northern,Admin region,pasture,2015-07,2015,7,0.6592891876506758,0.4018080140567143,0.9997212272505605,60800.25368028647
Eastern,Admin region,pasture,2015-07,2015,7,0.6572195428159587,0.40560904136330705,0.9972975919743412,14882.637672862968
Central,Admin region,pasture,2015-07,2015,7,0.6728337906382128,0.4152242769542638,0.999168498943047,23592.281274019017
Western,Admin region,pasture,2015-07,2015,7,0.6232299811758562,0.3865136474539601,0.9957654437828167,24630.704160004552
Uganda (national),Reference,pasture,2015-08,2015,8,0.6122542912571938,0.3701495711838836,0.9983386983836341,123950.34640055617
Karamoja,Focus region,pasture,2015-08,2015,8,0.501345009272223,0.29065042415246856,0.9999978427293706,24765.78560836989
Lake Victoria basin,Focus region,pasture,2015-08,2015,8,0.5303623024647485,0.31398611707207047,0.9967158425284398,20187.901015491654
Northern,Admin region,pasture,2015-08,2015,8,0.6159571168432856,0.37544746309823174,0.9999973638266295,60800.25368028647
Eastern,Admin region,pasture,2015-08,2015,8,0.6187464321164126,0.3696173738545954,0.9969620680123711,14882.637672862968
Central,Admin region,pasture,2015-08,2015,8,0.6187139753195852,0.3648383029502401,0.9971897443531871,23592.281274019017
Western,Admin region,pasture,2015-08,2015,8,0.592896210260563,0.36226887444500583,0.9960717805121067,24630.704160004552
Uganda (national),Reference,pasture,2015-09,2015,9,0.5836782353676344,0.3597433506648846,0.997472050129391,123950.34640055617
Karamoja,Focus region,pasture,2015-09,2015,9,0.38928982156910125,0.21643308988943186,1.0,24765.78560836989
Lake Victoria basin,Focus region,pasture,2015-09,2015,9,0.5555003271634265,0.3447715066412596,0.9977468928983171,20187.901015491654
Northern,Admin region,pasture,2015-09,2015,9,0.5522735325199061,0.33338524454644863,1.0,60800.25368028647
Eastern,Admin region,pasture,2015-09,2015,9,0.5896056978280196,0.3494214816150645,0.9971301678541888,14882.637672862968
Central,Admin region,pasture,2015-09,2015,9,0.6322601736193518,0.39511653107040545,0.999323409118279,23592.281274019017
Western,Admin region,pasture,2015-09,2015,9,0.6111639752232774,0.39718401912186124,0.9891203252548555,24630.704160004552
Uganda (national),Reference,pasture,2015-10,2015,10,0.6142586103140555,0.38713120613503343,0.6374924121435351,123950.34640055617
Karamoja,Focus region,pasture,2015-10,2015,10,0.364156693360162,0.18321167998271895,0.7992355461958399,24765.78560836989
Lake Victoria basin,Focus region,pasture,2015-10,2015,10,0.7148404574612376,0.5012832847884315,0.30950448798531593,20187.901015491654
Northern,Admin region,pasture,2015-10,2015,10,0.5314304750368156,0.3149500947369977,0.7202810228354055,60800.25368028647
Eastern,Admin region,pasture,2015-10,2015,10,0.651095106091669,0.3969047504665721,0.7243599701640735,14882.637672862968
Central,Admin region,pasture,2015-10,2015,10,0.7441979140971419,0.5084877287026498,0.4790749645983982,23592.281274019017
Western,Admin region,pasture,2015-10,2015,10,0.7489719050621104,0.515348664122867,0.5323182655056855,24630.704160004552
Uganda (national),Reference,pasture,2015-11,2015,11,0.6926513738493657,0.4280264070344567,0.9805424342598258,123950.34640055617
Karamoja,Focus region,pasture,2015-11,2015,11,0.575682735521432,0.31307248929784637,0.9995279468868804,24765.78560836989
Lake Victoria basin,Focus region,pasture,2015-11,2015,11,0.7542209724717136,0.5138763373686192,0.9609206898931855,20187.901015491654
Northern,Admin region,pasture,2015-11,2015,11,0.6359987087162378,0.36172537887729855,0.9992403168622498,60800.25368028647
Eastern,Admin region,pasture,2015-11,2015,11,0.7018529400901857,0.4353923544857969,0.9810218080017133,14882.637672862968
Central,Admin region,pasture,2015-11,2015,11,0.7683614464439571,0.5089187257909401,0.9624711185190449,23592.281274019017
Western,Admin region,pasture,2015-11,2015,11,0.7605147416807632,0.5168017710987074,0.9506577984562395,24630.704160004552
Uganda (national),Reference,pasture,2015-12,2015,12,0.6639839532445456,0.4066185858257124,0.9968402824005684,123950.34640055617
Karamoja,Focus region,pasture,2015-12,2015,12,0.5643617911763902,0.3292042969781146,1.0,24765.78560836989
Lake Victoria basin,Focus region,pasture,2015-12,2015,12,0.751704372273845,0.48779636636734724,0.9948924763906847,20187.901015491654
Northern,Admin region,pasture,2015-12,2015,12,0.5913108322910371,0.3411819537926228,1.0,60800.25368028647
Eastern,Admin region,pasture,2015-12,2015,12,0.6865475466152119,0.4286052692781022,0.9993766045310093,14882.637672862968
Central,Admin region,pasture,2015-12,2015,12,0.7651347996136034,0.49239207057529716,0.9973860106787318,23592.281274019017
Western,Admin region,pasture,2015-12,2015,12,0.7343072190309207,0.4740830224390513,0.9864435662443736,24630.704160004552
Uganda (national),Reference,pasture,2016-01,2016,1,0.5658378224313859,0.33295277526346917,0.9991584645134001,123950.34640055617
Karamoja,Focus region,pasture,2016-01,2016,1,0.4362336374275585,0.24966334342947244,1.0,24765.78560836989
Lake Victoria basin,Focus region,pasture,2016-01,2016,1,0.6728985319666871,0.428689381313513,0.9984626193181354,20187.901015491654
Northern,Admin region,pasture,2016-01,2016,1,0.46850467416437025,0.25496116324589063,1.0,60800.25368028647
Eastern,Admin region,pasture,2016-01,2016,1,0.6196846055365535,0.37640984816150663,0.9981677525490368,14882.637672862968
Central,Admin region,pasture,2016-01,2016,1,0.6947217147625857,0.436129916423563,0.9988632964148215,23592.281274019017
Western,Admin region,pasture,2016-01,2016,1,0.6508553645695524,0.4009731433390793,0.9978639533016052,24630.704160004552
Uganda (national),Reference,pasture,2016-02,2016,2,0.4562065571145867,0.2512649642014463,0.9988735004377831,123950.34640055617
Karamoja,Focus region,pasture,2016-02,2016,2,0.31086934136091293,0.1620247558014063,1.0,24765.78560836989
Lake Victoria basin,Focus region,pasture,2016-02,2016,2,0.5942678382769763,0.35387966449881547,0.9997853630221458,20187.901015491654
Northern,Admin region,pasture,2016-02,2016,2,0.3504522805756373,0.17871245676895373,1.0,60800.25368028647
Eastern,Admin region,pasture,2016-02,2016,2,0.49305008210404505,0.27169690504391936,0.9986412785836424,14882.637672862968
Central,Admin region,pasture,2016-02,2016,2,0.604261115335773,0.35037245712748777,0.999907155131733,23592.281274019017
Western,Admin region,pasture,2016-02,2016,2,0.5538651796017835,0.32357484839489414,0.9948848809214422,24630.704160004552
Uganda (national),Reference,pasture,2016-03,2016,3,0.4809672661930787,0.2761352930813686,0.9981522128000183,123950.34640055617
Karamoja,Focus region,pasture,2016-03,2016,3,0.31349649276017044,0.17183790275005356,1.0,24765.78560836989
Lake Victoria basin,Focus region,pasture,2016-03,2016,3,0.6160434019380986,0.37301629985304313,0.9990014430242654,20187.901015491654
Northern,Admin region,pasture,2016-03,2016,3,0.3849351077924568,0.20889980580447892,1.0,60800.25368028647
Eastern,Admin region,pasture,2016-03,2016,3,0.481867011825763,0.2766508864426511,1.0,14882.637672862968
Central,Admin region,pasture,2016-03,2016,3,0.6018760912444789,0.36369662577156975,0.9995131305688438,23592.281274019017
Western,Admin region,pasture,2016-03,2016,3,0.6029304314193175,0.3587459374145156,0.9905978424023844,24630.704160004552
Uganda (national),Reference,pasture,2016-04,2016,4,0.6510798642215578,0.39433921557051055,0.9594175916974151,123950.34640055617
Karamoja,Focus region,pasture,2016-04,2016,4,0.5071907439502154,0.2813744271897489,0.9627757792380873,24765.78560836989
Lake Victoria basin,Focus region,pasture,2016-04,2016,4,0.7384557443093935,0.4631885925996277,0.9262401717212058,20187.901015491654
Northern,Admin region,pasture,2016-04,2016,4,0.5860329579879097,0.33918914866425476,0.9724508269842994,60800.25368028647
Eastern,Admin region,pasture,2016-04,2016,4,0.6494972428766829,0.3857671737661928,0.9782095952054171,14882.637672862968
Central,Admin region,pasture,2016-04,2016,4,0.7473193840232105,0.48502738591396743,0.9159805359858318,23592.281274019017
Western,Admin region,pasture,2016-04,2016,4,0.7269857110026472,0.45459983114809716,0.956960914405355,24630.704160004552
Uganda (national),Reference,pasture,2016-05,2016,5,0.712434268974147,0.46814786413787574,0.9987636411646992,123950.34640055617
Karamoja,Focus region,pasture,2016-05,2016,5,0.637048646115988,0.39001917636608724,1.0,24765.78560836989
Lake Victoria basin,Focus region,pasture,2016-05,2016,5,0.728490062284761,0.49122573045426393,0.9985540802835077,20187.901015491654
Northern,Admin region,pasture,2016-05,2016,5,0.6893723420314198,0.4460356541893547,1.0,60800.25368028647
Eastern,Admin region,pasture,2016-05,2016,5,0.687314980759992,0.43360974224169213,0.9978326509131076,14882.637672862968
Central,Admin region,pasture,2016-05,2016,5,0.7600209989266707,0.5102286523921457,0.9986639397005482,23592.281274019017
Western,Admin region,pasture,2016-05,2016,5,0.7392361312707871,0.5034469859185573,0.9961854042703632,24630.704160004552
Uganda (national),Reference,pasture,2016-06,2016,6,0.6596947118100881,0.4189076374736476,0.998018599759438,123950.34640055617
Karamoja,Focus region,pasture,2016-06,2016,6,0.595108986698951,0.3745600082736576,0.9986430767741569,24765.78560836989
Lake Victoria basin,Focus region,pasture,2016-06,2016,6,0.6218055049366877,0.385408154489548,0.9979141129749134,20187.901015491654
Northern,Admin region,pasture,2016-06,2016,6,0.6554580748629482,0.4179737503451034,0.9979477683219329,60800.25368028647
Eastern,Admin region,pasture,2016-06,2016,6,0.6435460929674633,0.40177353552204226,0.9981694277756658,14882.637672862968
Central,Admin region,pasture,2016-06,2016,6,0.6852275322119096,0.43536016127581156,0.9983857336715604,23592.281274019017
Western,Admin region,pasture,2016-06,2016,6,0.6554945681372324,0.4156971138587858,0.99772227660468,24630.704160004552
Uganda (national),Reference,pasture,2016-07,2016,7,0.6499240220665471,0.3972594199481825,0.9967434164535178,123950.34640055617
Karamoja,Focus region,pasture,2016-07,2016,7,0.6411653450127687,0.3801090840625721,0.9985718868433893,24765.78560836989
Lake Victoria basin,Focus region,pasture,2016-07,2016,7,0.5289965182085501,0.306208688931968,0.9982504419169059,20187.901015491654
Northern,Admin region,pasture,2016-07,2016,7,0.6866819948741419,0.4248706451398826,0.9990726803577382,60800.25368028647
Eastern,Admin region,pasture,2016-07,2016,7,0.6396540425838172,0.3809625904261309,0.9929616972101073,14882.637672862968
Central,Admin region,pasture,2016-07,2016,7,0.6205502345633568,0.36758499364994485,0.9982141282928524,23592.281274019017
Western,Admin region,pasture,2016-07,2016,7,0.5932553238770751,0.367259446407671,0.9912919527423498,24630.704160004552
Uganda (national),Reference,pasture,2016-08,2016,8,0.6214596527768901,0.37112323383801626,0.9990906717038245,123950.34640055617
Karamoja,Focus region,pasture,2016-08,2016,8,0.5771632139340362,0.33562358508188356,0.9996742521349725,24765.78560836989
Lake Victoria basin,Focus region,pasture,2016-08,2016,8,0.49159766218568196,0.2886382079030254,0.9997406547685633,20187.901015491654
Northern,Admin region,pasture,2016-08,2016,8,0.654860787666924,0.394516722438955,0.9998673126070216,60800.25368028647
Eastern,Admin region,pasture,2016-08,2016,8,0.6060112889027676,0.3599211680154863,0.9989742967444364,14882.637672862968
Central,Admin region,pasture,2016-08,2016,8,0.5903458298910715,0.3591107963982545,0.9997780781197521,23592.281274019017
Western,Admin region,pasture,2016-08,2016,8,0.5779757881165811,0.3313534207358183,0.9965571014546946,24630.704160004552
Uganda (national),Reference,pasture,2016-09,2016,9,0.6090264722301352,0.3658819486168758,0.9977150914168889,123950.34640055617
Karamoja,Focus region,pasture,2016-09,2016,9,0.47945764635015004,0.2632406435289715,1.0,24765.78560836989
Lake Victoria basin,Focus region,pasture,2016-09,2016,9,0.5517880440153775,0.3349437991819541,0.9972880832671922,20187.901015491654
Northern,Admin region,pasture,2016-09,2016,9,0.6031969476099028,0.35844602940432685,0.9999727595418388,60800.25368028647
Eastern,Admin region,pasture,2016-09,2016,9,0.5967817578314751,0.33644153617008665,0.9972981128431249,14882.637672862968
Central,Admin region,pasture,2016-09,2016,9,0.6221605576207212,0.3790266100946191,0.9976313236047009,23592.281274019017
Western,Admin region,pasture,2016-09,2016,9,0.6182066224074669,0.3894519793659667,0.9922195285182237,24630.704160004552
Uganda (national),Reference,pasture,2016-10,2016,10,0.6086446470337946,0.36925466887222147,0.9962017737605688,123950.34640055617
Karamoja,Focus region,pasture,2016-10,2016,10,0.3980981386952968,0.20772497699924133,0.9999805845643361,24765.78560836989
Lake Victoria basin,Focus region,pasture,2016-10,2016,10,0.657377229679228,0.43137062421721795,0.9981046523286219,20187.901015491654
Northern,Admin region,pasture,2016-10,2016,10,0.5496596957043767,0.31343195281855385,0.9999920914798887,60800.25368028647
Eastern,Admin region,pasture,2016-10,2016,10,0.588604785993549,0.3445848269706505,0.9925329799684425,14882.637672862968
Central,Admin region,pasture,2016-10,2016,10,0.6840555889218561,0.4306178824476699,0.9998294247508682,23592.281274019017
Western,Admin region,pasture,2016-10,2016,10,0.6951792682983589,0.4642995022169075,0.9848619861339376,24630.704160004552
Uganda (national),Reference,pasture,2016-11,2016,11,0.5848568261119459,0.3638949039366127,0.931641280112893,123950.34640055617
Karamoja,Focus region,pasture,2016-11,2016,11,0.34207291028730774,0.17289017734447448,0.9651438448174903,24765.78560836989
Lake Victoria basin,Focus region,pasture,2016-11,2016,11,0.7221368600578458,0.5018217376692905,0.7812273945319795,20187.901015491654
Northern,Admin region,pasture,2016-11,2016,11,0.4927525055784405,0.27981331652300234,0.9793204880289524,60800.25368028647
Eastern,Admin region,pasture,2016-11,2016,11,0.5852040481936143,0.33863739482142224,0.9855545207785469,14882.637672862968
Central,Admin region,pasture,2016-11,2016,11,0.7168621500596408,0.48131160905196585,0.8579101603216411,23592.281274019017
Western,Admin region,pasture,2016-11,2016,11,0.7186711801648038,0.506939389939909,0.8508626674171612,24630.704160004552
Uganda (national),Reference,pasture,2016-12,2016,12,0.5324005815246324,0.31325386446381087,0.9990428024449124,123950.34640055617
Karamoja,Focus region,pasture,2016-12,2016,12,0.31078839799044206,0.15659665974349188,1.0,24765.78560836989
Lake Victoria basin,Focus region,pasture,2016-12,2016,12,0.6852688981111188,0.447946502964401,0.9997956164470623,20187.901015491654
Northern,Admin region,pasture,2016-12,2016,12,0.4303283521376403,0.2281644550510851,1.0,60800.25368028647
Eastern,Admin region,pasture,2016-12,2016,12,0.49495928584939086,0.2786424314871464,0.9999210250303494,14882.637672862968
Central,Admin region,pasture,2016-12,2016,12,0.6672393777420843,0.4192513675418491,0.9999094196407151,23592.281274019017
Western,Admin region,pasture,2016-12,2016,12,0.6785216181433954,0.44332952803721076,0.9950093413819011,24630.704160004552
Uganda (national),Reference,pasture,2017-01,2017,1,0.404154676082585,0.22529849471598204,0.9998300387763815,123950.34640055617
Karamoja,Focus region,pasture,2017-01,2017,1,0.2615429248058611,0.12954768357271176,1.0,24765.78560836989
Lake Victoria basin,Focus region,pasture,2017-01,2017,1,0.5374773958498679,0.3357506725283924,0.9999603043013107,20187.901015491654
Northern,Admin region,pasture,2017-01,2017,1,0.3155897518189913,0.15915007778658438,1.0,60800.25368028647
Eastern,Admin region,pasture,2017-01,2017,1,0.3867744208526859,0.21008225688431928,1.0,14882.637672862968
Central,Admin region,pasture,2017-01,2017,1,0.5169389485703474,0.30957100731036763,0.9999660323652682,23592.281274019017
Western,Admin region,pasture,2017-01,2017,1,0.5254407790181425,0.31720250325460275,0.9991640088180135,24630.704160004552
Uganda (national),Reference,pasture,2017-02,2017,2,0.40397463538418965,0.22389378537575344,0.9961697544324766,123950.34640055617
Karamoja,Focus region,pasture,2017-02,2017,2,0.26900347737559016,0.13597644390120533,1.0,24765.78560836989
Lake Victoria basin,Focus region,pasture,2017-02,2017,2,0.5536659871482954,0.33210114420239395,0.9935066865769913,20187.901015491654
Northern,Admin region,pasture,2017-02,2017,2,0.3106321539471011,0.15704359596505166,1.0,60800.25368028647
Eastern,Admin region,pasture,2017-02,2017,2,0.4089251811022055,0.22473151152883197,1.0,14882.637672862968
Central,Admin region,pasture,2017-02,2017,2,0.5365368163830694,0.32151838422110324,0.9986503526466556,23592.281274019017
Western,Admin region,pasture,2017-02,2017,2,0.5064064790111955,0.2964020925203909,0.9815350590154979,24630.704160004552
Uganda (national),Reference,pasture,2017-03,2017,3,0.4862437060643994,0.2783638291182512,0.9986281163963003,123950.34640055617
Karamoja,Focus region,pasture,2017-03,2017,3,0.28925190250796556,0.14940089471614987,1.0,24765.78560836989
Lake Victoria basin,Focus region,pasture,2017-03,2017,3,0.649213244340158,0.40854940582596966,0.998064759448684,20187.901015491654
Northern,Admin region,pasture,2017-03,2017,3,0.3672000807201449,0.19371356482843263,1.0,60800.25368028647
Eastern,Admin region,pasture,2017-03,2017,3,0.49725246741666596,0.2845481043614106,1.0,14882.637672862968
Central,Admin region,pasture,2017-03,2017,3,0.657005303963978,0.3990930240907174,0.9988768035448677,23592.281274019017
Western,Admin region,pasture,2017-03,2017,3,0.6111871289541806,0.3688248779389899,0.9940339361111419,24630.704160004552
Uganda (national),Reference,pasture,2017-04,2017,4,0.553436511048195,0.3281576470627668,0.9591517212358049,123950.34640055617
Karamoja,Focus region,pasture,2017-04,2017,4,0.3461796879736076,0.17602136864587342,0.9999714140491903,24765.78560836989
Lake Victoria basin,Focus region,pasture,2017-04,2017,4,0.7020237040020636,0.4610301801441722,0.8360879813182599,20187.901015491654
Northern,Admin region,pasture,2017-04,2017,4,0.4485413229207099,0.24699085056389816,0.9982173299714783,60800.25368028647
Eastern,Admin region,pasture,2017-04,2017,4,0.5860577466522057,0.32216330923613606,0.9958258561094356,14882.637672862968
Central,Admin region,pasture,2017-04,2017,4,0.7192119735293313,0.4651249293460342,0.8877666633604836,23592.281274019017
Western,Admin region,pasture,2017-04,2017,4,0.6611507659621789,0.42398900365515246,0.9081518292748848,24630.704160004552
Uganda (national),Reference,pasture,2017-05,2017,5,0.6679269753618378,0.42015634082033887,0.9979218166370235,123950.34640055617
Karamoja,Focus region,pasture,2017-05,2017,5,0.5366270663612271,0.3108763425339649,0.99917376534897,24765.78560836989
Lake Victoria basin,Focus region,pasture,2017-05,2017,5,0.7200242818765564,0.47078459740071377,0.9994154717560848,20187.901015491654
Northern,Admin region,pasture,2017-05,2017,5,0.6275973052785531,0.38146000196809726,0.9996520251151026,60800.25368028647
Eastern,Admin region,pasture,2017-05,2017,5,0.6803567802191457,0.42414741067392386,0.9950163697092842,14882.637672862968
Central,Admin region,pasture,2017-05,2017,5,0.7426197731234828,0.48351543657058516,0.9995335111496829,23592.281274019017
Western,Admin region,pasture,2017-05,2017,5,0.6886120623373588,0.4527546718321675,0.9937853469260055,24630.704160004552
Uganda (national),Reference,pasture,2017-06,2017,6,0.633980021380708,0.3878425496434602,0.9989397060568885,123950.34640055617
Karamoja,Focus region,pasture,2017-06,2017,6,0.5503194746424684,0.3265447382488291,0.998986082804219,24765.78560836989
Lake Victoria basin,Focus region,pasture,2017-06,2017,6,0.5823851645318311,0.3507665092510212,0.9989837901135543,20187.901015491654
Northern,Admin region,pasture,2017-06,2017,6,0.6469545585134996,0.3990977583859745,0.9995863206475811,60800.25368028647
Eastern,Admin region,pasture,2017-06,2017,6,0.6382186804964551,0.3868861520483119,0.9962955530546035,14882.637672862968
Central,Admin region,pasture,2017-06,2017,6,0.6552243558793961,0.39674696575110047,0.9990998798806753,23592.281274019017
Western,Admin region,pasture,2017-06,2017,6,0.578938113804351,0.3519340037719091,0.9987581343421208,24630.704160004552
Uganda (national),Reference,pasture,2017-07,2017,7,0.6446479081422001,0.3935470005491687,0.995600558180575,123950.34640055617
Karamoja,Focus region,pasture,2017-07,2017,7,0.6242089754133137,0.37256750016526025,0.9965742542406378,24765.78560836989
Lake Victoria basin,Focus region,pasture,2017-07,2017,7,0.5251656496374767,0.31099584103148775,0.995899481026219,20187.901015491654
Northern,Admin region,pasture,2017-07,2017,7,0.6880043733131208,0.4290323477505829,0.9984871121636325,60800.25368028647
Eastern,Admin region,pasture,2017-07,2017,7,0.6369301926263577,0.3801006994815084,0.9892974838588746,14882.637672862968
Central,Admin region,pasture,2017-07,2017,7,0.6224329750148296,0.3722697516747433,0.9965086244535017,23592.281274019017
Western,Admin region,pasture,2017-07,2017,7,0.5627619133227607,0.3338030343930089,0.9909432899297326,24630.704160004552
Uganda (national),Reference,pasture,2017-08,2017,8,0.6584302649269408,0.4199526522144669,0.9938401154751215,123950.34640055617
Karamoja,Focus region,pasture,2017-08,2017,8,0.6259948510662477,0.3897639116221787,0.9988286020482785,24765.78560836989
Lake Victoria basin,Focus region,pasture,2017-08,2017,8,0.570115282474864,0.3515017591994872,0.994444221145329,20187.901015491654
Northern,Admin region,pasture,2017-08,2017,8,0.6881839562060383,0.4412734259271962,0.9994744883150444,60800.25368028647
Eastern,Admin region,pasture,2017-08,2017,8,0.6434394253217284,0.4075505883398432,0.9889617909664884,14882.637672862968
Central,Admin region,pasture,2017-08,2017,8,0.6437617772381736,0.4105168924981919,0.9936353710548488,23592.281274019017
Western,Admin region,pasture,2017-08,2017,8,0.6070511493466985,0.3831016446375008,0.9826348226741682,24630.704160004552
Uganda (national),Reference,pasture,2017-09,2017,9,0.6799599314810271,0.4265309221742318,0.9953344257226677,123950.34640055617
Karamoja,Focus region,pasture,2017-09,2017,9,0.6151079830751391,0.3612460094994023,1.0,24765.78560836989
Lake Victoria basin,Focus region,pasture,2017-09,2017,9,0.6546591483917017,0.4281222907668423,0.989761156118077,20187.901015491654
Northern,Admin region,pasture,2017-09,2017,9,0.6806206553987248,0.41758804323782595,0.9996405948052077,60800.25368028647
Eastern,Admin region,pasture,2017-09,2017,9,0.6608366938403808,0.3975093946224825,0.9960372162153772,14882.637672862968
Central,Admin region,pasture,2017-09,2017,9,0.6869492537072154,0.45178070394876774,0.9923869428127917,23592.281274019017
Western,Admin region,pasture,2017-09,2017,9,0.683231486364727,0.44216961285763573,0.986890159160959,24630.704160004552
Uganda (national),Reference,pasture,2017-10,2017,10,0.6807437421689251,0.4566373066491947,0.9214870592042244,123950.34640055617
Karamoja,Focus region,pasture,2017-10,2017,10,0.5938753173454373,0.36455168934701293,0.9506917220593841,24765.78560836989
Lake Victoria basin,Focus region,pasture,2017-10,2017,10,0.7203457370616327,0.5057231560361002,0.760333166569887,20187.901015491654
Northern,Admin region,pasture,2017-10,2017,10,0.6547005486390114,0.43017032228791663,0.9773289055682967,60800.25368028647
Eastern,Admin region,pasture,2017-10,2017,10,0.661391085607564,0.43377882608439217,0.9300417476330208,14882.637672862968
Central,Admin region,pasture,2017-10,2017,10,0.7203824336953392,0.5049809793960357,0.8611490653177013,23592.281274019017
Western,Admin region,pasture,2017-10,2017,10,0.7299004935130529,0.5005544993548079,0.8354473989920046,24630.704160004552
Uganda (national),Reference,pasture,2017-11,2017,11,0.6735049977235913,0.421989085001105,0.9898424356805215,123950.34640055617
Karamoja,Focus region,pasture,2017-11,2017,11,0.5627778826014846,0.3338895232498745,1.0,24765.78560836989
Lake Victoria basin,Focus region,pasture,2017-11,2017,11,0.7411839877039503,0.4936991162119636,0.9829076133101783,20187.901015491654
Northern,Admin region,pasture,2017-11,2017,11,0.6235329499396504,0.37034924575633926,1.0,60800.25368028647
Eastern,Admin region,pasture,2017-11,2017,11,0.6628436345456529,0.4111672978178029,0.9943980280752498,14882.637672862968
Central,Admin region,pasture,2017-11,2017,11,0.7420498822410082,0.47873841832630054,0.9966509865848446,23592.281274019017
Western,Admin region,pasture,2017-11,2017,11,0.7409403674653636,0.5056116512612822,0.954703699086181,24630.704160004552
Uganda (national),Reference,pasture,2017-12,2017,12,0.5373712787522262,0.31511438494760163,0.9986127684841917,123950.34640055617
Karamoja,Focus region,pasture,2017-12,2017,12,0.38612243627568427,0.21525419429837753,1.0,24765.78560836989
Lake Victoria basin,Focus region,pasture,2017-12,2017,12,0.6645308273445057,0.4220782254954911,0.9978798553274953,20187.901015491654
Northern,Admin region,pasture,2017-12,2017,12,0.4476866744118811,0.24605144532202372,1.0,60800.25368028647
Eastern,Admin region,pasture,2017-12,2017,12,0.5521520959500882,0.3318402906264852,0.9995979456090515,14882.637672862968
Central,Admin region,pasture,2017-12,2017,12,0.6441759220531426,0.3868619023917022,0.9982178403114976,23592.281274019017
Western,Admin region,pasture,2017-12,2017,12,0.6484129397665938,0.4074213035449357,0.9948443581198001,24630.704160004552
Uganda (national),Reference,pasture,2018-01,2018,1,0.4157776029727731,0.2223907689589021,0.9982810913139664,123950.34640055617
Karamoja,Focus region,pasture,2018-01,2018,1,0.2894503726520043,0.14680579699860036,1.0,24765.78560836989
Lake Victoria basin,Focus region,pasture,2018-01,2018,1,0.5374297801380378,0.30002179820191827,0.9981832238671255,20187.901015491654
Northern,Admin region,pasture,2018-01,2018,1,0.33401741899040016,0.16994474228919,1.0,60800.25368028647
Eastern,Admin region,pasture,2018-01,2018,1,0.43831101138876966,0.23854863502364423,0.9991618235841361,14882.637672862968
Central,Admin region,pasture,2018-01,2018,1,0.5111634880836111,0.2730182630986026,0.9986798711872695,23592.281274019017
Western,Admin region,pasture,2018-01,2018,1,0.513635961835182,0.2942847758714988,0.9929541701658768,24630.704160004552
Uganda (national),Reference,pasture,2018-02,2018,2,0.3721036027754615,0.20433180941355053,0.9968563605217119,123950.34640055617
Karamoja,Focus region,pasture,2018-02,2018,2,0.2613671111609999,0.13567035742311215,1.0,24765.78560836989
Lake Victoria basin,Focus region,pasture,2018-02,2018,2,0.47739378942602123,0.2838875683381066,0.9945688189383913,20187.901015491654
Northern,Admin region,pasture,2018-02,2018,2,0.30575119615263985,0.15758056933208867,1.0,60800.25368028647
Eastern,Admin region,pasture,2018-02,2018,2,0.37954735206252865,0.21305742593676852,0.9999964102286523,14882.637672862968
Central,Admin region,pasture,2018-02,2018,2,0.4485135419629614,0.25657500319212084,0.9985235401436567,23592.281274019017
Western,Admin region,pasture,2018-02,2018,2,0.45967639567016627,0.26544472639071803,0.9852060556818851,24630.704160004552
Uganda (national),Reference,pasture,2018-03,2018,3,0.5471660588091946,0.3322391795628448,0.9806477466294324,123950.34640055617
Karamoja,Focus region,pasture,2018-03,2018,3,0.43432759167260393,0.23662586662582266,0.9998915442765964,24765.78560836989
Lake Victoria basin,Focus region,pasture,2018-03,2018,3,0.625103596376298,0.40285816477468545,0.9228727933848639,20187.901015491654
Northern,Admin region,pasture,2018-03,2018,3,0.49747232076789943,0.2832117511998397,0.9994869007287441,60800.25368028647
Eastern,Admin region,pasture,2018-03,2018,3,0.5245568925667791,0.30793246474253694,0.9951438980961049,14882.637672862968
Central,Admin region,pasture,2018-03,2018,3,0.6194110365700706,0.4008519344442226,0.962461110277387,23592.281274019017
Western,Admin region,pasture,2018-03,2018,3,0.620985426872054,0.4089438740833756,0.9422851700980746,24630.704160004552
Uganda (national),Reference,pasture,2018-04,2018,4,0.7234246406501266,0.4789253459051393,0.9630680655477208,123950.34640055617
Karamoja,Focus region,pasture,2018-04,2018,4,0.6642045947725005,0.4114347673566706,0.9975599323408868,24765.78560836989
Lake Victoria basin,Focus region,pasture,2018-04,2018,4,0.769888779362474,0.5364453281086772,0.8411448189687781,20187.901015491654
Northern,Admin region,pasture,2018-04,2018,4,0.696217932039442,0.4414245914297814,0.9959801319642199,60800.25368028647
Eastern,Admin region,pasture,2018-04,2018,4,0.6906422262610108,0.45502958755425277,0.9817028791303575,14882.637672862968
Central,Admin region,pasture,2018-04,2018,4,0.7727004716229465,0.5337661933489517,0.8726177110195793,23592.281274019017
Western,Admin region,pasture,2018-04,2018,4,0.7709388524062899,0.5424822573330396,0.9566767784553023,24630.704160004552
Uganda (national),Reference,pasture,2018-05,2018,5,0.7375084547340969,0.49091485740707164,0.9945786982490861,123950.34640055617
Karamoja,Focus region,pasture,2018-05,2018,5,0.6942363025663808,0.44688947433326515,0.9947120559339836,24765.78560836989
Lake Victoria basin,Focus region,pasture,2018-05,2018,5,0.762937669172687,0.5206402238204776,0.9953830114468798,20187.901015491654
Northern,Admin region,pasture,2018-05,2018,5,0.7183288678705494,0.4699763594553609,0.9975925775585551,60800.25368028647
Eastern,Admin region,pasture,2018-05,2018,5,0.7177903689969288,0.4548326406182485,0.9926610151465124,14882.637672862968
Central,Admin region,pasture,2018-05,2018,5,0.773502894868727,0.5268641408255406,0.9912322386013122,23592.281274019017
Western,Admin region,pasture,2018-05,2018,5,0.7630579886568589,0.5307084163207993,0.9910159996082456,24630.704160004552
Uganda (national),Reference,pasture,2018-06,2018,6,0.711008181907671,0.45597014551723003,0.9965451832940039,123950.34640055617
Karamoja,Focus region,pasture,2018-06,2018,6,0.6900428054081678,0.43456113206110386,0.9960435656658247,24765.78560836989
Lake Victoria basin,Focus region,pasture,2018-06,2018,6,0.6796696361422675,0.4427922587413033,0.9958103862358272,20187.901015491654
Northern,Admin region,pasture,2018-06,2018,6,0.7127524448655238,0.45328429373595447,0.9982519207012721,60800.25368028647
Eastern,Admin region,pasture,2018-06,2018,6,0.7054723011279054,0.43164954241831843,0.9843147263753101,14882.637672862968
Central,Admin region,pasture,2018-06,2018,6,0.7199201473653718,0.4716654321781012,0.9966427988307993,23592.281274019017
Western,Admin region,pasture,2018-06,2018,6,0.7017469175652417,0.46227622081711933,0.999525260578244,24630.704160004552
Uganda (national),Reference,pasture,2018-07,2018,7,0.6381285182547799,0.3867300873405773,0.9984323645952637,123950.34640055617
Karamoja,Focus region,pasture,2018-07,2018,7,0.6480231864526929,0.4094850308216689,0.9994132223888246,24765.78560836989
Lake Victoria basin,Focus region,pasture,2018-07,2018,7,0.5322182828866906,0.3189869528017616,0.9985815403668362,20187.901015491654
Northern,Admin region,pasture,2018-07,2018,7,0.6722222438895978,0.4118769995136459,0.999724208021757,60800.25368028647
Eastern,Admin region,pasture,2018-07,2018,7,0.6572692507825167,0.3958243471488901,0.994721093419013,14882.637672862968
Central,Admin region,pasture,2018-07,2018,7,0.6020410736372565,0.35713578885069047,0.998817215877142,23592.281274019017
Western,Admin region,pasture,2018-07,2018,7,0.5769585613316127,0.3476277203161351,0.9969465422503241,24630.704160004552
Uganda (national),Reference,pasture,2018-08,2018,8,0.617423077546205,0.38520097062983777,0.9974137939850262,123950.34640055617
Karamoja,Focus region,pasture,2018-08,2018,8,0.5876099347216943,0.34906477551811893,0.9993290888342811,24765.78560836989
Lake Victoria basin,Focus region,pasture,2018-08,2018,8,0.5304290756624747,0.3228897248995995,0.9992584428366423,20187.901015491654
Northern,Admin region,pasture,2018-08,2018,8,0.6356410742338156,0.3962731328138588,0.9993125997022737,60800.25368028647
Eastern,Admin region,pasture,2018-08,2018,8,0.6242924517453968,0.37020720654307865,0.994272174915058,14882.637672862968
Central,Admin region,pasture,2018-08,2018,8,0.6007625768314997,0.3738191700946065,0.9988754093177686,23592.281274019017
Western,Admin region,pasture,2018-08,2018,8,0.5844013845481163,0.377964386336111,0.9933164851818177,24630.704160004552
Uganda (national),Reference,pasture,2018-09,2018,9,0.6178216935509512,0.39111280980929275,0.9952930218562465,123950.34640055617
Karamoja,Focus region,pasture,2018-09,2018,9,0.48828820785664695,0.28592789913209987,1.0,24765.78560836989
Lake Victoria basin,Focus region,pasture,2018-09,2018,9,0.6351543398699089,0.4099668657478831,0.9867203825747941,20187.901015491654
Northern,Admin region,pasture,2018-09,2018,9,0.5883414456922309,0.36487524571387797,0.9998855590619189,60800.25368028647
Eastern,Admin region,pasture,2018-09,2018,9,0.6053760658896661,0.3680528660028504,0.9952202968769059,14882.637672862968
Central,Admin region,pasture,2018-09,2018,9,0.6524001366987096,0.4216292017521504,0.9888192577538096,23592.281274019017
Western,Admin region,pasture,2018-09,2018,9,0.6656537103988418,0.4413199890088306,0.9896997230627163,24630.704160004552
Uganda (national),Reference,pasture,2018-10,2018,10,0.6325746552954017,0.38070664195878345,0.9288942675320083,123950.34640055617
Karamoja,Focus region,pasture,2018-10,2018,10,0.4598551669859179,0.24051896378466786,0.9933385767135462,24765.78560836989
Lake Victoria basin,Focus region,pasture,2018-10,2018,10,0.7289553361494623,0.4609867320386249,0.7674232334742113,20187.901015491654
Northern,Admin region,pasture,2018-10,2018,10,0.5746396468474075,0.3272598178647957,0.9941059574289294,60800.25368028647
Eastern,Admin region,pasture,2018-10,2018,10,0.6419167178181469,0.3803323476426774,0.9894261806810754,14882.637672862968
Central,Admin region,pasture,2018-10,2018,10,0.7165080496116202,0.4462530876220187,0.8512703002906751,23592.281274019017
Western,Admin region,pasture,2018-10,2018,10,0.7171443969819054,0.4774963501317709,0.8048769259824575,24630.704160004552
Uganda (national),Reference,pasture,2018-11,2018,11,0.6337899694309674,0.39677526653231876,0.9963793785148654,123950.34640055617
Karamoja,Focus region,pasture,2018-11,2018,11,0.45068941859835815,0.2300282179947507,0.9999676409405602,24765.78560836989
Lake Victoria basin,Focus region,pasture,2018-11,2018,11,0.7295851897443624,0.5277704952593414,0.9911719775723559,20187.901015491654
Northern,Admin region,pasture,2018-11,2018,11,0.5626862906770871,0.31141974745077944,0.9999868191331478,60800.25368028647
Eastern,Admin region,pasture,2018-11,2018,11,0.6355603738242275,0.38909325052425203,0.996902027326888,14882.637672862968
Central,Admin region,pasture,2018-11,2018,11,0.7201655388735977,0.5015103171466945,0.9969599544142798,23592.281274019017
Western,Admin region,pasture,2018-11,2018,11,0.7271740244772806,0.5138039637070234,0.9863737911516216,24630.704160004552
Uganda (national),Reference,pasture,2018-12,2018,12,0.5787638569981788,0.33593076328774824,0.9930784229374614,123950.34640055617
Karamoja,Focus region,pasture,2018-12,2018,12,0.39238538618007934,0.20110164754607227,1.0,24765.78560836989
Lake Victoria basin,Focus region,pasture,2018-12,2018,12,0.733818237035761,0.4700332226807773,0.9819240213534008,20187.901015491654
Northern,Admin region,pasture,2018-12,2018,12,0.47413238016023973,0.2520410376528708,1.0,60800.25368028647
Eastern,Admin region,pasture,2018-12,2018,12,0.589810395541837,0.3340653046911444,0.9996740065290198,14882.637672862968
Central,Admin region,pasture,2018-12,2018,12,0.7112857595296324,0.44656751405665174,0.9968221124204738,23592.281274019017
Western,Admin region,pasture,2018-12,2018,12,0.7082955223516776,0.4419328561298423,0.9681456159487543,24630.704160004552
Uganda (national),Reference,pasture,2019-01,2019,1,0.500598352008137,0.28875350390618026,0.9995134745667476,123950.34640055617
Karamoja,Focus region,pasture,2019-01,2019,1,0.33225013370890283,0.17401860051145537,1.0,24765.78560836989
Lake Victoria basin,Focus region,pasture,2019-01,2019,1,0.6755794565410793,0.43547263477189,0.9989892385427861,20187.901015491654
Northern,Admin region,pasture,2019-01,2019,1,0.3929864317199031,0.19983245818373427,1.0,60800.25368028647
Eastern,Admin region,pasture,2019-01,2019,1,0.5106582830913704,0.29581922322700194,0.9999964102286523,14882.637672862968
Central,Admin region,pasture,2019-01,2019,1,0.6409961038679758,0.4043030992091788,0.9991938348023647,23592.281274019017
Western,Admin region,pasture,2019-01,2019,1,0.6260959063442869,0.3935774501288217,0.9982594759198994,24630.704160004552
Uganda (national),Reference,pasture,2019-02,2019,2,0.42827109130567764,0.22696810077769322,0.9989355867989802,123950.34640055617
Karamoja,Focus region,pasture,2019-02,2019,2,0.28362567972573166,0.14513505282085615,1.0,24765.78560836989
Lake Victoria basin,Focus region,pasture,2019-02,2019,2,0.6098477935971053,0.3383815768247283,0.9997466013398963,20187.901015491654
Northern,Admin region,pasture,2019-02,2019,2,0.32497835191330837,0.1646446003900082,1.0,60800.25368028647
Eastern,Admin region,pasture,2019-02,2019,2,0.4184634146559669,0.22768468791689292,1.0,14882.637672862968
Central,Admin region,pasture,2019-02,2019,2,0.5751228564664416,0.3105468445593992,0.9998980970958046,23592.281274019017
Western,Admin region,pasture,2019-02,2019,2,0.5492871863118726,0.30093653175720575,0.9944250866219542,24630.704160004552
Uganda (national),Reference,pasture,2019-03,2019,3,0.43610500484993536,0.25308109655325567,0.9986888555894411,123950.34640055617
Karamoja,Focus region,pasture,2019-03,2019,3,0.2925008221290691,0.16055782207676117,1.0,24765.78560836989
Lake Victoria basin,Focus region,pasture,2019-03,2019,3,0.6018126608381661,0.3810457984065374,0.9996079102765543,20187.901015491654
Northern,Admin region,pasture,2019-03,2019,3,0.3420633283436948,0.185279730124387,1.0,60800.25368028647
Eastern,Admin region,pasture,2019-03,2019,3,0.4406381132881633,0.251483663081581,0.9999784613719135,14882.637672862968
Central,Admin region,pasture,2019-03,2019,3,0.5584496961616354,0.33499972252012794,0.9997622265568772,23592.281274019017
Western,Admin region,pasture,2019-03,2019,3,0.5493489503485938,0.34379858369264066,0.9931322782564692,24630.704160004552
Uganda (national),Reference,pasture,2019-04,2019,4,0.5253596487880734,0.3111506238463121,0.9909962656822635,123950.34640055617
Karamoja,Focus region,pasture,2019-04,2019,4,0.3238752593047065,0.17333982731263217,0.999935019624691,24765.78560836989
Lake Victoria basin,Focus region,pasture,2019-04,2019,4,0.6493310849572174,0.4051852600598071,0.9702669876652855,20187.901015491654
Northern,Admin region,pasture,2019-04,2019,4,0.4422436575595353,0.24688726741186992,0.9999015828608372,60800.25368028647
Eastern,Admin region,pasture,2019-04,2019,4,0.5099716234440911,0.2940288116013591,0.9980172073929864,14882.637672862968
Central,Admin region,pasture,2019-04,2019,4,0.6216813519723088,0.3851293390170793,0.9838516976442172,23592.281274019017
Western,Admin region,pasture,2019-04,2019,4,0.6525413099262647,0.41314579887835645,0.9710273026118723,24630.704160004552
Uganda (national),Reference,pasture,2019-05,2019,5,0.6680579762562815,0.419677098221206,0.9740514607886664,123950.34640055617
Karamoja,Focus region,pasture,2019-05,2019,5,0.5119594555574283,0.2860108803182963,0.9868036710045882,24765.78560836989
Lake Victoria basin,Focus region,pasture,2019-05,2019,5,0.7267568115121773,0.48092938216341224,0.9136764260072645,20187.901015491654
Northern,Admin region,pasture,2019-05,2019,5,0.6201024543152042,0.37035623891143604,0.9938946086901638,60800.25368028647
Eastern,Admin region,pasture,2019-05,2019,5,0.6761212871299552,0.4170910097686451,0.987120533893319,14882.637672862968
Central,Admin region,pasture,2019-05,2019,5,0.7320581425841661,0.48307006519122214,0.9689523652365618,23592.281274019017
Western,Admin region,pasture,2019-05,2019,5,0.7257168673942429,0.48851979605340734,0.921488109556099,24630.704160004552
Uganda (national),Reference,pasture,2019-06,2019,6,0.7238495889396359,0.4617517273374832,0.9942706717381373,123950.34640055617
Karamoja,Focus region,pasture,2019-06,2019,6,0.6943008710183592,0.42041166514070716,0.9945798194743486,24765.78560836989
Lake Victoria basin,Focus region,pasture,2019-06,2019,6,0.6976301021938744,0.4414529147796105,0.9904326101586511,20187.901015491654
Northern,Admin region,pasture,2019-06,2019,6,0.7284216459300443,0.46013676838857687,0.9974837949167804,60800.25368028647
Eastern,Admin region,pasture,2019-06,2019,6,0.7213813953033568,0.4588800704709471,0.9854761089102843,14882.637672862968
Central,Admin region,pasture,2019-06,2019,6,0.7219479480620361,0.46189996981230363,0.9931746988844665,23592.281274019017
Western,Admin region,pasture,2019-06,2019,6,0.7160228555549141,0.4674264860264233,0.9922562321053532,24630.704160004552
Uganda (national),Reference,pasture,2019-07,2019,7,0.7088432080206623,0.45316727633202925,0.9979548974726934,123950.34640055617
Karamoja,Focus region,pasture,2019-07,2019,7,0.7131028548676497,0.44230995158648223,0.9998382047028009,24765.78560836989
Lake Victoria basin,Focus region,pasture,2019-07,2019,7,0.6304349065378978,0.3844750594229368,0.9953756949847685,20187.901015491654
Northern,Admin region,pasture,2019-07,2019,7,0.734554589165012,0.47099059300966234,0.9997075639467515,60800.25368028647
Eastern,Admin region,pasture,2019-07,2019,7,0.7050828713318122,0.4447364183536727,0.9962534893809284,14882.637672862968
Central,Admin region,pasture,2019-07,2019,7,0.6837675374222016,0.43475267135489404,0.9966987011211619,23592.281274019017
Western,Admin region,pasture,2019-07,2019,7,0.6718635694941102,0.4319135522278225,0.9956972848387449,24630.704160004552
Uganda (national),Reference,pasture,2019-08,2019,8,0.6938954484042946,0.4433613373795198,0.9871215703300787,123950.34640055617
Karamoja,Focus region,pasture,2019-08,2019,8,0.7042892025983185,0.4420981604590087,0.9972356226562787,24765.78560836989
Lake Victoria basin,Focus region,pasture,2019-08,2019,8,0.5807215963263237,0.35877476989407436,0.9816402464030847,20187.901015491654
Northern,Admin region,pasture,2019-08,2019,8,0.7301005452735781,0.4702753200880726,0.9968321121837397,60800.25368028647
Eastern,Admin region,pasture,2019-08,2019,8,0.6813292231157194,0.43081191815713055,0.9861765366491371,14882.637672862968
Central,Admin region,pasture,2019-08,2019,8,0.6615989225124445,0.4254477426707644,0.9775234074079086,23592.281274019017
Western,Admin region,pasture,2019-08,2019,8,0.6411951370562572,0.4004129280070386,0.9723552069218526,24630.704160004552
Uganda (national),Reference,pasture,2019-09,2019,9,0.686190245551098,0.43603673662964176,0.9930762255491639,123950.34640055617
Karamoja,Focus region,pasture,2019-09,2019,9,0.6363224999552456,0.395624098522903,0.9999546973167842,24765.78560836989
Lake Victoria basin,Focus region,pasture,2019-09,2019,9,0.6310102649470619,0.3700523059023597,0.9841290681202783,20187.901015491654
Northern,Admin region,pasture,2019-09,2019,9,0.6929961398727611,0.4537067875872344,0.9987828046663384,60800.25368028647
Eastern,Admin region,pasture,2019-09,2019,9,0.6800665448182551,0.40529308087932553,0.994247764469893,14882.637672862968
Central,Admin region,pasture,2019-09,2019,9,0.6814765437202811,0.4270698065084649,0.9821622496175709,23592.281274019017
Western,Admin region,pasture,2019-09,2019,9,0.6775013776408334,0.4190224062838165,0.9882835600227114,24630.704160004552
Uganda (national),Reference,pasture,2019-10,2019,10,0.6997772058308971,0.4561216436833076,0.6811930530447929,123950.34640055617
Karamoja,Focus region,pasture,2019-10,2019,10,0.6316990467903729,0.4064722641911859,0.9271432435057967,24765.78560836989
Lake Victoria basin,Focus region,pasture,2019-10,2019,10,0.7295574244817209,0.518705152693576,0.4198737859433785,20187.901015491654
Northern,Admin region,pasture,2019-10,2019,10,0.6869719622125737,0.4392162026732358,0.908716838752446,60800.25368028647
Eastern,Admin region,pasture,2019-10,2019,10,0.6922131665070556,0.4363149437916637,0.7503803644293641,14882.637672862968
Central,Admin region,pasture,2019-10,2019,10,0.7559469038570854,0.5280261485631691,0.3522544603345186,23592.281274019017
Western,Admin region,pasture,2019-10,2019,10,0.7344767919907893,0.5139915755874581,0.3920507396512833,24630.704160004552
Uganda (national),Reference,pasture,2019-11,2019,11,0.6931241711332016,0.43848410011706695,0.9227557534534722,123950.34640055617
Karamoja,Focus region,pasture,2019-11,2019,11,0.590406160176983,0.3392227338763255,0.9998942937391633,24765.78560836989
Lake Victoria basin,Focus region,pasture,2019-11,2019,11,0.751794452743192,0.517145691185953,0.6582801122982495,20187.901015491654
Northern,Admin region,pasture,2019-11,2019,11,0.6483353367170848,0.39194857891688983,0.9986324118370498,60800.25368028647
Eastern,Admin region,pasture,2019-11,2019,11,0.7006597676604148,0.42507550983621956,0.9909598717761832,14882.637672862968
Central,Admin region,pasture,2019-11,2019,11,0.7709857779642588,0.49904761338058407,0.7786768381661019,23592.281274019017
Western,Admin region,pasture,2019-11,2019,11,0.7510022393604436,0.5319461443131198,0.8314553926675214,24630.704160004552
Uganda (national),Reference,pasture,2019-12,2019,12,0.6841768289860194,0.4229264246362069,0.9933208827622095,123950.34640055617
Karamoja,Focus region,pasture,2019-12,2019,12,0.5887388821677958,0.32703426093511134,0.999993528188112,24765.78560836989
Lake Victoria basin,Focus region,pasture,2019-12,2019,12,0.7522400408012238,0.5134451240886554,0.9780654230154748,20187.901015491654
Northern,Admin region,pasture,2019-12,2019,12,0.6255057481172711,0.3589247762417035,0.9999973638266295,60800.25368028647
Eastern,Admin region,pasture,2019-12,2019,12,0.6929942868336199,0.40946326162878766,0.9990050983903535,14882.637672862968
Central,Admin region,pasture,2019-12,2019,12,0.7681830823964011,0.5048916939816125,0.9978051668511086,23592.281274019017
Western,Admin region,pasture,2019-12,2019,12,0.7453390924041368,0.5135487140265375,0.9687239930311328,24630.704160004552
Uganda (national),Reference,pasture,2020-01,2020,1,0.5949118681848311,0.35359559385100836,0.9980032095898623,123950.34640055617
Karamoja,Focus region,pasture,2020-01,2020,1,0.46860245386953847,0.25962015264652394,1.0,24765.78560836989
Lake Victoria basin,Focus region,pasture,2020-01,2020,1,0.7111378459211257,0.45392097718757807,0.997015007994091,20187.901015491654
Northern,Admin region,pasture,2020-01,2020,1,0.50969293812022,0.2787750949874429,1.0,60800.25368028647
Eastern,Admin region,pasture,2020-01,2020,1,0.6144148690442486,0.3732934943449408,0.9998878442810684,14882.637672862968
Central,Admin region,pasture,2020-01,2020,1,0.7005738118757175,0.443985944697989,0.997783001304366,23592.281274019017
Western,Admin region,pasture,2020-01,2020,1,0.6931654395132919,0.44064727620554717,0.9919664311288745,24630.704160004552
Uganda (national),Reference,pasture,2020-02,2020,2,0.574615104228369,0.3353709750590585,0.9992995317712051,123950.34640055617
Karamoja,Focus region,pasture,2020-02,2020,2,0.4696237149204424,0.2418555727270537,1.0,24765.78560836989
Lake Victoria basin,Focus region,pasture,2020-02,2020,2,0.6858345663699145,0.43655877522142944,0.9985098701720261,20187.901015491654
Northern,Admin region,pasture,2020-02,2020,2,0.48906835488725536,0.2573940143187011,1.0,60800.25368028647
Eastern,Admin region,pasture,2020-02,2020,2,0.6092857063255841,0.34975207402697467,0.999660295010225,14882.637672862968
Central,Admin region,pasture,2020-02,2020,2,0.6890702272486668,0.4381832502909493,0.9988696903225356,23592.281274019017
Western,Admin region,pasture,2020-02,2020,2,0.6557348073296858,0.4211997608468518,0.9974972321539993,24630.704160004552
Uganda (national),Reference,pasture,2020-03,2020,3,0.5999558158086747,0.3717492747737325,0.9603774531632389,123950.34640055617
Karamoja,Focus region,pasture,2020-03,2020,3,0.5071962422861069,0.3047993701401899,0.9978297857469028,24765.78560836989
Lake Victoria basin,Focus region,pasture,2020-03,2020,3,0.7020661038146219,0.4694016628089672,0.8063453278582949,20187.901015491654
Northern,Admin region,pasture,2020-03,2020,3,0.5382896527506021,0.3206061581112021,0.9989813550418384,60800.25368028647
Eastern,Admin region,pasture,2020-03,2020,3,0.6083401804447416,0.3785384450141477,0.9997611183137254,14882.637672862968
Central,Admin region,pasture,2020-03,2020,3,0.6879567684812959,0.46224394789225876,0.8716509610536158,23592.281274019017
Western,Admin region,pasture,2020-03,2020,3,0.6797161639810031,0.422300455899312,0.9257507867603157,24630.704160004552
Uganda (national),Reference,pasture,2020-04,2020,4,0.6654930542456621,0.42885516760927506,0.9406261946450101,123950.34640055617
Karamoja,Focus region,pasture,2020-04,2020,4,0.5984023722389213,0.36827661292061653,0.9988350654002817,24765.78560836989
Lake Victoria basin,Focus region,pasture,2020-04,2020,4,0.7224170123815056,0.4828593085499188,0.7035662003402787,20187.901015491654
Northern,Admin region,pasture,2020-04,2020,4,0.6338652820184815,0.3978802108787269,0.9991552391049393,60800.25368028647
Eastern,Admin region,pasture,2020-04,2020,4,0.6336953551103358,0.3915746096193917,0.9888922620226196,14882.637672862968
Central,Admin region,pasture,2020-04,2020,4,0.7333503876342156,0.4804208131198133,0.7669219318876016,23592.281274019017
Western,Admin region,pasture,2020-04,2020,4,0.7165520719831187,0.49448341037316296,0.9330337821602209,24630.704160004552
Uganda (national),Reference,pasture,2020-05,2020,5,0.7141371080104809,0.46168828763771586,0.9959269024584322,123950.34640055617
Karamoja,Focus region,pasture,2020-05,2020,5,0.6992482350614381,0.43549774917865175,0.9964770670838156,24765.78560836989
Lake Victoria basin,Focus region,pasture,2020-05,2020,5,0.7206700247715838,0.49438645425580874,0.9915660391082853,20187.901015491654
Northern,Admin region,pasture,2020-05,2020,5,0.7054801868438217,0.4410966587080785,0.9984097189378459,60800.25368028647
Eastern,Admin region,pasture,2020-05,2020,5,0.6863966132681246,0.41878577996110483,0.9964345827872716,14882.637672862968
Central,Admin region,pasture,2020-05,2020,5,0.7480362223512903,0.5103294805635177,0.9894622983808858,23592.281274019017
Western,Admin region,pasture,2020-05,2020,5,0.7204307427533787,0.4926610457678752,0.9955555400934547,24630.704160004552
Uganda (national),Reference,pasture,2020-06,2020,6,0.6898742772200734,0.43308667123996286,0.9920717571009003,123950.34640055617
Karamoja,Focus region,pasture,2020-06,2020,6,0.6750654417178985,0.4154106309760533,0.9962970407348276,24765.78560836989
Lake Victoria basin,Focus region,pasture,2020-06,2020,6,0.6491354556573216,0.42196697636192,0.9853712269614597,20187.901015491654
Northern,Admin region,pasture,2020-06,2020,6,0.6965869093825652,0.43382522978884724,0.9983163363729242,60800.25368028647
Eastern,Admin region,pasture,2020-06,2020,6,0.6818982803685429,0.4091574903238813,0.9782537001216229,14882.637672862968
Central,Admin region,pasture,2020-06,2020,6,0.6956579649216698,0.4477825301475466,0.9875161349595135,23592.281274019017
Western,Admin region,pasture,2020-06,2020,6,0.6726842948006734,0.4318172174131715,0.9889593823644544,24630.704160004552
Uganda (national),Reference,pasture,2020-07,2020,7,0.6585640921103604,0.3962167911624599,0.990236454447046,123950.34640055617
Karamoja,Focus region,pasture,2020-07,2020,7,0.6665517794481631,0.3955705064384174,0.9874408949089505,24765.78560836989
Lake Victoria basin,Focus region,pasture,2020-07,2020,7,0.541659583995436,0.3223814939907957,0.994792681923078,20187.901015491654
Northern,Admin region,pasture,2020-07,2020,7,0.6946492634428987,0.41722996594722705,0.9920613999444515,60800.25368028647
Eastern,Admin region,pasture,2020-07,2020,7,0.6689843342970122,0.3950327090115971,0.9724664256076553,14882.637672862968
Central,Admin region,pasture,2020-07,2020,7,0.632256680847648,0.3813037488626099,0.9954950835156684,23592.281274019017
Western,Admin region,pasture,2020-07,2020,7,0.5886786099651049,0.35936986063923626,0.9908725961840468,24630.704160004552
Uganda (national),Reference,pasture,2020-08,2020,8,0.6680221036084149,0.39789365738099597,0.9905925074146852,123950.34640055617
Karamoja,Focus region,pasture,2020-08,2020,8,0.6534971165686922,0.3743114764449619,0.9985956168203118,24765.78560836989
Lake Victoria basin,Focus region,pasture,2020-08,2020,8,0.581178684511856,0.34279879364761445,0.9798501001167034,20187.901015491654
Northern,Admin region,pasture,2020-08,2020,8,0.6919065007321551,0.4098279120495552,0.9990475660681649,60800.25368028647
Eastern,Admin region,pasture,2020-08,2020,8,0.6614549843207056,0.3777969532928667,0.9787694165277154,14882.637672862968
Central,Admin region,pasture,2020-08,2020,8,0.6625211898637053,0.3995934871944734,0.9789120043157455,23592.281274019017
Western,Admin region,pasture,2020-08,2020,8,0.6176397077392646,0.37849013641207513,0.987548663193688,24630.704160004552
Uganda (national),Reference,pasture,2020-09,2020,9,0.6726409432481126,0.4369330867689977,0.9950178868675141,123950.34640055617
Karamoja,Focus region,pasture,2020-09,2020,9,0.6121073693865677,0.3778297366642746,0.9979228021805083,24765.78560836989
Lake Victoria basin,Focus region,pasture,2020-09,2020,9,0.6536366708516516,0.42847612524120454,0.9925106099338025,20187.901015491654
Northern,Admin region,pasture,2020-09,2020,9,0.6659438646228616,0.42614524768555645,0.9985844059138818,60800.25368028647
Eastern,Admin region,pasture,2020-09,2020,9,0.6597816358074033,0.4088865548903493,0.9885522332495462,14882.637672862968
Central,Admin region,pasture,2020-09,2020,9,0.6885196024538152,0.4613774607339241,0.9939191184705226,23592.281274019017
Western,Admin region,pasture,2020-09,2020,9,0.6819027875412349,0.4571182676623309,0.9909122003327547,24630.704160004552
Uganda (national),Reference,pasture,2020-10,2020,10,0.6920650391223561,0.43978752856060965,0.971366140729384,123950.34640055617
Karamoja,Focus region,pasture,2020-10,2020,10,0.5930484015092417,0.3649598916535121,0.992619875658474,24765.78560836989
Lake Victoria basin,Focus region,pasture,2020-10,2020,10,0.7210776303774099,0.4948942306519078,0.9156947006200742,20187.901015491654
Northern,Admin region,pasture,2020-10,2020,10,0.6570396240891371,0.39974931509704187,0.9968818858937561,60800.25368028647
Eastern,Admin region,pasture,2020-10,2020,10,0.6806419205855108,0.43250502126436263,0.9931728743080981,14882.637672862968
Central,Admin region,pasture,2020-10,2020,10,0.7445343345593918,0.4930381814101918,0.9696489281994624,23592.281274019017
Western,Admin region,pasture,2020-10,2020,10,0.7415941276468525,0.4994406475249511,0.8958427050463756,24630.704160004552
Uganda (national),Reference,pasture,2020-11,2020,11,0.6765512837071296,0.42971070638861675,0.9576759552551903,123950.34640055617
Karamoja,Focus region,pasture,2020-11,2020,11,0.5443821463067771,0.3060412396243083,0.9886682972981862,24765.78560836989
Lake Victoria basin,Focus region,pasture,2020-11,2020,11,0.7620291840647515,0.5192231220732434,0.840433990946288,20187.901015491654
Northern,Admin region,pasture,2020-11,2020,11,0.6133275191267628,0.3636408088544756,0.99466720735444,60800.25368028647
Eastern,Admin region,pasture,2020-11,2020,11,0.6766135707395594,0.42469280777694146,0.9777605500036498,14882.637672862968
Central,Admin region,pasture,2020-11,2020,11,0.7703326127864932,0.5145388421568781,0.9091388948839173,23592.281274019017
Western,Admin region,pasture,2020-11,2020,11,0.7584273444187162,0.5309784015633838,0.9002071230630276,24630.704160004552
Uganda (national),Reference,pasture,2020-12,2020,12,0.6240727951105234,0.37443416330254425,0.996876885818709,123950.34640055617
Karamoja,Focus region,pasture,2020-12,2020,12,0.46512913459718136,0.23951554279141235,1.0,24765.78560836989
Lake Victoria basin,Focus region,pasture,2020-12,2020,12,0.7329084085445701,0.4811013196098977,0.9897075850862772,20187.901015491654
Northern,Admin region,pasture,2020-12,2020,12,0.5457014058671233,0.29617307696002804,1.0,60800.25368028647
Eastern,Admin region,pasture,2020-12,2020,12,0.6259822586007961,0.3745376369443727,0.999926388571069,14882.637672862968
Central,Admin region,pasture,2020-12,2020,12,0.7249840852190483,0.47100260796412596,0.9951641543893204,23592.281274019017
Western,Admin region,pasture,2020-12,2020,12,0.7214152637595036,0.47659870917997255,0.9888862729017945,24630.704160004552
Uganda (national),Reference,pasture,2021-01,2021,1,0.5575001280011215,0.32116056897368095,0.9974873557840325,123950.34640055617
Karamoja,Focus region,pasture,2021-01,2021,1,0.40401260512305737,0.20530214561713814,1.0,24765.78560836989
Lake Victoria basin,Focus region,pasture,2021-01,2021,1,0.7081051098252649,0.45884237835262004,0.9963890509320928,20187.901015491654
Northern,Admin region,pasture,2021-01,2021,1,0.4574300245344692,0.23369070842186823,1.0,60800.25368028647
Eastern,Admin region,pasture,2021-01,2021,1,0.5952478492768432,0.3433310261913483,0.9997851486654531,14882.637672862968
Central,Admin region,pasture,2021-01,2021,1,0.6761518282608882,0.4176067087826898,0.9978393387356702,23592.281274019017
Western,Admin region,pasture,2021-01,2021,1,0.6696551018178064,0.43285367565420824,0.9890838683430506,24630.704160004552
Uganda (national),Reference,pasture,2021-02,2021,2,0.4745774410610964,0.2690595448966416,0.9987510146334821,123950.34640055617
Karamoja,Focus region,pasture,2021-02,2021,2,0.35262115796467,0.17810312462419622,1.0,24765.78560836989
Lake Victoria basin,Focus region,pasture,2021-02,2021,2,0.6466696193788275,0.4167484574946479,0.9988484822653161,20187.901015491654
Northern,Admin region,pasture,2021-02,2021,2,0.3780707662918692,0.1917666004041233,1.0,60800.25368028647
Eastern,Admin region,pasture,2021-02,2021,2,0.5033690977220469,0.28281316857316713,0.9994076877276206,14882.637672862968
Central,Admin region,pasture,2021-02,2021,2,0.597958418668367,0.35974043789623755,0.9990862750659276,23592.281274019017
Western,Admin region,pasture,2021-02,2021,2,0.5781318042857765,0.3654439571051561,0.9944112047553968,24630.704160004552
Uganda (national),Reference,pasture,2021-03,2021,3,0.4774318437889855,0.2799412996491557,0.9990481623820593,123950.34640055617
Karamoja,Focus region,pasture,2021-03,2021,3,0.32370823099502277,0.1710871442731582,1.0,24765.78560836989
Lake Victoria basin,Focus region,pasture,2021-03,2021,3,0.6476701302287113,0.41218129392054326,0.999408352475222,20187.901015491654
Northern,Admin region,pasture,2021-03,2021,3,0.3788447428631175,0.2077773878989935,1.0,60800.25368028647
Eastern,Admin region,pasture,2021-03,2021,3,0.4950189814636431,0.27699866077159496,0.9999998873797225,14882.637672862968
Central,Admin region,pasture,2021-03,2021,3,0.597372190714798,0.37619579644787693,0.9995924683070645,23592.281274019017
Western,Admin region,pasture,2021-03,2021,3,0.5958665300920116,0.3681263547587447,0.9953183319974449,24630.704160004552
Uganda (national),Reference,pasture,2021-04,2021,4,0.61899850687299,0.3929448774328649,0.9336805139231465,123950.34640055617
Karamoja,Focus region,pasture,2021-04,2021,4,0.4936720094304104,0.2796950033879542,0.996784127063274,24765.78560836989
Lake Victoria basin,Focus region,pasture,2021-04,2021,4,0.6917455290543507,0.48196465389992243,0.7135961670123929,20187.901015491654
Northern,Admin region,pasture,2021-04,2021,4,0.5630442935280734,0.3335909950216975,0.9975522079232158,60800.25368028647
Eastern,Admin region,pasture,2021-04,2021,4,0.6255437337317132,0.38668544930933607,0.9904474072806053,14882.637672862968
Central,Admin region,pasture,2021-04,2021,4,0.7038841228282084,0.48705678339823866,0.8508102675110639,23592.281274019017
Western,Admin region,pasture,2021-04,2021,4,0.6981298360862181,0.4823687772742477,0.8203336783924181,24630.704160004552
Uganda (national),Reference,pasture,2021-05,2021,5,0.7266374226553417,0.4756201500876394,0.9944245835756906,123950.34640055617
Karamoja,Focus region,pasture,2021-05,2021,5,0.6962671541160171,0.43271351467463,0.9999827418349654,24765.78560836989
Lake Victoria basin,Focus region,pasture,2021-05,2021,5,0.7171689485733673,0.4863810924501648,0.985833990595513,20187.901015491654
Northern,Admin region,pasture,2021-05,2021,5,0.7258893140505335,0.4622852542168155,0.9999806680619502,60800.25368028647
Eastern,Admin region,pasture,2021-05,2021,5,0.6974924668559653,0.43846010285867726,0.9974019205839811,14882.637672862968
Central,Admin region,pasture,2021-05,2021,5,0.7532732694796764,0.5176735815762359,0.9868494457543223,23592.281274019017
Western,Admin region,pasture,2021-05,2021,5,0.721076395444436,0.4916453427585224,0.9860429485047142,24630.704160004552
Uganda (national),Reference,pasture,2021-06,2021,6,0.6554612225886599,0.41870115381175127,0.9982711861636407,123950.34640055617
Karamoja,Focus region,pasture,2021-06,2021,6,0.6095763243586579,0.3746606036702781,0.9983906761105263,24765.78560836989
Lake Victoria basin,Focus region,pasture,2021-06,2021,6,0.6214152917651843,0.4011937229049181,0.9956200233074463,20187.901015491654
Northern,Admin region,pasture,2021-06,2021,6,0.6616920102149036,0.41906548062425886,0.9993418353818485,60800.25368028647
Eastern,Admin region,pasture,2021-06,2021,6,0.6370722195597232,0.387579875789532,0.9963402492272667,14882.637672862968
Central,Admin region,pasture,2021-06,2021,6,0.6791065520077416,0.44451312528421216,0.9961329113318721,23592.281274019017
Western,Admin region,pasture,2021-06,2021,6,0.628831473066228,0.41208018902138377,0.9988428460510951,24630.704160004552
Uganda (national),Reference,pasture,2021-07,2021,7,0.6333919072583912,0.3802605051586731,0.9972864096951203,123950.34640055617
Karamoja,Focus region,pasture,2021-07,2021,7,0.6470773051842333,0.3828416704536326,0.9988911628965289,24765.78560836989
Lake Victoria basin,Focus region,pasture,2021-07,2021,7,0.5239842385710822,0.31619645485102926,0.998632973538785,20187.901015491654
Northern,Admin region,pasture,2021-07,2021,7,0.6860900600777609,0.41549982134417535,0.9991506662917855,60800.25368028647
Eastern,Admin region,pasture,2021-07,2021,7,0.6074375683297899,0.358482347667336,0.9937460833658932,14882.637672862968
Central,Admin region,pasture,2021-07,2021,7,0.6065902939755135,0.36760614330758157,0.9985733593412633,23592.281274019017
Western,Admin region,pasture,2021-07,2021,7,0.5442085662797991,0.3182504221346906,0.9931246568395358,24630.704160004552
Uganda (national),Reference,pasture,2021-08,2021,8,0.638632679745183,0.3866403869800838,0.997790683264622,123950.34640055617
Karamoja,Focus region,pasture,2021-08,2021,8,0.624543882306531,0.36776971751543736,0.999825261079025,24765.78560836989
Lake Victoria basin,Focus region,pasture,2021-08,2021,8,0.5381856954097379,0.3230630644354988,0.9992762202828789,20187.901015491654
Northern,Admin region,pasture,2021-08,2021,8,0.6763831842041629,0.40677440046467134,0.9998094925377633,60800.25368028647
Eastern,Admin region,pasture,2021-08,2021,8,0.6214783368507854,0.35951331521801755,0.9958338380716086,14882.637672862968
Central,Admin region,pasture,2021-08,2021,8,0.6101444326103652,0.3819806059156312,0.9993478214131489,23592.281274019017
Western,Admin region,pasture,2021-08,2021,8,0.5828052727168153,0.3574957093607864,0.9919859610097667,24630.704160004552
Uganda (national),Reference,pasture,2021-09,2021,9,0.6606460588371696,0.42306565077572433,0.9963870795156986,123950.34640055617
Karamoja,Focus region,pasture,2021-09,2021,9,0.6034893984451675,0.34546972285142646,0.9995361868146959,24765.78560836989
Lake Victoria basin,Focus region,pasture,2021-09,2021,9,0.6290454811159882,0.4015120017918347,0.9976145739026862,20187.901015491654
Northern,Admin region,pasture,2021-09,2021,9,0.6575537281122765,0.4093091742098521,0.999621659154658,60800.25368028647
Eastern,Admin region,pasture,2021-09,2021,9,0.638393864907565,0.39601469462985317,0.9930203019870509,14882.637672862968
Central,Admin region,pasture,2021-09,2021,9,0.6658951756232058,0.44727715197673207,0.9986867623989171,23592.281274019017
Western,Admin region,pasture,2021-09,2021,9,0.6767698103916009,0.4502797396385306,0.9876274887190485,24630.704160004552
Uganda (national),Reference,pasture,2021-10,2021,10,0.6640538170330439,0.4197325540816367,0.9496179684092133,123950.34640055617
Karamoja,Focus region,pasture,2021-10,2021,10,0.5694088937780936,0.33594261021707217,0.9956371443391454,24765.78560836989
Lake Victoria basin,Focus region,pasture,2021-10,2021,10,0.68895402249425,0.4608268598910929,0.7667831208741704,20187.901015491654
Northern,Admin region,pasture,2021-10,2021,10,0.6353724954301808,0.38657371838291504,0.9974768168107998,60800.25368028647
Eastern,Admin region,pasture,2021-10,2021,10,0.6381530747914671,0.3940013313953033,0.9861002082560097,14882.637672862968
Central,Admin region,pasture,2021-10,2021,10,0.717721422696426,0.4621232437708318,0.8481909943355039,23592.281274019017
Western,Admin region,pasture,2021-10,2021,10,0.7108398480641944,0.48856804156163575,0.9059261543731096,24630.704160004552
Uganda (national),Reference,pasture,2021-11,2021,11,0.6352458770629411,0.3889398370332457,0.9957413178040185,123950.34640055617
Karamoja,Focus region,pasture,2021-11,2021,11,0.45368436374039506,0.2381678704610424,1.0,24765.78560836989
Lake Victoria basin,Focus region,pasture,2021-11,2021,11,0.7124292162242136,0.47416866082290204,0.9865885513433039,20187.901015491654
Northern,Admin region,pasture,2021-11,2021,11,0.5703487108149068,0.3250360355192421,1.0,60800.25368028647
Eastern,Admin region,pasture,2021-11,2021,11,0.6121345915773583,0.3719318425967556,0.9972239523903408,14882.637672862968
Central,Admin region,pasture,2021-11,2021,11,0.7224418523006583,0.470831035813079,0.9895605869511374,23592.281274019017
Western,Admin region,pasture,2021-11,2021,11,0.7275477495517649,0.4800667592456635,0.9897044864482998,24630.704160004552
Uganda (national),Reference,pasture,2021-12,2021,12,0.5616543808084814,0.34517080724670246,0.995232209980262,123950.34640055617
Karamoja,Focus region,pasture,2021-12,2021,12,0.34901145046764015,0.17836732548033818,1.0,24765.78560836989
Lake Victoria basin,Focus region,pasture,2021-12,2021,12,0.7097859928038602,0.49176109968920173,0.9891436259599573,20187.901015491654
Northern,Admin region,pasture,2021-12,2021,12,0.457128244254226,0.25055567513955884,1.0,60800.25368028647
Eastern,Admin region,pasture,2021-12,2021,12,0.5524072398954636,0.32298343971602755,0.9978325946029688,14882.637672862968
Central,Admin region,pasture,2021-12,2021,12,0.6962488404782562,0.4723744825729441,0.9928181408446972,23592.281274019017
Western,Admin region,pasture,2021-12,2021,12,0.6993653858897023,0.4733188123747293,0.9836602775177361,24630.704160004552
Uganda (national),Reference,pasture,2022-01,2022,1,0.48279348631519725,0.2719385079309662,0.9998021099711203,123950.34640055617
Karamoja,Focus region,pasture,2022-01,2022,1,0.32031337258434955,0.16214467942531227,1.0,24765.78560836989
Lake Victoria basin,Focus region,pasture,2022-01,2022,1,0.6490686481600992,0.4015621182241566,0.9992286788460957,20187.901015491654
Northern,Admin region,pasture,2022-01,2022,1,0.38028924079437104,0.19469438019303076,1.0,60800.25368028647
Eastern,Admin region,pasture,2022-01,2022,1,0.4728118699287889,0.270702533554332,1.0,14882.637672862968
Central,Admin region,pasture,2022-01,2022,1,0.6127050411144559,0.3585998156583655,0.9993523504311133,23592.281274019017
Western,Admin region,pasture,2022-01,2022,1,0.61758937195703,0.3804834627755659,0.9995997480203052,24630.704160004552
Uganda (national),Reference,pasture,2022-02,2022,2,0.4375683543634382,0.250543615607182,0.9990936466295195,123950.34640055617
Karamoja,Focus region,pasture,2022-02,2022,2,0.2987392384393921,0.16383919395308758,1.0,24765.78560836989
Lake Victoria basin,Focus region,pasture,2022-02,2022,2,0.5799800901690557,0.3591159273105558,0.9995932565964106,20187.901015491654
Northern,Admin region,pasture,2022-02,2022,2,0.35615404431346115,0.1899474352510766,1.0,60800.25368028647
Eastern,Admin region,pasture,2022-02,2022,2,0.44590912770801583,0.26665210787995974,0.9997271773775707,14882.637672862968
Central,Admin region,pasture,2022-02,2022,2,0.5299417106777412,0.3133025467748437,0.9996693816886102,23592.281274019017
Western,Admin region,pasture,2022-02,2022,2,0.5454662510956513,0.33058899211414944,0.995673842176838,24630.704160004552
Uganda (national),Reference,pasture,2022-03,2022,3,0.44571310101673645,0.2531641861906084,0.9991357502795988,123950.34640055617
Karamoja,Focus region,pasture,2022-03,2022,3,0.2907028919046085,0.15602055936056253,1.0,24765.78560836989
Lake Victoria basin,Focus region,pasture,2022-03,2022,3,0.5831976638647302,0.3511025271329545,0.9996677911083026,20187.901015491654
Northern,Admin region,pasture,2022-03,2022,3,0.3619908768990179,0.1916842938825443,1.0,60800.25368028647
Eastern,Admin region,pasture,2022-03,2022,3,0.44154314365286457,0.2651293925853483,1.0,14882.637672862968
Central,Admin region,pasture,2022-03,2022,3,0.5424853250517058,0.3218798266666904,0.9997803426287342,23592.281274019017
Western,Admin region,pasture,2022-03,2022,3,0.5627147061746615,0.33210613789831406,0.9958041462906823,24630.704160004552
Uganda (national),Reference,pasture,2022-04,2022,4,0.5761238390369893,0.34198830105303996,0.9732920738184201,123950.34640055617
Karamoja,Focus region,pasture,2022-04,2022,4,0.435670631378911,0.23251679748900642,0.9987393756430729,24765.78560836989
Lake Victoria basin,Focus region,pasture,2022-04,2022,4,0.6585528818154525,0.4066203245864242,0.8828678937421803,20187.901015491654
Northern,Admin region,pasture,2022-04,2022,4,0.5154075947141009,0.28980765970945366,0.9992885088682442,60800.25368028647
Eastern,Admin region,pasture,2022-04,2022,4,0.5703597457343416,0.32634310828921226,0.9962471685678493,14882.637672862968
Central,Admin region,pasture,2022-04,2022,4,0.6530406784394602,0.4063966330548629,0.9190718216375396,23592.281274019017
Western,Admin region,pasture,2022-04,2022,4,0.6663318744086102,0.42785953857170095,0.9466519187712444,24630.704160004552
Uganda (national),Reference,pasture,2022-05,2022,5,0.6730492717722422,0.43312629822033966,0.9973798020783625,123950.34640055617
Karamoja,Focus region,pasture,2022-05,2022,5,0.6214992107629644,0.3699772630468964,1.0,24765.78560836989
Lake Victoria basin,Focus region,pasture,2022-05,2022,5,0.6739110949503238,0.4538404173920045,0.9905246834236894,20187.901015491654
Northern,Admin region,pasture,2022-05,2022,5,0.6561748836475584,0.4067790316105557,0.999813986093417,60800.25368028647
Eastern,Admin region,pasture,2022-05,2022,5,0.6610208206818693,0.41222008159713763,0.9991018110537224,14882.637672862968
Central,Admin region,pasture,2022-05,2022,5,0.6950755644400454,0.46616510888771756,0.9913387504473182,23592.281274019017
Western,Admin region,pasture,2022-05,2022,5,0.7015347403497934,0.47971433529674323,0.9961721433451409,24630.704160004552
Uganda (national),Reference,pasture,2022-06,2022,6,0.6641767924144671,0.41845096730833103,0.9992007270515564,123950.34640055617
Karamoja,Focus region,pasture,2022-06,2022,6,0.6652417606788162,0.4155869459957142,0.99917376534897,24765.78560836989
Lake Victoria basin,Focus region,pasture,2022-06,2022,6,0.5811155130755342,0.3609731778343553,0.9990880367261906,20187.901015491654
Northern,Admin region,pasture,2022-06,2022,6,0.6835776779584702,0.4324509127297406,0.9996616910841277,60800.25368028647
Eastern,Admin region,pasture,2022-06,2022,6,0.6674852824710577,0.4093531908657998,0.9989158890529782,14882.637672862968
Central,Admin region,pasture,2022-06,2022,6,0.6311913297206738,0.39338676077688217,0.9991462801137402,23592.281274019017
Western,Admin region,pasture,2022-06,2022,6,0.6463970164720206,0.41373499150345844,0.9982755268281065,24630.704160004552
Uganda (national),Reference,pasture,2022-07,2022,7,0.6102609396705945,0.37237419958464996,0.9945650085199926,123950.34640055617
Karamoja,Focus region,pasture,2022-07,2022,7,0.648928017093431,0.3997953011340279,0.9972415530355382,24765.78560836989
Lake Victoria basin,Focus region,pasture,2022-07,2022,7,0.4797756758440143,0.2809533010256179,0.996646974382949,20187.901015491654
Northern,Admin region,pasture,2022-07,2022,7,0.6669574563107098,0.4142309353543327,0.9968957283884344,60800.25368028647
Eastern,Admin region,pasture,2022-07,2022,7,0.606118282744865,0.3617093383938585,0.987276259582138,14882.637672862968
Central,Admin region,pasture,2022-07,2022,7,0.5405123828207499,0.3189543625034235,0.9928514602082302,23592.281274019017
Western,Admin region,pasture,2022-07,2022,7,0.53934676890311,0.3264717420807688,0.9942674270651877,24630.704160004552
Uganda (national),Reference,pasture,2022-08,2022,8,0.6505886122086882,0.4107860746654563,0.9958598601414748,123950.34640055617
Karamoja,Focus region,pasture,2022-08,2022,8,0.6525246153529878,0.4033243938397205,0.9985006969126217,24765.78560836989
Lake Victoria basin,Focus region,pasture,2022-08,2022,8,0.5583792453469177,0.34960023944891905,0.9996064573620923,20187.901015491654
Northern,Admin region,pasture,2022-08,2022,8,0.684174685497194,0.42973555461998403,0.9954452093126309,60800.25368028647
Eastern,Admin region,pasture,2022-08,2022,8,0.6345927220743668,0.3885632289397247,0.9968853313707374,14882.637672862968
Central,Admin region,pasture,2022-08,2022,8,0.609048986684594,0.3882289039206009,0.9995674787844148,23592.281274019017
Western,Admin region,pasture,2022-08,2022,8,0.6173824729372276,0.3990315703440083,0.9924432205076409,24630.704160004552
Uganda (national),Reference,pasture,2022-09,2022,9,0.6708938241927269,0.4268054146545371,0.9973332681554157,123950.34640055617
Karamoja,Focus region,pasture,2022-09,2022,9,0.5895936686578735,0.3446186034593809,0.9999503827755256,24765.78560836989
Lake Victoria basin,Focus region,pasture,2022-09,2022,9,0.6553594174816652,0.43741152116749793,0.9991502110871964,20187.901015491654
Northern,Admin region,pasture,2022-09,2022,9,0.6619386668053681,0.4083687884375071,0.9993172483269491,60800.25368028647
Eastern,Admin region,pasture,2022-09,2022,9,0.6588736028266005,0.3962434791741343,0.9977887008497833,14882.637672862968
Central,Admin region,pasture,2022-09,2022,9,0.677098321406872,0.4602394333306752,0.9986707332274947,23592.281274019017
Western,Admin region,pasture,2022-09,2022,9,0.6947956005841974,0.4590337301503702,0.9904912786620459,24630.704160004552
Uganda (national),Reference,pasture,2022-10,2022,10,0.6177891536638682,0.3912226122080242,0.8198837525810756,123950.34640055617
Karamoja,Focus region,pasture,2022-10,2022,10,0.4535319259951864,0.2456441816862806,0.9703446689896215,24765.78560836989
Lake Victoria basin,Focus region,pasture,2022-10,2022,10,0.66963023719141,0.4440015479277338,0.4117989958845888,20187.901015491654
Northern,Admin region,pasture,2022-10,2022,10,0.5831678479692138,0.3607895170305693,0.9688750662889917,60800.25368028647
Eastern,Admin region,pasture,2022-10,2022,10,0.6362762693821704,0.3811094824871102,0.9817327516589849,14882.637672862968
Central,Admin region,pasture,2022-10,2022,10,0.666596229281788,0.43817672462947904,0.6130246670832117,23592.281274019017
Western,Admin region,pasture,2022-10,2022,10,0.6960655434126408,0.4838247802805753,0.5514300912645114,24630.704160004552
Uganda (national),Reference,pasture,2022-11,2022,11,0.6259494887936494,0.4018645611791446,0.967586933730817,123950.34640055617
Karamoja,Focus region,pasture,2022-11,2022,11,0.38386197116635157,0.19911008070548156,0.9983736632821515,24765.78560836989
Lake Victoria basin,Focus region,pasture,2022-11,2022,11,0.7288264231883065,0.5116090267919005,0.9006172260838787,20187.901015491654
Northern,Admin region,pasture,2022-11,2022,11,0.5497667381219463,0.33014523428770604,0.9982230020516976,60800.25368028647
Eastern,Admin region,pasture,2022-11,2022,11,0.6287941683503906,0.3806792174897432,0.9917558859756291,14882.637672862968
Central,Admin region,pasture,2022-11,2022,11,0.7319477168496914,0.491057590620067,0.9249256661605978,23592.281274019017
Western,Admin region,pasture,2022-11,2022,11,0.7262187127976596,0.5219049758845264,0.9175519964578103,24630.704160004552
Uganda (national),Reference,pasture,2022-12,2022,12,0.6094181639988793,0.37603564684317836,0.9980865649794806,123950.34640055617
Karamoja,Focus region,pasture,2022-12,2022,12,0.356646141851339,0.18257190251194222,1.0,24765.78560836989
Lake Victoria basin,Focus region,pasture,2022-12,2022,12,0.740736881741779,0.5002946202358243,0.9975154124906661,20187.901015491654
Northern,Admin region,pasture,2022-12,2022,12,0.5086034711323536,0.28605293868873793,1.0,60800.25368028647
Eastern,Admin region,pasture,2022-12,2022,12,0.6211554848632138,0.3840182655075209,0.9993753797854907,14882.637672862968
Central,Admin region,pasture,2022-12,2022,12,0.7317694368512931,0.48638439953188495,0.9983310568801764,23592.281274019017
Western,Admin region,pasture,2022-12,2022,12,0.7350400124297312,0.4884653337956951,0.9922589540399723,24630.704160004552
Uganda (national),Reference,pasture,2023-01,2023,1,0.5308588240669363,0.3041200015476231,0.9995945294598482,123950.34640055617
Karamoja,Focus region,pasture,2023-01,2023,1,0.3239319012053973,0.15801928691690134,1.0,24765.78560836989
Lake Victoria basin,Focus region,pasture,2023-01,2023,1,0.6980860819363578,0.43736686428697036,0.9999585192921147,20187.901015491654
Northern,Admin region,pasture,2023-01,2023,1,0.41720907782754696,0.21671459877232868,1.0,60800.25368028647
Eastern,Admin region,pasture,2023-01,2023,1,0.5676317756691356,0.32637846708528034,1.0,14882.637672862968
Central,Admin region,pasture,2023-01,2023,1,0.6715975167409359,0.4124079299237581,0.9999841484371251,23592.281274019017
Western,Admin region,pasture,2023-01,2023,1,0.6546788711265541,0.4028174341803005,0.9979115531332567,24630.704160004552
Uganda (national),Reference,pasture,2023-02,2023,2,0.4247675306683987,0.2365320609706631,0.9990275187641537,123950.34640055617
Karamoja,Focus region,pasture,2023-02,2023,2,0.27130777856588206,0.13545633414502825,1.0,24765.78560836989
Lake Victoria basin,Focus region,pasture,2023-02,2023,2,0.5840749177770452,0.3581637234938686,0.9994928290732168,20187.901015491654
Northern,Admin region,pasture,2023-02,2023,2,0.3289648714127877,0.16701693210003435,1.0,60800.25368028647
Eastern,Admin region,pasture,2023-02,2023,2,0.4477602273155838,0.24455714911832718,1.0,14882.637672862968
Central,Admin region,pasture,2023-02,2023,2,0.5474281645935595,0.3227654531283637,0.9995946528922003,23592.281274019017
Western,Admin region,pasture,2023-02,2023,2,0.5304286778929476,0.32124342632194186,0.9951859524084534,24630.704160004552
Uganda (national),Reference,pasture,2023-03,2023,3,0.5206719102772045,0.3024062368167529,0.9709563261215981,123950.34640055617
Karamoja,Focus region,pasture,2023-03,2023,3,0.3382634792965911,0.18186032243352573,0.99931732959438,24765.78560836989
Lake Victoria basin,Focus region,pasture,2023-03,2023,3,0.6475226164294422,0.39325305427529267,0.9342798531398216,20187.901015491654
Northern,Admin region,pasture,2023-03,2023,3,0.4436580883614704,0.2454422423096236,0.9994408555672071,60800.25368028647
Eastern,Admin region,pasture,2023-03,2023,3,0.5074752129405004,0.2923353779947819,0.9888330941442875,14882.637672862968
Central,Admin region,pasture,2023-03,2023,3,0.6397085121401201,0.39580441116775156,0.9219334860784605,23592.281274019017
Western,Admin region,pasture,2023-03,2023,3,0.6198001845372572,0.37101455825751717,0.9362366656144406,24630.704160004552
Uganda (national),Reference,pasture,2023-04,2023,4,0.6909409005746122,0.44869810182611825,0.9933865897432017,123950.34640055617
Karamoja,Focus region,pasture,2023-04,2023,4,0.5833304145697957,0.34397680602112823,0.9958611874688565,24765.78560836989
Lake Victoria basin,Focus region,pasture,2023-04,2023,4,0.7373857076878291,0.5209695191213538,0.9840651191280372,20187.901015491654
Northern,Admin region,pasture,2023-04,2023,4,0.657204592652203,0.40459551164429614,0.998220748381914,60800.25368028647
Eastern,Admin region,pasture,2023-04,2023,4,0.661109814000333,0.41581462619110615,0.995705042706665,14882.637672862968
Central,Admin region,pasture,2023-04,2023,4,0.7467555511584354,0.5123718037002771,0.9791697942421849,23592.281274019017
Western,Admin region,pasture,2023-04,2023,4,0.7402714498562709,0.5180881014632771,0.9935240156844337,24630.704160004552
Uganda (national),Reference,pasture,2023-05,2023,5,0.7136288151896691,0.46177159478451363,0.9983827509481036,123950.34640055617
Karamoja,Focus region,pasture,2023-05,2023,5,0.6543263820226565,0.40950483699132506,0.9999762700230774,24765.78560836989
Lake Victoria basin,Focus region,pasture,2023-05,2023,5,0.728302100020866,0.4853027342944796,0.9986285940394788,20187.901015491654
Northern,Admin region,pasture,2023-05,2023,5,0.6951148949440978,0.4410600058771038,0.999990334030975,60800.25368028647
Eastern,Admin region,pasture,2023-05,2023,5,0.6961147165126149,0.4333737851031198,0.9992030707607985,14882.637672862968
Central,Admin region,pasture,2023-05,2023,5,0.7522120755038892,0.4988616129689747,0.9996456087845117,23592.281274019017
Western,Admin region,pasture,2023-05,2023,5,0.7336852321401574,0.49512634871629546,0.9925849482408396,24630.704160004552
Uganda (national),Reference,pasture,2023-06,2023,6,0.6779999315671275,0.4332383340808312,0.9969354834034088,123950.34640055617
Karamoja,Focus region,pasture,2023-06,2023,6,0.6444806653141973,0.3968704480907567,0.9976917204266262,24765.78560836989
Lake Victoria basin,Focus region,pasture,2023-06,2023,6,0.6302965144858437,0.40482138217945424,0.9972714992864062,20187.901015491654
Northern,Admin region,pasture,2023-06,2023,6,0.6851271168448438,0.42954446432526633,0.9987877772129705,60800.25368028647
Eastern,Admin region,pasture,2023-06,2023,6,0.6852425761823454,0.42990083529204803,0.9938003241070815,14882.637672862968
Central,Admin region,pasture,2023-06,2023,6,0.6808764199022471,0.4472382568619553,0.9979086948735147,23592.281274019017
Western,Admin region,pasture,2023-06,2023,6,0.6536111685499953,0.431305579127188,0.9927804086646287,24630.704160004552
Uganda (national),Reference,pasture,2023-07,2023,7,0.6323479026299907,0.38081269171911775,0.9995515181193723,123950.34640055617
Karamoja,Focus region,pasture,2023-07,2023,7,0.6007779872542445,0.3476859785599936,0.9996289494517567,24765.78560836989
Lake Victoria basin,Focus region,pasture,2023-07,2023,7,0.5309870400661229,0.315723204242368,0.999298709323156,20187.901015491654
Northern,Admin region,pasture,2023-07,2023,7,0.6683207341431299,0.4007781677803501,0.9998488593934285,60800.25368028647
Eastern,Admin region,pasture,2023-07,2023,7,0.6407212025378104,0.39505893142944376,0.9986543143807719,14882.637672862968
Central,Admin region,pasture,2023-07,2023,7,0.5941412686768643,0.3608280395382833,0.9994202768201494,23592.281274019017
Western,Admin region,pasture,2023-07,2023,7,0.575374485398291,0.3422854597422276,0.9994946558258702,24630.704160004552
Uganda (national),Reference,pasture,2023-08,2023,8,0.5882469533494411,0.3555405586226533,0.9985012493377937,123950.34640055617
Karamoja,Focus region,pasture,2023-08,2023,8,0.5005834183140052,0.2753353355129827,1.0,24765.78560836989
Lake Victoria basin,Focus region,pasture,2023-08,2023,8,0.5157568438165191,0.3120808918945696,0.9992296024845749,20187.901015491654
Northern,Admin region,pasture,2023-08,2023,8,0.6039894337866538,0.36471134893111906,0.9999956063777159,60800.25368028647
Eastern,Admin region,pasture,2023-08,2023,8,0.5964834747822899,0.3457082007914113,0.9995189706394009,14882.637672862968
Central,Admin region,pasture,2023-08,2023,8,0.5781400656663337,0.34796745875286034,0.9993682019939881,23592.281274019017
Western,Admin region,pasture,2023-08,2023,8,0.5539847256917028,0.3460742977486096,0.9928404018048433,24630.704160004552
Uganda (national),Reference,pasture,2023-09,2023,9,0.6405213325012491,0.41218888794963354,0.9969968902645328,123950.34640055617
Karamoja,Focus region,pasture,2023-09,2023,9,0.49437881163515657,0.2819475202254482,1.0,24765.78560836989
Lake Victoria basin,Focus region,pasture,2023-09,2023,9,0.6437165659034041,0.44474369835936833,0.9977134343538534,20187.901015491654
Northern,Admin region,pasture,2023-09,2023,9,0.6117776718251424,0.3754317348332858,0.9999853511464084,60800.25368028647
Eastern,Admin region,pasture,2023-09,2023,9,0.6368137595434299,0.40631393110847164,0.9966767445391307,14882.637672862968
Central,Admin region,pasture,2023-09,2023,9,0.6833608271821747,0.4620088213758667,0.9975188263506399,23592.281274019017
Western,Admin region,pasture,2023-09,2023,9,0.6732797109836771,0.45926715079959624,0.988803160329409,24630.704160004552
Uganda (national),Reference,pasture,2023-10,2023,10,0.6712998455708987,0.42810155081702916,0.9288082769667316,123950.34640055617
Karamoja,Focus region,pasture,2023-10,2023,10,0.5090889667334073,0.26464540302961576,0.9934643667409476,24765.78560836989
Lake Victoria basin,Focus region,pasture,2023-10,2023,10,0.7142467854779132,0.5014129453648781,0.781445850599276,20187.901015491654
Northern,Admin region,pasture,2023-10,2023,10,0.6235671093236625,0.3749723824048446,0.9963231067346588,60800.25368028647
Eastern,Admin region,pasture,2023-10,2023,10,0.6910108883324069,0.4214633055913805,0.982864810689185,14882.637672862968
Central,Admin region,pasture,2023-10,2023,10,0.7380961346111379,0.5145300128102647,0.9012442127031797,23592.281274019017
Western,Admin region,pasture,2023-10,2023,10,0.7350514957158949,0.5074961485428309,0.7551573111916656,24630.704160004552
Uganda (national),Reference,pasture,2023-11,2023,11,0.68982312007455,0.4472570347769073,0.9577905287713221,123950.34640055617
Karamoja,Focus region,pasture,2023-11,2023,11,0.5384324059166264,0.3147841909789732,1.0,24765.78560836989
Lake Victoria basin,Focus region,pasture,2023-11,2023,11,0.7797438129814563,0.5470597270746733,0.8574183326899518,20187.901015491654
Northern,Admin region,pasture,2023-11,2023,11,0.6258179763178953,0.3873406722317245,0.9987169658056647,60800.25368028647
Eastern,Admin region,pasture,2023-11,2023,11,0.6912830676972365,0.4363924584581335,0.9733606869217519,14882.637672862968
Central,Admin region,pasture,2023-11,2023,11,0.7859005817654561,0.5109753387563304,0.891917730335397,23592.281274019017
Western,Admin region,pasture,2023-11,2023,11,0.7725452206919439,0.5570241700642767,0.9098338062425374,24630.704160004552
Uganda (national),Reference,pasture,2023-12,2023,12,0.6559223567674062,0.4166006082266781,0.9954005282335533,123950.34640055617
Karamoja,Focus region,pasture,2023-12,2023,12,0.46940656863526825,0.2557136119551002,1.0,24765.78560836989
Lake Victoria basin,Focus region,pasture,2023-12,2023,12,0.7541703298716604,0.5420306723424647,0.9878515179951706,20187.901015491654
Northern,Admin region,pasture,2023-12,2023,12,0.5771957211854786,0.32851357673945664,1.0,60800.25368028647
Eastern,Admin region,pasture,2023-12,2023,12,0.6745589884915378,0.4135236745336467,0.9987882058132755,14882.637672862968
Central,Admin region,pasture,2023-12,2023,12,0.751156671303982,0.5276631739217358,0.9900510529553828,23592.281274019017
Western,Admin region,pasture,2023-12,2023,12,0.7502249432430633,0.5322653335222063,0.9865282354231191,24630.704160004552
Uganda (national),Reference,pasture,2024-01,2024,1,0.5738024430857017,0.3323823490909431,0.9949057659747826,123950.34640055617
Karamoja,Focus region,pasture,2024-01,2024,1,0.4024129717255666,0.21041336726359305,0.9996483648874206,24765.78560836989
Lake Victoria basin,Focus region,pasture,2024-01,2024,1,0.7069805129451272,0.4310818361230533,0.9882046696110391,20187.901015491654
Northern,Admin region,pasture,2024-01,2024,1,0.48048655781902,0.25495422618499314,0.9998488593934285,60800.25368028647
Eastern,Admin region,pasture,2024-01,2024,1,0.6348384087826061,0.38211620835656124,0.990727789539167,14882.637672862968
Central,Admin region,pasture,2024-01,2024,1,0.6782445471538584,0.4125686718940402,0.9910620807322672,23592.281274019017
Western,Admin region,pasture,2024-01,2024,1,0.6695877781249494,0.41854275397854857,0.9885903986086967,24630.704160004552
Uganda (national),Reference,pasture,2024-02,2024,2,0.5190283346036895,0.30457783454007276,0.9976670311542247,123950.34640055617
Karamoja,Focus region,pasture,2024-02,2024,2,0.34494752946871904,0.16493749282845002,1.0,24765.78560836989
Lake Victoria basin,Focus region,pasture,2024-02,2024,2,0.6628382485550482,0.4466603130943916,0.9920427299652514,20187.901015491654
Northern,Admin region,pasture,2024-02,2024,2,0.4206761443756404,0.2194903476690451,0.9999982425510864,60800.25368028647
Eastern,Admin region,pasture,2024-02,2024,2,0.5822070100451859,0.3299739955860834,0.9998874078774929,14882.637672862968
Central,Admin region,pasture,2024-02,2024,2,0.6352935638774676,0.4164832027445053,0.9944152857091465,23592.281274019017
Western,Admin region,pasture,2024-02,2024,2,0.613569725076591,0.3932665046743115,0.9936344071453301,24630.704160004552
Uganda (national),Reference,pasture,2024-03,2024,3,0.5426288236949964,0.31079889333437377,0.9996934288362236,123950.34640055617
Karamoja,Focus region,pasture,2024-03,2024,3,0.36339272230328934,0.17330323753574087,1.0,24765.78560836989
Lake Victoria basin,Focus region,pasture,2024-03,2024,3,0.6722153029359412,0.4248904038703441,0.9985047953493702,20187.901015491654
Northern,Admin region,pasture,2024-03,2024,3,0.44575636275435043,0.2281332892326597,0.9999982425510864,60800.25368028647
Eastern,Admin region,pasture,2024-03,2024,3,0.579523893387465,0.3303351444477073,0.9999900894155732,14882.637672862968
Central,Admin region,pasture,2024-03,2024,3,0.6620796718434359,0.4129313243685728,0.998738126790888,23592.281274019017
Western,Admin region,pasture,2024-03,2024,3,0.6453002593698048,0.40532479450160025,0.9996751115850719,24630.704160004552
Uganda (national),Reference,pasture,2024-04,2024,4,0.6945425287570206,0.43092468984100873,0.9836018799603452,123950.34640055617
Karamoja,Focus region,pasture,2024-04,2024,4,0.5965232220227905,0.3214115535620823,0.9990514523342299,24765.78560836989
Lake Victoria basin,Focus region,pasture,2024-04,2024,4,0.7550599493797749,0.4998473654037659,0.9263384821404697,20187.901015491654
Northern,Admin region,pasture,2024-04,2024,4,0.6565539163470578,0.3874361932412909,0.9994820935890687,60800.25368028647
Eastern,Admin region,pasture,2024-04,2024,4,0.6797808879495849,0.4064385213683065,0.9992425723231585,14882.637672862968
Central,Admin region,pasture,2024-04,2024,4,0.7499405695609257,0.4944551333164338,0.9560739960901076,23592.281274019017
Western,Admin region,pasture,2024-04,2024,4,0.7488898061907775,0.49745078171245877,0.9612124571957705,24630.704160004552
Uganda (national),Reference,pasture,2024-05,2024,5,0.7211194551766078,0.47766771598446844,0.9990816421282203,123950.34640055617
Karamoja,Focus region,pasture,2024-05,2024,5,0.6875225857078048,0.4425411419047731,0.9998705637622407,24765.78560836989
Lake Victoria basin,Focus region,pasture,2024-05,2024,5,0.7230680302667244,0.48483320925574147,0.9979473535822079,20187.901015491654
Northern,Admin region,pasture,2024-05,2024,5,0.7146523973650485,0.47092665848254267,0.9999332169412823,60800.25368028647
Eastern,Admin region,pasture,2024-05,2024,5,0.6955804389955833,0.4433764658320115,0.9999642852944735,14882.637672862968
Central,Admin region,pasture,2024-05,2024,5,0.7470565279568324,0.4975855195546284,0.9982403699557629,23592.281274019017
Western,Admin region,pasture,2024-05,2024,5,0.7282108342653598,0.49611273838347836,0.9971799651560048,24630.704160004552
Uganda (national),Reference,pasture,2024-06,2024,6,0.6654467957154828,0.4142892452712067,0.9994212417284072,123950.34640055617
Karamoja,Focus region,pasture,2024-06,2024,6,0.6684891722373706,0.41382070505545804,0.9999309673398618,24765.78560836989
Lake Victoria basin,Focus region,pasture,2024-06,2024,6,0.6039260987073426,0.37676769824907047,0.997533573921439,20187.901015491654
Northern,Admin region,pasture,2024-06,2024,6,0.6885644703967408,0.4280424918696919,0.9998935020418128,60800.25368028647
Eastern,Admin region,pasture,2024-06,2024,6,0.6638532202761943,0.4078569065906753,0.9996161760164841,14882.637672862968
Central,Admin region,pasture,2024-06,2024,6,0.6507683162172984,0.40898827772168,0.9979391813807135,23592.281274019017
Western,Admin region,pasture,2024-06,2024,6,0.6236260242820715,0.3894838600079086,0.9995656813073376,24630.704160004552
Uganda (national),Reference,pasture,2024-07,2024,7,0.6622486535568777,0.40328339234152805,0.9917767915279324,123950.34640055617
Karamoja,Focus region,pasture,2024-07,2024,7,0.6790798040169888,0.4189361698789239,0.9987595693881403,24765.78560836989
Lake Victoria basin,Focus region,pasture,2024-07,2024,7,0.555615003186524,0.3218961273491709,0.9937885519825864,20187.901015491654
Northern,Admin region,pasture,2024-07,2024,7,0.703404206041678,0.4326131555024638,0.9946694748081363,60800.25368028647
Eastern,Admin region,pasture,2024-07,2024,7,0.6630119808571432,0.4024897230955562,0.9915341507266153,14882.637672862968
Central,Admin region,pasture,2024-07,2024,7,0.6332100494036181,0.3795508591640431,0.995563205274107,23592.281274019017
Western,Admin region,pasture,2024-07,2024,7,0.587490739396579,0.353638818582587,0.9814245910001901,24630.704160004552
Uganda (national),Reference,pasture,2024-08,2024,8,0.6838303314989783,0.4013183650143823,0.9974210521276032,123950.34640055617
Karamoja,Focus region,pasture,2024-08,2024,8,0.6965816717836713,0.3943581003848149,0.9999611691286722,24765.78560836989
Lake Victoria basin,Focus region,pasture,2024-08,2024,8,0.575553267337535,0.34060156169951544,0.9950335336290076,20187.901015491654
Northern,Admin region,pasture,2024-08,2024,8,0.717350441759103,0.4189515599019838,0.999957821226073,60800.25368028647
Eastern,Admin region,pasture,2024-08,2024,8,0.6756100499965246,0.374002292604583,0.9988367310753766,14882.637672862968
Central,Admin region,pasture,2024-08,2024,8,0.6588484355807297,0.3887847600020911,0.9958279840968952,23592.281274019017
Western,Admin region,pasture,2024-08,2024,8,0.6298553095131167,0.3862375274056469,0.9913359630227222,24630.704160004552
Uganda (national),Reference,pasture,2024-09,2024,9,0.6672959418274841,0.415669308105189,0.9978414682887753,123950.34640055617
Karamoja,Focus region,pasture,2024-09,2024,9,0.6154394484564575,0.35751089018892535,1.0,24765.78560836989
Lake Victoria basin,Focus region,pasture,2024-09,2024,9,0.5972214191307111,0.385303731374821,0.9953322217084785,20187.901015491654
Northern,Admin region,pasture,2024-09,2024,9,0.6768166950051517,0.4117221300874176,0.9998471880939714,60800.25368028647
Eastern,Admin region,pasture,2024-09,2024,9,0.6652047748329941,0.4080252039044879,0.9989893315514928,14882.637672862968
Central,Admin region,pasture,2024-09,2024,9,0.6635629774043514,0.4202719937243632,0.9960322783287919,23592.281274019017
Western,Admin region,pasture,2024-09,2024,9,0.6487546570642239,0.42567634677612354,0.9937571834087436,24630.704160004552
Uganda (national),Reference,pasture,2024-10,2024,10,0.686322121524414,0.44008181982205374,0.9979432530050152,123950.34640055617
Karamoja,Focus region,pasture,2024-10,2024,10,0.5906610765238712,0.3236006754318963,0.9999201809867151,24765.78560836989
Lake Victoria basin,Focus region,pasture,2024-10,2024,10,0.6959169206030807,0.4869881087329306,0.9981248167057598,20187.901015491654
Northern,Admin region,pasture,2024-10,2024,10,0.658979207368078,0.39677879245818093,0.9999551850527026,60800.25368028647
Eastern,Admin region,pasture,2024-10,2024,10,0.6978470189721464,0.41666636114158384,0.9981081904997334,14882.637672862968
Central,Admin region,pasture,2024-10,2024,10,0.7230607912256786,0.5034504780729303,0.9984805144729965,23592.281274019017
Western,Admin region,pasture,2024-10,2024,10,0.7121618403495952,0.5010006189745136,0.9919886829443859,24630.704160004552
Uganda (national),Reference,pasture,2024-11,2024,11,0.6709048427443752,0.42623329645702956,0.8888739224208512,123950.34640055617
Karamoja,Focus region,pasture,2024-11,2024,11,0.5573018598019649,0.28367794461064544,0.9849705493220633,24765.78560836989
Lake Victoria basin,Focus region,pasture,2024-11,2024,11,0.738907448066842,0.5284786837293418,0.6685124491989757,20187.901015491654
Northern,Admin region,pasture,2024-11,2024,11,0.6250061819171092,0.36439063148990253,0.9891639318263236,60800.25368028647
Eastern,Admin region,pasture,2024-11,2024,11,0.6922236267814317,0.4307146216603408,0.9078654353797868,14882.637672862968
Central,Admin region,pasture,2024-11,2024,11,0.7493644109417006,0.5367335288214569,0.8061919188412767,23592.281274019017
Western,Admin region,pasture,2024-11,2024,11,0.7274836588104092,0.5153070111445334,0.7076944779117176,24630.704160004552
Uganda (national),Reference,pasture,2024-12,2024,12,0.6473040912359459,0.376133015431374,0.9994591077996696,123950.34640055617
Karamoja,Focus region,pasture,2024-12,2024,12,0.5044803022161031,0.2541524834254151,1.0,24765.78560836989
Lake Victoria basin,Focus region,pasture,2024-12,2024,12,0.7454172879250507,0.4732113442375473,0.9976447218777691,20187.901015491654
Northern,Admin region,pasture,2024-12,2024,12,0.5723003779848759,0.3081261286670324,1.0,60800.25368028647
Eastern,Admin region,pasture,2024-12,2024,12,0.6650266563655673,0.3995647385832683,0.9999859646979069,14882.637672862968
Central,Admin region,pasture,2024-12,2024,12,0.7459204033568837,0.46026527886648505,0.9979798626185452,23592.281274019017
Western,Admin region,pasture,2024-12,2024,12,0.7277537212933378,0.4494608522821748,0.999180663655464,24630.704160004552
Uganda (national),Reference,pasture,2025-01,2025,1,0.5437465690114787,0.3081740932482945,0.9991474708107181,123950.34640055617
Karamoja,Focus region,pasture,2025-01,2025,1,0.38642122679894536,0.19010686366910026,1.0,24765.78560836989
Lake Victoria basin,Focus region,pasture,2025-01,2025,1,0.6718193824780547,0.42066941834194793,0.9979382832447817,20187.901015491654
Northern,Admin region,pasture,2025-01,2025,1,0.4524254165973208,0.23176286733124668,1.0,60800.25368028647
Eastern,Admin region,pasture,2025-01,2025,1,0.5841343155822898,0.3391144974612231,1.0,14882.637672862968
Central,Admin region,pasture,2025-01,2025,1,0.6671508156741777,0.41704612602949004,0.9982359475029273,23592.281274019017
Western,Admin region,pasture,2025-01,2025,1,0.6270832972064447,0.3741761523331214,0.9971350447287435,24630.704160004552
Uganda (national),Reference,pasture,2025-02,2025,2,0.45396037985812987,0.2486877577158662,0.999787096738152,123950.34640055617
Karamoja,Focus region,pasture,2025-02,2025,2,0.3256174513156259,0.15796757455795818,1.0,24765.78560836989
Lake Victoria basin,Focus region,pasture,2025-02,2025,2,0.5866358894068189,0.3561983060601814,0.9987509086812438,20187.901015491654
Northern,Admin region,pasture,2025-02,2025,2,0.3648120206115901,0.18405984482846316,0.9999982425510864,60800.25368028647
Eastern,Admin region,pasture,2025-02,2025,2,0.4853036975454341,0.26513552936703944,1.0,14882.637672862968
Central,Admin region,pasture,2025-02,2025,2,0.5689060075262327,0.3310073130283608,0.9989311517604386,23592.281274019017
Western,Admin region,pasture,2025-02,2025,2,0.5453289399917157,0.31964799688491713,0.9999460631643132,24630.704160004552
Uganda (national),Reference,pasture,2025-03,2025,3,0.5037390337503107,0.26608405531059187,0.9985721269424797,123950.34640055617
Karamoja,Focus region,pasture,2025-03,2025,3,0.42543467808010604,0.22502656910919241,1.0,24765.78560836989
Lake Victoria basin,Focus region,pasture,2025-03,2025,3,0.5957056241184292,0.3302478122033688,0.9967387466871346,20187.901015491654
Northern,Admin region,pasture,2025-03,2025,3,0.4438208542430285,0.22959165356644104,0.9999806680619502,60800.25368028647
Eastern,Admin region,pasture,2025-03,2025,3,0.5285123965850805,0.27313694496087465,0.9999103824141183,14882.637672862968
Central,Admin region,pasture,2025-03,2025,3,0.5851688036923843,0.3081210405600245,0.9972825714605993,23592.281274019017
Western,Admin region,pasture,2025-03,2025,3,0.5595764696311274,0.31225794968336096,0.995240671800343,24630.704160004552
Uganda (national),Reference,pasture,2025-04,2025,4,0.6925944098711578,0.4642419078073314,0.9880375769963804,123950.34640055617
Karamoja,Focus region,pasture,2025-04,2025,4,0.6431112892945674,0.3873154520731064,1.0,24765.78560836989
Lake Victoria basin,Focus region,pasture,2025-04,2025,4,0.7118985838766586,0.5226382275603426,0.9633466419260241,20187.901015491654
Northern,Admin region,pasture,2025-04,2025,4,0.6749667272862115,0.429116102357976,0.9998906935695293,60800.25368028647
Eastern,Admin region,pasture,2025-04,2025,4,0.6777733770502742,0.4263408648719939,0.9996779623162697,14882.637672862968
Central,Admin region,pasture,2025-04,2025,4,0.7183859971474308,0.5213594793554321,0.9631158908294607,23592.281274019017
Western,Admin region,pasture,2025-04,2025,4,0.7226848741904522,0.5230612926988661,0.9753192406132447,24630.704160004552
Uganda (national),Reference,pasture,2025-05,2025,5,0.7296884569649232,0.46152125955504303,0.9968528785064096,123950.34640055617
Karamoja,Focus region,pasture,2025-05,2025,5,0.6989771464823036,0.4294796971795324,0.999952540046155,24765.78560836989
Lake Victoria basin,Focus region,pasture,2025-05,2025,5,0.7266612000270659,0.45625989128743677,0.991723379366541,20187.901015491654
Northern,Admin region,pasture,2025-05,2025,5,0.7235915094364757,0.4486440811744531,0.9999806680619502,60800.25368028647
Eastern,Admin region,pasture,2025-05,2025,5,0.7126455456703108,0.4462681717627443,0.9991108347534633,14882.637672862968
Central,Admin region,pasture,2025-05,2025,5,0.7434962834082163,0.4825607066616539,0.9912402931489467,23592.281274019017
Western,Admin region,pasture,2025-05,2025,5,0.7425559130104021,0.48308625786419435,0.9928026009378204,24630.704160004552
Uganda (national),Reference,pasture,2025-06,2025,6,0.6807834802358689,0.4368959991974177,0.9986200097237813,123950.34640055617
Karamoja,Focus region,pasture,2025-06,2025,6,0.6568142599219221,0.39505798293045724,0.999939596422379,24765.78560836989
Lake Victoria basin,Focus region,pasture,2025-06,2025,6,0.6401119421012129,0.4102996800220292,0.996519823611618,20187.901015491654
Northern,Admin region,pasture,2025-06,2025,6,0.6846357088426395,0.43519402601452994,0.9999586999505299,60800.25368028647
Eastern,Admin region,pasture,2025-06,2025,6,0.6856306626393324,0.42502924851108376,0.999574590978989,14882.637672862968
Central,Admin region,pasture,2025-06,2025,6,0.6739919442642781,0.4420088733200167,0.9972023012775036,23592.281274019017
Western,Admin region,pasture,2025-06,2025,6,0.6751437925025476,0.44361188708485855,0.9960882992528264,24630.704160004552
Uganda (national),Reference,pasture,2025-07,2025,7,0.6792318244262987,0.410813312197819,0.9981836557362572,123950.34640055617
Karamoja,Focus region,pasture,2025-07,2025,7,0.6733011298085844,0.3972479738472882,0.9995254004615494,24765.78560836989
Lake Victoria basin,Focus region,pasture,2025-07,2025,7,0.5749132800499143,0.33540173061739736,0.9974642283897678,20187.901015491654
Northern,Admin region,pasture,2025-07,2025,7,0.7102999851198762,0.4290200136397343,0.9997422270420891,60800.25368028647
Eastern,Admin region,pasture,2025-07,2025,7,0.6879021459426612,0.4121194879755272,0.9985325718607115,14882.637672862968
Central,Admin region,pasture,2025-07,2025,7,0.6465527166848265,0.38465123217139136,0.997975431285282,23592.281274019017
Western,Admin region,pasture,2025-07,2025,7,0.6283693438473872,0.3899529327720256,0.9941867812460509,24630.704160004552
Uganda (national),Reference,pasture,2025-08,2025,8,0.684501900260471,0.4125701370954674,0.9976224884031353,123950.34640055617
Karamoja,Focus region,pasture,2025-08,2025,8,0.6764727948808982,0.38832935531134677,1.0,24765.78560836989
Lake Victoria basin,Focus region,pasture,2025-08,2025,8,0.5914327405581558,0.36041275269526624,0.9949737669548242,20187.901015491654
Northern,Admin region,pasture,2025-08,2025,8,0.7114462632267611,0.426301698229634,0.9999903443689099,60800.25368028647
Eastern,Admin region,pasture,2025-08,2025,8,0.678114609759535,0.392274524040193,0.9977126962399537,14882.637672862968
Central,Admin region,pasture,2025-08,2025,8,0.6486833392205698,0.39558609792550237,0.9962864361604324,23592.281274019017
Western,Admin region,pasture,2025-08,2025,8,0.6559955112772483,0.4072567820850416,0.9926500450084649,24630.704160004552
Uganda (national),Reference,pasture,2025-09,2025,9,0.6827403387512267,0.417443412501484,0.999203867626523,123950.34640055617
Karamoja,Focus region,pasture,2025-09,2025,9,0.6405834106289561,0.34632009306649425,0.9999956854587414,24765.78560836989
Lake Victoria basin,Focus region,pasture,2025-09,2025,9,0.6243040983948123,0.4002830498382337,0.9986900419432536,20187.901015491654
Northern,Admin region,pasture,2025-09,2025,9,0.6911506066720834,0.408124575543387,0.9999797893374933,60800.25368028647
Eastern,Admin region,pasture,2025-09,2025,9,0.674850127805124,0.39734798425362244,0.9998779477741764,14882.637672862968
Central,Admin region,pasture,2025-09,2025,9,0.6600099210101295,0.42775192197164336,0.998787208913022,23592.281274019017
Western,Admin region,pasture,2025-09,2025,9,0.6887082183313002,0.44298280920484295,0.9970006407008792,24630.704160004552
Uganda (national),Reference,pasture,2025-10,2025,10,0.6897314958990716,0.42021118186585227,0.9709988489657525,123950.34640055617
Karamoja,Focus region,pasture,2025-10,2025,10,0.6063080457600777,0.33244970198822443,0.9978380510543727,24765.78560836989
Lake Victoria basin,Focus region,pasture,2025-10,2025,10,0.6750284037632182,0.43802044725518663,0.9680917982905984,20187.901015491654
Northern,Admin region,pasture,2025-10,2025,10,0.6765381570201834,0.3901213944269372,0.9892288712866713,60800.25368028647
Eastern,Admin region,pasture,2025-10,2025,10,0.6845721687231163,0.4303140479686867,0.9794575827338474,14882.637672862968
Central,Admin region,pasture,2025-10,2025,10,0.7058900972296092,0.44930229453100523,0.9576779700032129,23592.281274019017
Western,Admin region,pasture,2025-10,2025,10,0.7119990956448432,0.46392069084917625,0.9337559879690831,24630.704160004552
Uganda (national),Reference,pasture,2025-11,2025,11,0.6849195874101173,0.4137073177546432,0.9983510189707884,123950.34640055617
Karamoja,Focus region,pasture,2025-11,2025,11,0.5711172080909774,0.29195042310929525,1.0,24765.78560836989
Lake Victoria basin,Focus region,pasture,2025-11,2025,11,0.7275991967136124,0.48015612201012803,0.995149320533655,20187.901015491654
Northern,Admin region,pasture,2025-11,2025,11,0.6439202967632028,0.36494404926936297,1.0,60800.25368028647
Eastern,Admin region,pasture,2025-11,2025,11,0.6835189712698821,0.39505979585867196,0.999826705547879,14882.637672862968
Central,Admin region,pasture,2025-11,2025,11,0.7324045123256276,0.4681818054693733,0.9958951201278945,23592.281274019017
Western,Admin region,pasture,2025-11,2025,11,0.7420642354745023,0.49368035653162734,0.995685444423152,24630.704160004552
Uganda (national),Reference,pasture,2025-12,2025,12,0.5957448394760725,0.33468689445462907,0.978159819651215,123950.34640055617
Karamoja,Focus region,pasture,2025-12,2025,12,0.44378794021846246,0.22174852974773415,1.0,24765.78560836989
Lake Victoria basin,Focus region,pasture,2025-12,2025,12,0.6989737404186479,0.41551373279343107,0.9004276622584515,20187.901015491654
Northern,Admin region,pasture,2025-12,2025,12,0.5212001113347341,0.2738914986679037,1.0,60800.25368028647
Eastern,Admin region,pasture,2025-12,2025,12,0.6215324838818757,0.3653342622101129,0.9997150988528005,14882.637672862968
Central,Admin region,pasture,2025-12,2025,12,0.6829446440517789,0.39923766205838734,0.9479166930304354,23592.281274019017
Western,Admin region,pasture,2025-12,2025,12,0.6909211307033004,0.41208728618037016,0.9400669635044109,24630.704160004552
Uganda (national),Reference,pasture,2026-01,2026,1,0.5430816955217436,0.2999836365507261,0.9996955129745089,123950.34640055617
Karamoja,Focus region,pasture,2026-01,2026,1,0.41048025251850945,0.19351290054773382,1.0,24765.78560836989
Lake Victoria basin,Focus region,pasture,2026-01,2026,1,0.6671132141242769,0.4131472732637991,0.9984598068908557,20187.901015491654
Northern,Admin region,pasture,2026-01,2026,1,0.454751446294823,0.22531697200825254,1.0,60800.25368028647
Eastern,Admin region,pasture,2026-01,2026,1,0.5836062780420098,0.31772419761114157,1.0,14882.637672862968
Central,Admin region,pasture,2026-01,2026,1,0.6643508762654857,0.39102395728486533,0.9986820557724052,23592.281274019017
Western,Admin region,pasture,2026-01,2026,1,0.6209312000635792,0.38647136553527656,0.9997151070118813,24630.704160004552
Uganda (national),Reference,pasture,2026-02,2026,2,0.5199272536322931,0.29141874389990535,0.9980989362755956,123950.34640055617
Karamoja,Focus region,pasture,2026-02,2026,2,0.3904534870727336,0.19606668728312374,1.0,24765.78560836989
Lake Victoria basin,Focus region,pasture,2026-02,2026,2,0.6553535929812713,0.4054246587034263,0.992180071893736,20187.901015491654
Northern,Admin region,pasture,2026-02,2026,2,0.4330143277777547,0.22525618360360194,0.9999938489288023,60800.25368028647
Eastern,Admin region,pasture,2026-02,2026,2,0.5397227218326247,0.28681695438151383,0.9997942568304022,14882.637672862968
Central,Admin region,pasture,2026-02,2026,2,0.6304835161703886,0.38416298983952407,0.9933612233811742,23592.281274019017
Western,Admin region,pasture,2026-02,2026,2,0.6177937346991663,0.36970532697288516,0.9968035301042267,24630.704160004552
Uganda (national),Reference,pasture,2026-03,2026,3,0.6433218307386905,0.4125882436892675,0.9864013949088528,123950.34640055617
Karamoja,Focus region,pasture,2026-03,2026,3,0.6240837021522673,0.4184510924173748,0.9999821327232583,24765.78560836989
Lake Victoria basin,Focus region,pasture,2026-03,2026,3,0.6797709507488976,0.4689505530427551,0.958215145228089,20187.901015491654
Northern,Admin region,pasture,2026-03,2026,3,0.6188325444565034,0.38050235638211866,0.9964328542503474,60800.25368028647
Eastern,Admin region,pasture,2026-03,2026,3,0.6544128058751274,0.4114362191393605,0.9991444096737156,14882.637672862968
Central,Admin region,pasture,2026-03,2026,3,0.6735901803192507,0.4683541260220323,0.9658785296246574,23592.281274019017
Western,Admin region,pasture,2026-03,2026,3,0.669704416434291,0.44135246987601223,0.9732436208633941,24630.704160004552
Uganda (national),Reference,pasture,2026-04,2026,4,0.7118399222269267,0.4480488049566698,0.9869541597671845,123950.34640055617
Karamoja,Focus region,pasture,2026-04,2026,4,0.6524000894781911,0.3736365775509355,0.9998144747258784,24765.78560836989
Lake Victoria basin,Focus region,pasture,2026-04,2026,4,0.7384987144448908,0.5037777305296096,0.9417488401357909,20187.901015491654
Northern,Admin region,pasture,2026-04,2026,4,0.6905486932290741,0.4119493843976752,0.9997978933749334,60800.25368028647
Eastern,Admin region,pasture,2026-04,2026,4,0.7087831770176904,0.4139529666189421,0.9992653497742984,14882.637672862968
Central,Admin region,pasture,2026-04,2026,4,0.7405652618398462,0.5060209737764999,0.9522756419299074,23592.281274019017
Western,Admin region,pasture,2026-04,2026,4,0.740871553386806,0.5061067580720641,0.9808985346048181,24630.704160004552
Uganda (national),Reference,pasture,2026-05,2026,5,0.7175137180429352,0.4534292169902796,0.9992803942094318,123950.34640055617
Karamoja,Focus region,pasture,2026-05,2026,5,0.6672432101895021,0.38985065784783235,1.0,24765.78560836989
Lake Victoria basin,Focus region,pasture,2026-05,2026,5,0.7119841905481308,0.4655773845577635,0.996520435911284,20187.901015491654
Northern,Admin region,pasture,2026-05,2026,5,0.7084450829613315,0.439124040170603,0.9999982425510864,60800.25368028647
Eastern,Admin region,pasture,2026-05,2026,5,0.7090255853231784,0.42470994350949615,0.9990998120437955,14882.637672862968
Central,Admin region,pasture,2026-05,2026,5,0.7326505645680774,0.4811268901155571,0.997467905980038,23592.281274019017
Western,Admin region,pasture,2026-05,2026,5,0.7310033033688464,0.47986855438627973,0.9993380850429514,24630.704160004552
Uganda (national),Reference,pasture,2026-06,2026,6,0.6416594901481812,0.38351105628347154,0.9996549914440038,123950.34640055617
Karamoja,Focus region,pasture,2026-06,2026,6,0.5494289485630459,0.3227638968248016,1.0,24765.78560836989
Lake Victoria basin,Focus region,pasture,2026-06,2026,6,0.6049857708233517,0.35611391538146014,0.9982904385764481,20187.901015491654
Northern,Admin region,pasture,2026-06,2026,6,0.6367385993175926,0.3815232191226554,1.0,60800.25368028647
Eastern,Admin region,pasture,2026-06,2026,6,0.6566528812427155,0.3910122708731916,0.9998104178402345,14882.637672862968
Central,Admin region,pasture,2026-06,2026,6,0.6495540745999395,0.3895068113716539,0.9986386837650771,23592.281274019017
Western,Admin region,pasture,2026-06,2026,6,0.6374972419454766,0.37826836786601625,0.9996811678895992,24630.704160004552
Uganda (national),Reference,pasture,2026-07,2026,7,0.6110521601292954,0.3617567475674597,0.9978911664508705,123950.34640055617
Karamoja,Focus region,pasture,2026-07,2026,7,0.49466987997851514,0.2737961559315478,1.0,24765.78560836989
Lake Victoria basin,Focus region,pasture,2026-07,2026,7,0.5448971720279253,0.32409709901597605,0.9960074325707328,20187.901015491654
Northern,Admin region,pasture,2026-07,2026,7,0.6156568342985844,0.3626083627542353,0.999943351563351,60800.25368028647
Eastern,Admin region,pasture,2026-07,2026,7,0.6203201106654201,0.3650159262533406,0.9993402563364215,14882.637672862968
Central,Admin region,pasture,2026-07,2026,7,0.6022468860983158,0.35261193501357635,0.9967566370293947,23592.281274019017
Western,Admin region,pasture,2026-07,2026,7,0.6025924539196171,0.3666081926472734,0.992925802503518,24630.704160004552
Uganda (national),Reference,pasture,2026-08,2026,8,0.589219611138782,0.33929836134817576,0.9997616425301733,123950.34640055617
Karamoja,Focus region,pasture,2026-08,2026,8,0.44205807008674514,0.22829641120053554,1.0,24765.78560836989
Lake Victoria basin,Focus region,pasture,2026-08,2026,8,0.5182764285550339,0.2908096050091829,0.9988144217991467,20187.901015491654
Northern,Admin region,pasture,2026-08,2026,8,0.584907085032641,0.3382764499603783,0.9999991212755431,60800.25368028647
Eastern,Admin region,pasture,2026-08,2026,8,0.6021960482265101,0.32408826165367854,0.9999906243618917,14882.637672862968
Central,Admin region,pasture,2026-08,2026,8,0.5838874281169378,0.3358074277326455,0.9989823563047167,23592.281274019017
Western,Admin region,pasture,2026-08,2026,8,0.597099074780078,0.3541768131925091,0.9997831468713135,24630.704160004552
